ID,True_Class,Predicted_Class,Fold,Model,Descriptor
2,1,2,1,Logistic Regression,RDKit
6,2,2,1,Logistic Regression,RDKit
7,1,1,1,Logistic Regression,RDKit
12,1,1,1,Logistic Regression,RDKit
15,2,0,1,Logistic Regression,RDKit
27,1,1,1,Logistic Regression,RDKit
29,1,1,1,Logistic Regression,RDKit
46,2,2,1,Logistic Regression,RDKit
53,1,1,1,Logistic Regression,RDKit
58,1,1,1,Logistic Regression,RDKit
65,1,1,1,Logistic Regression,RDKit
69,1,0,1,Logistic Regression,RDKit
76,1,1,1,Logistic Regression,RDKit
81,1,1,1,Logistic Regression,RDKit
85,1,1,1,Logistic Regression,RDKit
90,1,1,1,Logistic Regression,RDKit
94,1,1,1,Logistic Regression,RDKit
97,1,1,1,Logistic Regression,RDKit
100,1,1,1,Logistic Regression,RDKit
101,1,1,1,Logistic Regression,RDKit
104,1,1,1,Logistic Regression,RDKit
121,2,0,1,Logistic Regression,RDKit
122,2,1,1,Logistic Regression,RDKit
149,2,1,1,Logistic Regression,RDKit
172,2,0,1,Logistic Regression,RDKit
174,2,2,1,Logistic Regression,RDKit
180,2,0,1,Logistic Regression,RDKit
183,2,2,1,Logistic Regression,RDKit
189,0,1,1,Logistic Regression,RDKit
193,2,2,1,Logistic Regression,RDKit
199,0,0,1,Logistic Regression,RDKit
215,0,0,1,Logistic Regression,RDKit
223,1,1,1,Logistic Regression,RDKit
225,1,1,1,Logistic Regression,RDKit
227,2,2,1,Logistic Regression,RDKit
235,1,1,1,Logistic Regression,RDKit
249,2,0,1,Logistic Regression,RDKit
260,2,0,1,Logistic Regression,RDKit
267,0,2,1,Logistic Regression,RDKit
275,0,2,1,Logistic Regression,RDKit
282,2,2,1,Logistic Regression,RDKit
284,2,2,1,Logistic Regression,RDKit
285,2,2,1,Logistic Regression,RDKit
287,1,0,1,Logistic Regression,RDKit
288,0,0,1,Logistic Regression,RDKit
303,0,0,1,Logistic Regression,RDKit
309,0,0,1,Logistic Regression,RDKit
339,1,2,1,Logistic Regression,RDKit
374,2,0,1,Logistic Regression,RDKit
380,0,1,1,Logistic Regression,RDKit
403,0,0,1,Logistic Regression,RDKit
407,2,2,1,Logistic Regression,RDKit
413,0,0,1,Logistic Regression,RDKit
425,0,1,1,Logistic Regression,RDKit
436,2,1,1,Logistic Regression,RDKit
446,0,2,1,Logistic Regression,RDKit
4,1,0,2,Logistic Regression,RDKit
8,1,1,2,Logistic Regression,RDKit
16,1,1,2,Logistic Regression,RDKit
21,2,2,2,Logistic Regression,RDKit
32,1,2,2,Logistic Regression,RDKit
35,2,2,2,Logistic Regression,RDKit
39,2,2,2,Logistic Regression,RDKit
45,2,2,2,Logistic Regression,RDKit
54,1,2,2,Logistic Regression,RDKit
62,1,1,2,Logistic Regression,RDKit
67,1,2,2,Logistic Regression,RDKit
71,1,1,2,Logistic Regression,RDKit
74,1,0,2,Logistic Regression,RDKit
75,1,1,2,Logistic Regression,RDKit
79,1,1,2,Logistic Regression,RDKit
80,1,1,2,Logistic Regression,RDKit
83,1,1,2,Logistic Regression,RDKit
86,1,0,2,Logistic Regression,RDKit
89,1,1,2,Logistic Regression,RDKit
93,1,1,2,Logistic Regression,RDKit
99,1,1,2,Logistic Regression,RDKit
102,1,2,2,Logistic Regression,RDKit
115,2,1,2,Logistic Regression,RDKit
123,1,1,2,Logistic Regression,RDKit
131,1,1,2,Logistic Regression,RDKit
133,0,0,2,Logistic Regression,RDKit
143,0,2,2,Logistic Regression,RDKit
146,0,0,2,Logistic Regression,RDKit
148,0,0,2,Logistic Regression,RDKit
163,2,0,2,Logistic Regression,RDKit
164,2,2,2,Logistic Regression,RDKit
168,1,1,2,Logistic Regression,RDKit
173,2,2,2,Logistic Regression,RDKit
185,2,2,2,Logistic Regression,RDKit
187,0,0,2,Logistic Regression,RDKit
192,2,2,2,Logistic Regression,RDKit
194,2,2,2,Logistic Regression,RDKit
195,2,0,2,Logistic Regression,RDKit
211,0,1,2,Logistic Regression,RDKit
221,1,1,2,Logistic Regression,RDKit
236,1,1,2,Logistic Regression,RDKit
251,0,0,2,Logistic Regression,RDKit
277,2,1,2,Logistic Regression,RDKit
299,0,1,2,Logistic Regression,RDKit
326,2,1,2,Logistic Regression,RDKit
329,2,1,2,Logistic Regression,RDKit
345,0,0,2,Logistic Regression,RDKit
349,2,0,2,Logistic Regression,RDKit
363,0,2,2,Logistic Regression,RDKit
373,2,2,2,Logistic Regression,RDKit
381,0,2,2,Logistic Regression,RDKit
384,0,2,2,Logistic Regression,RDKit
432,0,1,2,Logistic Regression,RDKit
434,2,2,2,Logistic Regression,RDKit
437,2,2,2,Logistic Regression,RDKit
448,0,2,2,Logistic Regression,RDKit
10,1,1,3,Logistic Regression,RDKit
11,1,2,3,Logistic Regression,RDKit
24,2,2,3,Logistic Regression,RDKit
42,2,1,3,Logistic Regression,RDKit
50,1,1,3,Logistic Regression,RDKit
55,1,1,3,Logistic Regression,RDKit
72,1,1,3,Logistic Regression,RDKit
73,1,1,3,Logistic Regression,RDKit
77,1,1,3,Logistic Regression,RDKit
78,1,1,3,Logistic Regression,RDKit
84,1,1,3,Logistic Regression,RDKit
87,1,1,3,Logistic Regression,RDKit
96,1,1,3,Logistic Regression,RDKit
108,1,1,3,Logistic Regression,RDKit
110,1,1,3,Logistic Regression,RDKit
112,1,1,3,Logistic Regression,RDKit
113,2,1,3,Logistic Regression,RDKit
118,1,1,3,Logistic Regression,RDKit
124,1,1,3,Logistic Regression,RDKit
125,1,0,3,Logistic Regression,RDKit
128,1,2,3,Logistic Regression,RDKit
132,2,2,3,Logistic Regression,RDKit
135,2,2,3,Logistic Regression,RDKit
140,2,0,3,Logistic Regression,RDKit
144,0,0,3,Logistic Regression,RDKit
147,0,0,3,Logistic Regression,RDKit
158,1,1,3,Logistic Regression,RDKit
165,1,1,3,Logistic Regression,RDKit
171,2,2,3,Logistic Regression,RDKit
176,2,1,3,Logistic Regression,RDKit
178,2,1,3,Logistic Regression,RDKit
179,2,0,3,Logistic Regression,RDKit
181,2,2,3,Logistic Regression,RDKit
204,0,2,3,Logistic Regression,RDKit
213,0,2,3,Logistic Regression,RDKit
216,2,2,3,Logistic Regression,RDKit
219,0,2,3,Logistic Regression,RDKit
224,1,1,3,Logistic Regression,RDKit
231,2,2,3,Logistic Regression,RDKit
244,0,2,3,Logistic Regression,RDKit
246,2,2,3,Logistic Regression,RDKit
248,2,2,3,Logistic Regression,RDKit
290,0,0,3,Logistic Regression,RDKit
293,0,1,3,Logistic Regression,RDKit
298,0,2,3,Logistic Regression,RDKit
305,0,2,3,Logistic Regression,RDKit
318,0,2,3,Logistic Regression,RDKit
322,2,1,3,Logistic Regression,RDKit
325,1,2,3,Logistic Regression,RDKit
328,2,2,3,Logistic Regression,RDKit
356,2,1,3,Logistic Regression,RDKit
369,0,2,3,Logistic Regression,RDKit
378,1,1,3,Logistic Regression,RDKit
382,0,0,3,Logistic Regression,RDKit
428,0,0,3,Logistic Regression,RDKit
435,2,2,3,Logistic Regression,RDKit
1,1,1,4,Logistic Regression,RDKit
3,2,2,4,Logistic Regression,RDKit
5,1,2,4,Logistic Regression,RDKit
9,1,1,4,Logistic Regression,RDKit
17,2,2,4,Logistic Regression,RDKit
18,2,0,4,Logistic Regression,RDKit
19,2,1,4,Logistic Regression,RDKit
20,2,2,4,Logistic Regression,RDKit
22,1,1,4,Logistic Regression,RDKit
31,1,2,4,Logistic Regression,RDKit
40,2,2,4,Logistic Regression,RDKit
43,2,1,4,Logistic Regression,RDKit
49,1,1,4,Logistic Regression,RDKit
64,1,1,4,Logistic Regression,RDKit
88,1,1,4,Logistic Regression,RDKit
91,1,1,4,Logistic Regression,RDKit
95,1,1,4,Logistic Regression,RDKit
98,1,1,4,Logistic Regression,RDKit
105,1,2,4,Logistic Regression,RDKit
107,1,1,4,Logistic Regression,RDKit
111,1,1,4,Logistic Regression,RDKit
114,2,0,4,Logistic Regression,RDKit
117,1,1,4,Logistic Regression,RDKit
120,1,0,4,Logistic Regression,RDKit
130,1,0,4,Logistic Regression,RDKit
134,2,1,4,Logistic Regression,RDKit
136,2,2,4,Logistic Regression,RDKit
153,2,0,4,Logistic Regression,RDKit
160,2,0,4,Logistic Regression,RDKit
186,2,2,4,Logistic Regression,RDKit
188,0,0,4,Logistic Regression,RDKit
190,2,2,4,Logistic Regression,RDKit
206,0,2,4,Logistic Regression,RDKit
209,0,2,4,Logistic Regression,RDKit
220,0,2,4,Logistic Regression,RDKit
234,2,1,4,Logistic Regression,RDKit
237,1,1,4,Logistic Regression,RDKit
239,1,1,4,Logistic Regression,RDKit
240,1,1,4,Logistic Regression,RDKit
241,1,1,4,Logistic Regression,RDKit
242,0,2,4,Logistic Regression,RDKit
256,0,0,4,Logistic Regression,RDKit
278,0,2,4,Logistic Regression,RDKit
281,0,0,4,Logistic Regression,RDKit
291,0,2,4,Logistic Regression,RDKit
307,0,0,4,Logistic Regression,RDKit
308,0,0,4,Logistic Regression,RDKit
312,2,1,4,Logistic Regression,RDKit
324,2,2,4,Logistic Regression,RDKit
327,1,2,4,Logistic Regression,RDKit
344,2,2,4,Logistic Regression,RDKit
385,2,2,4,Logistic Regression,RDKit
398,2,0,4,Logistic Regression,RDKit
417,0,0,4,Logistic Regression,RDKit
439,0,2,4,Logistic Regression,RDKit
440,0,0,4,Logistic Regression,RDKit
13,1,1,5,Logistic Regression,RDKit
14,2,2,5,Logistic Regression,RDKit
25,1,2,5,Logistic Regression,RDKit
36,2,0,5,Logistic Regression,RDKit
37,2,1,5,Logistic Regression,RDKit
41,2,1,5,Logistic Regression,RDKit
44,2,2,5,Logistic Regression,RDKit
47,2,2,5,Logistic Regression,RDKit
48,0,1,5,Logistic Regression,RDKit
51,1,1,5,Logistic Regression,RDKit
52,1,1,5,Logistic Regression,RDKit
56,1,1,5,Logistic Regression,RDKit
57,1,2,5,Logistic Regression,RDKit
60,2,1,5,Logistic Regression,RDKit
63,1,1,5,Logistic Regression,RDKit
68,1,2,5,Logistic Regression,RDKit
82,1,1,5,Logistic Regression,RDKit
92,1,1,5,Logistic Regression,RDKit
103,1,1,5,Logistic Regression,RDKit
106,1,1,5,Logistic Regression,RDKit
116,2,1,5,Logistic Regression,RDKit
119,1,1,5,Logistic Regression,RDKit
127,1,1,5,Logistic Regression,RDKit
145,0,1,5,Logistic Regression,RDKit
155,2,1,5,Logistic Regression,RDKit
156,1,1,5,Logistic Regression,RDKit
159,2,2,5,Logistic Regression,RDKit
161,2,2,5,Logistic Regression,RDKit
162,2,1,5,Logistic Regression,RDKit
166,1,1,5,Logistic Regression,RDKit
177,2,1,5,Logistic Regression,RDKit
182,2,2,5,Logistic Regression,RDKit
184,2,2,5,Logistic Regression,RDKit
191,2,2,5,Logistic Regression,RDKit
196,0,2,5,Logistic Regression,RDKit
198,0,0,5,Logistic Regression,RDKit
203,0,2,5,Logistic Regression,RDKit
217,2,0,5,Logistic Regression,RDKit
218,2,0,5,Logistic Regression,RDKit
222,1,1,5,Logistic Regression,RDKit
238,1,1,5,Logistic Regression,RDKit
283,2,2,5,Logistic Regression,RDKit
286,1,2,5,Logistic Regression,RDKit
289,0,1,5,Logistic Regression,RDKit
296,0,2,5,Logistic Regression,RDKit
297,0,1,5,Logistic Regression,RDKit
333,1,2,5,Logistic Regression,RDKit
357,1,0,5,Logistic Regression,RDKit
360,0,0,5,Logistic Regression,RDKit
366,0,0,5,Logistic Regression,RDKit
372,2,2,5,Logistic Regression,RDKit
390,0,1,5,Logistic Regression,RDKit
400,1,1,5,Logistic Regression,RDKit
409,0,0,5,Logistic Regression,RDKit
421,0,2,5,Logistic Regression,RDKit
2,1,1,1,SVM,RDKit
6,2,2,1,SVM,RDKit
7,1,1,1,SVM,RDKit
12,1,1,1,SVM,RDKit
15,2,0,1,SVM,RDKit
27,1,2,1,SVM,RDKit
29,1,0,1,SVM,RDKit
46,2,2,1,SVM,RDKit
53,1,1,1,SVM,RDKit
58,1,1,1,SVM,RDKit
65,1,1,1,SVM,RDKit
69,1,1,1,SVM,RDKit
76,1,1,1,SVM,RDKit
81,1,1,1,SVM,RDKit
85,1,1,1,SVM,RDKit
90,1,1,1,SVM,RDKit
94,1,1,1,SVM,RDKit
97,1,1,1,SVM,RDKit
100,1,1,1,SVM,RDKit
101,1,1,1,SVM,RDKit
104,1,1,1,SVM,RDKit
121,2,1,1,SVM,RDKit
122,2,1,1,SVM,RDKit
149,2,1,1,SVM,RDKit
172,2,2,1,SVM,RDKit
174,2,2,1,SVM,RDKit
180,2,1,1,SVM,RDKit
183,2,2,1,SVM,RDKit
189,0,1,1,SVM,RDKit
193,2,2,1,SVM,RDKit
199,0,1,1,SVM,RDKit
215,0,0,1,SVM,RDKit
223,1,1,1,SVM,RDKit
225,1,1,1,SVM,RDKit
227,2,2,1,SVM,RDKit
235,1,1,1,SVM,RDKit
249,2,2,1,SVM,RDKit
260,2,0,1,SVM,RDKit
267,0,1,1,SVM,RDKit
275,0,2,1,SVM,RDKit
282,2,2,1,SVM,RDKit
284,2,2,1,SVM,RDKit
285,2,2,1,SVM,RDKit
287,1,0,1,SVM,RDKit
288,0,0,1,SVM,RDKit
303,0,0,1,SVM,RDKit
309,0,0,1,SVM,RDKit
339,1,2,1,SVM,RDKit
374,2,1,1,SVM,RDKit
380,0,1,1,SVM,RDKit
403,0,1,1,SVM,RDKit
407,2,1,1,SVM,RDKit
413,0,1,1,SVM,RDKit
425,0,1,1,SVM,RDKit
436,2,2,1,SVM,RDKit
446,0,2,1,SVM,RDKit
4,1,0,2,SVM,RDKit
8,1,0,2,SVM,RDKit
16,1,1,2,SVM,RDKit
21,2,2,2,SVM,RDKit
32,1,0,2,SVM,RDKit
35,2,2,2,SVM,RDKit
39,2,2,2,SVM,RDKit
45,2,2,2,SVM,RDKit
54,1,2,2,SVM,RDKit
62,1,1,2,SVM,RDKit
67,1,2,2,SVM,RDKit
71,1,1,2,SVM,RDKit
74,1,1,2,SVM,RDKit
75,1,1,2,SVM,RDKit
79,1,1,2,SVM,RDKit
80,1,1,2,SVM,RDKit
83,1,1,2,SVM,RDKit
86,1,2,2,SVM,RDKit
89,1,1,2,SVM,RDKit
93,1,1,2,SVM,RDKit
99,1,1,2,SVM,RDKit
102,1,2,2,SVM,RDKit
115,2,1,2,SVM,RDKit
123,1,1,2,SVM,RDKit
131,1,1,2,SVM,RDKit
133,0,0,2,SVM,RDKit
143,0,2,2,SVM,RDKit
146,0,0,2,SVM,RDKit
148,0,0,2,SVM,RDKit
163,2,2,2,SVM,RDKit
164,2,2,2,SVM,RDKit
168,1,1,2,SVM,RDKit
173,2,2,2,SVM,RDKit
185,2,2,2,SVM,RDKit
187,0,0,2,SVM,RDKit
192,2,2,2,SVM,RDKit
194,2,2,2,SVM,RDKit
195,2,2,2,SVM,RDKit
211,0,1,2,SVM,RDKit
221,1,1,2,SVM,RDKit
236,1,1,2,SVM,RDKit
251,0,0,2,SVM,RDKit
277,2,0,2,SVM,RDKit
299,0,1,2,SVM,RDKit
326,2,1,2,SVM,RDKit
329,2,2,2,SVM,RDKit
345,0,0,2,SVM,RDKit
349,2,0,2,SVM,RDKit
363,0,2,2,SVM,RDKit
373,2,2,2,SVM,RDKit
381,0,2,2,SVM,RDKit
384,0,2,2,SVM,RDKit
432,0,0,2,SVM,RDKit
434,2,2,2,SVM,RDKit
437,2,0,2,SVM,RDKit
448,0,0,2,SVM,RDKit
10,1,1,3,SVM,RDKit
11,1,1,3,SVM,RDKit
24,2,2,3,SVM,RDKit
42,2,1,3,SVM,RDKit
50,1,2,3,SVM,RDKit
55,1,2,3,SVM,RDKit
72,1,1,3,SVM,RDKit
73,1,1,3,SVM,RDKit
77,1,1,3,SVM,RDKit
78,1,1,3,SVM,RDKit
84,1,1,3,SVM,RDKit
87,1,1,3,SVM,RDKit
96,1,1,3,SVM,RDKit
108,1,0,3,SVM,RDKit
110,1,1,3,SVM,RDKit
112,1,1,3,SVM,RDKit
113,2,1,3,SVM,RDKit
118,1,1,3,SVM,RDKit
124,1,2,3,SVM,RDKit
125,1,0,3,SVM,RDKit
128,1,2,3,SVM,RDKit
132,2,2,3,SVM,RDKit
135,2,2,3,SVM,RDKit
140,2,0,3,SVM,RDKit
144,0,0,3,SVM,RDKit
147,0,0,3,SVM,RDKit
158,1,1,3,SVM,RDKit
165,1,1,3,SVM,RDKit
171,2,2,3,SVM,RDKit
176,2,2,3,SVM,RDKit
178,2,0,3,SVM,RDKit
179,2,0,3,SVM,RDKit
181,2,2,3,SVM,RDKit
204,0,2,3,SVM,RDKit
213,0,2,3,SVM,RDKit
216,2,2,3,SVM,RDKit
219,0,2,3,SVM,RDKit
224,1,1,3,SVM,RDKit
231,2,2,3,SVM,RDKit
244,0,2,3,SVM,RDKit
246,2,2,3,SVM,RDKit
248,2,2,3,SVM,RDKit
290,0,0,3,SVM,RDKit
293,0,1,3,SVM,RDKit
298,0,0,3,SVM,RDKit
305,0,1,3,SVM,RDKit
318,0,2,3,SVM,RDKit
322,2,0,3,SVM,RDKit
325,1,2,3,SVM,RDKit
328,2,2,3,SVM,RDKit
356,2,1,3,SVM,RDKit
369,0,0,3,SVM,RDKit
378,1,2,3,SVM,RDKit
382,0,2,3,SVM,RDKit
428,0,0,3,SVM,RDKit
435,2,2,3,SVM,RDKit
1,1,1,4,SVM,RDKit
3,2,2,4,SVM,RDKit
5,1,1,4,SVM,RDKit
9,1,1,4,SVM,RDKit
17,2,2,4,SVM,RDKit
18,2,2,4,SVM,RDKit
19,2,2,4,SVM,RDKit
20,2,2,4,SVM,RDKit
22,1,1,4,SVM,RDKit
31,1,1,4,SVM,RDKit
40,2,1,4,SVM,RDKit
43,2,1,4,SVM,RDKit
49,1,1,4,SVM,RDKit
64,1,1,4,SVM,RDKit
88,1,1,4,SVM,RDKit
91,1,1,4,SVM,RDKit
95,1,1,4,SVM,RDKit
98,1,1,4,SVM,RDKit
105,1,1,4,SVM,RDKit
107,1,1,4,SVM,RDKit
111,1,1,4,SVM,RDKit
114,2,1,4,SVM,RDKit
117,1,1,4,SVM,RDKit
120,1,1,4,SVM,RDKit
130,1,0,4,SVM,RDKit
134,2,1,4,SVM,RDKit
136,2,2,4,SVM,RDKit
153,2,1,4,SVM,RDKit
160,2,2,4,SVM,RDKit
186,2,2,4,SVM,RDKit
188,0,1,4,SVM,RDKit
190,2,2,4,SVM,RDKit
206,0,1,4,SVM,RDKit
209,0,1,4,SVM,RDKit
220,0,0,4,SVM,RDKit
234,2,1,4,SVM,RDKit
237,1,1,4,SVM,RDKit
239,1,1,4,SVM,RDKit
240,1,0,4,SVM,RDKit
241,1,0,4,SVM,RDKit
242,0,2,4,SVM,RDKit
256,0,0,4,SVM,RDKit
278,0,1,4,SVM,RDKit
281,0,2,4,SVM,RDKit
291,0,2,4,SVM,RDKit
307,0,0,4,SVM,RDKit
308,0,0,4,SVM,RDKit
312,2,1,4,SVM,RDKit
324,2,2,4,SVM,RDKit
327,1,2,4,SVM,RDKit
344,2,0,4,SVM,RDKit
385,2,2,4,SVM,RDKit
398,2,1,4,SVM,RDKit
417,0,1,4,SVM,RDKit
439,0,0,4,SVM,RDKit
440,0,0,4,SVM,RDKit
13,1,1,5,SVM,RDKit
14,2,2,5,SVM,RDKit
25,1,2,5,SVM,RDKit
36,2,2,5,SVM,RDKit
37,2,0,5,SVM,RDKit
41,2,2,5,SVM,RDKit
44,2,2,5,SVM,RDKit
47,2,2,5,SVM,RDKit
48,0,1,5,SVM,RDKit
51,1,1,5,SVM,RDKit
52,1,1,5,SVM,RDKit
56,1,1,5,SVM,RDKit
57,1,2,5,SVM,RDKit
60,2,1,5,SVM,RDKit
63,1,1,5,SVM,RDKit
68,1,2,5,SVM,RDKit
82,1,2,5,SVM,RDKit
92,1,1,5,SVM,RDKit
103,1,1,5,SVM,RDKit
106,1,1,5,SVM,RDKit
116,2,1,5,SVM,RDKit
119,1,1,5,SVM,RDKit
127,1,1,5,SVM,RDKit
145,0,0,5,SVM,RDKit
155,2,1,5,SVM,RDKit
156,1,1,5,SVM,RDKit
159,2,2,5,SVM,RDKit
161,2,2,5,SVM,RDKit
162,2,0,5,SVM,RDKit
166,1,1,5,SVM,RDKit
177,2,1,5,SVM,RDKit
182,2,2,5,SVM,RDKit
184,2,2,5,SVM,RDKit
191,2,2,5,SVM,RDKit
196,0,0,5,SVM,RDKit
198,0,0,5,SVM,RDKit
203,0,2,5,SVM,RDKit
217,2,2,5,SVM,RDKit
218,2,2,5,SVM,RDKit
222,1,1,5,SVM,RDKit
238,1,1,5,SVM,RDKit
283,2,2,5,SVM,RDKit
286,1,2,5,SVM,RDKit
289,0,1,5,SVM,RDKit
296,0,2,5,SVM,RDKit
297,0,1,5,SVM,RDKit
333,1,2,5,SVM,RDKit
357,1,0,5,SVM,RDKit
360,0,2,5,SVM,RDKit
366,0,0,5,SVM,RDKit
372,2,2,5,SVM,RDKit
390,0,0,5,SVM,RDKit
400,1,1,5,SVM,RDKit
409,0,1,5,SVM,RDKit
421,0,1,5,SVM,RDKit
2,1,1,1,Random Forest,RDKit
6,2,2,1,Random Forest,RDKit
7,1,1,1,Random Forest,RDKit
12,1,1,1,Random Forest,RDKit
15,2,1,1,Random Forest,RDKit
27,1,1,1,Random Forest,RDKit
29,1,1,1,Random Forest,RDKit
46,2,1,1,Random Forest,RDKit
53,1,1,1,Random Forest,RDKit
58,1,1,1,Random Forest,RDKit
65,1,1,1,Random Forest,RDKit
69,1,0,1,Random Forest,RDKit
76,1,1,1,Random Forest,RDKit
81,1,1,1,Random Forest,RDKit
85,1,1,1,Random Forest,RDKit
90,1,1,1,Random Forest,RDKit
94,1,1,1,Random Forest,RDKit
97,1,1,1,Random Forest,RDKit
100,1,1,1,Random Forest,RDKit
101,1,1,1,Random Forest,RDKit
104,1,1,1,Random Forest,RDKit
121,2,1,1,Random Forest,RDKit
122,2,1,1,Random Forest,RDKit
149,2,1,1,Random Forest,RDKit
172,2,2,1,Random Forest,RDKit
174,2,2,1,Random Forest,RDKit
180,2,1,1,Random Forest,RDKit
183,2,2,1,Random Forest,RDKit
189,0,1,1,Random Forest,RDKit
193,2,2,1,Random Forest,RDKit
199,0,0,1,Random Forest,RDKit
215,0,1,1,Random Forest,RDKit
223,1,2,1,Random Forest,RDKit
225,1,1,1,Random Forest,RDKit
227,2,2,1,Random Forest,RDKit
235,1,1,1,Random Forest,RDKit
249,2,2,1,Random Forest,RDKit
260,2,0,1,Random Forest,RDKit
267,0,2,1,Random Forest,RDKit
275,0,2,1,Random Forest,RDKit
282,2,2,1,Random Forest,RDKit
284,2,2,1,Random Forest,RDKit
285,2,2,1,Random Forest,RDKit
287,1,0,1,Random Forest,RDKit
288,0,0,1,Random Forest,RDKit
303,0,0,1,Random Forest,RDKit
309,0,0,1,Random Forest,RDKit
339,1,2,1,Random Forest,RDKit
374,2,1,1,Random Forest,RDKit
380,0,1,1,Random Forest,RDKit
403,0,1,1,Random Forest,RDKit
407,2,2,1,Random Forest,RDKit
413,0,0,1,Random Forest,RDKit
425,0,1,1,Random Forest,RDKit
436,2,2,1,Random Forest,RDKit
446,0,0,1,Random Forest,RDKit
4,1,0,2,Random Forest,RDKit
8,1,1,2,Random Forest,RDKit
16,1,2,2,Random Forest,RDKit
21,2,2,2,Random Forest,RDKit
32,1,2,2,Random Forest,RDKit
35,2,2,2,Random Forest,RDKit
39,2,2,2,Random Forest,RDKit
45,2,2,2,Random Forest,RDKit
54,1,2,2,Random Forest,RDKit
62,1,1,2,Random Forest,RDKit
67,1,2,2,Random Forest,RDKit
71,1,1,2,Random Forest,RDKit
74,1,1,2,Random Forest,RDKit
75,1,1,2,Random Forest,RDKit
79,1,1,2,Random Forest,RDKit
80,1,1,2,Random Forest,RDKit
83,1,1,2,Random Forest,RDKit
86,1,2,2,Random Forest,RDKit
89,1,1,2,Random Forest,RDKit
93,1,1,2,Random Forest,RDKit
99,1,1,2,Random Forest,RDKit
102,1,0,2,Random Forest,RDKit
115,2,1,2,Random Forest,RDKit
123,1,1,2,Random Forest,RDKit
131,1,1,2,Random Forest,RDKit
133,0,2,2,Random Forest,RDKit
143,0,0,2,Random Forest,RDKit
146,0,2,2,Random Forest,RDKit
148,0,0,2,Random Forest,RDKit
163,2,2,2,Random Forest,RDKit
164,2,2,2,Random Forest,RDKit
168,1,1,2,Random Forest,RDKit
173,2,2,2,Random Forest,RDKit
185,2,2,2,Random Forest,RDKit
187,0,0,2,Random Forest,RDKit
192,2,2,2,Random Forest,RDKit
194,2,2,2,Random Forest,RDKit
195,2,0,2,Random Forest,RDKit
211,0,0,2,Random Forest,RDKit
221,1,1,2,Random Forest,RDKit
236,1,1,2,Random Forest,RDKit
251,0,2,2,Random Forest,RDKit
277,2,0,2,Random Forest,RDKit
299,0,0,2,Random Forest,RDKit
326,2,1,2,Random Forest,RDKit
329,2,2,2,Random Forest,RDKit
345,0,0,2,Random Forest,RDKit
349,2,2,2,Random Forest,RDKit
363,0,2,2,Random Forest,RDKit
373,2,2,2,Random Forest,RDKit
381,0,2,2,Random Forest,RDKit
384,0,2,2,Random Forest,RDKit
432,0,1,2,Random Forest,RDKit
434,2,2,2,Random Forest,RDKit
437,2,2,2,Random Forest,RDKit
448,0,0,2,Random Forest,RDKit
10,1,1,3,Random Forest,RDKit
11,1,1,3,Random Forest,RDKit
24,2,2,3,Random Forest,RDKit
42,2,2,3,Random Forest,RDKit
50,1,2,3,Random Forest,RDKit
55,1,1,3,Random Forest,RDKit
72,1,1,3,Random Forest,RDKit
73,1,1,3,Random Forest,RDKit
77,1,1,3,Random Forest,RDKit
78,1,1,3,Random Forest,RDKit
84,1,1,3,Random Forest,RDKit
87,1,1,3,Random Forest,RDKit
96,1,1,3,Random Forest,RDKit
108,1,1,3,Random Forest,RDKit
110,1,1,3,Random Forest,RDKit
112,1,1,3,Random Forest,RDKit
113,2,1,3,Random Forest,RDKit
118,1,1,3,Random Forest,RDKit
124,1,2,3,Random Forest,RDKit
125,1,1,3,Random Forest,RDKit
128,1,2,3,Random Forest,RDKit
132,2,2,3,Random Forest,RDKit
135,2,2,3,Random Forest,RDKit
140,2,2,3,Random Forest,RDKit
144,0,0,3,Random Forest,RDKit
147,0,0,3,Random Forest,RDKit
158,1,1,3,Random Forest,RDKit
165,1,1,3,Random Forest,RDKit
171,2,2,3,Random Forest,RDKit
176,2,1,3,Random Forest,RDKit
178,2,1,3,Random Forest,RDKit
179,2,2,3,Random Forest,RDKit
181,2,2,3,Random Forest,RDKit
204,0,2,3,Random Forest,RDKit
213,0,0,3,Random Forest,RDKit
216,2,2,3,Random Forest,RDKit
219,0,2,3,Random Forest,RDKit
224,1,1,3,Random Forest,RDKit
231,2,2,3,Random Forest,RDKit
244,0,2,3,Random Forest,RDKit
246,2,2,3,Random Forest,RDKit
248,2,2,3,Random Forest,RDKit
290,0,0,3,Random Forest,RDKit
293,0,2,3,Random Forest,RDKit
298,0,2,3,Random Forest,RDKit
305,0,0,3,Random Forest,RDKit
318,0,2,3,Random Forest,RDKit
322,2,0,3,Random Forest,RDKit
325,1,2,3,Random Forest,RDKit
328,2,2,3,Random Forest,RDKit
356,2,1,3,Random Forest,RDKit
369,0,2,3,Random Forest,RDKit
378,1,2,3,Random Forest,RDKit
382,0,2,3,Random Forest,RDKit
428,0,1,3,Random Forest,RDKit
435,2,2,3,Random Forest,RDKit
1,1,1,4,Random Forest,RDKit
3,2,1,4,Random Forest,RDKit
5,1,1,4,Random Forest,RDKit
9,1,1,4,Random Forest,RDKit
17,2,2,4,Random Forest,RDKit
18,2,0,4,Random Forest,RDKit
19,2,2,4,Random Forest,RDKit
20,2,2,4,Random Forest,RDKit
22,1,1,4,Random Forest,RDKit
31,1,1,4,Random Forest,RDKit
40,2,2,4,Random Forest,RDKit
43,2,1,4,Random Forest,RDKit
49,1,1,4,Random Forest,RDKit
64,1,1,4,Random Forest,RDKit
88,1,1,4,Random Forest,RDKit
91,1,1,4,Random Forest,RDKit
95,1,1,4,Random Forest,RDKit
98,1,1,4,Random Forest,RDKit
105,1,1,4,Random Forest,RDKit
107,1,0,4,Random Forest,RDKit
111,1,1,4,Random Forest,RDKit
114,2,2,4,Random Forest,RDKit
117,1,1,4,Random Forest,RDKit
120,1,1,4,Random Forest,RDKit
130,1,1,4,Random Forest,RDKit
134,2,1,4,Random Forest,RDKit
136,2,0,4,Random Forest,RDKit
153,2,1,4,Random Forest,RDKit
160,2,0,4,Random Forest,RDKit
186,2,2,4,Random Forest,RDKit
188,0,0,4,Random Forest,RDKit
190,2,2,4,Random Forest,RDKit
206,0,0,4,Random Forest,RDKit
209,0,0,4,Random Forest,RDKit
220,0,0,4,Random Forest,RDKit
234,2,2,4,Random Forest,RDKit
237,1,1,4,Random Forest,RDKit
239,1,1,4,Random Forest,RDKit
240,1,1,4,Random Forest,RDKit
241,1,1,4,Random Forest,RDKit
242,0,2,4,Random Forest,RDKit
256,0,0,4,Random Forest,RDKit
278,0,1,4,Random Forest,RDKit
281,0,0,4,Random Forest,RDKit
291,0,2,4,Random Forest,RDKit
307,0,0,4,Random Forest,RDKit
308,0,0,4,Random Forest,RDKit
312,2,1,4,Random Forest,RDKit
324,2,2,4,Random Forest,RDKit
327,1,2,4,Random Forest,RDKit
344,2,0,4,Random Forest,RDKit
385,2,2,4,Random Forest,RDKit
398,2,1,4,Random Forest,RDKit
417,0,0,4,Random Forest,RDKit
439,0,0,4,Random Forest,RDKit
440,0,0,4,Random Forest,RDKit
13,1,1,5,Random Forest,RDKit
14,2,2,5,Random Forest,RDKit
25,1,2,5,Random Forest,RDKit
36,2,2,5,Random Forest,RDKit
37,2,2,5,Random Forest,RDKit
41,2,1,5,Random Forest,RDKit
44,2,2,5,Random Forest,RDKit
47,2,2,5,Random Forest,RDKit
48,0,1,5,Random Forest,RDKit
51,1,1,5,Random Forest,RDKit
52,1,1,5,Random Forest,RDKit
56,1,1,5,Random Forest,RDKit
57,1,1,5,Random Forest,RDKit
60,2,1,5,Random Forest,RDKit
63,1,1,5,Random Forest,RDKit
68,1,2,5,Random Forest,RDKit
82,1,2,5,Random Forest,RDKit
92,1,1,5,Random Forest,RDKit
103,1,1,5,Random Forest,RDKit
106,1,1,5,Random Forest,RDKit
116,2,1,5,Random Forest,RDKit
119,1,1,5,Random Forest,RDKit
127,1,1,5,Random Forest,RDKit
145,0,0,5,Random Forest,RDKit
155,2,1,5,Random Forest,RDKit
156,1,1,5,Random Forest,RDKit
159,2,2,5,Random Forest,RDKit
161,2,2,5,Random Forest,RDKit
162,2,2,5,Random Forest,RDKit
166,1,1,5,Random Forest,RDKit
177,2,1,5,Random Forest,RDKit
182,2,2,5,Random Forest,RDKit
184,2,2,5,Random Forest,RDKit
191,2,2,5,Random Forest,RDKit
196,0,2,5,Random Forest,RDKit
198,0,0,5,Random Forest,RDKit
203,0,2,5,Random Forest,RDKit
217,2,2,5,Random Forest,RDKit
218,2,2,5,Random Forest,RDKit
222,1,1,5,Random Forest,RDKit
238,1,1,5,Random Forest,RDKit
283,2,2,5,Random Forest,RDKit
286,1,2,5,Random Forest,RDKit
289,0,1,5,Random Forest,RDKit
296,0,2,5,Random Forest,RDKit
297,0,1,5,Random Forest,RDKit
333,1,2,5,Random Forest,RDKit
357,1,0,5,Random Forest,RDKit
360,0,2,5,Random Forest,RDKit
366,0,0,5,Random Forest,RDKit
372,2,2,5,Random Forest,RDKit
390,0,1,5,Random Forest,RDKit
400,1,1,5,Random Forest,RDKit
409,0,0,5,Random Forest,RDKit
421,0,1,5,Random Forest,RDKit
2,1,1,1,kNN,RDKit
6,2,0,1,kNN,RDKit
7,1,0,1,kNN,RDKit
12,1,0,1,kNN,RDKit
15,2,0,1,kNN,RDKit
27,1,1,1,kNN,RDKit
29,1,0,1,kNN,RDKit
46,2,2,1,kNN,RDKit
53,1,1,1,kNN,RDKit
58,1,1,1,kNN,RDKit
65,1,1,1,kNN,RDKit
69,1,0,1,kNN,RDKit
76,1,1,1,kNN,RDKit
81,1,1,1,kNN,RDKit
85,1,1,1,kNN,RDKit
90,1,1,1,kNN,RDKit
94,1,1,1,kNN,RDKit
97,1,1,1,kNN,RDKit
100,1,1,1,kNN,RDKit
101,1,1,1,kNN,RDKit
104,1,1,1,kNN,RDKit
121,2,0,1,kNN,RDKit
122,2,0,1,kNN,RDKit
149,2,1,1,kNN,RDKit
172,2,0,1,kNN,RDKit
174,2,2,1,kNN,RDKit
180,2,0,1,kNN,RDKit
183,2,2,1,kNN,RDKit
189,0,1,1,kNN,RDKit
193,2,2,1,kNN,RDKit
199,0,0,1,kNN,RDKit
215,0,0,1,kNN,RDKit
223,1,1,1,kNN,RDKit
225,1,1,1,kNN,RDKit
227,2,2,1,kNN,RDKit
235,1,1,1,kNN,RDKit
249,2,2,1,kNN,RDKit
260,2,0,1,kNN,RDKit
267,0,2,1,kNN,RDKit
275,0,0,1,kNN,RDKit
282,2,2,1,kNN,RDKit
284,2,2,1,kNN,RDKit
285,2,2,1,kNN,RDKit
287,1,0,1,kNN,RDKit
288,0,0,1,kNN,RDKit
303,0,1,1,kNN,RDKit
309,0,0,1,kNN,RDKit
339,1,2,1,kNN,RDKit
374,2,1,1,kNN,RDKit
380,0,1,1,kNN,RDKit
403,0,0,1,kNN,RDKit
407,2,2,1,kNN,RDKit
413,0,0,1,kNN,RDKit
425,0,1,1,kNN,RDKit
436,2,1,1,kNN,RDKit
446,0,1,1,kNN,RDKit
4,1,0,2,kNN,RDKit
8,1,0,2,kNN,RDKit
16,1,0,2,kNN,RDKit
21,2,2,2,kNN,RDKit
32,1,1,2,kNN,RDKit
35,2,2,2,kNN,RDKit
39,2,2,2,kNN,RDKit
45,2,1,2,kNN,RDKit
54,1,1,2,kNN,RDKit
62,1,2,2,kNN,RDKit
67,1,2,2,kNN,RDKit
71,1,1,2,kNN,RDKit
74,1,1,2,kNN,RDKit
75,1,1,2,kNN,RDKit
79,1,1,2,kNN,RDKit
80,1,1,2,kNN,RDKit
83,1,1,2,kNN,RDKit
86,1,0,2,kNN,RDKit
89,1,1,2,kNN,RDKit
93,1,1,2,kNN,RDKit
99,1,1,2,kNN,RDKit
102,1,1,2,kNN,RDKit
115,2,1,2,kNN,RDKit
123,1,0,2,kNN,RDKit
131,1,1,2,kNN,RDKit
133,0,0,2,kNN,RDKit
143,0,1,2,kNN,RDKit
146,0,2,2,kNN,RDKit
148,0,2,2,kNN,RDKit
163,2,2,2,kNN,RDKit
164,2,2,2,kNN,RDKit
168,1,2,2,kNN,RDKit
173,2,2,2,kNN,RDKit
185,2,2,2,kNN,RDKit
187,0,1,2,kNN,RDKit
192,2,2,2,kNN,RDKit
194,2,2,2,kNN,RDKit
195,2,0,2,kNN,RDKit
211,0,0,2,kNN,RDKit
221,1,1,2,kNN,RDKit
236,1,1,2,kNN,RDKit
251,0,0,2,kNN,RDKit
277,2,0,2,kNN,RDKit
299,0,1,2,kNN,RDKit
326,2,0,2,kNN,RDKit
329,2,2,2,kNN,RDKit
345,0,0,2,kNN,RDKit
349,2,0,2,kNN,RDKit
363,0,2,2,kNN,RDKit
373,2,2,2,kNN,RDKit
381,0,0,2,kNN,RDKit
384,0,2,2,kNN,RDKit
432,0,0,2,kNN,RDKit
434,2,2,2,kNN,RDKit
437,2,0,2,kNN,RDKit
448,0,1,2,kNN,RDKit
10,1,1,3,kNN,RDKit
11,1,1,3,kNN,RDKit
24,2,0,3,kNN,RDKit
42,2,2,3,kNN,RDKit
50,1,1,3,kNN,RDKit
55,1,1,3,kNN,RDKit
72,1,1,3,kNN,RDKit
73,1,1,3,kNN,RDKit
77,1,1,3,kNN,RDKit
78,1,1,3,kNN,RDKit
84,1,1,3,kNN,RDKit
87,1,1,3,kNN,RDKit
96,1,1,3,kNN,RDKit
108,1,1,3,kNN,RDKit
110,1,1,3,kNN,RDKit
112,1,1,3,kNN,RDKit
113,2,1,3,kNN,RDKit
118,1,1,3,kNN,RDKit
124,1,1,3,kNN,RDKit
125,1,0,3,kNN,RDKit
128,1,2,3,kNN,RDKit
132,2,1,3,kNN,RDKit
135,2,2,3,kNN,RDKit
140,2,2,3,kNN,RDKit
144,0,0,3,kNN,RDKit
147,0,0,3,kNN,RDKit
158,1,1,3,kNN,RDKit
165,1,1,3,kNN,RDKit
171,2,2,3,kNN,RDKit
176,2,2,3,kNN,RDKit
178,2,0,3,kNN,RDKit
179,2,2,3,kNN,RDKit
181,2,2,3,kNN,RDKit
204,0,2,3,kNN,RDKit
213,0,1,3,kNN,RDKit
216,2,2,3,kNN,RDKit
219,0,2,3,kNN,RDKit
224,1,1,3,kNN,RDKit
231,2,2,3,kNN,RDKit
244,0,2,3,kNN,RDKit
246,2,2,3,kNN,RDKit
248,2,1,3,kNN,RDKit
290,0,0,3,kNN,RDKit
293,0,2,3,kNN,RDKit
298,0,2,3,kNN,RDKit
305,0,1,3,kNN,RDKit
318,0,2,3,kNN,RDKit
322,2,1,3,kNN,RDKit
325,1,2,3,kNN,RDKit
328,2,2,3,kNN,RDKit
356,2,2,3,kNN,RDKit
369,0,0,3,kNN,RDKit
378,1,1,3,kNN,RDKit
382,0,2,3,kNN,RDKit
428,0,0,3,kNN,RDKit
435,2,2,3,kNN,RDKit
1,1,0,4,kNN,RDKit
3,2,2,4,kNN,RDKit
5,1,2,4,kNN,RDKit
9,1,1,4,kNN,RDKit
17,2,1,4,kNN,RDKit
18,2,2,4,kNN,RDKit
19,2,2,4,kNN,RDKit
20,2,2,4,kNN,RDKit
22,1,1,4,kNN,RDKit
31,1,1,4,kNN,RDKit
40,2,2,4,kNN,RDKit
43,2,1,4,kNN,RDKit
49,1,1,4,kNN,RDKit
64,1,1,4,kNN,RDKit
88,1,2,4,kNN,RDKit
91,1,1,4,kNN,RDKit
95,1,1,4,kNN,RDKit
98,1,1,4,kNN,RDKit
105,1,1,4,kNN,RDKit
107,1,0,4,kNN,RDKit
111,1,1,4,kNN,RDKit
114,2,1,4,kNN,RDKit
117,1,1,4,kNN,RDKit
120,1,1,4,kNN,RDKit
130,1,1,4,kNN,RDKit
134,2,1,4,kNN,RDKit
136,2,2,4,kNN,RDKit
153,2,1,4,kNN,RDKit
160,2,2,4,kNN,RDKit
186,2,2,4,kNN,RDKit
188,0,1,4,kNN,RDKit
190,2,2,4,kNN,RDKit
206,0,0,4,kNN,RDKit
209,0,0,4,kNN,RDKit
220,0,2,4,kNN,RDKit
234,2,1,4,kNN,RDKit
237,1,1,4,kNN,RDKit
239,1,1,4,kNN,RDKit
240,1,1,4,kNN,RDKit
241,1,1,4,kNN,RDKit
242,0,2,4,kNN,RDKit
256,0,0,4,kNN,RDKit
278,0,1,4,kNN,RDKit
281,0,2,4,kNN,RDKit
291,0,2,4,kNN,RDKit
307,0,0,4,kNN,RDKit
308,0,0,4,kNN,RDKit
312,2,1,4,kNN,RDKit
324,2,2,4,kNN,RDKit
327,1,2,4,kNN,RDKit
344,2,2,4,kNN,RDKit
385,2,2,4,kNN,RDKit
398,2,0,4,kNN,RDKit
417,0,0,4,kNN,RDKit
439,0,2,4,kNN,RDKit
440,0,2,4,kNN,RDKit
13,1,1,5,kNN,RDKit
14,2,2,5,kNN,RDKit
25,1,0,5,kNN,RDKit
36,2,2,5,kNN,RDKit
37,2,1,5,kNN,RDKit
41,2,2,5,kNN,RDKit
44,2,2,5,kNN,RDKit
47,2,1,5,kNN,RDKit
48,0,1,5,kNN,RDKit
51,1,2,5,kNN,RDKit
52,1,2,5,kNN,RDKit
56,1,1,5,kNN,RDKit
57,1,2,5,kNN,RDKit
60,2,1,5,kNN,RDKit
63,1,1,5,kNN,RDKit
68,1,2,5,kNN,RDKit
82,1,2,5,kNN,RDKit
92,1,1,5,kNN,RDKit
103,1,1,5,kNN,RDKit
106,1,1,5,kNN,RDKit
116,2,2,5,kNN,RDKit
119,1,1,5,kNN,RDKit
127,1,0,5,kNN,RDKit
145,0,0,5,kNN,RDKit
155,2,1,5,kNN,RDKit
156,1,1,5,kNN,RDKit
159,2,0,5,kNN,RDKit
161,2,2,5,kNN,RDKit
162,2,2,5,kNN,RDKit
166,1,2,5,kNN,RDKit
177,2,1,5,kNN,RDKit
182,2,2,5,kNN,RDKit
184,2,2,5,kNN,RDKit
191,2,2,5,kNN,RDKit
196,0,2,5,kNN,RDKit
198,0,0,5,kNN,RDKit
203,0,2,5,kNN,RDKit
217,2,2,5,kNN,RDKit
218,2,2,5,kNN,RDKit
222,1,2,5,kNN,RDKit
238,1,1,5,kNN,RDKit
283,2,2,5,kNN,RDKit
286,1,2,5,kNN,RDKit
289,0,2,5,kNN,RDKit
296,0,2,5,kNN,RDKit
297,0,1,5,kNN,RDKit
333,1,2,5,kNN,RDKit
357,1,0,5,kNN,RDKit
360,0,2,5,kNN,RDKit
366,0,0,5,kNN,RDKit
372,2,2,5,kNN,RDKit
390,0,1,5,kNN,RDKit
400,1,1,5,kNN,RDKit
409,0,0,5,kNN,RDKit
421,0,1,5,kNN,RDKit
2,1,2,1,MLP,RDKit
6,2,2,1,MLP,RDKit
7,1,1,1,MLP,RDKit
12,1,1,1,MLP,RDKit
15,2,0,1,MLP,RDKit
27,1,2,1,MLP,RDKit
29,1,0,1,MLP,RDKit
46,2,2,1,MLP,RDKit
53,1,1,1,MLP,RDKit
58,1,1,1,MLP,RDKit
65,1,1,1,MLP,RDKit
69,1,0,1,MLP,RDKit
76,1,1,1,MLP,RDKit
81,1,1,1,MLP,RDKit
85,1,1,1,MLP,RDKit
90,1,1,1,MLP,RDKit
94,1,1,1,MLP,RDKit
97,1,1,1,MLP,RDKit
100,1,1,1,MLP,RDKit
101,1,1,1,MLP,RDKit
104,1,1,1,MLP,RDKit
121,2,0,1,MLP,RDKit
122,2,1,1,MLP,RDKit
149,2,1,1,MLP,RDKit
172,2,0,1,MLP,RDKit
174,2,2,1,MLP,RDKit
180,2,0,1,MLP,RDKit
183,2,2,1,MLP,RDKit
189,0,1,1,MLP,RDKit
193,2,2,1,MLP,RDKit
199,0,0,1,MLP,RDKit
215,0,0,1,MLP,RDKit
223,1,1,1,MLP,RDKit
225,1,1,1,MLP,RDKit
227,2,2,1,MLP,RDKit
235,1,1,1,MLP,RDKit
249,2,0,1,MLP,RDKit
260,2,0,1,MLP,RDKit
267,0,2,1,MLP,RDKit
275,0,2,1,MLP,RDKit
282,2,2,1,MLP,RDKit
284,2,2,1,MLP,RDKit
285,2,2,1,MLP,RDKit
287,1,0,1,MLP,RDKit
288,0,1,1,MLP,RDKit
303,0,0,1,MLP,RDKit
309,0,0,1,MLP,RDKit
339,1,2,1,MLP,RDKit
374,2,1,1,MLP,RDKit
380,0,1,1,MLP,RDKit
403,0,0,1,MLP,RDKit
407,2,2,1,MLP,RDKit
413,0,0,1,MLP,RDKit
425,0,1,1,MLP,RDKit
436,2,2,1,MLP,RDKit
446,0,0,1,MLP,RDKit
4,1,0,2,MLP,RDKit
8,1,0,2,MLP,RDKit
16,1,1,2,MLP,RDKit
21,2,2,2,MLP,RDKit
32,1,2,2,MLP,RDKit
35,2,2,2,MLP,RDKit
39,2,2,2,MLP,RDKit
45,2,2,2,MLP,RDKit
54,1,2,2,MLP,RDKit
62,1,1,2,MLP,RDKit
67,1,2,2,MLP,RDKit
71,1,1,2,MLP,RDKit
74,1,1,2,MLP,RDKit
75,1,1,2,MLP,RDKit
79,1,1,2,MLP,RDKit
80,1,1,2,MLP,RDKit
83,1,1,2,MLP,RDKit
86,1,2,2,MLP,RDKit
89,1,1,2,MLP,RDKit
93,1,1,2,MLP,RDKit
99,1,1,2,MLP,RDKit
102,1,2,2,MLP,RDKit
115,2,1,2,MLP,RDKit
123,1,1,2,MLP,RDKit
131,1,1,2,MLP,RDKit
133,0,0,2,MLP,RDKit
143,0,2,2,MLP,RDKit
146,0,0,2,MLP,RDKit
148,0,0,2,MLP,RDKit
163,2,0,2,MLP,RDKit
164,2,2,2,MLP,RDKit
168,1,1,2,MLP,RDKit
173,2,2,2,MLP,RDKit
185,2,2,2,MLP,RDKit
187,0,0,2,MLP,RDKit
192,2,2,2,MLP,RDKit
194,2,2,2,MLP,RDKit
195,2,0,2,MLP,RDKit
211,0,1,2,MLP,RDKit
221,1,1,2,MLP,RDKit
236,1,1,2,MLP,RDKit
251,0,0,2,MLP,RDKit
277,2,0,2,MLP,RDKit
299,0,1,2,MLP,RDKit
326,2,1,2,MLP,RDKit
329,2,1,2,MLP,RDKit
345,0,0,2,MLP,RDKit
349,2,0,2,MLP,RDKit
363,0,2,2,MLP,RDKit
373,2,2,2,MLP,RDKit
381,0,2,2,MLP,RDKit
384,0,2,2,MLP,RDKit
432,0,1,2,MLP,RDKit
434,2,2,2,MLP,RDKit
437,2,2,2,MLP,RDKit
448,0,1,2,MLP,RDKit
10,1,1,3,MLP,RDKit
11,1,2,3,MLP,RDKit
24,2,1,3,MLP,RDKit
42,2,1,3,MLP,RDKit
50,1,2,3,MLP,RDKit
55,1,1,3,MLP,RDKit
72,1,1,3,MLP,RDKit
73,1,1,3,MLP,RDKit
77,1,1,3,MLP,RDKit
78,1,1,3,MLP,RDKit
84,1,1,3,MLP,RDKit
87,1,1,3,MLP,RDKit
96,1,1,3,MLP,RDKit
108,1,1,3,MLP,RDKit
110,1,1,3,MLP,RDKit
112,1,1,3,MLP,RDKit
113,2,1,3,MLP,RDKit
118,1,1,3,MLP,RDKit
124,1,2,3,MLP,RDKit
125,1,1,3,MLP,RDKit
128,1,2,3,MLP,RDKit
132,2,2,3,MLP,RDKit
135,2,2,3,MLP,RDKit
140,2,0,3,MLP,RDKit
144,0,0,3,MLP,RDKit
147,0,0,3,MLP,RDKit
158,1,1,3,MLP,RDKit
165,1,1,3,MLP,RDKit
171,2,2,3,MLP,RDKit
176,2,2,3,MLP,RDKit
178,2,1,3,MLP,RDKit
179,2,0,3,MLP,RDKit
181,2,2,3,MLP,RDKit
204,0,2,3,MLP,RDKit
213,0,2,3,MLP,RDKit
216,2,2,3,MLP,RDKit
219,0,2,3,MLP,RDKit
224,1,1,3,MLP,RDKit
231,2,2,3,MLP,RDKit
244,0,2,3,MLP,RDKit
246,2,2,3,MLP,RDKit
248,2,2,3,MLP,RDKit
290,0,0,3,MLP,RDKit
293,0,1,3,MLP,RDKit
298,0,0,3,MLP,RDKit
305,0,1,3,MLP,RDKit
318,0,2,3,MLP,RDKit
322,2,1,3,MLP,RDKit
325,1,0,3,MLP,RDKit
328,2,1,3,MLP,RDKit
356,2,0,3,MLP,RDKit
369,0,0,3,MLP,RDKit
378,1,2,3,MLP,RDKit
382,0,2,3,MLP,RDKit
428,0,0,3,MLP,RDKit
435,2,2,3,MLP,RDKit
1,1,1,4,MLP,RDKit
3,2,2,4,MLP,RDKit
5,1,2,4,MLP,RDKit
9,1,1,4,MLP,RDKit
17,2,2,4,MLP,RDKit
18,2,2,4,MLP,RDKit
19,2,2,4,MLP,RDKit
20,2,2,4,MLP,RDKit
22,1,1,4,MLP,RDKit
31,1,2,4,MLP,RDKit
40,2,2,4,MLP,RDKit
43,2,1,4,MLP,RDKit
49,1,1,4,MLP,RDKit
64,1,1,4,MLP,RDKit
88,1,1,4,MLP,RDKit
91,1,1,4,MLP,RDKit
95,1,1,4,MLP,RDKit
98,1,1,4,MLP,RDKit
105,1,1,4,MLP,RDKit
107,1,0,4,MLP,RDKit
111,1,1,4,MLP,RDKit
114,2,1,4,MLP,RDKit
117,1,1,4,MLP,RDKit
120,1,1,4,MLP,RDKit
130,1,2,4,MLP,RDKit
134,2,1,4,MLP,RDKit
136,2,2,4,MLP,RDKit
153,2,0,4,MLP,RDKit
160,2,0,4,MLP,RDKit
186,2,2,4,MLP,RDKit
188,0,0,4,MLP,RDKit
190,2,2,4,MLP,RDKit
206,0,2,4,MLP,RDKit
209,0,0,4,MLP,RDKit
220,0,0,4,MLP,RDKit
234,2,1,4,MLP,RDKit
237,1,1,4,MLP,RDKit
239,1,1,4,MLP,RDKit
240,1,1,4,MLP,RDKit
241,1,1,4,MLP,RDKit
242,0,2,4,MLP,RDKit
256,0,0,4,MLP,RDKit
278,0,2,4,MLP,RDKit
281,0,2,4,MLP,RDKit
291,0,2,4,MLP,RDKit
307,0,0,4,MLP,RDKit
308,0,0,4,MLP,RDKit
312,2,1,4,MLP,RDKit
324,2,2,4,MLP,RDKit
327,1,2,4,MLP,RDKit
344,2,2,4,MLP,RDKit
385,2,2,4,MLP,RDKit
398,2,0,4,MLP,RDKit
417,0,0,4,MLP,RDKit
439,0,2,4,MLP,RDKit
440,0,0,4,MLP,RDKit
13,1,1,5,MLP,RDKit
14,2,2,5,MLP,RDKit
25,1,2,5,MLP,RDKit
36,2,0,5,MLP,RDKit
37,2,1,5,MLP,RDKit
41,2,2,5,MLP,RDKit
44,2,2,5,MLP,RDKit
47,2,2,5,MLP,RDKit
48,0,2,5,MLP,RDKit
51,1,1,5,MLP,RDKit
52,1,1,5,MLP,RDKit
56,1,1,5,MLP,RDKit
57,1,2,5,MLP,RDKit
60,2,1,5,MLP,RDKit
63,1,1,5,MLP,RDKit
68,1,2,5,MLP,RDKit
82,1,1,5,MLP,RDKit
92,1,1,5,MLP,RDKit
103,1,1,5,MLP,RDKit
106,1,1,5,MLP,RDKit
116,2,1,5,MLP,RDKit
119,1,1,5,MLP,RDKit
127,1,1,5,MLP,RDKit
145,0,0,5,MLP,RDKit
155,2,1,5,MLP,RDKit
156,1,1,5,MLP,RDKit
159,2,2,5,MLP,RDKit
161,2,2,5,MLP,RDKit
162,2,2,5,MLP,RDKit
166,1,1,5,MLP,RDKit
177,2,1,5,MLP,RDKit
182,2,2,5,MLP,RDKit
184,2,2,5,MLP,RDKit
191,2,2,5,MLP,RDKit
196,0,2,5,MLP,RDKit
198,0,0,5,MLP,RDKit
203,0,2,5,MLP,RDKit
217,2,0,5,MLP,RDKit
218,2,0,5,MLP,RDKit
222,1,1,5,MLP,RDKit
238,1,1,5,MLP,RDKit
283,2,2,5,MLP,RDKit
286,1,2,5,MLP,RDKit
289,0,1,5,MLP,RDKit
296,0,2,5,MLP,RDKit
297,0,1,5,MLP,RDKit
333,1,2,5,MLP,RDKit
357,1,0,5,MLP,RDKit
360,0,0,5,MLP,RDKit
366,0,0,5,MLP,RDKit
372,2,2,5,MLP,RDKit
390,0,2,5,MLP,RDKit
400,1,1,5,MLP,RDKit
409,0,0,5,MLP,RDKit
421,0,1,5,MLP,RDKit
2,1,2,1,Logistic Regression,Mordred
6,2,1,1,Logistic Regression,Mordred
7,1,1,1,Logistic Regression,Mordred
12,1,1,1,Logistic Regression,Mordred
15,2,0,1,Logistic Regression,Mordred
27,1,2,1,Logistic Regression,Mordred
29,1,1,1,Logistic Regression,Mordred
46,2,2,1,Logistic Regression,Mordred
53,1,1,1,Logistic Regression,Mordred
58,1,1,1,Logistic Regression,Mordred
65,1,1,1,Logistic Regression,Mordred
69,1,0,1,Logistic Regression,Mordred
76,1,2,1,Logistic Regression,Mordred
81,1,1,1,Logistic Regression,Mordred
85,1,1,1,Logistic Regression,Mordred
90,1,1,1,Logistic Regression,Mordred
94,1,1,1,Logistic Regression,Mordred
97,1,1,1,Logistic Regression,Mordred
100,1,1,1,Logistic Regression,Mordred
101,1,1,1,Logistic Regression,Mordred
104,1,1,1,Logistic Regression,Mordred
121,2,0,1,Logistic Regression,Mordred
122,2,1,1,Logistic Regression,Mordred
149,2,1,1,Logistic Regression,Mordred
172,2,0,1,Logistic Regression,Mordred
174,2,2,1,Logistic Regression,Mordred
180,2,2,1,Logistic Regression,Mordred
183,2,2,1,Logistic Regression,Mordred
189,0,1,1,Logistic Regression,Mordred
193,2,2,1,Logistic Regression,Mordred
199,0,0,1,Logistic Regression,Mordred
215,0,0,1,Logistic Regression,Mordred
223,1,0,1,Logistic Regression,Mordred
225,1,1,1,Logistic Regression,Mordred
227,2,2,1,Logistic Regression,Mordred
235,1,1,1,Logistic Regression,Mordred
249,2,2,1,Logistic Regression,Mordred
260,2,0,1,Logistic Regression,Mordred
267,0,2,1,Logistic Regression,Mordred
275,0,2,1,Logistic Regression,Mordred
282,2,2,1,Logistic Regression,Mordred
284,2,2,1,Logistic Regression,Mordred
285,2,2,1,Logistic Regression,Mordred
287,1,0,1,Logistic Regression,Mordred
288,0,1,1,Logistic Regression,Mordred
303,0,0,1,Logistic Regression,Mordred
309,0,0,1,Logistic Regression,Mordred
339,1,2,1,Logistic Regression,Mordred
374,2,1,1,Logistic Regression,Mordred
380,0,1,1,Logistic Regression,Mordred
403,0,0,1,Logistic Regression,Mordred
407,2,2,1,Logistic Regression,Mordred
413,0,0,1,Logistic Regression,Mordred
425,0,1,1,Logistic Regression,Mordred
436,2,2,1,Logistic Regression,Mordred
446,0,0,1,Logistic Regression,Mordred
4,1,0,2,Logistic Regression,Mordred
8,1,2,2,Logistic Regression,Mordred
16,1,2,2,Logistic Regression,Mordred
21,2,2,2,Logistic Regression,Mordred
32,1,2,2,Logistic Regression,Mordred
35,2,2,2,Logistic Regression,Mordred
39,2,2,2,Logistic Regression,Mordred
45,2,2,2,Logistic Regression,Mordred
54,1,2,2,Logistic Regression,Mordred
62,1,1,2,Logistic Regression,Mordred
67,1,2,2,Logistic Regression,Mordred
71,1,1,2,Logistic Regression,Mordred
74,1,1,2,Logistic Regression,Mordred
75,1,1,2,Logistic Regression,Mordred
79,1,1,2,Logistic Regression,Mordred
80,1,1,2,Logistic Regression,Mordred
83,1,1,2,Logistic Regression,Mordred
86,1,2,2,Logistic Regression,Mordred
89,1,1,2,Logistic Regression,Mordred
93,1,1,2,Logistic Regression,Mordred
99,1,1,2,Logistic Regression,Mordred
102,1,1,2,Logistic Regression,Mordred
115,2,1,2,Logistic Regression,Mordred
123,1,1,2,Logistic Regression,Mordred
131,1,1,2,Logistic Regression,Mordred
133,0,2,2,Logistic Regression,Mordred
143,0,0,2,Logistic Regression,Mordred
146,0,0,2,Logistic Regression,Mordred
148,0,0,2,Logistic Regression,Mordred
163,2,0,2,Logistic Regression,Mordred
164,2,1,2,Logistic Regression,Mordred
168,1,1,2,Logistic Regression,Mordred
173,2,2,2,Logistic Regression,Mordred
185,2,2,2,Logistic Regression,Mordred
187,0,0,2,Logistic Regression,Mordred
192,2,2,2,Logistic Regression,Mordred
194,2,2,2,Logistic Regression,Mordred
195,2,2,2,Logistic Regression,Mordred
211,0,1,2,Logistic Regression,Mordred
221,1,1,2,Logistic Regression,Mordred
236,1,1,2,Logistic Regression,Mordred
251,0,0,2,Logistic Regression,Mordred
277,2,0,2,Logistic Regression,Mordred
299,0,1,2,Logistic Regression,Mordred
326,2,1,2,Logistic Regression,Mordred
329,2,2,2,Logistic Regression,Mordred
345,0,0,2,Logistic Regression,Mordred
349,2,2,2,Logistic Regression,Mordred
363,0,2,2,Logistic Regression,Mordred
373,2,2,2,Logistic Regression,Mordred
381,0,2,2,Logistic Regression,Mordred
384,0,2,2,Logistic Regression,Mordred
432,0,0,2,Logistic Regression,Mordred
434,2,2,2,Logistic Regression,Mordred
437,2,2,2,Logistic Regression,Mordred
448,0,0,2,Logistic Regression,Mordred
10,1,1,3,Logistic Regression,Mordred
11,1,2,3,Logistic Regression,Mordred
24,2,2,3,Logistic Regression,Mordred
42,2,1,3,Logistic Regression,Mordred
50,1,1,3,Logistic Regression,Mordred
55,1,1,3,Logistic Regression,Mordred
72,1,1,3,Logistic Regression,Mordred
73,1,1,3,Logistic Regression,Mordred
77,1,1,3,Logistic Regression,Mordred
78,1,0,3,Logistic Regression,Mordred
84,1,1,3,Logistic Regression,Mordred
87,1,1,3,Logistic Regression,Mordred
96,1,1,3,Logistic Regression,Mordred
108,1,1,3,Logistic Regression,Mordred
110,1,0,3,Logistic Regression,Mordred
112,1,1,3,Logistic Regression,Mordred
113,2,1,3,Logistic Regression,Mordred
118,1,1,3,Logistic Regression,Mordred
124,1,2,3,Logistic Regression,Mordred
125,1,1,3,Logistic Regression,Mordred
128,1,2,3,Logistic Regression,Mordred
132,2,0,3,Logistic Regression,Mordred
135,2,1,3,Logistic Regression,Mordred
140,2,2,3,Logistic Regression,Mordred
144,0,0,3,Logistic Regression,Mordred
147,0,0,3,Logistic Regression,Mordred
158,1,1,3,Logistic Regression,Mordred
165,1,1,3,Logistic Regression,Mordred
171,2,2,3,Logistic Regression,Mordred
176,2,1,3,Logistic Regression,Mordred
178,2,2,3,Logistic Regression,Mordred
179,2,0,3,Logistic Regression,Mordred
181,2,2,3,Logistic Regression,Mordred
204,0,2,3,Logistic Regression,Mordred
213,0,2,3,Logistic Regression,Mordred
216,2,2,3,Logistic Regression,Mordred
219,0,2,3,Logistic Regression,Mordred
224,1,2,3,Logistic Regression,Mordred
231,2,2,3,Logistic Regression,Mordred
244,0,2,3,Logistic Regression,Mordred
246,2,2,3,Logistic Regression,Mordred
248,2,1,3,Logistic Regression,Mordred
290,0,0,3,Logistic Regression,Mordred
293,0,2,3,Logistic Regression,Mordred
298,0,0,3,Logistic Regression,Mordred
305,0,0,3,Logistic Regression,Mordred
318,0,1,3,Logistic Regression,Mordred
322,2,0,3,Logistic Regression,Mordred
325,1,1,3,Logistic Regression,Mordred
328,2,2,3,Logistic Regression,Mordred
356,2,0,3,Logistic Regression,Mordred
369,0,2,3,Logistic Regression,Mordred
378,1,2,3,Logistic Regression,Mordred
382,0,1,3,Logistic Regression,Mordred
428,0,0,3,Logistic Regression,Mordred
435,2,2,3,Logistic Regression,Mordred
1,1,1,4,Logistic Regression,Mordred
3,2,2,4,Logistic Regression,Mordred
5,1,2,4,Logistic Regression,Mordred
9,1,1,4,Logistic Regression,Mordred
17,2,2,4,Logistic Regression,Mordred
18,2,0,4,Logistic Regression,Mordred
19,2,2,4,Logistic Regression,Mordred
20,2,2,4,Logistic Regression,Mordred
22,1,1,4,Logistic Regression,Mordred
31,1,1,4,Logistic Regression,Mordred
40,2,1,4,Logistic Regression,Mordred
43,2,1,4,Logistic Regression,Mordred
49,1,1,4,Logistic Regression,Mordred
64,1,1,4,Logistic Regression,Mordred
88,1,1,4,Logistic Regression,Mordred
91,1,1,4,Logistic Regression,Mordred
95,1,1,4,Logistic Regression,Mordred
98,1,1,4,Logistic Regression,Mordred
105,1,1,4,Logistic Regression,Mordred
107,1,0,4,Logistic Regression,Mordred
111,1,1,4,Logistic Regression,Mordred
114,2,1,4,Logistic Regression,Mordred
117,1,1,4,Logistic Regression,Mordred
120,1,0,4,Logistic Regression,Mordred
130,1,1,4,Logistic Regression,Mordred
134,2,1,4,Logistic Regression,Mordred
136,2,2,4,Logistic Regression,Mordred
153,2,1,4,Logistic Regression,Mordred
160,2,0,4,Logistic Regression,Mordred
186,2,2,4,Logistic Regression,Mordred
188,0,0,4,Logistic Regression,Mordred
190,2,2,4,Logistic Regression,Mordred
206,0,2,4,Logistic Regression,Mordred
209,0,0,4,Logistic Regression,Mordred
220,0,0,4,Logistic Regression,Mordred
234,2,1,4,Logistic Regression,Mordred
237,1,1,4,Logistic Regression,Mordred
239,1,1,4,Logistic Regression,Mordred
240,1,1,4,Logistic Regression,Mordred
241,1,1,4,Logistic Regression,Mordred
242,0,2,4,Logistic Regression,Mordred
256,0,0,4,Logistic Regression,Mordred
278,0,2,4,Logistic Regression,Mordred
281,0,2,4,Logistic Regression,Mordred
291,0,2,4,Logistic Regression,Mordred
307,0,0,4,Logistic Regression,Mordred
308,0,0,4,Logistic Regression,Mordred
312,2,0,4,Logistic Regression,Mordred
324,2,2,4,Logistic Regression,Mordred
327,1,2,4,Logistic Regression,Mordred
344,2,0,4,Logistic Regression,Mordred
385,2,0,4,Logistic Regression,Mordred
398,2,2,4,Logistic Regression,Mordred
417,0,2,4,Logistic Regression,Mordred
439,0,2,4,Logistic Regression,Mordred
440,0,0,4,Logistic Regression,Mordred
13,1,1,5,Logistic Regression,Mordred
14,2,2,5,Logistic Regression,Mordred
25,1,1,5,Logistic Regression,Mordred
36,2,2,5,Logistic Regression,Mordred
37,2,2,5,Logistic Regression,Mordred
41,2,2,5,Logistic Regression,Mordred
44,2,0,5,Logistic Regression,Mordred
47,2,2,5,Logistic Regression,Mordred
48,0,1,5,Logistic Regression,Mordred
51,1,1,5,Logistic Regression,Mordred
52,1,1,5,Logistic Regression,Mordred
56,1,1,5,Logistic Regression,Mordred
57,1,1,5,Logistic Regression,Mordred
60,2,2,5,Logistic Regression,Mordred
63,1,1,5,Logistic Regression,Mordred
68,1,2,5,Logistic Regression,Mordred
82,1,2,5,Logistic Regression,Mordred
92,1,1,5,Logistic Regression,Mordred
103,1,1,5,Logistic Regression,Mordred
106,1,1,5,Logistic Regression,Mordred
116,2,2,5,Logistic Regression,Mordred
119,1,1,5,Logistic Regression,Mordred
127,1,1,5,Logistic Regression,Mordred
145,0,0,5,Logistic Regression,Mordred
155,2,1,5,Logistic Regression,Mordred
156,1,1,5,Logistic Regression,Mordred
159,2,2,5,Logistic Regression,Mordred
161,2,2,5,Logistic Regression,Mordred
162,2,2,5,Logistic Regression,Mordred
166,1,1,5,Logistic Regression,Mordred
177,2,1,5,Logistic Regression,Mordred
182,2,2,5,Logistic Regression,Mordred
184,2,2,5,Logistic Regression,Mordred
191,2,2,5,Logistic Regression,Mordred
196,0,0,5,Logistic Regression,Mordred
198,0,0,5,Logistic Regression,Mordred
203,0,2,5,Logistic Regression,Mordred
217,2,2,5,Logistic Regression,Mordred
218,2,2,5,Logistic Regression,Mordred
222,1,1,5,Logistic Regression,Mordred
238,1,1,5,Logistic Regression,Mordred
283,2,2,5,Logistic Regression,Mordred
286,1,2,5,Logistic Regression,Mordred
289,0,1,5,Logistic Regression,Mordred
296,0,2,5,Logistic Regression,Mordred
297,0,2,5,Logistic Regression,Mordred
333,1,2,5,Logistic Regression,Mordred
357,1,0,5,Logistic Regression,Mordred
360,0,0,5,Logistic Regression,Mordred
366,0,0,5,Logistic Regression,Mordred
372,2,2,5,Logistic Regression,Mordred
390,0,0,5,Logistic Regression,Mordred
400,1,1,5,Logistic Regression,Mordred
409,0,0,5,Logistic Regression,Mordred
421,0,1,5,Logistic Regression,Mordred
2,1,1,1,SVM,Mordred
6,2,1,1,SVM,Mordred
7,1,0,1,SVM,Mordred
12,1,0,1,SVM,Mordred
15,2,0,1,SVM,Mordred
27,1,2,1,SVM,Mordred
29,1,1,1,SVM,Mordred
46,2,2,1,SVM,Mordred
53,1,1,1,SVM,Mordred
58,1,1,1,SVM,Mordred
65,1,1,1,SVM,Mordred
69,1,0,1,SVM,Mordred
76,1,2,1,SVM,Mordred
81,1,1,1,SVM,Mordred
85,1,1,1,SVM,Mordred
90,1,1,1,SVM,Mordred
94,1,1,1,SVM,Mordred
97,1,1,1,SVM,Mordred
100,1,1,1,SVM,Mordred
101,1,1,1,SVM,Mordred
104,1,1,1,SVM,Mordred
121,2,0,1,SVM,Mordred
122,2,1,1,SVM,Mordred
149,2,1,1,SVM,Mordred
172,2,0,1,SVM,Mordred
174,2,2,1,SVM,Mordred
180,2,0,1,SVM,Mordred
183,2,2,1,SVM,Mordred
189,0,1,1,SVM,Mordred
193,2,2,1,SVM,Mordred
199,0,0,1,SVM,Mordred
215,0,0,1,SVM,Mordred
223,1,0,1,SVM,Mordred
225,1,1,1,SVM,Mordred
227,2,2,1,SVM,Mordred
235,1,1,1,SVM,Mordred
249,2,2,1,SVM,Mordred
260,2,2,1,SVM,Mordred
267,0,0,1,SVM,Mordred
275,0,2,1,SVM,Mordred
282,2,2,1,SVM,Mordred
284,2,2,1,SVM,Mordred
285,2,0,1,SVM,Mordred
287,1,2,1,SVM,Mordred
288,0,0,1,SVM,Mordred
303,0,0,1,SVM,Mordred
309,0,0,1,SVM,Mordred
339,1,1,1,SVM,Mordred
374,2,1,1,SVM,Mordred
380,0,1,1,SVM,Mordred
403,0,0,1,SVM,Mordred
407,2,2,1,SVM,Mordred
413,0,0,1,SVM,Mordred
425,0,1,1,SVM,Mordred
436,2,2,1,SVM,Mordred
446,0,2,1,SVM,Mordred
4,1,0,2,SVM,Mordred
8,1,1,2,SVM,Mordred
16,1,1,2,SVM,Mordred
21,2,2,2,SVM,Mordred
32,1,1,2,SVM,Mordred
35,2,2,2,SVM,Mordred
39,2,2,2,SVM,Mordred
45,2,2,2,SVM,Mordred
54,1,2,2,SVM,Mordred
62,1,1,2,SVM,Mordred
67,1,2,2,SVM,Mordred
71,1,1,2,SVM,Mordred
74,1,1,2,SVM,Mordred
75,1,1,2,SVM,Mordred
79,1,1,2,SVM,Mordred
80,1,1,2,SVM,Mordred
83,1,1,2,SVM,Mordred
86,1,2,2,SVM,Mordred
89,1,1,2,SVM,Mordred
93,1,1,2,SVM,Mordred
99,1,1,2,SVM,Mordred
102,1,1,2,SVM,Mordred
115,2,1,2,SVM,Mordred
123,1,1,2,SVM,Mordred
131,1,1,2,SVM,Mordred
133,0,2,2,SVM,Mordred
143,0,0,2,SVM,Mordred
146,0,0,2,SVM,Mordred
148,0,0,2,SVM,Mordred
163,2,2,2,SVM,Mordred
164,2,1,2,SVM,Mordred
168,1,2,2,SVM,Mordred
173,2,2,2,SVM,Mordred
185,2,2,2,SVM,Mordred
187,0,0,2,SVM,Mordred
192,2,2,2,SVM,Mordred
194,2,2,2,SVM,Mordred
195,2,1,2,SVM,Mordred
211,0,1,2,SVM,Mordred
221,1,1,2,SVM,Mordred
236,1,1,2,SVM,Mordred
251,0,2,2,SVM,Mordred
277,2,2,2,SVM,Mordred
299,0,0,2,SVM,Mordred
326,2,1,2,SVM,Mordred
329,2,1,2,SVM,Mordred
345,0,0,2,SVM,Mordred
349,2,2,2,SVM,Mordred
363,0,2,2,SVM,Mordred
373,2,2,2,SVM,Mordred
381,0,2,2,SVM,Mordred
384,0,2,2,SVM,Mordred
432,0,0,2,SVM,Mordred
434,2,1,2,SVM,Mordred
437,2,1,2,SVM,Mordred
448,0,0,2,SVM,Mordred
10,1,1,3,SVM,Mordred
11,1,2,3,SVM,Mordred
24,2,0,3,SVM,Mordred
42,2,1,3,SVM,Mordred
50,1,1,3,SVM,Mordred
55,1,1,3,SVM,Mordred
72,1,1,3,SVM,Mordred
73,1,1,3,SVM,Mordred
77,1,1,3,SVM,Mordred
78,1,1,3,SVM,Mordred
84,1,1,3,SVM,Mordred
87,1,1,3,SVM,Mordred
96,1,1,3,SVM,Mordred
108,1,1,3,SVM,Mordred
110,1,1,3,SVM,Mordred
112,1,1,3,SVM,Mordred
113,2,1,3,SVM,Mordred
118,1,1,3,SVM,Mordred
124,1,0,3,SVM,Mordred
125,1,1,3,SVM,Mordred
128,1,2,3,SVM,Mordred
132,2,2,3,SVM,Mordred
135,2,1,3,SVM,Mordred
140,2,1,3,SVM,Mordred
144,0,0,3,SVM,Mordred
147,0,0,3,SVM,Mordred
158,1,1,3,SVM,Mordred
165,1,1,3,SVM,Mordred
171,2,2,3,SVM,Mordred
176,2,1,3,SVM,Mordred
178,2,1,3,SVM,Mordred
179,2,2,3,SVM,Mordred
181,2,2,3,SVM,Mordred
204,0,2,3,SVM,Mordred
213,0,1,3,SVM,Mordred
216,2,2,3,SVM,Mordred
219,0,2,3,SVM,Mordred
224,1,1,3,SVM,Mordred
231,2,2,3,SVM,Mordred
244,0,1,3,SVM,Mordred
246,2,2,3,SVM,Mordred
248,2,1,3,SVM,Mordred
290,0,1,3,SVM,Mordred
293,0,2,3,SVM,Mordred
298,0,2,3,SVM,Mordred
305,0,0,3,SVM,Mordred
318,0,1,3,SVM,Mordred
322,2,1,3,SVM,Mordred
325,1,1,3,SVM,Mordred
328,2,1,3,SVM,Mordred
356,2,0,3,SVM,Mordred
369,0,1,3,SVM,Mordred
378,1,2,3,SVM,Mordred
382,0,0,3,SVM,Mordred
428,0,0,3,SVM,Mordred
435,2,2,3,SVM,Mordred
1,1,1,4,SVM,Mordred
3,2,0,4,SVM,Mordred
5,1,2,4,SVM,Mordred
9,1,1,4,SVM,Mordred
17,2,2,4,SVM,Mordred
18,2,0,4,SVM,Mordred
19,2,2,4,SVM,Mordred
20,2,2,4,SVM,Mordred
22,1,1,4,SVM,Mordred
31,1,1,4,SVM,Mordred
40,2,2,4,SVM,Mordred
43,2,1,4,SVM,Mordred
49,1,1,4,SVM,Mordred
64,1,1,4,SVM,Mordred
88,1,1,4,SVM,Mordred
91,1,1,4,SVM,Mordred
95,1,1,4,SVM,Mordred
98,1,1,4,SVM,Mordred
105,1,1,4,SVM,Mordred
107,1,0,4,SVM,Mordred
111,1,1,4,SVM,Mordred
114,2,1,4,SVM,Mordred
117,1,1,4,SVM,Mordred
120,1,0,4,SVM,Mordred
130,1,1,4,SVM,Mordred
134,2,1,4,SVM,Mordred
136,2,2,4,SVM,Mordred
153,2,0,4,SVM,Mordred
160,2,1,4,SVM,Mordred
186,2,2,4,SVM,Mordred
188,0,0,4,SVM,Mordred
190,2,2,4,SVM,Mordred
206,0,2,4,SVM,Mordred
209,0,0,4,SVM,Mordred
220,0,0,4,SVM,Mordred
234,2,2,4,SVM,Mordred
237,1,1,4,SVM,Mordred
239,1,1,4,SVM,Mordred
240,1,1,4,SVM,Mordred
241,1,1,4,SVM,Mordred
242,0,2,4,SVM,Mordred
256,0,0,4,SVM,Mordred
278,0,2,4,SVM,Mordred
281,0,2,4,SVM,Mordred
291,0,2,4,SVM,Mordred
307,0,0,4,SVM,Mordred
308,0,1,4,SVM,Mordred
312,2,1,4,SVM,Mordred
324,2,0,4,SVM,Mordred
327,1,2,4,SVM,Mordred
344,2,0,4,SVM,Mordred
385,2,0,4,SVM,Mordred
398,2,2,4,SVM,Mordred
417,0,2,4,SVM,Mordred
439,0,2,4,SVM,Mordred
440,0,0,4,SVM,Mordred
13,1,1,5,SVM,Mordred
14,2,2,5,SVM,Mordred
25,1,1,5,SVM,Mordred
36,2,2,5,SVM,Mordred
37,2,2,5,SVM,Mordred
41,2,2,5,SVM,Mordred
44,2,0,5,SVM,Mordred
47,2,1,5,SVM,Mordred
48,0,1,5,SVM,Mordred
51,1,1,5,SVM,Mordred
52,1,1,5,SVM,Mordred
56,1,1,5,SVM,Mordred
57,1,1,5,SVM,Mordred
60,2,2,5,SVM,Mordred
63,1,1,5,SVM,Mordred
68,1,2,5,SVM,Mordred
82,1,1,5,SVM,Mordred
92,1,1,5,SVM,Mordred
103,1,1,5,SVM,Mordred
106,1,1,5,SVM,Mordred
116,2,2,5,SVM,Mordred
119,1,1,5,SVM,Mordred
127,1,1,5,SVM,Mordred
145,0,0,5,SVM,Mordred
155,2,1,5,SVM,Mordred
156,1,1,5,SVM,Mordred
159,2,2,5,SVM,Mordred
161,2,2,5,SVM,Mordred
162,2,2,5,SVM,Mordred
166,1,1,5,SVM,Mordred
177,2,2,5,SVM,Mordred
182,2,2,5,SVM,Mordred
184,2,2,5,SVM,Mordred
191,2,2,5,SVM,Mordred
196,0,0,5,SVM,Mordred
198,0,0,5,SVM,Mordred
203,0,0,5,SVM,Mordred
217,2,2,5,SVM,Mordred
218,2,2,5,SVM,Mordred
222,1,0,5,SVM,Mordred
238,1,1,5,SVM,Mordred
283,2,2,5,SVM,Mordred
286,1,2,5,SVM,Mordred
289,0,1,5,SVM,Mordred
296,0,0,5,SVM,Mordred
297,0,2,5,SVM,Mordred
333,1,2,5,SVM,Mordred
357,1,0,5,SVM,Mordred
360,0,2,5,SVM,Mordred
366,0,0,5,SVM,Mordred
372,2,2,5,SVM,Mordred
390,0,1,5,SVM,Mordred
400,1,0,5,SVM,Mordred
409,0,0,5,SVM,Mordred
421,0,1,5,SVM,Mordred
2,1,1,1,Random Forest,Mordred
6,2,1,1,Random Forest,Mordred
7,1,1,1,Random Forest,Mordred
12,1,1,1,Random Forest,Mordred
15,2,0,1,Random Forest,Mordred
27,1,1,1,Random Forest,Mordred
29,1,1,1,Random Forest,Mordred
46,2,2,1,Random Forest,Mordred
53,1,1,1,Random Forest,Mordred
58,1,1,1,Random Forest,Mordred
65,1,1,1,Random Forest,Mordred
69,1,0,1,Random Forest,Mordred
76,1,1,1,Random Forest,Mordred
81,1,1,1,Random Forest,Mordred
85,1,1,1,Random Forest,Mordred
90,1,1,1,Random Forest,Mordred
94,1,1,1,Random Forest,Mordred
97,1,1,1,Random Forest,Mordred
100,1,1,1,Random Forest,Mordred
101,1,1,1,Random Forest,Mordred
104,1,1,1,Random Forest,Mordred
121,2,1,1,Random Forest,Mordred
122,2,1,1,Random Forest,Mordred
149,2,1,1,Random Forest,Mordred
172,2,2,1,Random Forest,Mordred
174,2,2,1,Random Forest,Mordred
180,2,1,1,Random Forest,Mordred
183,2,2,1,Random Forest,Mordred
189,0,1,1,Random Forest,Mordred
193,2,2,1,Random Forest,Mordred
199,0,0,1,Random Forest,Mordred
215,0,1,1,Random Forest,Mordred
223,1,2,1,Random Forest,Mordred
225,1,1,1,Random Forest,Mordred
227,2,2,1,Random Forest,Mordred
235,1,1,1,Random Forest,Mordred
249,2,2,1,Random Forest,Mordred
260,2,2,1,Random Forest,Mordred
267,0,2,1,Random Forest,Mordred
275,0,2,1,Random Forest,Mordred
282,2,2,1,Random Forest,Mordred
284,2,2,1,Random Forest,Mordred
285,2,2,1,Random Forest,Mordred
287,1,0,1,Random Forest,Mordred
288,0,0,1,Random Forest,Mordred
303,0,0,1,Random Forest,Mordred
309,0,0,1,Random Forest,Mordred
339,1,1,1,Random Forest,Mordred
374,2,1,1,Random Forest,Mordred
380,0,1,1,Random Forest,Mordred
403,0,0,1,Random Forest,Mordred
407,2,1,1,Random Forest,Mordred
413,0,0,1,Random Forest,Mordred
425,0,1,1,Random Forest,Mordred
436,2,2,1,Random Forest,Mordred
446,0,2,1,Random Forest,Mordred
4,1,2,2,Random Forest,Mordred
8,1,1,2,Random Forest,Mordred
16,1,1,2,Random Forest,Mordred
21,2,2,2,Random Forest,Mordred
32,1,1,2,Random Forest,Mordred
35,2,2,2,Random Forest,Mordred
39,2,2,2,Random Forest,Mordred
45,2,2,2,Random Forest,Mordred
54,1,2,2,Random Forest,Mordred
62,1,1,2,Random Forest,Mordred
67,1,2,2,Random Forest,Mordred
71,1,1,2,Random Forest,Mordred
74,1,1,2,Random Forest,Mordred
75,1,1,2,Random Forest,Mordred
79,1,1,2,Random Forest,Mordred
80,1,1,2,Random Forest,Mordred
83,1,1,2,Random Forest,Mordred
86,1,0,2,Random Forest,Mordred
89,1,1,2,Random Forest,Mordred
93,1,1,2,Random Forest,Mordred
99,1,1,2,Random Forest,Mordred
102,1,0,2,Random Forest,Mordred
115,2,1,2,Random Forest,Mordred
123,1,1,2,Random Forest,Mordred
131,1,1,2,Random Forest,Mordred
133,0,2,2,Random Forest,Mordred
143,0,0,2,Random Forest,Mordred
146,0,0,2,Random Forest,Mordred
148,0,2,2,Random Forest,Mordred
163,2,2,2,Random Forest,Mordred
164,2,1,2,Random Forest,Mordred
168,1,1,2,Random Forest,Mordred
173,2,2,2,Random Forest,Mordred
185,2,2,2,Random Forest,Mordred
187,0,0,2,Random Forest,Mordred
192,2,2,2,Random Forest,Mordred
194,2,2,2,Random Forest,Mordred
195,2,1,2,Random Forest,Mordred
211,0,1,2,Random Forest,Mordred
221,1,1,2,Random Forest,Mordred
236,1,1,2,Random Forest,Mordred
251,0,2,2,Random Forest,Mordred
277,2,0,2,Random Forest,Mordred
299,0,0,2,Random Forest,Mordred
326,2,1,2,Random Forest,Mordred
329,2,1,2,Random Forest,Mordred
345,0,0,2,Random Forest,Mordred
349,2,2,2,Random Forest,Mordred
363,0,2,2,Random Forest,Mordred
373,2,2,2,Random Forest,Mordred
381,0,2,2,Random Forest,Mordred
384,0,2,2,Random Forest,Mordred
432,0,0,2,Random Forest,Mordred
434,2,2,2,Random Forest,Mordred
437,2,2,2,Random Forest,Mordred
448,0,0,2,Random Forest,Mordred
10,1,1,3,Random Forest,Mordred
11,1,2,3,Random Forest,Mordred
24,2,0,3,Random Forest,Mordred
42,2,1,3,Random Forest,Mordred
50,1,2,3,Random Forest,Mordred
55,1,1,3,Random Forest,Mordred
72,1,1,3,Random Forest,Mordred
73,1,1,3,Random Forest,Mordred
77,1,1,3,Random Forest,Mordred
78,1,1,3,Random Forest,Mordred
84,1,1,3,Random Forest,Mordred
87,1,1,3,Random Forest,Mordred
96,1,1,3,Random Forest,Mordred
108,1,1,3,Random Forest,Mordred
110,1,1,3,Random Forest,Mordred
112,1,1,3,Random Forest,Mordred
113,2,1,3,Random Forest,Mordred
118,1,1,3,Random Forest,Mordred
124,1,2,3,Random Forest,Mordred
125,1,1,3,Random Forest,Mordred
128,1,2,3,Random Forest,Mordred
132,2,2,3,Random Forest,Mordred
135,2,1,3,Random Forest,Mordred
140,2,1,3,Random Forest,Mordred
144,0,0,3,Random Forest,Mordred
147,0,0,3,Random Forest,Mordred
158,1,1,3,Random Forest,Mordred
165,1,1,3,Random Forest,Mordred
171,2,2,3,Random Forest,Mordred
176,2,1,3,Random Forest,Mordred
178,2,2,3,Random Forest,Mordred
179,2,2,3,Random Forest,Mordred
181,2,2,3,Random Forest,Mordred
204,0,2,3,Random Forest,Mordred
213,0,0,3,Random Forest,Mordred
216,2,2,3,Random Forest,Mordred
219,0,2,3,Random Forest,Mordred
224,1,1,3,Random Forest,Mordred
231,2,2,3,Random Forest,Mordred
244,0,2,3,Random Forest,Mordred
246,2,1,3,Random Forest,Mordred
248,2,1,3,Random Forest,Mordred
290,0,2,3,Random Forest,Mordred
293,0,2,3,Random Forest,Mordred
298,0,0,3,Random Forest,Mordred
305,0,0,3,Random Forest,Mordred
318,0,1,3,Random Forest,Mordred
322,2,2,3,Random Forest,Mordred
325,1,1,3,Random Forest,Mordred
328,2,2,3,Random Forest,Mordred
356,2,1,3,Random Forest,Mordred
369,0,2,3,Random Forest,Mordred
378,1,2,3,Random Forest,Mordred
382,0,2,3,Random Forest,Mordred
428,0,0,3,Random Forest,Mordred
435,2,2,3,Random Forest,Mordred
1,1,1,4,Random Forest,Mordred
3,2,2,4,Random Forest,Mordred
5,1,2,4,Random Forest,Mordred
9,1,1,4,Random Forest,Mordred
17,2,2,4,Random Forest,Mordred
18,2,0,4,Random Forest,Mordred
19,2,2,4,Random Forest,Mordred
20,2,2,4,Random Forest,Mordred
22,1,1,4,Random Forest,Mordred
31,1,1,4,Random Forest,Mordred
40,2,2,4,Random Forest,Mordred
43,2,1,4,Random Forest,Mordred
49,1,1,4,Random Forest,Mordred
64,1,1,4,Random Forest,Mordred
88,1,1,4,Random Forest,Mordred
91,1,1,4,Random Forest,Mordred
95,1,1,4,Random Forest,Mordred
98,1,1,4,Random Forest,Mordred
105,1,1,4,Random Forest,Mordred
107,1,0,4,Random Forest,Mordred
111,1,1,4,Random Forest,Mordred
114,2,1,4,Random Forest,Mordred
117,1,1,4,Random Forest,Mordred
120,1,1,4,Random Forest,Mordred
130,1,1,4,Random Forest,Mordred
134,2,1,4,Random Forest,Mordred
136,2,2,4,Random Forest,Mordred
153,2,1,4,Random Forest,Mordred
160,2,2,4,Random Forest,Mordred
186,2,2,4,Random Forest,Mordred
188,0,0,4,Random Forest,Mordred
190,2,2,4,Random Forest,Mordred
206,0,2,4,Random Forest,Mordred
209,0,0,4,Random Forest,Mordred
220,0,0,4,Random Forest,Mordred
234,2,1,4,Random Forest,Mordred
237,1,1,4,Random Forest,Mordred
239,1,1,4,Random Forest,Mordred
240,1,1,4,Random Forest,Mordred
241,1,1,4,Random Forest,Mordred
242,0,2,4,Random Forest,Mordred
256,0,0,4,Random Forest,Mordred
278,0,1,4,Random Forest,Mordred
281,0,0,4,Random Forest,Mordred
291,0,2,4,Random Forest,Mordred
307,0,0,4,Random Forest,Mordred
308,0,0,4,Random Forest,Mordred
312,2,1,4,Random Forest,Mordred
324,2,2,4,Random Forest,Mordred
327,1,2,4,Random Forest,Mordred
344,2,0,4,Random Forest,Mordred
385,2,0,4,Random Forest,Mordred
398,2,2,4,Random Forest,Mordred
417,0,0,4,Random Forest,Mordred
439,0,2,4,Random Forest,Mordred
440,0,2,4,Random Forest,Mordred
13,1,1,5,Random Forest,Mordred
14,2,2,5,Random Forest,Mordred
25,1,1,5,Random Forest,Mordred
36,2,2,5,Random Forest,Mordred
37,2,2,5,Random Forest,Mordred
41,2,2,5,Random Forest,Mordred
44,2,2,5,Random Forest,Mordred
47,2,2,5,Random Forest,Mordred
48,0,1,5,Random Forest,Mordred
51,1,1,5,Random Forest,Mordred
52,1,1,5,Random Forest,Mordred
56,1,1,5,Random Forest,Mordred
57,1,1,5,Random Forest,Mordred
60,2,1,5,Random Forest,Mordred
63,1,1,5,Random Forest,Mordred
68,1,2,5,Random Forest,Mordred
82,1,2,5,Random Forest,Mordred
92,1,1,5,Random Forest,Mordred
103,1,1,5,Random Forest,Mordred
106,1,1,5,Random Forest,Mordred
116,2,1,5,Random Forest,Mordred
119,1,1,5,Random Forest,Mordred
127,1,1,5,Random Forest,Mordred
145,0,0,5,Random Forest,Mordred
155,2,1,5,Random Forest,Mordred
156,1,1,5,Random Forest,Mordred
159,2,2,5,Random Forest,Mordred
161,2,2,5,Random Forest,Mordred
162,2,2,5,Random Forest,Mordred
166,1,1,5,Random Forest,Mordred
177,2,1,5,Random Forest,Mordred
182,2,2,5,Random Forest,Mordred
184,2,2,5,Random Forest,Mordred
191,2,2,5,Random Forest,Mordred
196,0,0,5,Random Forest,Mordred
198,0,0,5,Random Forest,Mordred
203,0,0,5,Random Forest,Mordred
217,2,2,5,Random Forest,Mordred
218,2,2,5,Random Forest,Mordred
222,1,1,5,Random Forest,Mordred
238,1,1,5,Random Forest,Mordred
283,2,2,5,Random Forest,Mordred
286,1,2,5,Random Forest,Mordred
289,0,1,5,Random Forest,Mordred
296,0,2,5,Random Forest,Mordred
297,0,2,5,Random Forest,Mordred
333,1,2,5,Random Forest,Mordred
357,1,0,5,Random Forest,Mordred
360,0,2,5,Random Forest,Mordred
366,0,0,5,Random Forest,Mordred
372,2,2,5,Random Forest,Mordred
390,0,0,5,Random Forest,Mordred
400,1,1,5,Random Forest,Mordred
409,0,0,5,Random Forest,Mordred
421,0,1,5,Random Forest,Mordred
2,1,1,1,kNN,Mordred
6,2,1,1,kNN,Mordred
7,1,0,1,kNN,Mordred
12,1,0,1,kNN,Mordred
15,2,0,1,kNN,Mordred
27,1,1,1,kNN,Mordred
29,1,1,1,kNN,Mordred
46,2,1,1,kNN,Mordred
53,1,1,1,kNN,Mordred
58,1,1,1,kNN,Mordred
65,1,1,1,kNN,Mordred
69,1,0,1,kNN,Mordred
76,1,1,1,kNN,Mordred
81,1,1,1,kNN,Mordred
85,1,1,1,kNN,Mordred
90,1,1,1,kNN,Mordred
94,1,1,1,kNN,Mordred
97,1,1,1,kNN,Mordred
100,1,0,1,kNN,Mordred
101,1,2,1,kNN,Mordred
104,1,1,1,kNN,Mordred
121,2,0,1,kNN,Mordred
122,2,1,1,kNN,Mordred
149,2,1,1,kNN,Mordred
172,2,0,1,kNN,Mordred
174,2,2,1,kNN,Mordred
180,2,2,1,kNN,Mordred
183,2,2,1,kNN,Mordred
189,0,1,1,kNN,Mordred
193,2,2,1,kNN,Mordred
199,0,0,1,kNN,Mordred
215,0,0,1,kNN,Mordred
223,1,2,1,kNN,Mordred
225,1,1,1,kNN,Mordred
227,2,2,1,kNN,Mordred
235,1,1,1,kNN,Mordred
249,2,2,1,kNN,Mordred
260,2,2,1,kNN,Mordred
267,0,0,1,kNN,Mordred
275,0,2,1,kNN,Mordred
282,2,2,1,kNN,Mordred
284,2,2,1,kNN,Mordred
285,2,2,1,kNN,Mordred
287,1,1,1,kNN,Mordred
288,0,0,1,kNN,Mordred
303,0,0,1,kNN,Mordred
309,0,0,1,kNN,Mordred
339,1,2,1,kNN,Mordred
374,2,1,1,kNN,Mordred
380,0,1,1,kNN,Mordred
403,0,0,1,kNN,Mordred
407,2,2,1,kNN,Mordred
413,0,0,1,kNN,Mordred
425,0,1,1,kNN,Mordred
436,2,2,1,kNN,Mordred
446,0,2,1,kNN,Mordred
4,1,0,2,kNN,Mordred
8,1,1,2,kNN,Mordred
16,1,1,2,kNN,Mordred
21,2,1,2,kNN,Mordred
32,1,1,2,kNN,Mordred
35,2,2,2,kNN,Mordred
39,2,2,2,kNN,Mordred
45,2,1,2,kNN,Mordred
54,1,1,2,kNN,Mordred
62,1,2,2,kNN,Mordred
67,1,2,2,kNN,Mordred
71,1,1,2,kNN,Mordred
74,1,2,2,kNN,Mordred
75,1,2,2,kNN,Mordred
79,1,1,2,kNN,Mordred
80,1,0,2,kNN,Mordred
83,1,1,2,kNN,Mordred
86,1,1,2,kNN,Mordred
89,1,1,2,kNN,Mordred
93,1,1,2,kNN,Mordred
99,1,0,2,kNN,Mordred
102,1,1,2,kNN,Mordred
115,2,1,2,kNN,Mordred
123,1,0,2,kNN,Mordred
131,1,1,2,kNN,Mordred
133,0,2,2,kNN,Mordred
143,0,0,2,kNN,Mordred
146,0,1,2,kNN,Mordred
148,0,0,2,kNN,Mordred
163,2,2,2,kNN,Mordred
164,2,2,2,kNN,Mordred
168,1,2,2,kNN,Mordred
173,2,2,2,kNN,Mordred
185,2,2,2,kNN,Mordred
187,0,0,2,kNN,Mordred
192,2,2,2,kNN,Mordred
194,2,2,2,kNN,Mordred
195,2,1,2,kNN,Mordred
211,0,0,2,kNN,Mordred
221,1,0,2,kNN,Mordred
236,1,1,2,kNN,Mordred
251,0,1,2,kNN,Mordred
277,2,0,2,kNN,Mordred
299,0,0,2,kNN,Mordred
326,2,0,2,kNN,Mordred
329,2,1,2,kNN,Mordred
345,0,0,2,kNN,Mordred
349,2,2,2,kNN,Mordred
363,0,2,2,kNN,Mordred
373,2,2,2,kNN,Mordred
381,0,2,2,kNN,Mordred
384,0,2,2,kNN,Mordred
432,0,0,2,kNN,Mordred
434,2,1,2,kNN,Mordred
437,2,2,2,kNN,Mordred
448,0,0,2,kNN,Mordred
10,1,1,3,kNN,Mordred
11,1,1,3,kNN,Mordred
24,2,0,3,kNN,Mordred
42,2,1,3,kNN,Mordred
50,1,1,3,kNN,Mordred
55,1,2,3,kNN,Mordred
72,1,1,3,kNN,Mordred
73,1,1,3,kNN,Mordred
77,1,1,3,kNN,Mordred
78,1,1,3,kNN,Mordred
84,1,1,3,kNN,Mordred
87,1,1,3,kNN,Mordred
96,1,1,3,kNN,Mordred
108,1,1,3,kNN,Mordred
110,1,1,3,kNN,Mordred
112,1,1,3,kNN,Mordred
113,2,2,3,kNN,Mordred
118,1,1,3,kNN,Mordred
124,1,0,3,kNN,Mordred
125,1,0,3,kNN,Mordred
128,1,2,3,kNN,Mordred
132,2,0,3,kNN,Mordred
135,2,1,3,kNN,Mordred
140,2,2,3,kNN,Mordred
144,0,0,3,kNN,Mordred
147,0,0,3,kNN,Mordred
158,1,0,3,kNN,Mordred
165,1,0,3,kNN,Mordred
171,2,1,3,kNN,Mordred
176,2,0,3,kNN,Mordred
178,2,2,3,kNN,Mordred
179,2,2,3,kNN,Mordred
181,2,2,3,kNN,Mordred
204,0,2,3,kNN,Mordred
213,0,0,3,kNN,Mordred
216,2,2,3,kNN,Mordred
219,0,2,3,kNN,Mordred
224,1,2,3,kNN,Mordred
231,2,1,3,kNN,Mordred
244,0,2,3,kNN,Mordred
246,2,1,3,kNN,Mordred
248,2,0,3,kNN,Mordred
290,0,2,3,kNN,Mordred
293,0,1,3,kNN,Mordred
298,0,1,3,kNN,Mordred
305,0,0,3,kNN,Mordred
318,0,1,3,kNN,Mordred
322,2,2,3,kNN,Mordred
325,1,1,3,kNN,Mordred
328,2,2,3,kNN,Mordred
356,2,1,3,kNN,Mordred
369,0,2,3,kNN,Mordred
378,1,0,3,kNN,Mordred
382,0,0,3,kNN,Mordred
428,0,0,3,kNN,Mordred
435,2,2,3,kNN,Mordred
1,1,0,4,kNN,Mordred
3,2,0,4,kNN,Mordred
5,1,2,4,kNN,Mordred
9,1,1,4,kNN,Mordred
17,2,1,4,kNN,Mordred
18,2,0,4,kNN,Mordred
19,2,2,4,kNN,Mordred
20,2,0,4,kNN,Mordred
22,1,0,4,kNN,Mordred
31,1,2,4,kNN,Mordred
40,2,2,4,kNN,Mordred
43,2,2,4,kNN,Mordred
49,1,1,4,kNN,Mordred
64,1,1,4,kNN,Mordred
88,1,1,4,kNN,Mordred
91,1,1,4,kNN,Mordred
95,1,1,4,kNN,Mordred
98,1,1,4,kNN,Mordred
105,1,1,4,kNN,Mordred
107,1,0,4,kNN,Mordred
111,1,1,4,kNN,Mordred
114,2,0,4,kNN,Mordred
117,1,1,4,kNN,Mordred
120,1,0,4,kNN,Mordred
130,1,1,4,kNN,Mordred
134,2,1,4,kNN,Mordred
136,2,1,4,kNN,Mordred
153,2,0,4,kNN,Mordred
160,2,1,4,kNN,Mordred
186,2,2,4,kNN,Mordred
188,0,0,4,kNN,Mordred
190,2,2,4,kNN,Mordred
206,0,2,4,kNN,Mordred
209,0,0,4,kNN,Mordred
220,0,0,4,kNN,Mordred
234,2,2,4,kNN,Mordred
237,1,1,4,kNN,Mordred
239,1,1,4,kNN,Mordred
240,1,1,4,kNN,Mordred
241,1,1,4,kNN,Mordred
242,0,2,4,kNN,Mordred
256,0,0,4,kNN,Mordred
278,0,0,4,kNN,Mordred
281,0,2,4,kNN,Mordred
291,0,2,4,kNN,Mordred
307,0,0,4,kNN,Mordred
308,0,0,4,kNN,Mordred
312,2,1,4,kNN,Mordred
324,2,2,4,kNN,Mordred
327,1,2,4,kNN,Mordred
344,2,0,4,kNN,Mordred
385,2,2,4,kNN,Mordred
398,2,2,4,kNN,Mordred
417,0,0,4,kNN,Mordred
439,0,2,4,kNN,Mordred
440,0,1,4,kNN,Mordred
13,1,1,5,kNN,Mordred
14,2,2,5,kNN,Mordred
25,1,1,5,kNN,Mordred
36,2,2,5,kNN,Mordred
37,2,0,5,kNN,Mordred
41,2,0,5,kNN,Mordred
44,2,0,5,kNN,Mordred
47,2,2,5,kNN,Mordred
48,0,0,5,kNN,Mordred
51,1,2,5,kNN,Mordred
52,1,2,5,kNN,Mordred
56,1,1,5,kNN,Mordred
57,1,1,5,kNN,Mordred
60,2,2,5,kNN,Mordred
63,1,1,5,kNN,Mordred
68,1,2,5,kNN,Mordred
82,1,2,5,kNN,Mordred
92,1,1,5,kNN,Mordred
103,1,1,5,kNN,Mordred
106,1,1,5,kNN,Mordred
116,2,2,5,kNN,Mordred
119,1,1,5,kNN,Mordred
127,1,1,5,kNN,Mordred
145,0,0,5,kNN,Mordred
155,2,2,5,kNN,Mordred
156,1,1,5,kNN,Mordred
159,2,2,5,kNN,Mordred
161,2,2,5,kNN,Mordred
162,2,2,5,kNN,Mordred
166,1,1,5,kNN,Mordred
177,2,0,5,kNN,Mordred
182,2,2,5,kNN,Mordred
184,2,2,5,kNN,Mordred
191,2,2,5,kNN,Mordred
196,0,2,5,kNN,Mordred
198,0,0,5,kNN,Mordred
203,0,0,5,kNN,Mordred
217,2,2,5,kNN,Mordred
218,2,2,5,kNN,Mordred
222,1,2,5,kNN,Mordred
238,1,1,5,kNN,Mordred
283,2,2,5,kNN,Mordred
286,1,1,5,kNN,Mordred
289,0,2,5,kNN,Mordred
296,0,1,5,kNN,Mordred
297,0,2,5,kNN,Mordred
333,1,2,5,kNN,Mordred
357,1,2,5,kNN,Mordred
360,0,2,5,kNN,Mordred
366,0,0,5,kNN,Mordred
372,2,0,5,kNN,Mordred
390,0,0,5,kNN,Mordred
400,1,1,5,kNN,Mordred
409,0,0,5,kNN,Mordred
421,0,1,5,kNN,Mordred
2,1,0,1,MLP,Mordred
6,2,1,1,MLP,Mordred
7,1,0,1,MLP,Mordred
12,1,0,1,MLP,Mordred
15,2,0,1,MLP,Mordred
27,1,0,1,MLP,Mordred
29,1,0,1,MLP,Mordred
46,2,2,1,MLP,Mordred
53,1,1,1,MLP,Mordred
58,1,1,1,MLP,Mordred
65,1,1,1,MLP,Mordred
69,1,0,1,MLP,Mordred
76,1,2,1,MLP,Mordred
81,1,1,1,MLP,Mordred
85,1,1,1,MLP,Mordred
90,1,1,1,MLP,Mordred
94,1,1,1,MLP,Mordred
97,1,1,1,MLP,Mordred
100,1,1,1,MLP,Mordred
101,1,1,1,MLP,Mordred
104,1,1,1,MLP,Mordred
121,2,0,1,MLP,Mordred
122,2,1,1,MLP,Mordred
149,2,1,1,MLP,Mordred
172,2,0,1,MLP,Mordred
174,2,2,1,MLP,Mordred
180,2,0,1,MLP,Mordred
183,2,2,1,MLP,Mordred
189,0,1,1,MLP,Mordred
193,2,2,1,MLP,Mordred
199,0,0,1,MLP,Mordred
215,0,0,1,MLP,Mordred
223,1,0,1,MLP,Mordred
225,1,1,1,MLP,Mordred
227,2,2,1,MLP,Mordred
235,1,1,1,MLP,Mordred
249,2,2,1,MLP,Mordred
260,2,2,1,MLP,Mordred
267,0,2,1,MLP,Mordred
275,0,2,1,MLP,Mordred
282,2,2,1,MLP,Mordred
284,2,2,1,MLP,Mordred
285,2,0,1,MLP,Mordred
287,1,2,1,MLP,Mordred
288,0,0,1,MLP,Mordred
303,0,0,1,MLP,Mordred
309,0,0,1,MLP,Mordred
339,1,1,1,MLP,Mordred
374,2,1,1,MLP,Mordred
380,0,1,1,MLP,Mordred
403,0,0,1,MLP,Mordred
407,2,1,1,MLP,Mordred
413,0,0,1,MLP,Mordred
425,0,0,1,MLP,Mordred
436,2,2,1,MLP,Mordred
446,0,2,1,MLP,Mordred
4,1,0,2,MLP,Mordred
8,1,2,2,MLP,Mordred
16,1,2,2,MLP,Mordred
21,2,2,2,MLP,Mordred
32,1,1,2,MLP,Mordred
35,2,2,2,MLP,Mordred
39,2,2,2,MLP,Mordred
45,2,2,2,MLP,Mordred
54,1,1,2,MLP,Mordred
62,1,1,2,MLP,Mordred
67,1,2,2,MLP,Mordred
71,1,1,2,MLP,Mordred
74,1,1,2,MLP,Mordred
75,1,1,2,MLP,Mordred
79,1,1,2,MLP,Mordred
80,1,1,2,MLP,Mordred
83,1,1,2,MLP,Mordred
86,1,0,2,MLP,Mordred
89,1,1,2,MLP,Mordred
93,1,1,2,MLP,Mordred
99,1,1,2,MLP,Mordred
102,1,1,2,MLP,Mordred
115,2,1,2,MLP,Mordred
123,1,1,2,MLP,Mordred
131,1,1,2,MLP,Mordred
133,0,0,2,MLP,Mordred
143,0,0,2,MLP,Mordred
146,0,0,2,MLP,Mordred
148,0,0,2,MLP,Mordred
163,2,2,2,MLP,Mordred
164,2,2,2,MLP,Mordred
168,1,1,2,MLP,Mordred
173,2,2,2,MLP,Mordred
185,2,2,2,MLP,Mordred
187,0,0,2,MLP,Mordred
192,2,2,2,MLP,Mordred
194,2,2,2,MLP,Mordred
195,2,0,2,MLP,Mordred
211,0,1,2,MLP,Mordred
221,1,1,2,MLP,Mordred
236,1,1,2,MLP,Mordred
251,0,0,2,MLP,Mordred
277,2,0,2,MLP,Mordred
299,0,1,2,MLP,Mordred
326,2,1,2,MLP,Mordred
329,2,2,2,MLP,Mordred
345,0,0,2,MLP,Mordred
349,2,2,2,MLP,Mordred
363,0,0,2,MLP,Mordred
373,2,2,2,MLP,Mordred
381,0,2,2,MLP,Mordred
384,0,2,2,MLP,Mordred
432,0,0,2,MLP,Mordred
434,2,2,2,MLP,Mordred
437,2,2,2,MLP,Mordred
448,0,0,2,MLP,Mordred
10,1,1,3,MLP,Mordred
11,1,1,3,MLP,Mordred
24,2,0,3,MLP,Mordred
42,2,1,3,MLP,Mordred
50,1,2,3,MLP,Mordred
55,1,2,3,MLP,Mordred
72,1,1,3,MLP,Mordred
73,1,1,3,MLP,Mordred
77,1,1,3,MLP,Mordred
78,1,1,3,MLP,Mordred
84,1,1,3,MLP,Mordred
87,1,1,3,MLP,Mordred
96,1,1,3,MLP,Mordred
108,1,1,3,MLP,Mordred
110,1,0,3,MLP,Mordred
112,1,1,3,MLP,Mordred
113,2,1,3,MLP,Mordred
118,1,1,3,MLP,Mordred
124,1,2,3,MLP,Mordred
125,1,1,3,MLP,Mordred
128,1,2,3,MLP,Mordred
132,2,0,3,MLP,Mordred
135,2,1,3,MLP,Mordred
140,2,2,3,MLP,Mordred
144,0,0,3,MLP,Mordred
147,0,0,3,MLP,Mordred
158,1,1,3,MLP,Mordred
165,1,1,3,MLP,Mordred
171,2,2,3,MLP,Mordred
176,2,1,3,MLP,Mordred
178,2,1,3,MLP,Mordred
179,2,0,3,MLP,Mordred
181,2,2,3,MLP,Mordred
204,0,2,3,MLP,Mordred
213,0,2,3,MLP,Mordred
216,2,2,3,MLP,Mordred
219,0,2,3,MLP,Mordred
224,1,2,3,MLP,Mordred
231,2,2,3,MLP,Mordred
244,0,1,3,MLP,Mordred
246,2,2,3,MLP,Mordred
248,2,1,3,MLP,Mordred
290,0,0,3,MLP,Mordred
293,0,2,3,MLP,Mordred
298,0,2,3,MLP,Mordred
305,0,0,3,MLP,Mordred
318,0,1,3,MLP,Mordred
322,2,0,3,MLP,Mordred
325,1,0,3,MLP,Mordred
328,2,2,3,MLP,Mordred
356,2,1,3,MLP,Mordred
369,0,2,3,MLP,Mordred
378,1,2,3,MLP,Mordred
382,0,0,3,MLP,Mordred
428,0,0,3,MLP,Mordred
435,2,2,3,MLP,Mordred
1,1,1,4,MLP,Mordred
3,2,0,4,MLP,Mordred
5,1,2,4,MLP,Mordred
9,1,1,4,MLP,Mordred
17,2,2,4,MLP,Mordred
18,2,0,4,MLP,Mordred
19,2,2,4,MLP,Mordred
20,2,2,4,MLP,Mordred
22,1,1,4,MLP,Mordred
31,1,2,4,MLP,Mordred
40,2,1,4,MLP,Mordred
43,2,1,4,MLP,Mordred
49,1,1,4,MLP,Mordred
64,1,1,4,MLP,Mordred
88,1,1,4,MLP,Mordred
91,1,1,4,MLP,Mordred
95,1,1,4,MLP,Mordred
98,1,1,4,MLP,Mordred
105,1,1,4,MLP,Mordred
107,1,0,4,MLP,Mordred
111,1,1,4,MLP,Mordred
114,2,1,4,MLP,Mordred
117,1,1,4,MLP,Mordred
120,1,2,4,MLP,Mordred
130,1,1,4,MLP,Mordred
134,2,1,4,MLP,Mordred
136,2,2,4,MLP,Mordred
153,2,0,4,MLP,Mordred
160,2,0,4,MLP,Mordred
186,2,2,4,MLP,Mordred
188,0,0,4,MLP,Mordred
190,2,2,4,MLP,Mordred
206,0,2,4,MLP,Mordred
209,0,0,4,MLP,Mordred
220,0,0,4,MLP,Mordred
234,2,2,4,MLP,Mordred
237,1,1,4,MLP,Mordred
239,1,1,4,MLP,Mordred
240,1,1,4,MLP,Mordred
241,1,1,4,MLP,Mordred
242,0,2,4,MLP,Mordred
256,0,0,4,MLP,Mordred
278,0,2,4,MLP,Mordred
281,0,2,4,MLP,Mordred
291,0,2,4,MLP,Mordred
307,0,0,4,MLP,Mordred
308,0,1,4,MLP,Mordred
312,2,0,4,MLP,Mordred
324,2,0,4,MLP,Mordred
327,1,2,4,MLP,Mordred
344,2,0,4,MLP,Mordred
385,2,0,4,MLP,Mordred
398,2,2,4,MLP,Mordred
417,0,1,4,MLP,Mordred
439,0,0,4,MLP,Mordred
440,0,0,4,MLP,Mordred
13,1,1,5,MLP,Mordred
14,2,2,5,MLP,Mordred
25,1,1,5,MLP,Mordred
36,2,0,5,MLP,Mordred
37,2,2,5,MLP,Mordred
41,2,2,5,MLP,Mordred
44,2,0,5,MLP,Mordred
47,2,2,5,MLP,Mordred
48,0,1,5,MLP,Mordred
51,1,1,5,MLP,Mordred
52,1,1,5,MLP,Mordred
56,1,1,5,MLP,Mordred
57,1,2,5,MLP,Mordred
60,2,2,5,MLP,Mordred
63,1,1,5,MLP,Mordred
68,1,2,5,MLP,Mordred
82,1,1,5,MLP,Mordred
92,1,1,5,MLP,Mordred
103,1,1,5,MLP,Mordred
106,1,2,5,MLP,Mordred
116,2,2,5,MLP,Mordred
119,1,1,5,MLP,Mordred
127,1,1,5,MLP,Mordred
145,0,0,5,MLP,Mordred
155,2,1,5,MLP,Mordred
156,1,1,5,MLP,Mordred
159,2,2,5,MLP,Mordred
161,2,2,5,MLP,Mordred
162,2,2,5,MLP,Mordred
166,1,1,5,MLP,Mordred
177,2,2,5,MLP,Mordred
182,2,2,5,MLP,Mordred
184,2,2,5,MLP,Mordred
191,2,2,5,MLP,Mordred
196,0,0,5,MLP,Mordred
198,0,0,5,MLP,Mordred
203,0,2,5,MLP,Mordred
217,2,0,5,MLP,Mordred
218,2,0,5,MLP,Mordred
222,1,0,5,MLP,Mordred
238,1,1,5,MLP,Mordred
283,2,2,5,MLP,Mordred
286,1,2,5,MLP,Mordred
289,0,1,5,MLP,Mordred
296,0,0,5,MLP,Mordred
297,0,2,5,MLP,Mordred
333,1,2,5,MLP,Mordred
357,1,0,5,MLP,Mordred
360,0,0,5,MLP,Mordred
366,0,0,5,MLP,Mordred
372,2,2,5,MLP,Mordred
390,0,0,5,MLP,Mordred
400,1,1,5,MLP,Mordred
409,0,0,5,MLP,Mordred
421,0,1,5,MLP,Mordred
2,1,1,1,Logistic Regression,Morgan
6,2,2,1,Logistic Regression,Morgan
7,1,1,1,Logistic Regression,Morgan
12,1,0,1,Logistic Regression,Morgan
15,2,2,1,Logistic Regression,Morgan
27,1,1,1,Logistic Regression,Morgan
29,1,0,1,Logistic Regression,Morgan
46,2,2,1,Logistic Regression,Morgan
53,1,1,1,Logistic Regression,Morgan
58,1,1,1,Logistic Regression,Morgan
65,1,1,1,Logistic Regression,Morgan
69,1,0,1,Logistic Regression,Morgan
76,1,1,1,Logistic Regression,Morgan
81,1,1,1,Logistic Regression,Morgan
85,1,1,1,Logistic Regression,Morgan
90,1,1,1,Logistic Regression,Morgan
94,1,1,1,Logistic Regression,Morgan
97,1,1,1,Logistic Regression,Morgan
100,1,1,1,Logistic Regression,Morgan
101,1,1,1,Logistic Regression,Morgan
104,1,1,1,Logistic Regression,Morgan
121,2,0,1,Logistic Regression,Morgan
122,2,1,1,Logistic Regression,Morgan
149,2,1,1,Logistic Regression,Morgan
172,2,2,1,Logistic Regression,Morgan
174,2,2,1,Logistic Regression,Morgan
180,2,1,1,Logistic Regression,Morgan
183,2,2,1,Logistic Regression,Morgan
189,0,0,1,Logistic Regression,Morgan
193,2,2,1,Logistic Regression,Morgan
199,0,0,1,Logistic Regression,Morgan
215,0,1,1,Logistic Regression,Morgan
223,1,2,1,Logistic Regression,Morgan
225,1,1,1,Logistic Regression,Morgan
227,2,2,1,Logistic Regression,Morgan
235,1,1,1,Logistic Regression,Morgan
249,2,2,1,Logistic Regression,Morgan
260,2,2,1,Logistic Regression,Morgan
267,0,1,1,Logistic Regression,Morgan
275,0,2,1,Logistic Regression,Morgan
282,2,2,1,Logistic Regression,Morgan
284,2,0,1,Logistic Regression,Morgan
285,2,2,1,Logistic Regression,Morgan
287,1,2,1,Logistic Regression,Morgan
288,0,1,1,Logistic Regression,Morgan
303,0,2,1,Logistic Regression,Morgan
309,0,1,1,Logistic Regression,Morgan
339,1,1,1,Logistic Regression,Morgan
374,2,1,1,Logistic Regression,Morgan
380,0,1,1,Logistic Regression,Morgan
403,0,0,1,Logistic Regression,Morgan
407,2,0,1,Logistic Regression,Morgan
413,0,0,1,Logistic Regression,Morgan
425,0,2,1,Logistic Regression,Morgan
436,2,2,1,Logistic Regression,Morgan
446,0,1,1,Logistic Regression,Morgan
4,1,0,2,Logistic Regression,Morgan
8,1,2,2,Logistic Regression,Morgan
16,1,1,2,Logistic Regression,Morgan
21,2,2,2,Logistic Regression,Morgan
32,1,1,2,Logistic Regression,Morgan
35,2,1,2,Logistic Regression,Morgan
39,2,2,2,Logistic Regression,Morgan
45,2,2,2,Logistic Regression,Morgan
54,1,1,2,Logistic Regression,Morgan
62,1,1,2,Logistic Regression,Morgan
67,1,2,2,Logistic Regression,Morgan
71,1,1,2,Logistic Regression,Morgan
74,1,1,2,Logistic Regression,Morgan
75,1,1,2,Logistic Regression,Morgan
79,1,2,2,Logistic Regression,Morgan
80,1,1,2,Logistic Regression,Morgan
83,1,1,2,Logistic Regression,Morgan
86,1,2,2,Logistic Regression,Morgan
89,1,1,2,Logistic Regression,Morgan
93,1,1,2,Logistic Regression,Morgan
99,1,1,2,Logistic Regression,Morgan
102,1,1,2,Logistic Regression,Morgan
115,2,0,2,Logistic Regression,Morgan
123,1,1,2,Logistic Regression,Morgan
131,1,1,2,Logistic Regression,Morgan
133,0,2,2,Logistic Regression,Morgan
143,0,0,2,Logistic Regression,Morgan
146,0,2,2,Logistic Regression,Morgan
148,0,2,2,Logistic Regression,Morgan
163,2,2,2,Logistic Regression,Morgan
164,2,2,2,Logistic Regression,Morgan
168,1,1,2,Logistic Regression,Morgan
173,2,2,2,Logistic Regression,Morgan
185,2,2,2,Logistic Regression,Morgan
187,0,0,2,Logistic Regression,Morgan
192,2,2,2,Logistic Regression,Morgan
194,2,2,2,Logistic Regression,Morgan
195,2,0,2,Logistic Regression,Morgan
211,0,2,2,Logistic Regression,Morgan
221,1,1,2,Logistic Regression,Morgan
236,1,1,2,Logistic Regression,Morgan
251,0,0,2,Logistic Regression,Morgan
277,2,0,2,Logistic Regression,Morgan
299,0,1,2,Logistic Regression,Morgan
326,2,2,2,Logistic Regression,Morgan
329,2,1,2,Logistic Regression,Morgan
345,0,0,2,Logistic Regression,Morgan
349,2,1,2,Logistic Regression,Morgan
363,0,1,2,Logistic Regression,Morgan
373,2,2,2,Logistic Regression,Morgan
381,0,2,2,Logistic Regression,Morgan
384,0,2,2,Logistic Regression,Morgan
432,0,1,2,Logistic Regression,Morgan
434,2,2,2,Logistic Regression,Morgan
437,2,1,2,Logistic Regression,Morgan
448,0,2,2,Logistic Regression,Morgan
10,1,1,3,Logistic Regression,Morgan
11,1,2,3,Logistic Regression,Morgan
24,2,0,3,Logistic Regression,Morgan
42,2,1,3,Logistic Regression,Morgan
50,1,2,3,Logistic Regression,Morgan
55,1,1,3,Logistic Regression,Morgan
72,1,1,3,Logistic Regression,Morgan
73,1,1,3,Logistic Regression,Morgan
77,1,1,3,Logistic Regression,Morgan
78,1,1,3,Logistic Regression,Morgan
84,1,1,3,Logistic Regression,Morgan
87,1,1,3,Logistic Regression,Morgan
96,1,1,3,Logistic Regression,Morgan
108,1,1,3,Logistic Regression,Morgan
110,1,1,3,Logistic Regression,Morgan
112,1,1,3,Logistic Regression,Morgan
113,2,1,3,Logistic Regression,Morgan
118,1,1,3,Logistic Regression,Morgan
124,1,2,3,Logistic Regression,Morgan
125,1,1,3,Logistic Regression,Morgan
128,1,2,3,Logistic Regression,Morgan
132,2,0,3,Logistic Regression,Morgan
135,2,0,3,Logistic Regression,Morgan
140,2,2,3,Logistic Regression,Morgan
144,0,0,3,Logistic Regression,Morgan
147,0,0,3,Logistic Regression,Morgan
158,1,1,3,Logistic Regression,Morgan
165,1,0,3,Logistic Regression,Morgan
171,2,2,3,Logistic Regression,Morgan
176,2,1,3,Logistic Regression,Morgan
178,2,1,3,Logistic Regression,Morgan
179,2,1,3,Logistic Regression,Morgan
181,2,2,3,Logistic Regression,Morgan
204,0,2,3,Logistic Regression,Morgan
213,0,2,3,Logistic Regression,Morgan
216,2,2,3,Logistic Regression,Morgan
219,0,2,3,Logistic Regression,Morgan
224,1,1,3,Logistic Regression,Morgan
231,2,2,3,Logistic Regression,Morgan
244,0,0,3,Logistic Regression,Morgan
246,2,2,3,Logistic Regression,Morgan
248,2,1,3,Logistic Regression,Morgan
290,0,2,3,Logistic Regression,Morgan
293,0,0,3,Logistic Regression,Morgan
298,0,2,3,Logistic Regression,Morgan
305,0,2,3,Logistic Regression,Morgan
318,0,2,3,Logistic Regression,Morgan
322,2,1,3,Logistic Regression,Morgan
325,1,1,3,Logistic Regression,Morgan
328,2,1,3,Logistic Regression,Morgan
356,2,0,3,Logistic Regression,Morgan
369,0,0,3,Logistic Regression,Morgan
378,1,2,3,Logistic Regression,Morgan
382,0,0,3,Logistic Regression,Morgan
428,0,0,3,Logistic Regression,Morgan
435,2,2,3,Logistic Regression,Morgan
1,1,1,4,Logistic Regression,Morgan
3,2,0,4,Logistic Regression,Morgan
5,1,1,4,Logistic Regression,Morgan
9,1,1,4,Logistic Regression,Morgan
17,2,2,4,Logistic Regression,Morgan
18,2,2,4,Logistic Regression,Morgan
19,2,1,4,Logistic Regression,Morgan
20,2,2,4,Logistic Regression,Morgan
22,1,1,4,Logistic Regression,Morgan
31,1,0,4,Logistic Regression,Morgan
40,2,2,4,Logistic Regression,Morgan
43,2,1,4,Logistic Regression,Morgan
49,1,2,4,Logistic Regression,Morgan
64,1,1,4,Logistic Regression,Morgan
88,1,2,4,Logistic Regression,Morgan
91,1,1,4,Logistic Regression,Morgan
95,1,1,4,Logistic Regression,Morgan
98,1,1,4,Logistic Regression,Morgan
105,1,1,4,Logistic Regression,Morgan
107,1,0,4,Logistic Regression,Morgan
111,1,1,4,Logistic Regression,Morgan
114,2,1,4,Logistic Regression,Morgan
117,1,1,4,Logistic Regression,Morgan
120,1,1,4,Logistic Regression,Morgan
130,1,1,4,Logistic Regression,Morgan
134,2,1,4,Logistic Regression,Morgan
136,2,2,4,Logistic Regression,Morgan
153,2,2,4,Logistic Regression,Morgan
160,2,0,4,Logistic Regression,Morgan
186,2,2,4,Logistic Regression,Morgan
188,0,0,4,Logistic Regression,Morgan
190,2,2,4,Logistic Regression,Morgan
206,0,1,4,Logistic Regression,Morgan
209,0,1,4,Logistic Regression,Morgan
220,0,2,4,Logistic Regression,Morgan
234,2,2,4,Logistic Regression,Morgan
237,1,1,4,Logistic Regression,Morgan
239,1,1,4,Logistic Regression,Morgan
240,1,1,4,Logistic Regression,Morgan
241,1,1,4,Logistic Regression,Morgan
242,0,2,4,Logistic Regression,Morgan
256,0,0,4,Logistic Regression,Morgan
278,0,1,4,Logistic Regression,Morgan
281,0,0,4,Logistic Regression,Morgan
291,0,1,4,Logistic Regression,Morgan
307,0,2,4,Logistic Regression,Morgan
308,0,2,4,Logistic Regression,Morgan
312,2,1,4,Logistic Regression,Morgan
324,2,0,4,Logistic Regression,Morgan
327,1,2,4,Logistic Regression,Morgan
344,2,1,4,Logistic Regression,Morgan
385,2,0,4,Logistic Regression,Morgan
398,2,1,4,Logistic Regression,Morgan
417,0,0,4,Logistic Regression,Morgan
439,0,2,4,Logistic Regression,Morgan
440,0,2,4,Logistic Regression,Morgan
13,1,1,5,Logistic Regression,Morgan
14,2,0,5,Logistic Regression,Morgan
25,1,2,5,Logistic Regression,Morgan
36,2,0,5,Logistic Regression,Morgan
37,2,1,5,Logistic Regression,Morgan
41,2,1,5,Logistic Regression,Morgan
44,2,0,5,Logistic Regression,Morgan
47,2,1,5,Logistic Regression,Morgan
48,0,1,5,Logistic Regression,Morgan
51,1,1,5,Logistic Regression,Morgan
52,1,1,5,Logistic Regression,Morgan
56,1,2,5,Logistic Regression,Morgan
57,1,1,5,Logistic Regression,Morgan
60,2,2,5,Logistic Regression,Morgan
63,1,1,5,Logistic Regression,Morgan
68,1,1,5,Logistic Regression,Morgan
82,1,2,5,Logistic Regression,Morgan
92,1,1,5,Logistic Regression,Morgan
103,1,1,5,Logistic Regression,Morgan
106,1,1,5,Logistic Regression,Morgan
116,2,1,5,Logistic Regression,Morgan
119,1,2,5,Logistic Regression,Morgan
127,1,1,5,Logistic Regression,Morgan
145,0,2,5,Logistic Regression,Morgan
155,2,1,5,Logistic Regression,Morgan
156,1,1,5,Logistic Regression,Morgan
159,2,2,5,Logistic Regression,Morgan
161,2,2,5,Logistic Regression,Morgan
162,2,1,5,Logistic Regression,Morgan
166,1,1,5,Logistic Regression,Morgan
177,2,1,5,Logistic Regression,Morgan
182,2,2,5,Logistic Regression,Morgan
184,2,2,5,Logistic Regression,Morgan
191,2,2,5,Logistic Regression,Morgan
196,0,0,5,Logistic Regression,Morgan
198,0,0,5,Logistic Regression,Morgan
203,0,2,5,Logistic Regression,Morgan
217,2,0,5,Logistic Regression,Morgan
218,2,0,5,Logistic Regression,Morgan
222,1,1,5,Logistic Regression,Morgan
238,1,1,5,Logistic Regression,Morgan
283,2,2,5,Logistic Regression,Morgan
286,1,1,5,Logistic Regression,Morgan
289,0,1,5,Logistic Regression,Morgan
296,0,0,5,Logistic Regression,Morgan
297,0,1,5,Logistic Regression,Morgan
333,1,2,5,Logistic Regression,Morgan
357,1,0,5,Logistic Regression,Morgan
360,0,0,5,Logistic Regression,Morgan
366,0,0,5,Logistic Regression,Morgan
372,2,1,5,Logistic Regression,Morgan
390,0,1,5,Logistic Regression,Morgan
400,1,1,5,Logistic Regression,Morgan
409,0,0,5,Logistic Regression,Morgan
421,0,2,5,Logistic Regression,Morgan
2,1,1,1,SVM,Morgan
6,2,1,1,SVM,Morgan
7,1,1,1,SVM,Morgan
12,1,1,1,SVM,Morgan
15,2,1,1,SVM,Morgan
27,1,1,1,SVM,Morgan
29,1,1,1,SVM,Morgan
46,2,2,1,SVM,Morgan
53,1,1,1,SVM,Morgan
58,1,1,1,SVM,Morgan
65,1,1,1,SVM,Morgan
69,1,1,1,SVM,Morgan
76,1,1,1,SVM,Morgan
81,1,1,1,SVM,Morgan
85,1,1,1,SVM,Morgan
90,1,1,1,SVM,Morgan
94,1,1,1,SVM,Morgan
97,1,1,1,SVM,Morgan
100,1,1,1,SVM,Morgan
101,1,1,1,SVM,Morgan
104,1,1,1,SVM,Morgan
121,2,1,1,SVM,Morgan
122,2,1,1,SVM,Morgan
149,2,1,1,SVM,Morgan
172,2,2,1,SVM,Morgan
174,2,1,1,SVM,Morgan
180,2,1,1,SVM,Morgan
183,2,2,1,SVM,Morgan
189,0,1,1,SVM,Morgan
193,2,2,1,SVM,Morgan
199,0,1,1,SVM,Morgan
215,0,1,1,SVM,Morgan
223,1,1,1,SVM,Morgan
225,1,1,1,SVM,Morgan
227,2,2,1,SVM,Morgan
235,1,1,1,SVM,Morgan
249,2,0,1,SVM,Morgan
260,2,2,1,SVM,Morgan
267,0,1,1,SVM,Morgan
275,0,2,1,SVM,Morgan
282,2,2,1,SVM,Morgan
284,2,1,1,SVM,Morgan
285,2,2,1,SVM,Morgan
287,1,2,1,SVM,Morgan
288,0,1,1,SVM,Morgan
303,0,2,1,SVM,Morgan
309,0,0,1,SVM,Morgan
339,1,1,1,SVM,Morgan
374,2,1,1,SVM,Morgan
380,0,1,1,SVM,Morgan
403,0,0,1,SVM,Morgan
407,2,1,1,SVM,Morgan
413,0,0,1,SVM,Morgan
425,0,1,1,SVM,Morgan
436,2,2,1,SVM,Morgan
446,0,1,1,SVM,Morgan
4,1,0,2,SVM,Morgan
8,1,2,2,SVM,Morgan
16,1,1,2,SVM,Morgan
21,2,2,2,SVM,Morgan
32,1,1,2,SVM,Morgan
35,2,2,2,SVM,Morgan
39,2,2,2,SVM,Morgan
45,2,2,2,SVM,Morgan
54,1,1,2,SVM,Morgan
62,1,1,2,SVM,Morgan
67,1,1,2,SVM,Morgan
71,1,1,2,SVM,Morgan
74,1,1,2,SVM,Morgan
75,1,1,2,SVM,Morgan
79,1,2,2,SVM,Morgan
80,1,1,2,SVM,Morgan
83,1,1,2,SVM,Morgan
86,1,2,2,SVM,Morgan
89,1,1,2,SVM,Morgan
93,1,1,2,SVM,Morgan
99,1,1,2,SVM,Morgan
102,1,2,2,SVM,Morgan
115,2,0,2,SVM,Morgan
123,1,1,2,SVM,Morgan
131,1,1,2,SVM,Morgan
133,0,2,2,SVM,Morgan
143,0,0,2,SVM,Morgan
146,0,2,2,SVM,Morgan
148,0,2,2,SVM,Morgan
163,2,2,2,SVM,Morgan
164,2,2,2,SVM,Morgan
168,1,1,2,SVM,Morgan
173,2,1,2,SVM,Morgan
185,2,2,2,SVM,Morgan
187,0,0,2,SVM,Morgan
192,2,2,2,SVM,Morgan
194,2,2,2,SVM,Morgan
195,2,0,2,SVM,Morgan
211,0,2,2,SVM,Morgan
221,1,1,2,SVM,Morgan
236,1,1,2,SVM,Morgan
251,0,2,2,SVM,Morgan
277,2,0,2,SVM,Morgan
299,0,2,2,SVM,Morgan
326,2,1,2,SVM,Morgan
329,2,1,2,SVM,Morgan
345,0,0,2,SVM,Morgan
349,2,0,2,SVM,Morgan
363,0,2,2,SVM,Morgan
373,2,2,2,SVM,Morgan
381,0,2,2,SVM,Morgan
384,0,2,2,SVM,Morgan
432,0,1,2,SVM,Morgan
434,2,2,2,SVM,Morgan
437,2,2,2,SVM,Morgan
448,0,2,2,SVM,Morgan
10,1,1,3,SVM,Morgan
11,1,2,3,SVM,Morgan
24,2,0,3,SVM,Morgan
42,2,1,3,SVM,Morgan
50,1,2,3,SVM,Morgan
55,1,1,3,SVM,Morgan
72,1,1,3,SVM,Morgan
73,1,1,3,SVM,Morgan
77,1,1,3,SVM,Morgan
78,1,1,3,SVM,Morgan
84,1,1,3,SVM,Morgan
87,1,1,3,SVM,Morgan
96,1,1,3,SVM,Morgan
108,1,1,3,SVM,Morgan
110,1,1,3,SVM,Morgan
112,1,1,3,SVM,Morgan
113,2,1,3,SVM,Morgan
118,1,1,3,SVM,Morgan
124,1,2,3,SVM,Morgan
125,1,1,3,SVM,Morgan
128,1,2,3,SVM,Morgan
132,2,0,3,SVM,Morgan
135,2,1,3,SVM,Morgan
140,2,2,3,SVM,Morgan
144,0,0,3,SVM,Morgan
147,0,0,3,SVM,Morgan
158,1,1,3,SVM,Morgan
165,1,0,3,SVM,Morgan
171,2,2,3,SVM,Morgan
176,2,1,3,SVM,Morgan
178,2,1,3,SVM,Morgan
179,2,1,3,SVM,Morgan
181,2,2,3,SVM,Morgan
204,0,2,3,SVM,Morgan
213,0,2,3,SVM,Morgan
216,2,2,3,SVM,Morgan
219,0,2,3,SVM,Morgan
224,1,1,3,SVM,Morgan
231,2,2,3,SVM,Morgan
244,0,1,3,SVM,Morgan
246,2,1,3,SVM,Morgan
248,2,1,3,SVM,Morgan
290,0,2,3,SVM,Morgan
293,0,2,3,SVM,Morgan
298,0,2,3,SVM,Morgan
305,0,2,3,SVM,Morgan
318,0,2,3,SVM,Morgan
322,2,2,3,SVM,Morgan
325,1,1,3,SVM,Morgan
328,2,1,3,SVM,Morgan
356,2,2,3,SVM,Morgan
369,0,1,3,SVM,Morgan
378,1,2,3,SVM,Morgan
382,0,0,3,SVM,Morgan
428,0,2,3,SVM,Morgan
435,2,2,3,SVM,Morgan
1,1,1,4,SVM,Morgan
3,2,0,4,SVM,Morgan
5,1,1,4,SVM,Morgan
9,1,1,4,SVM,Morgan
17,2,2,4,SVM,Morgan
18,2,2,4,SVM,Morgan
19,2,1,4,SVM,Morgan
20,2,2,4,SVM,Morgan
22,1,1,4,SVM,Morgan
31,1,1,4,SVM,Morgan
40,2,2,4,SVM,Morgan
43,2,2,4,SVM,Morgan
49,1,2,4,SVM,Morgan
64,1,1,4,SVM,Morgan
88,1,2,4,SVM,Morgan
91,1,1,4,SVM,Morgan
95,1,1,4,SVM,Morgan
98,1,1,4,SVM,Morgan
105,1,1,4,SVM,Morgan
107,1,0,4,SVM,Morgan
111,1,1,4,SVM,Morgan
114,2,1,4,SVM,Morgan
117,1,1,4,SVM,Morgan
120,1,1,4,SVM,Morgan
130,1,1,4,SVM,Morgan
134,2,1,4,SVM,Morgan
136,2,2,4,SVM,Morgan
153,2,2,4,SVM,Morgan
160,2,0,4,SVM,Morgan
186,2,2,4,SVM,Morgan
188,0,0,4,SVM,Morgan
190,2,2,4,SVM,Morgan
206,0,1,4,SVM,Morgan
209,0,1,4,SVM,Morgan
220,0,2,4,SVM,Morgan
234,2,2,4,SVM,Morgan
237,1,1,4,SVM,Morgan
239,1,1,4,SVM,Morgan
240,1,1,4,SVM,Morgan
241,1,1,4,SVM,Morgan
242,0,2,4,SVM,Morgan
256,0,2,4,SVM,Morgan
278,0,1,4,SVM,Morgan
281,0,0,4,SVM,Morgan
291,0,2,4,SVM,Morgan
307,0,2,4,SVM,Morgan
308,0,2,4,SVM,Morgan
312,2,1,4,SVM,Morgan
324,2,2,4,SVM,Morgan
327,1,2,4,SVM,Morgan
344,2,2,4,SVM,Morgan
385,2,0,4,SVM,Morgan
398,2,1,4,SVM,Morgan
417,0,0,4,SVM,Morgan
439,0,2,4,SVM,Morgan
440,0,2,4,SVM,Morgan
13,1,1,5,SVM,Morgan
14,2,2,5,SVM,Morgan
25,1,1,5,SVM,Morgan
36,2,2,5,SVM,Morgan
37,2,1,5,SVM,Morgan
41,2,1,5,SVM,Morgan
44,2,0,5,SVM,Morgan
47,2,0,5,SVM,Morgan
48,0,1,5,SVM,Morgan
51,1,1,5,SVM,Morgan
52,1,1,5,SVM,Morgan
56,1,2,5,SVM,Morgan
57,1,1,5,SVM,Morgan
60,2,2,5,SVM,Morgan
63,1,1,5,SVM,Morgan
68,1,1,5,SVM,Morgan
82,1,2,5,SVM,Morgan
92,1,1,5,SVM,Morgan
103,1,1,5,SVM,Morgan
106,1,1,5,SVM,Morgan
116,2,2,5,SVM,Morgan
119,1,2,5,SVM,Morgan
127,1,1,5,SVM,Morgan
145,0,0,5,SVM,Morgan
155,2,1,5,SVM,Morgan
156,1,1,5,SVM,Morgan
159,2,2,5,SVM,Morgan
161,2,2,5,SVM,Morgan
162,2,0,5,SVM,Morgan
166,1,1,5,SVM,Morgan
177,2,1,5,SVM,Morgan
182,2,2,5,SVM,Morgan
184,2,2,5,SVM,Morgan
191,2,2,5,SVM,Morgan
196,0,0,5,SVM,Morgan
198,0,0,5,SVM,Morgan
203,0,2,5,SVM,Morgan
217,2,0,5,SVM,Morgan
218,2,0,5,SVM,Morgan
222,1,1,5,SVM,Morgan
238,1,1,5,SVM,Morgan
283,2,2,5,SVM,Morgan
286,1,1,5,SVM,Morgan
289,0,0,5,SVM,Morgan
296,0,2,5,SVM,Morgan
297,0,1,5,SVM,Morgan
333,1,2,5,SVM,Morgan
357,1,0,5,SVM,Morgan
360,0,0,5,SVM,Morgan
366,0,0,5,SVM,Morgan
372,2,1,5,SVM,Morgan
390,0,1,5,SVM,Morgan
400,1,1,5,SVM,Morgan
409,0,0,5,SVM,Morgan
421,0,2,5,SVM,Morgan
2,1,1,1,Random Forest,Morgan
6,2,1,1,Random Forest,Morgan
7,1,1,1,Random Forest,Morgan
12,1,0,1,Random Forest,Morgan
15,2,2,1,Random Forest,Morgan
27,1,1,1,Random Forest,Morgan
29,1,1,1,Random Forest,Morgan
46,2,2,1,Random Forest,Morgan
53,1,1,1,Random Forest,Morgan
58,1,1,1,Random Forest,Morgan
65,1,1,1,Random Forest,Morgan
69,1,0,1,Random Forest,Morgan
76,1,1,1,Random Forest,Morgan
81,1,1,1,Random Forest,Morgan
85,1,1,1,Random Forest,Morgan
90,1,1,1,Random Forest,Morgan
94,1,1,1,Random Forest,Morgan
97,1,1,1,Random Forest,Morgan
100,1,1,1,Random Forest,Morgan
101,1,1,1,Random Forest,Morgan
104,1,1,1,Random Forest,Morgan
121,2,1,1,Random Forest,Morgan
122,2,1,1,Random Forest,Morgan
149,2,1,1,Random Forest,Morgan
172,2,2,1,Random Forest,Morgan
174,2,2,1,Random Forest,Morgan
180,2,1,1,Random Forest,Morgan
183,2,2,1,Random Forest,Morgan
189,0,0,1,Random Forest,Morgan
193,2,2,1,Random Forest,Morgan
199,0,0,1,Random Forest,Morgan
215,0,1,1,Random Forest,Morgan
223,1,2,1,Random Forest,Morgan
225,1,1,1,Random Forest,Morgan
227,2,2,1,Random Forest,Morgan
235,1,1,1,Random Forest,Morgan
249,2,2,1,Random Forest,Morgan
260,2,2,1,Random Forest,Morgan
267,0,1,1,Random Forest,Morgan
275,0,2,1,Random Forest,Morgan
282,2,2,1,Random Forest,Morgan
284,2,2,1,Random Forest,Morgan
285,2,2,1,Random Forest,Morgan
287,1,2,1,Random Forest,Morgan
288,0,1,1,Random Forest,Morgan
303,0,2,1,Random Forest,Morgan
309,0,2,1,Random Forest,Morgan
339,1,1,1,Random Forest,Morgan
374,2,1,1,Random Forest,Morgan
380,0,1,1,Random Forest,Morgan
403,0,0,1,Random Forest,Morgan
407,2,0,1,Random Forest,Morgan
413,0,0,1,Random Forest,Morgan
425,0,2,1,Random Forest,Morgan
436,2,2,1,Random Forest,Morgan
446,0,1,1,Random Forest,Morgan
4,1,0,2,Random Forest,Morgan
8,1,1,2,Random Forest,Morgan
16,1,1,2,Random Forest,Morgan
21,2,2,2,Random Forest,Morgan
32,1,1,2,Random Forest,Morgan
35,2,2,2,Random Forest,Morgan
39,2,2,2,Random Forest,Morgan
45,2,2,2,Random Forest,Morgan
54,1,1,2,Random Forest,Morgan
62,1,1,2,Random Forest,Morgan
67,1,2,2,Random Forest,Morgan
71,1,1,2,Random Forest,Morgan
74,1,1,2,Random Forest,Morgan
75,1,1,2,Random Forest,Morgan
79,1,1,2,Random Forest,Morgan
80,1,1,2,Random Forest,Morgan
83,1,1,2,Random Forest,Morgan
86,1,2,2,Random Forest,Morgan
89,1,1,2,Random Forest,Morgan
93,1,1,2,Random Forest,Morgan
99,1,1,2,Random Forest,Morgan
102,1,2,2,Random Forest,Morgan
115,2,1,2,Random Forest,Morgan
123,1,1,2,Random Forest,Morgan
131,1,1,2,Random Forest,Morgan
133,0,1,2,Random Forest,Morgan
143,0,0,2,Random Forest,Morgan
146,0,2,2,Random Forest,Morgan
148,0,2,2,Random Forest,Morgan
163,2,0,2,Random Forest,Morgan
164,2,2,2,Random Forest,Morgan
168,1,1,2,Random Forest,Morgan
173,2,2,2,Random Forest,Morgan
185,2,2,2,Random Forest,Morgan
187,0,0,2,Random Forest,Morgan
192,2,2,2,Random Forest,Morgan
194,2,2,2,Random Forest,Morgan
195,2,1,2,Random Forest,Morgan
211,0,1,2,Random Forest,Morgan
221,1,1,2,Random Forest,Morgan
236,1,1,2,Random Forest,Morgan
251,0,2,2,Random Forest,Morgan
277,2,0,2,Random Forest,Morgan
299,0,2,2,Random Forest,Morgan
326,2,1,2,Random Forest,Morgan
329,2,2,2,Random Forest,Morgan
345,0,0,2,Random Forest,Morgan
349,2,1,2,Random Forest,Morgan
363,0,2,2,Random Forest,Morgan
373,2,2,2,Random Forest,Morgan
381,0,2,2,Random Forest,Morgan
384,0,2,2,Random Forest,Morgan
432,0,1,2,Random Forest,Morgan
434,2,1,2,Random Forest,Morgan
437,2,1,2,Random Forest,Morgan
448,0,2,2,Random Forest,Morgan
10,1,1,3,Random Forest,Morgan
11,1,1,3,Random Forest,Morgan
24,2,2,3,Random Forest,Morgan
42,2,1,3,Random Forest,Morgan
50,1,2,3,Random Forest,Morgan
55,1,1,3,Random Forest,Morgan
72,1,1,3,Random Forest,Morgan
73,1,1,3,Random Forest,Morgan
77,1,1,3,Random Forest,Morgan
78,1,1,3,Random Forest,Morgan
84,1,1,3,Random Forest,Morgan
87,1,1,3,Random Forest,Morgan
96,1,1,3,Random Forest,Morgan
108,1,1,3,Random Forest,Morgan
110,1,1,3,Random Forest,Morgan
112,1,1,3,Random Forest,Morgan
113,2,1,3,Random Forest,Morgan
118,1,1,3,Random Forest,Morgan
124,1,2,3,Random Forest,Morgan
125,1,1,3,Random Forest,Morgan
128,1,2,3,Random Forest,Morgan
132,2,2,3,Random Forest,Morgan
135,2,1,3,Random Forest,Morgan
140,2,1,3,Random Forest,Morgan
144,0,0,3,Random Forest,Morgan
147,0,0,3,Random Forest,Morgan
158,1,1,3,Random Forest,Morgan
165,1,1,3,Random Forest,Morgan
171,2,2,3,Random Forest,Morgan
176,2,1,3,Random Forest,Morgan
178,2,1,3,Random Forest,Morgan
179,2,1,3,Random Forest,Morgan
181,2,2,3,Random Forest,Morgan
204,0,2,3,Random Forest,Morgan
213,0,1,3,Random Forest,Morgan
216,2,2,3,Random Forest,Morgan
219,0,2,3,Random Forest,Morgan
224,1,1,3,Random Forest,Morgan
231,2,2,3,Random Forest,Morgan
244,0,2,3,Random Forest,Morgan
246,2,2,3,Random Forest,Morgan
248,2,1,3,Random Forest,Morgan
290,0,2,3,Random Forest,Morgan
293,0,2,3,Random Forest,Morgan
298,0,2,3,Random Forest,Morgan
305,0,2,3,Random Forest,Morgan
318,0,2,3,Random Forest,Morgan
322,2,1,3,Random Forest,Morgan
325,1,1,3,Random Forest,Morgan
328,2,1,3,Random Forest,Morgan
356,2,0,3,Random Forest,Morgan
369,0,2,3,Random Forest,Morgan
378,1,2,3,Random Forest,Morgan
382,0,0,3,Random Forest,Morgan
428,0,2,3,Random Forest,Morgan
435,2,2,3,Random Forest,Morgan
1,1,1,4,Random Forest,Morgan
3,2,1,4,Random Forest,Morgan
5,1,1,4,Random Forest,Morgan
9,1,1,4,Random Forest,Morgan
17,2,2,4,Random Forest,Morgan
18,2,2,4,Random Forest,Morgan
19,2,2,4,Random Forest,Morgan
20,2,2,4,Random Forest,Morgan
22,1,1,4,Random Forest,Morgan
31,1,1,4,Random Forest,Morgan
40,2,2,4,Random Forest,Morgan
43,2,1,4,Random Forest,Morgan
49,1,1,4,Random Forest,Morgan
64,1,1,4,Random Forest,Morgan
88,1,1,4,Random Forest,Morgan
91,1,1,4,Random Forest,Morgan
95,1,1,4,Random Forest,Morgan
98,1,1,4,Random Forest,Morgan
105,1,1,4,Random Forest,Morgan
107,1,1,4,Random Forest,Morgan
111,1,1,4,Random Forest,Morgan
114,2,1,4,Random Forest,Morgan
117,1,1,4,Random Forest,Morgan
120,1,1,4,Random Forest,Morgan
130,1,1,4,Random Forest,Morgan
134,2,1,4,Random Forest,Morgan
136,2,2,4,Random Forest,Morgan
153,2,1,4,Random Forest,Morgan
160,2,2,4,Random Forest,Morgan
186,2,2,4,Random Forest,Morgan
188,0,0,4,Random Forest,Morgan
190,2,2,4,Random Forest,Morgan
206,0,1,4,Random Forest,Morgan
209,0,1,4,Random Forest,Morgan
220,0,2,4,Random Forest,Morgan
234,2,2,4,Random Forest,Morgan
237,1,1,4,Random Forest,Morgan
239,1,1,4,Random Forest,Morgan
240,1,1,4,Random Forest,Morgan
241,1,1,4,Random Forest,Morgan
242,0,2,4,Random Forest,Morgan
256,0,0,4,Random Forest,Morgan
278,0,1,4,Random Forest,Morgan
281,0,2,4,Random Forest,Morgan
291,0,1,4,Random Forest,Morgan
307,0,2,4,Random Forest,Morgan
308,0,0,4,Random Forest,Morgan
312,2,1,4,Random Forest,Morgan
324,2,2,4,Random Forest,Morgan
327,1,2,4,Random Forest,Morgan
344,2,2,4,Random Forest,Morgan
385,2,0,4,Random Forest,Morgan
398,2,1,4,Random Forest,Morgan
417,0,1,4,Random Forest,Morgan
439,0,2,4,Random Forest,Morgan
440,0,0,4,Random Forest,Morgan
13,1,1,5,Random Forest,Morgan
14,2,2,5,Random Forest,Morgan
25,1,1,5,Random Forest,Morgan
36,2,0,5,Random Forest,Morgan
37,2,1,5,Random Forest,Morgan
41,2,1,5,Random Forest,Morgan
44,2,1,5,Random Forest,Morgan
47,2,1,5,Random Forest,Morgan
48,0,1,5,Random Forest,Morgan
51,1,1,5,Random Forest,Morgan
52,1,1,5,Random Forest,Morgan
56,1,1,5,Random Forest,Morgan
57,1,2,5,Random Forest,Morgan
60,2,2,5,Random Forest,Morgan
63,1,1,5,Random Forest,Morgan
68,1,1,5,Random Forest,Morgan
82,1,1,5,Random Forest,Morgan
92,1,1,5,Random Forest,Morgan
103,1,1,5,Random Forest,Morgan
106,1,1,5,Random Forest,Morgan
116,2,1,5,Random Forest,Morgan
119,1,2,5,Random Forest,Morgan
127,1,1,5,Random Forest,Morgan
145,0,2,5,Random Forest,Morgan
155,2,1,5,Random Forest,Morgan
156,1,1,5,Random Forest,Morgan
159,2,2,5,Random Forest,Morgan
161,2,2,5,Random Forest,Morgan
162,2,2,5,Random Forest,Morgan
166,1,1,5,Random Forest,Morgan
177,2,1,5,Random Forest,Morgan
182,2,2,5,Random Forest,Morgan
184,2,2,5,Random Forest,Morgan
191,2,2,5,Random Forest,Morgan
196,0,1,5,Random Forest,Morgan
198,0,0,5,Random Forest,Morgan
203,0,2,5,Random Forest,Morgan
217,2,2,5,Random Forest,Morgan
218,2,2,5,Random Forest,Morgan
222,1,1,5,Random Forest,Morgan
238,1,1,5,Random Forest,Morgan
283,2,2,5,Random Forest,Morgan
286,1,2,5,Random Forest,Morgan
289,0,1,5,Random Forest,Morgan
296,0,2,5,Random Forest,Morgan
297,0,1,5,Random Forest,Morgan
333,1,2,5,Random Forest,Morgan
357,1,0,5,Random Forest,Morgan
360,0,0,5,Random Forest,Morgan
366,0,0,5,Random Forest,Morgan
372,2,1,5,Random Forest,Morgan
390,0,1,5,Random Forest,Morgan
400,1,1,5,Random Forest,Morgan
409,0,0,5,Random Forest,Morgan
421,0,1,5,Random Forest,Morgan
2,1,1,1,kNN,Morgan
6,2,0,1,kNN,Morgan
7,1,1,1,kNN,Morgan
12,1,1,1,kNN,Morgan
15,2,1,1,kNN,Morgan
27,1,1,1,kNN,Morgan
29,1,1,1,kNN,Morgan
46,2,0,1,kNN,Morgan
53,1,1,1,kNN,Morgan
58,1,1,1,kNN,Morgan
65,1,1,1,kNN,Morgan
69,1,1,1,kNN,Morgan
76,1,1,1,kNN,Morgan
81,1,1,1,kNN,Morgan
85,1,1,1,kNN,Morgan
90,1,1,1,kNN,Morgan
94,1,1,1,kNN,Morgan
97,1,1,1,kNN,Morgan
100,1,1,1,kNN,Morgan
101,1,1,1,kNN,Morgan
104,1,1,1,kNN,Morgan
121,2,1,1,kNN,Morgan
122,2,1,1,kNN,Morgan
149,2,1,1,kNN,Morgan
172,2,0,1,kNN,Morgan
174,2,0,1,kNN,Morgan
180,2,1,1,kNN,Morgan
183,2,2,1,kNN,Morgan
189,0,1,1,kNN,Morgan
193,2,2,1,kNN,Morgan
199,0,1,1,kNN,Morgan
215,0,1,1,kNN,Morgan
223,1,1,1,kNN,Morgan
225,1,1,1,kNN,Morgan
227,2,2,1,kNN,Morgan
235,1,1,1,kNN,Morgan
249,2,1,1,kNN,Morgan
260,2,1,1,kNN,Morgan
267,0,1,1,kNN,Morgan
275,0,0,1,kNN,Morgan
282,2,0,1,kNN,Morgan
284,2,1,1,kNN,Morgan
285,2,1,1,kNN,Morgan
287,1,0,1,kNN,Morgan
288,0,1,1,kNN,Morgan
303,0,1,1,kNN,Morgan
309,0,1,1,kNN,Morgan
339,1,1,1,kNN,Morgan
374,2,1,1,kNN,Morgan
380,0,1,1,kNN,Morgan
403,0,0,1,kNN,Morgan
407,2,1,1,kNN,Morgan
413,0,0,1,kNN,Morgan
425,0,1,1,kNN,Morgan
436,2,1,1,kNN,Morgan
446,0,1,1,kNN,Morgan
4,1,0,2,kNN,Morgan
8,1,1,2,kNN,Morgan
16,1,1,2,kNN,Morgan
21,2,1,2,kNN,Morgan
32,1,1,2,kNN,Morgan
35,2,1,2,kNN,Morgan
39,2,1,2,kNN,Morgan
45,2,1,2,kNN,Morgan
54,1,1,2,kNN,Morgan
62,1,1,2,kNN,Morgan
67,1,1,2,kNN,Morgan
71,1,1,2,kNN,Morgan
74,1,1,2,kNN,Morgan
75,1,1,2,kNN,Morgan
79,1,1,2,kNN,Morgan
80,1,1,2,kNN,Morgan
83,1,1,2,kNN,Morgan
86,1,1,2,kNN,Morgan
89,1,1,2,kNN,Morgan
93,1,1,2,kNN,Morgan
99,1,1,2,kNN,Morgan
102,1,1,2,kNN,Morgan
115,2,1,2,kNN,Morgan
123,1,1,2,kNN,Morgan
131,1,1,2,kNN,Morgan
133,0,1,2,kNN,Morgan
143,0,1,2,kNN,Morgan
146,0,1,2,kNN,Morgan
148,0,1,2,kNN,Morgan
163,2,1,2,kNN,Morgan
164,2,1,2,kNN,Morgan
168,1,1,2,kNN,Morgan
173,2,1,2,kNN,Morgan
185,2,2,2,kNN,Morgan
187,0,1,2,kNN,Morgan
192,2,2,2,kNN,Morgan
194,2,1,2,kNN,Morgan
195,2,1,2,kNN,Morgan
211,0,1,2,kNN,Morgan
221,1,1,2,kNN,Morgan
236,1,1,2,kNN,Morgan
251,0,1,2,kNN,Morgan
277,2,1,2,kNN,Morgan
299,0,1,2,kNN,Morgan
326,2,1,2,kNN,Morgan
329,2,1,2,kNN,Morgan
345,0,1,2,kNN,Morgan
349,2,1,2,kNN,Morgan
363,0,1,2,kNN,Morgan
373,2,1,2,kNN,Morgan
381,0,1,2,kNN,Morgan
384,0,0,2,kNN,Morgan
432,0,1,2,kNN,Morgan
434,2,1,2,kNN,Morgan
437,2,1,2,kNN,Morgan
448,0,1,2,kNN,Morgan
10,1,1,3,kNN,Morgan
11,1,1,3,kNN,Morgan
24,2,0,3,kNN,Morgan
42,2,1,3,kNN,Morgan
50,1,0,3,kNN,Morgan
55,1,1,3,kNN,Morgan
72,1,1,3,kNN,Morgan
73,1,1,3,kNN,Morgan
77,1,1,3,kNN,Morgan
78,1,1,3,kNN,Morgan
84,1,1,3,kNN,Morgan
87,1,1,3,kNN,Morgan
96,1,1,3,kNN,Morgan
108,1,1,3,kNN,Morgan
110,1,1,3,kNN,Morgan
112,1,1,3,kNN,Morgan
113,2,1,3,kNN,Morgan
118,1,1,3,kNN,Morgan
124,1,0,3,kNN,Morgan
125,1,1,3,kNN,Morgan
128,1,0,3,kNN,Morgan
132,2,0,3,kNN,Morgan
135,2,1,3,kNN,Morgan
140,2,1,3,kNN,Morgan
144,0,1,3,kNN,Morgan
147,0,0,3,kNN,Morgan
158,1,1,3,kNN,Morgan
165,1,1,3,kNN,Morgan
171,2,1,3,kNN,Morgan
176,2,1,3,kNN,Morgan
178,2,1,3,kNN,Morgan
179,2,1,3,kNN,Morgan
181,2,2,3,kNN,Morgan
204,0,1,3,kNN,Morgan
213,0,1,3,kNN,Morgan
216,2,2,3,kNN,Morgan
219,0,2,3,kNN,Morgan
224,1,1,3,kNN,Morgan
231,2,1,3,kNN,Morgan
244,0,1,3,kNN,Morgan
246,2,1,3,kNN,Morgan
248,2,1,3,kNN,Morgan
290,0,1,3,kNN,Morgan
293,0,1,3,kNN,Morgan
298,0,1,3,kNN,Morgan
305,0,1,3,kNN,Morgan
318,0,1,3,kNN,Morgan
322,2,1,3,kNN,Morgan
325,1,1,3,kNN,Morgan
328,2,1,3,kNN,Morgan
356,2,1,3,kNN,Morgan
369,0,1,3,kNN,Morgan
378,1,0,3,kNN,Morgan
382,0,1,3,kNN,Morgan
428,0,1,3,kNN,Morgan
435,2,1,3,kNN,Morgan
1,1,1,4,kNN,Morgan
3,2,1,4,kNN,Morgan
5,1,1,4,kNN,Morgan
9,1,1,4,kNN,Morgan
17,2,0,4,kNN,Morgan
18,2,1,4,kNN,Morgan
19,2,1,4,kNN,Morgan
20,2,0,4,kNN,Morgan
22,1,1,4,kNN,Morgan
31,1,1,4,kNN,Morgan
40,2,1,4,kNN,Morgan
43,2,1,4,kNN,Morgan
49,1,1,4,kNN,Morgan
64,1,1,4,kNN,Morgan
88,1,1,4,kNN,Morgan
91,1,1,4,kNN,Morgan
95,1,1,4,kNN,Morgan
98,1,1,4,kNN,Morgan
105,1,1,4,kNN,Morgan
107,1,1,4,kNN,Morgan
111,1,1,4,kNN,Morgan
114,2,1,4,kNN,Morgan
117,1,1,4,kNN,Morgan
120,1,1,4,kNN,Morgan
130,1,1,4,kNN,Morgan
134,2,1,4,kNN,Morgan
136,2,1,4,kNN,Morgan
153,2,0,4,kNN,Morgan
160,2,1,4,kNN,Morgan
186,2,2,4,kNN,Morgan
188,0,0,4,kNN,Morgan
190,2,2,4,kNN,Morgan
206,0,1,4,kNN,Morgan
209,0,1,4,kNN,Morgan
220,0,0,4,kNN,Morgan
234,2,1,4,kNN,Morgan
237,1,1,4,kNN,Morgan
239,1,1,4,kNN,Morgan
240,1,1,4,kNN,Morgan
241,1,1,4,kNN,Morgan
242,0,1,4,kNN,Morgan
256,0,0,4,kNN,Morgan
278,0,1,4,kNN,Morgan
281,0,1,4,kNN,Morgan
291,0,1,4,kNN,Morgan
307,0,1,4,kNN,Morgan
308,0,1,4,kNN,Morgan
312,2,1,4,kNN,Morgan
324,2,0,4,kNN,Morgan
327,1,2,4,kNN,Morgan
344,2,1,4,kNN,Morgan
385,2,1,4,kNN,Morgan
398,2,1,4,kNN,Morgan
417,0,0,4,kNN,Morgan
439,0,1,4,kNN,Morgan
440,0,1,4,kNN,Morgan
13,1,1,5,kNN,Morgan
14,2,1,5,kNN,Morgan
25,1,1,5,kNN,Morgan
36,2,1,5,kNN,Morgan
37,2,1,5,kNN,Morgan
41,2,1,5,kNN,Morgan
44,2,1,5,kNN,Morgan
47,2,1,5,kNN,Morgan
48,0,1,5,kNN,Morgan
51,1,1,5,kNN,Morgan
52,1,1,5,kNN,Morgan
56,1,1,5,kNN,Morgan
57,1,1,5,kNN,Morgan
60,2,1,5,kNN,Morgan
63,1,1,5,kNN,Morgan
68,1,1,5,kNN,Morgan
82,1,1,5,kNN,Morgan
92,1,1,5,kNN,Morgan
103,1,1,5,kNN,Morgan
106,1,1,5,kNN,Morgan
116,2,1,5,kNN,Morgan
119,1,1,5,kNN,Morgan
127,1,1,5,kNN,Morgan
145,0,1,5,kNN,Morgan
155,2,1,5,kNN,Morgan
156,1,1,5,kNN,Morgan
159,2,1,5,kNN,Morgan
161,2,2,5,kNN,Morgan
162,2,1,5,kNN,Morgan
166,1,1,5,kNN,Morgan
177,2,1,5,kNN,Morgan
182,2,2,5,kNN,Morgan
184,2,2,5,kNN,Morgan
191,2,2,5,kNN,Morgan
196,0,1,5,kNN,Morgan
198,0,1,5,kNN,Morgan
203,0,1,5,kNN,Morgan
217,2,0,5,kNN,Morgan
218,2,0,5,kNN,Morgan
222,1,1,5,kNN,Morgan
238,1,1,5,kNN,Morgan
283,2,1,5,kNN,Morgan
286,1,1,5,kNN,Morgan
289,0,1,5,kNN,Morgan
296,0,1,5,kNN,Morgan
297,0,1,5,kNN,Morgan
333,1,1,5,kNN,Morgan
357,1,1,5,kNN,Morgan
360,0,1,5,kNN,Morgan
366,0,0,5,kNN,Morgan
372,2,1,5,kNN,Morgan
390,0,1,5,kNN,Morgan
400,1,1,5,kNN,Morgan
409,0,1,5,kNN,Morgan
421,0,1,5,kNN,Morgan
2,1,1,1,MLP,Morgan
6,2,0,1,MLP,Morgan
7,1,1,1,MLP,Morgan
12,1,0,1,MLP,Morgan
15,2,0,1,MLP,Morgan
27,1,1,1,MLP,Morgan
29,1,0,1,MLP,Morgan
46,2,2,1,MLP,Morgan
53,1,1,1,MLP,Morgan
58,1,1,1,MLP,Morgan
65,1,1,1,MLP,Morgan
69,1,0,1,MLP,Morgan
76,1,1,1,MLP,Morgan
81,1,1,1,MLP,Morgan
85,1,1,1,MLP,Morgan
90,1,1,1,MLP,Morgan
94,1,1,1,MLP,Morgan
97,1,1,1,MLP,Morgan
100,1,1,1,MLP,Morgan
101,1,1,1,MLP,Morgan
104,1,1,1,MLP,Morgan
121,2,0,1,MLP,Morgan
122,2,1,1,MLP,Morgan
149,2,1,1,MLP,Morgan
172,2,2,1,MLP,Morgan
174,2,2,1,MLP,Morgan
180,2,1,1,MLP,Morgan
183,2,2,1,MLP,Morgan
189,0,0,1,MLP,Morgan
193,2,2,1,MLP,Morgan
199,0,0,1,MLP,Morgan
215,0,0,1,MLP,Morgan
223,1,0,1,MLP,Morgan
225,1,1,1,MLP,Morgan
227,2,2,1,MLP,Morgan
235,1,1,1,MLP,Morgan
249,2,0,1,MLP,Morgan
260,2,2,1,MLP,Morgan
267,0,2,1,MLP,Morgan
275,0,2,1,MLP,Morgan
282,2,2,1,MLP,Morgan
284,2,0,1,MLP,Morgan
285,2,2,1,MLP,Morgan
287,1,2,1,MLP,Morgan
288,0,1,1,MLP,Morgan
303,0,2,1,MLP,Morgan
309,0,1,1,MLP,Morgan
339,1,1,1,MLP,Morgan
374,2,1,1,MLP,Morgan
380,0,1,1,MLP,Morgan
403,0,0,1,MLP,Morgan
407,2,0,1,MLP,Morgan
413,0,0,1,MLP,Morgan
425,0,0,1,MLP,Morgan
436,2,2,1,MLP,Morgan
446,0,1,1,MLP,Morgan
4,1,0,2,MLP,Morgan
8,1,0,2,MLP,Morgan
16,1,1,2,MLP,Morgan
21,2,2,2,MLP,Morgan
32,1,1,2,MLP,Morgan
35,2,0,2,MLP,Morgan
39,2,2,2,MLP,Morgan
45,2,2,2,MLP,Morgan
54,1,1,2,MLP,Morgan
62,1,1,2,MLP,Morgan
67,1,1,2,MLP,Morgan
71,1,1,2,MLP,Morgan
74,1,0,2,MLP,Morgan
75,1,1,2,MLP,Morgan
79,1,2,2,MLP,Morgan
80,1,1,2,MLP,Morgan
83,1,1,2,MLP,Morgan
86,1,2,2,MLP,Morgan
89,1,1,2,MLP,Morgan
93,1,1,2,MLP,Morgan
99,1,1,2,MLP,Morgan
102,1,1,2,MLP,Morgan
115,2,0,2,MLP,Morgan
123,1,1,2,MLP,Morgan
131,1,1,2,MLP,Morgan
133,0,2,2,MLP,Morgan
143,0,0,2,MLP,Morgan
146,0,2,2,MLP,Morgan
148,0,2,2,MLP,Morgan
163,2,2,2,MLP,Morgan
164,2,2,2,MLP,Morgan
168,1,1,2,MLP,Morgan
173,2,2,2,MLP,Morgan
185,2,2,2,MLP,Morgan
187,0,0,2,MLP,Morgan
192,2,2,2,MLP,Morgan
194,2,2,2,MLP,Morgan
195,2,0,2,MLP,Morgan
211,0,2,2,MLP,Morgan
221,1,1,2,MLP,Morgan
236,1,1,2,MLP,Morgan
251,0,0,2,MLP,Morgan
277,2,0,2,MLP,Morgan
299,0,0,2,MLP,Morgan
326,2,2,2,MLP,Morgan
329,2,2,2,MLP,Morgan
345,0,0,2,MLP,Morgan
349,2,0,2,MLP,Morgan
363,0,0,2,MLP,Morgan
373,2,2,2,MLP,Morgan
381,0,2,2,MLP,Morgan
384,0,1,2,MLP,Morgan
432,0,0,2,MLP,Morgan
434,2,2,2,MLP,Morgan
437,2,1,2,MLP,Morgan
448,0,0,2,MLP,Morgan
10,1,1,3,MLP,Morgan
11,1,0,3,MLP,Morgan
24,2,0,3,MLP,Morgan
42,2,1,3,MLP,Morgan
50,1,2,3,MLP,Morgan
55,1,1,3,MLP,Morgan
72,1,1,3,MLP,Morgan
73,1,1,3,MLP,Morgan
77,1,1,3,MLP,Morgan
78,1,1,3,MLP,Morgan
84,1,1,3,MLP,Morgan
87,1,1,3,MLP,Morgan
96,1,1,3,MLP,Morgan
108,1,1,3,MLP,Morgan
110,1,0,3,MLP,Morgan
112,1,1,3,MLP,Morgan
113,2,1,3,MLP,Morgan
118,1,1,3,MLP,Morgan
124,1,2,3,MLP,Morgan
125,1,1,3,MLP,Morgan
128,1,2,3,MLP,Morgan
132,2,0,3,MLP,Morgan
135,2,1,3,MLP,Morgan
140,2,2,3,MLP,Morgan
144,0,0,3,MLP,Morgan
147,0,0,3,MLP,Morgan
158,1,1,3,MLP,Morgan
165,1,0,3,MLP,Morgan
171,2,0,3,MLP,Morgan
176,2,1,3,MLP,Morgan
178,2,1,3,MLP,Morgan
179,2,1,3,MLP,Morgan
181,2,2,3,MLP,Morgan
204,0,2,3,MLP,Morgan
213,0,2,3,MLP,Morgan
216,2,2,3,MLP,Morgan
219,0,2,3,MLP,Morgan
224,1,1,3,MLP,Morgan
231,2,2,3,MLP,Morgan
244,0,2,3,MLP,Morgan
246,2,1,3,MLP,Morgan
248,2,0,3,MLP,Morgan
290,0,2,3,MLP,Morgan
293,0,2,3,MLP,Morgan
298,0,2,3,MLP,Morgan
305,0,2,3,MLP,Morgan
318,0,2,3,MLP,Morgan
322,2,1,3,MLP,Morgan
325,1,1,3,MLP,Morgan
328,2,1,3,MLP,Morgan
356,2,2,3,MLP,Morgan
369,0,2,3,MLP,Morgan
378,1,2,3,MLP,Morgan
382,0,0,3,MLP,Morgan
428,0,0,3,MLP,Morgan
435,2,2,3,MLP,Morgan
1,1,1,4,MLP,Morgan
3,2,0,4,MLP,Morgan
5,1,1,4,MLP,Morgan
9,1,1,4,MLP,Morgan
17,2,2,4,MLP,Morgan
18,2,2,4,MLP,Morgan
19,2,2,4,MLP,Morgan
20,2,2,4,MLP,Morgan
22,1,1,4,MLP,Morgan
31,1,0,4,MLP,Morgan
40,2,2,4,MLP,Morgan
43,2,1,4,MLP,Morgan
49,1,2,4,MLP,Morgan
64,1,1,4,MLP,Morgan
88,1,2,4,MLP,Morgan
91,1,1,4,MLP,Morgan
95,1,1,4,MLP,Morgan
98,1,1,4,MLP,Morgan
105,1,1,4,MLP,Morgan
107,1,0,4,MLP,Morgan
111,1,1,4,MLP,Morgan
114,2,2,4,MLP,Morgan
117,1,1,4,MLP,Morgan
120,1,1,4,MLP,Morgan
130,1,1,4,MLP,Morgan
134,2,1,4,MLP,Morgan
136,2,2,4,MLP,Morgan
153,2,0,4,MLP,Morgan
160,2,0,4,MLP,Morgan
186,2,2,4,MLP,Morgan
188,0,0,4,MLP,Morgan
190,2,2,4,MLP,Morgan
206,0,0,4,MLP,Morgan
209,0,0,4,MLP,Morgan
220,0,2,4,MLP,Morgan
234,2,2,4,MLP,Morgan
237,1,1,4,MLP,Morgan
239,1,1,4,MLP,Morgan
240,1,1,4,MLP,Morgan
241,1,1,4,MLP,Morgan
242,0,2,4,MLP,Morgan
256,0,2,4,MLP,Morgan
278,0,0,4,MLP,Morgan
281,0,0,4,MLP,Morgan
291,0,2,4,MLP,Morgan
307,0,2,4,MLP,Morgan
308,0,2,4,MLP,Morgan
312,2,0,4,MLP,Morgan
324,2,1,4,MLP,Morgan
327,1,2,4,MLP,Morgan
344,2,1,4,MLP,Morgan
385,2,0,4,MLP,Morgan
398,2,0,4,MLP,Morgan
417,0,0,4,MLP,Morgan
439,0,2,4,MLP,Morgan
440,0,0,4,MLP,Morgan
13,1,1,5,MLP,Morgan
14,2,2,5,MLP,Morgan
25,1,1,5,MLP,Morgan
36,2,0,5,MLP,Morgan
37,2,1,5,MLP,Morgan
41,2,1,5,MLP,Morgan
44,2,0,5,MLP,Morgan
47,2,0,5,MLP,Morgan
48,0,1,5,MLP,Morgan
51,1,1,5,MLP,Morgan
52,1,0,5,MLP,Morgan
56,1,2,5,MLP,Morgan
57,1,1,5,MLP,Morgan
60,2,2,5,MLP,Morgan
63,1,1,5,MLP,Morgan
68,1,1,5,MLP,Morgan
82,1,2,5,MLP,Morgan
92,1,1,5,MLP,Morgan
103,1,1,5,MLP,Morgan
106,1,1,5,MLP,Morgan
116,2,2,5,MLP,Morgan
119,1,2,5,MLP,Morgan
127,1,1,5,MLP,Morgan
145,0,0,5,MLP,Morgan
155,2,1,5,MLP,Morgan
156,1,1,5,MLP,Morgan
159,2,2,5,MLP,Morgan
161,2,2,5,MLP,Morgan
162,2,2,5,MLP,Morgan
166,1,1,5,MLP,Morgan
177,2,1,5,MLP,Morgan
182,2,2,5,MLP,Morgan
184,2,2,5,MLP,Morgan
191,2,2,5,MLP,Morgan
196,0,0,5,MLP,Morgan
198,0,0,5,MLP,Morgan
203,0,1,5,MLP,Morgan
217,2,0,5,MLP,Morgan
218,2,0,5,MLP,Morgan
222,1,1,5,MLP,Morgan
238,1,1,5,MLP,Morgan
283,2,2,5,MLP,Morgan
286,1,0,5,MLP,Morgan
289,0,1,5,MLP,Morgan
296,0,0,5,MLP,Morgan
297,0,1,5,MLP,Morgan
333,1,2,5,MLP,Morgan
357,1,0,5,MLP,Morgan
360,0,0,5,MLP,Morgan
366,0,0,5,MLP,Morgan
372,2,1,5,MLP,Morgan
390,0,1,5,MLP,Morgan
400,1,1,5,MLP,Morgan
409,0,0,5,MLP,Morgan
421,0,0,5,MLP,Morgan
2,1,1,1,Logistic Regression,Avalon
6,2,2,1,Logistic Regression,Avalon
7,1,1,1,Logistic Regression,Avalon
12,1,1,1,Logistic Regression,Avalon
15,2,0,1,Logistic Regression,Avalon
27,1,1,1,Logistic Regression,Avalon
29,1,0,1,Logistic Regression,Avalon
46,2,1,1,Logistic Regression,Avalon
53,1,1,1,Logistic Regression,Avalon
58,1,1,1,Logistic Regression,Avalon
65,1,1,1,Logistic Regression,Avalon
69,1,0,1,Logistic Regression,Avalon
76,1,1,1,Logistic Regression,Avalon
81,1,1,1,Logistic Regression,Avalon
85,1,0,1,Logistic Regression,Avalon
90,1,1,1,Logistic Regression,Avalon
94,1,1,1,Logistic Regression,Avalon
97,1,1,1,Logistic Regression,Avalon
100,1,1,1,Logistic Regression,Avalon
101,1,1,1,Logistic Regression,Avalon
104,1,1,1,Logistic Regression,Avalon
121,2,0,1,Logistic Regression,Avalon
122,2,1,1,Logistic Regression,Avalon
149,2,1,1,Logistic Regression,Avalon
172,2,2,1,Logistic Regression,Avalon
174,2,2,1,Logistic Regression,Avalon
180,2,1,1,Logistic Regression,Avalon
183,2,2,1,Logistic Regression,Avalon
189,0,0,1,Logistic Regression,Avalon
193,2,2,1,Logistic Regression,Avalon
199,0,0,1,Logistic Regression,Avalon
215,0,0,1,Logistic Regression,Avalon
223,1,0,1,Logistic Regression,Avalon
225,1,1,1,Logistic Regression,Avalon
227,2,2,1,Logistic Regression,Avalon
235,1,1,1,Logistic Regression,Avalon
249,2,2,1,Logistic Regression,Avalon
260,2,2,1,Logistic Regression,Avalon
267,0,1,1,Logistic Regression,Avalon
275,0,2,1,Logistic Regression,Avalon
282,2,2,1,Logistic Regression,Avalon
284,2,2,1,Logistic Regression,Avalon
285,2,1,1,Logistic Regression,Avalon
287,1,0,1,Logistic Regression,Avalon
288,0,1,1,Logistic Regression,Avalon
303,0,2,1,Logistic Regression,Avalon
309,0,0,1,Logistic Regression,Avalon
339,1,1,1,Logistic Regression,Avalon
374,2,1,1,Logistic Regression,Avalon
380,0,0,1,Logistic Regression,Avalon
403,0,0,1,Logistic Regression,Avalon
407,2,1,1,Logistic Regression,Avalon
413,0,0,1,Logistic Regression,Avalon
425,0,0,1,Logistic Regression,Avalon
436,2,2,1,Logistic Regression,Avalon
446,0,1,1,Logistic Regression,Avalon
4,1,0,2,Logistic Regression,Avalon
8,1,1,2,Logistic Regression,Avalon
16,1,1,2,Logistic Regression,Avalon
21,2,2,2,Logistic Regression,Avalon
32,1,0,2,Logistic Regression,Avalon
35,2,2,2,Logistic Regression,Avalon
39,2,2,2,Logistic Regression,Avalon
45,2,2,2,Logistic Regression,Avalon
54,1,2,2,Logistic Regression,Avalon
62,1,1,2,Logistic Regression,Avalon
67,1,2,2,Logistic Regression,Avalon
71,1,1,2,Logistic Regression,Avalon
74,1,1,2,Logistic Regression,Avalon
75,1,1,2,Logistic Regression,Avalon
79,1,1,2,Logistic Regression,Avalon
80,1,1,2,Logistic Regression,Avalon
83,1,1,2,Logistic Regression,Avalon
86,1,0,2,Logistic Regression,Avalon
89,1,1,2,Logistic Regression,Avalon
93,1,1,2,Logistic Regression,Avalon
99,1,1,2,Logistic Regression,Avalon
102,1,2,2,Logistic Regression,Avalon
115,2,1,2,Logistic Regression,Avalon
123,1,1,2,Logistic Regression,Avalon
131,1,1,2,Logistic Regression,Avalon
133,0,2,2,Logistic Regression,Avalon
143,0,0,2,Logistic Regression,Avalon
146,0,0,2,Logistic Regression,Avalon
148,0,2,2,Logistic Regression,Avalon
163,2,1,2,Logistic Regression,Avalon
164,2,1,2,Logistic Regression,Avalon
168,1,1,2,Logistic Regression,Avalon
173,2,2,2,Logistic Regression,Avalon
185,2,2,2,Logistic Regression,Avalon
187,0,0,2,Logistic Regression,Avalon
192,2,2,2,Logistic Regression,Avalon
194,2,2,2,Logistic Regression,Avalon
195,2,1,2,Logistic Regression,Avalon
211,0,1,2,Logistic Regression,Avalon
221,1,1,2,Logistic Regression,Avalon
236,1,1,2,Logistic Regression,Avalon
251,0,0,2,Logistic Regression,Avalon
277,2,0,2,Logistic Regression,Avalon
299,0,1,2,Logistic Regression,Avalon
326,2,2,2,Logistic Regression,Avalon
329,2,2,2,Logistic Regression,Avalon
345,0,0,2,Logistic Regression,Avalon
349,2,2,2,Logistic Regression,Avalon
363,0,2,2,Logistic Regression,Avalon
373,2,0,2,Logistic Regression,Avalon
381,0,2,2,Logistic Regression,Avalon
384,0,2,2,Logistic Regression,Avalon
432,0,0,2,Logistic Regression,Avalon
434,2,2,2,Logistic Regression,Avalon
437,2,2,2,Logistic Regression,Avalon
448,0,1,2,Logistic Regression,Avalon
10,1,1,3,Logistic Regression,Avalon
11,1,1,3,Logistic Regression,Avalon
24,2,0,3,Logistic Regression,Avalon
42,2,1,3,Logistic Regression,Avalon
50,1,2,3,Logistic Regression,Avalon
55,1,1,3,Logistic Regression,Avalon
72,1,1,3,Logistic Regression,Avalon
73,1,1,3,Logistic Regression,Avalon
77,1,1,3,Logistic Regression,Avalon
78,1,1,3,Logistic Regression,Avalon
84,1,1,3,Logistic Regression,Avalon
87,1,1,3,Logistic Regression,Avalon
96,1,1,3,Logistic Regression,Avalon
108,1,1,3,Logistic Regression,Avalon
110,1,1,3,Logistic Regression,Avalon
112,1,1,3,Logistic Regression,Avalon
113,2,1,3,Logistic Regression,Avalon
118,1,1,3,Logistic Regression,Avalon
124,1,2,3,Logistic Regression,Avalon
125,1,1,3,Logistic Regression,Avalon
128,1,2,3,Logistic Regression,Avalon
132,2,0,3,Logistic Regression,Avalon
135,2,1,3,Logistic Regression,Avalon
140,2,2,3,Logistic Regression,Avalon
144,0,1,3,Logistic Regression,Avalon
147,0,0,3,Logistic Regression,Avalon
158,1,1,3,Logistic Regression,Avalon
165,1,1,3,Logistic Regression,Avalon
171,2,1,3,Logistic Regression,Avalon
176,2,2,3,Logistic Regression,Avalon
178,2,1,3,Logistic Regression,Avalon
179,2,0,3,Logistic Regression,Avalon
181,2,2,3,Logistic Regression,Avalon
204,0,2,3,Logistic Regression,Avalon
213,0,2,3,Logistic Regression,Avalon
216,2,2,3,Logistic Regression,Avalon
219,0,2,3,Logistic Regression,Avalon
224,1,2,3,Logistic Regression,Avalon
231,2,2,3,Logistic Regression,Avalon
244,0,2,3,Logistic Regression,Avalon
246,2,2,3,Logistic Regression,Avalon
248,2,0,3,Logistic Regression,Avalon
290,0,0,3,Logistic Regression,Avalon
293,0,2,3,Logistic Regression,Avalon
298,0,2,3,Logistic Regression,Avalon
305,0,2,3,Logistic Regression,Avalon
318,0,0,3,Logistic Regression,Avalon
322,2,2,3,Logistic Regression,Avalon
325,1,0,3,Logistic Regression,Avalon
328,2,2,3,Logistic Regression,Avalon
356,2,0,3,Logistic Regression,Avalon
369,0,2,3,Logistic Regression,Avalon
378,1,2,3,Logistic Regression,Avalon
382,0,1,3,Logistic Regression,Avalon
428,0,0,3,Logistic Regression,Avalon
435,2,2,3,Logistic Regression,Avalon
1,1,0,4,Logistic Regression,Avalon
3,2,0,4,Logistic Regression,Avalon
5,1,1,4,Logistic Regression,Avalon
9,1,1,4,Logistic Regression,Avalon
17,2,2,4,Logistic Regression,Avalon
18,2,2,4,Logistic Regression,Avalon
19,2,2,4,Logistic Regression,Avalon
20,2,2,4,Logistic Regression,Avalon
22,1,1,4,Logistic Regression,Avalon
31,1,0,4,Logistic Regression,Avalon
40,2,2,4,Logistic Regression,Avalon
43,2,1,4,Logistic Regression,Avalon
49,1,1,4,Logistic Regression,Avalon
64,1,1,4,Logistic Regression,Avalon
88,1,1,4,Logistic Regression,Avalon
91,1,1,4,Logistic Regression,Avalon
95,1,1,4,Logistic Regression,Avalon
98,1,1,4,Logistic Regression,Avalon
105,1,1,4,Logistic Regression,Avalon
107,1,1,4,Logistic Regression,Avalon
111,1,1,4,Logistic Regression,Avalon
114,2,1,4,Logistic Regression,Avalon
117,1,1,4,Logistic Regression,Avalon
120,1,1,4,Logistic Regression,Avalon
130,1,1,4,Logistic Regression,Avalon
134,2,1,4,Logistic Regression,Avalon
136,2,2,4,Logistic Regression,Avalon
153,2,1,4,Logistic Regression,Avalon
160,2,2,4,Logistic Regression,Avalon
186,2,2,4,Logistic Regression,Avalon
188,0,0,4,Logistic Regression,Avalon
190,2,2,4,Logistic Regression,Avalon
206,0,0,4,Logistic Regression,Avalon
209,0,1,4,Logistic Regression,Avalon
220,0,0,4,Logistic Regression,Avalon
234,2,2,4,Logistic Regression,Avalon
237,1,1,4,Logistic Regression,Avalon
239,1,1,4,Logistic Regression,Avalon
240,1,0,4,Logistic Regression,Avalon
241,1,0,4,Logistic Regression,Avalon
242,0,2,4,Logistic Regression,Avalon
256,0,2,4,Logistic Regression,Avalon
278,0,1,4,Logistic Regression,Avalon
281,0,1,4,Logistic Regression,Avalon
291,0,1,4,Logistic Regression,Avalon
307,0,0,4,Logistic Regression,Avalon
308,0,0,4,Logistic Regression,Avalon
312,2,1,4,Logistic Regression,Avalon
324,2,2,4,Logistic Regression,Avalon
327,1,2,4,Logistic Regression,Avalon
344,2,1,4,Logistic Regression,Avalon
385,2,0,4,Logistic Regression,Avalon
398,2,1,4,Logistic Regression,Avalon
417,0,2,4,Logistic Regression,Avalon
439,0,0,4,Logistic Regression,Avalon
440,0,0,4,Logistic Regression,Avalon
13,1,1,5,Logistic Regression,Avalon
14,2,2,5,Logistic Regression,Avalon
25,1,2,5,Logistic Regression,Avalon
36,2,0,5,Logistic Regression,Avalon
37,2,1,5,Logistic Regression,Avalon
41,2,2,5,Logistic Regression,Avalon
44,2,0,5,Logistic Regression,Avalon
47,2,1,5,Logistic Regression,Avalon
48,0,2,5,Logistic Regression,Avalon
51,1,1,5,Logistic Regression,Avalon
52,1,1,5,Logistic Regression,Avalon
56,1,1,5,Logistic Regression,Avalon
57,1,2,5,Logistic Regression,Avalon
60,2,1,5,Logistic Regression,Avalon
63,1,1,5,Logistic Regression,Avalon
68,1,2,5,Logistic Regression,Avalon
82,1,2,5,Logistic Regression,Avalon
92,1,1,5,Logistic Regression,Avalon
103,1,1,5,Logistic Regression,Avalon
106,1,1,5,Logistic Regression,Avalon
116,2,1,5,Logistic Regression,Avalon
119,1,1,5,Logistic Regression,Avalon
127,1,2,5,Logistic Regression,Avalon
145,0,0,5,Logistic Regression,Avalon
155,2,1,5,Logistic Regression,Avalon
156,1,1,5,Logistic Regression,Avalon
159,2,2,5,Logistic Regression,Avalon
161,2,2,5,Logistic Regression,Avalon
162,2,1,5,Logistic Regression,Avalon
166,1,1,5,Logistic Regression,Avalon
177,2,2,5,Logistic Regression,Avalon
182,2,2,5,Logistic Regression,Avalon
184,2,2,5,Logistic Regression,Avalon
191,2,2,5,Logistic Regression,Avalon
196,0,1,5,Logistic Regression,Avalon
198,0,1,5,Logistic Regression,Avalon
203,0,0,5,Logistic Regression,Avalon
217,2,0,5,Logistic Regression,Avalon
218,2,2,5,Logistic Regression,Avalon
222,1,1,5,Logistic Regression,Avalon
238,1,1,5,Logistic Regression,Avalon
283,2,2,5,Logistic Regression,Avalon
286,1,2,5,Logistic Regression,Avalon
289,0,1,5,Logistic Regression,Avalon
296,0,0,5,Logistic Regression,Avalon
297,0,1,5,Logistic Regression,Avalon
333,1,1,5,Logistic Regression,Avalon
357,1,0,5,Logistic Regression,Avalon
360,0,0,5,Logistic Regression,Avalon
366,0,0,5,Logistic Regression,Avalon
372,2,2,5,Logistic Regression,Avalon
390,0,1,5,Logistic Regression,Avalon
400,1,1,5,Logistic Regression,Avalon
409,0,1,5,Logistic Regression,Avalon
421,0,1,5,Logistic Regression,Avalon
2,1,1,1,SVM,Avalon
6,2,2,1,SVM,Avalon
7,1,1,1,SVM,Avalon
12,1,1,1,SVM,Avalon
15,2,0,1,SVM,Avalon
27,1,1,1,SVM,Avalon
29,1,0,1,SVM,Avalon
46,2,2,1,SVM,Avalon
53,1,1,1,SVM,Avalon
58,1,1,1,SVM,Avalon
65,1,1,1,SVM,Avalon
69,1,0,1,SVM,Avalon
76,1,1,1,SVM,Avalon
81,1,1,1,SVM,Avalon
85,1,0,1,SVM,Avalon
90,1,1,1,SVM,Avalon
94,1,1,1,SVM,Avalon
97,1,1,1,SVM,Avalon
100,1,1,1,SVM,Avalon
101,1,1,1,SVM,Avalon
104,1,1,1,SVM,Avalon
121,2,0,1,SVM,Avalon
122,2,1,1,SVM,Avalon
149,2,1,1,SVM,Avalon
172,2,2,1,SVM,Avalon
174,2,2,1,SVM,Avalon
180,2,1,1,SVM,Avalon
183,2,2,1,SVM,Avalon
189,0,0,1,SVM,Avalon
193,2,2,1,SVM,Avalon
199,0,0,1,SVM,Avalon
215,0,0,1,SVM,Avalon
223,1,0,1,SVM,Avalon
225,1,1,1,SVM,Avalon
227,2,2,1,SVM,Avalon
235,1,1,1,SVM,Avalon
249,2,0,1,SVM,Avalon
260,2,0,1,SVM,Avalon
267,0,2,1,SVM,Avalon
275,0,2,1,SVM,Avalon
282,2,2,1,SVM,Avalon
284,2,2,1,SVM,Avalon
285,2,0,1,SVM,Avalon
287,1,2,1,SVM,Avalon
288,0,1,1,SVM,Avalon
303,0,2,1,SVM,Avalon
309,0,0,1,SVM,Avalon
339,1,0,1,SVM,Avalon
374,2,1,1,SVM,Avalon
380,0,1,1,SVM,Avalon
403,0,0,1,SVM,Avalon
407,2,1,1,SVM,Avalon
413,0,0,1,SVM,Avalon
425,0,0,1,SVM,Avalon
436,2,2,1,SVM,Avalon
446,0,1,1,SVM,Avalon
4,1,0,2,SVM,Avalon
8,1,1,2,SVM,Avalon
16,1,1,2,SVM,Avalon
21,2,2,2,SVM,Avalon
32,1,2,2,SVM,Avalon
35,2,2,2,SVM,Avalon
39,2,2,2,SVM,Avalon
45,2,2,2,SVM,Avalon
54,1,2,2,SVM,Avalon
62,1,1,2,SVM,Avalon
67,1,2,2,SVM,Avalon
71,1,1,2,SVM,Avalon
74,1,1,2,SVM,Avalon
75,1,1,2,SVM,Avalon
79,1,1,2,SVM,Avalon
80,1,1,2,SVM,Avalon
83,1,1,2,SVM,Avalon
86,1,2,2,SVM,Avalon
89,1,1,2,SVM,Avalon
93,1,1,2,SVM,Avalon
99,1,1,2,SVM,Avalon
102,1,2,2,SVM,Avalon
115,2,1,2,SVM,Avalon
123,1,1,2,SVM,Avalon
131,1,1,2,SVM,Avalon
133,0,2,2,SVM,Avalon
143,0,0,2,SVM,Avalon
146,0,0,2,SVM,Avalon
148,0,2,2,SVM,Avalon
163,2,1,2,SVM,Avalon
164,2,2,2,SVM,Avalon
168,1,1,2,SVM,Avalon
173,2,2,2,SVM,Avalon
185,2,2,2,SVM,Avalon
187,0,0,2,SVM,Avalon
192,2,2,2,SVM,Avalon
194,2,2,2,SVM,Avalon
195,2,2,2,SVM,Avalon
211,0,2,2,SVM,Avalon
221,1,1,2,SVM,Avalon
236,1,1,2,SVM,Avalon
251,0,0,2,SVM,Avalon
277,2,0,2,SVM,Avalon
299,0,1,2,SVM,Avalon
326,2,2,2,SVM,Avalon
329,2,2,2,SVM,Avalon
345,0,0,2,SVM,Avalon
349,2,2,2,SVM,Avalon
363,0,2,2,SVM,Avalon
373,2,1,2,SVM,Avalon
381,0,2,2,SVM,Avalon
384,0,2,2,SVM,Avalon
432,0,0,2,SVM,Avalon
434,2,2,2,SVM,Avalon
437,2,2,2,SVM,Avalon
448,0,1,2,SVM,Avalon
10,1,1,3,SVM,Avalon
11,1,1,3,SVM,Avalon
24,2,0,3,SVM,Avalon
42,2,2,3,SVM,Avalon
50,1,2,3,SVM,Avalon
55,1,1,3,SVM,Avalon
72,1,1,3,SVM,Avalon
73,1,1,3,SVM,Avalon
77,1,1,3,SVM,Avalon
78,1,1,3,SVM,Avalon
84,1,1,3,SVM,Avalon
87,1,1,3,SVM,Avalon
96,1,1,3,SVM,Avalon
108,1,1,3,SVM,Avalon
110,1,1,3,SVM,Avalon
112,1,1,3,SVM,Avalon
113,2,1,3,SVM,Avalon
118,1,1,3,SVM,Avalon
124,1,2,3,SVM,Avalon
125,1,1,3,SVM,Avalon
128,1,2,3,SVM,Avalon
132,2,0,3,SVM,Avalon
135,2,1,3,SVM,Avalon
140,2,0,3,SVM,Avalon
144,0,0,3,SVM,Avalon
147,0,0,3,SVM,Avalon
158,1,1,3,SVM,Avalon
165,1,1,3,SVM,Avalon
171,2,1,3,SVM,Avalon
176,2,2,3,SVM,Avalon
178,2,1,3,SVM,Avalon
179,2,1,3,SVM,Avalon
181,2,2,3,SVM,Avalon
204,0,2,3,SVM,Avalon
213,0,2,3,SVM,Avalon
216,2,2,3,SVM,Avalon
219,0,2,3,SVM,Avalon
224,1,2,3,SVM,Avalon
231,2,2,3,SVM,Avalon
244,0,2,3,SVM,Avalon
246,2,2,3,SVM,Avalon
248,2,0,3,SVM,Avalon
290,0,0,3,SVM,Avalon
293,0,0,3,SVM,Avalon
298,0,2,3,SVM,Avalon
305,0,2,3,SVM,Avalon
318,0,2,3,SVM,Avalon
322,2,1,3,SVM,Avalon
325,1,0,3,SVM,Avalon
328,2,2,3,SVM,Avalon
356,2,0,3,SVM,Avalon
369,0,2,3,SVM,Avalon
378,1,2,3,SVM,Avalon
382,0,2,3,SVM,Avalon
428,0,0,3,SVM,Avalon
435,2,2,3,SVM,Avalon
1,1,0,4,SVM,Avalon
3,2,0,4,SVM,Avalon
5,1,1,4,SVM,Avalon
9,1,1,4,SVM,Avalon
17,2,2,4,SVM,Avalon
18,2,2,4,SVM,Avalon
19,2,2,4,SVM,Avalon
20,2,2,4,SVM,Avalon
22,1,1,4,SVM,Avalon
31,1,0,4,SVM,Avalon
40,2,2,4,SVM,Avalon
43,2,1,4,SVM,Avalon
49,1,1,4,SVM,Avalon
64,1,1,4,SVM,Avalon
88,1,1,4,SVM,Avalon
91,1,1,4,SVM,Avalon
95,1,1,4,SVM,Avalon
98,1,1,4,SVM,Avalon
105,1,1,4,SVM,Avalon
107,1,1,4,SVM,Avalon
111,1,1,4,SVM,Avalon
114,2,1,4,SVM,Avalon
117,1,1,4,SVM,Avalon
120,1,1,4,SVM,Avalon
130,1,1,4,SVM,Avalon
134,2,1,4,SVM,Avalon
136,2,2,4,SVM,Avalon
153,2,0,4,SVM,Avalon
160,2,2,4,SVM,Avalon
186,2,2,4,SVM,Avalon
188,0,0,4,SVM,Avalon
190,2,2,4,SVM,Avalon
206,0,0,4,SVM,Avalon
209,0,1,4,SVM,Avalon
220,0,0,4,SVM,Avalon
234,2,2,4,SVM,Avalon
237,1,1,4,SVM,Avalon
239,1,1,4,SVM,Avalon
240,1,1,4,SVM,Avalon
241,1,1,4,SVM,Avalon
242,0,2,4,SVM,Avalon
256,0,0,4,SVM,Avalon
278,0,1,4,SVM,Avalon
281,0,1,4,SVM,Avalon
291,0,0,4,SVM,Avalon
307,0,0,4,SVM,Avalon
308,0,0,4,SVM,Avalon
312,2,1,4,SVM,Avalon
324,2,2,4,SVM,Avalon
327,1,2,4,SVM,Avalon
344,2,0,4,SVM,Avalon
385,2,0,4,SVM,Avalon
398,2,1,4,SVM,Avalon
417,0,0,4,SVM,Avalon
439,0,0,4,SVM,Avalon
440,0,0,4,SVM,Avalon
13,1,1,5,SVM,Avalon
14,2,2,5,SVM,Avalon
25,1,2,5,SVM,Avalon
36,2,0,5,SVM,Avalon
37,2,0,5,SVM,Avalon
41,2,2,5,SVM,Avalon
44,2,0,5,SVM,Avalon
47,2,1,5,SVM,Avalon
48,0,2,5,SVM,Avalon
51,1,1,5,SVM,Avalon
52,1,1,5,SVM,Avalon
56,1,1,5,SVM,Avalon
57,1,2,5,SVM,Avalon
60,2,1,5,SVM,Avalon
63,1,1,5,SVM,Avalon
68,1,2,5,SVM,Avalon
82,1,1,5,SVM,Avalon
92,1,1,5,SVM,Avalon
103,1,1,5,SVM,Avalon
106,1,1,5,SVM,Avalon
116,2,1,5,SVM,Avalon
119,1,1,5,SVM,Avalon
127,1,1,5,SVM,Avalon
145,0,0,5,SVM,Avalon
155,2,1,5,SVM,Avalon
156,1,1,5,SVM,Avalon
159,2,2,5,SVM,Avalon
161,2,2,5,SVM,Avalon
162,2,1,5,SVM,Avalon
166,1,1,5,SVM,Avalon
177,2,2,5,SVM,Avalon
182,2,2,5,SVM,Avalon
184,2,2,5,SVM,Avalon
191,2,2,5,SVM,Avalon
196,0,0,5,SVM,Avalon
198,0,0,5,SVM,Avalon
203,0,2,5,SVM,Avalon
217,2,0,5,SVM,Avalon
218,2,2,5,SVM,Avalon
222,1,1,5,SVM,Avalon
238,1,1,5,SVM,Avalon
283,2,2,5,SVM,Avalon
286,1,2,5,SVM,Avalon
289,0,1,5,SVM,Avalon
296,0,0,5,SVM,Avalon
297,0,1,5,SVM,Avalon
333,1,1,5,SVM,Avalon
357,1,0,5,SVM,Avalon
360,0,0,5,SVM,Avalon
366,0,0,5,SVM,Avalon
372,2,2,5,SVM,Avalon
390,0,1,5,SVM,Avalon
400,1,1,5,SVM,Avalon
409,0,0,5,SVM,Avalon
421,0,1,5,SVM,Avalon
2,1,1,1,Random Forest,Avalon
6,2,2,1,Random Forest,Avalon
7,1,0,1,Random Forest,Avalon
12,1,1,1,Random Forest,Avalon
15,2,0,1,Random Forest,Avalon
27,1,1,1,Random Forest,Avalon
29,1,0,1,Random Forest,Avalon
46,2,2,1,Random Forest,Avalon
53,1,1,1,Random Forest,Avalon
58,1,1,1,Random Forest,Avalon
65,1,1,1,Random Forest,Avalon
69,1,0,1,Random Forest,Avalon
76,1,1,1,Random Forest,Avalon
81,1,1,1,Random Forest,Avalon
85,1,0,1,Random Forest,Avalon
90,1,1,1,Random Forest,Avalon
94,1,1,1,Random Forest,Avalon
97,1,1,1,Random Forest,Avalon
100,1,1,1,Random Forest,Avalon
101,1,1,1,Random Forest,Avalon
104,1,1,1,Random Forest,Avalon
121,2,0,1,Random Forest,Avalon
122,2,1,1,Random Forest,Avalon
149,2,1,1,Random Forest,Avalon
172,2,2,1,Random Forest,Avalon
174,2,2,1,Random Forest,Avalon
180,2,0,1,Random Forest,Avalon
183,2,2,1,Random Forest,Avalon
189,0,0,1,Random Forest,Avalon
193,2,2,1,Random Forest,Avalon
199,0,0,1,Random Forest,Avalon
215,0,0,1,Random Forest,Avalon
223,1,0,1,Random Forest,Avalon
225,1,1,1,Random Forest,Avalon
227,2,2,1,Random Forest,Avalon
235,1,1,1,Random Forest,Avalon
249,2,0,1,Random Forest,Avalon
260,2,0,1,Random Forest,Avalon
267,0,1,1,Random Forest,Avalon
275,0,2,1,Random Forest,Avalon
282,2,2,1,Random Forest,Avalon
284,2,2,1,Random Forest,Avalon
285,2,2,1,Random Forest,Avalon
287,1,2,1,Random Forest,Avalon
288,0,2,1,Random Forest,Avalon
303,0,2,1,Random Forest,Avalon
309,0,1,1,Random Forest,Avalon
339,1,0,1,Random Forest,Avalon
374,2,1,1,Random Forest,Avalon
380,0,1,1,Random Forest,Avalon
403,0,0,1,Random Forest,Avalon
407,2,2,1,Random Forest,Avalon
413,0,0,1,Random Forest,Avalon
425,0,0,1,Random Forest,Avalon
436,2,2,1,Random Forest,Avalon
446,0,1,1,Random Forest,Avalon
4,1,0,2,Random Forest,Avalon
8,1,1,2,Random Forest,Avalon
16,1,1,2,Random Forest,Avalon
21,2,2,2,Random Forest,Avalon
32,1,2,2,Random Forest,Avalon
35,2,2,2,Random Forest,Avalon
39,2,2,2,Random Forest,Avalon
45,2,2,2,Random Forest,Avalon
54,1,2,2,Random Forest,Avalon
62,1,1,2,Random Forest,Avalon
67,1,2,2,Random Forest,Avalon
71,1,1,2,Random Forest,Avalon
74,1,2,2,Random Forest,Avalon
75,1,1,2,Random Forest,Avalon
79,1,1,2,Random Forest,Avalon
80,1,1,2,Random Forest,Avalon
83,1,1,2,Random Forest,Avalon
86,1,1,2,Random Forest,Avalon
89,1,1,2,Random Forest,Avalon
93,1,1,2,Random Forest,Avalon
99,1,1,2,Random Forest,Avalon
102,1,2,2,Random Forest,Avalon
115,2,1,2,Random Forest,Avalon
123,1,1,2,Random Forest,Avalon
131,1,1,2,Random Forest,Avalon
133,0,2,2,Random Forest,Avalon
143,0,2,2,Random Forest,Avalon
146,0,0,2,Random Forest,Avalon
148,0,2,2,Random Forest,Avalon
163,2,1,2,Random Forest,Avalon
164,2,1,2,Random Forest,Avalon
168,1,1,2,Random Forest,Avalon
173,2,2,2,Random Forest,Avalon
185,2,2,2,Random Forest,Avalon
187,0,0,2,Random Forest,Avalon
192,2,2,2,Random Forest,Avalon
194,2,2,2,Random Forest,Avalon
195,2,1,2,Random Forest,Avalon
211,0,2,2,Random Forest,Avalon
221,1,1,2,Random Forest,Avalon
236,1,1,2,Random Forest,Avalon
251,0,2,2,Random Forest,Avalon
277,2,0,2,Random Forest,Avalon
299,0,1,2,Random Forest,Avalon
326,2,1,2,Random Forest,Avalon
329,2,2,2,Random Forest,Avalon
345,0,0,2,Random Forest,Avalon
349,2,1,2,Random Forest,Avalon
363,0,2,2,Random Forest,Avalon
373,2,1,2,Random Forest,Avalon
381,0,2,2,Random Forest,Avalon
384,0,2,2,Random Forest,Avalon
432,0,0,2,Random Forest,Avalon
434,2,2,2,Random Forest,Avalon
437,2,2,2,Random Forest,Avalon
448,0,2,2,Random Forest,Avalon
10,1,1,3,Random Forest,Avalon
11,1,1,3,Random Forest,Avalon
24,2,0,3,Random Forest,Avalon
42,2,1,3,Random Forest,Avalon
50,1,2,3,Random Forest,Avalon
55,1,1,3,Random Forest,Avalon
72,1,1,3,Random Forest,Avalon
73,1,1,3,Random Forest,Avalon
77,1,1,3,Random Forest,Avalon
78,1,1,3,Random Forest,Avalon
84,1,1,3,Random Forest,Avalon
87,1,1,3,Random Forest,Avalon
96,1,1,3,Random Forest,Avalon
108,1,1,3,Random Forest,Avalon
110,1,1,3,Random Forest,Avalon
112,1,1,3,Random Forest,Avalon
113,2,1,3,Random Forest,Avalon
118,1,1,3,Random Forest,Avalon
124,1,2,3,Random Forest,Avalon
125,1,1,3,Random Forest,Avalon
128,1,2,3,Random Forest,Avalon
132,2,0,3,Random Forest,Avalon
135,2,1,3,Random Forest,Avalon
140,2,0,3,Random Forest,Avalon
144,0,0,3,Random Forest,Avalon
147,0,0,3,Random Forest,Avalon
158,1,1,3,Random Forest,Avalon
165,1,1,3,Random Forest,Avalon
171,2,1,3,Random Forest,Avalon
176,2,2,3,Random Forest,Avalon
178,2,1,3,Random Forest,Avalon
179,2,2,3,Random Forest,Avalon
181,2,2,3,Random Forest,Avalon
204,0,2,3,Random Forest,Avalon
213,0,2,3,Random Forest,Avalon
216,2,2,3,Random Forest,Avalon
219,0,2,3,Random Forest,Avalon
224,1,2,3,Random Forest,Avalon
231,2,2,3,Random Forest,Avalon
244,0,2,3,Random Forest,Avalon
246,2,2,3,Random Forest,Avalon
248,2,2,3,Random Forest,Avalon
290,0,1,3,Random Forest,Avalon
293,0,0,3,Random Forest,Avalon
298,0,2,3,Random Forest,Avalon
305,0,2,3,Random Forest,Avalon
318,0,2,3,Random Forest,Avalon
322,2,1,3,Random Forest,Avalon
325,1,1,3,Random Forest,Avalon
328,2,2,3,Random Forest,Avalon
356,2,0,3,Random Forest,Avalon
369,0,2,3,Random Forest,Avalon
378,1,2,3,Random Forest,Avalon
382,0,2,3,Random Forest,Avalon
428,0,0,3,Random Forest,Avalon
435,2,2,3,Random Forest,Avalon
1,1,1,4,Random Forest,Avalon
3,2,0,4,Random Forest,Avalon
5,1,1,4,Random Forest,Avalon
9,1,1,4,Random Forest,Avalon
17,2,2,4,Random Forest,Avalon
18,2,2,4,Random Forest,Avalon
19,2,2,4,Random Forest,Avalon
20,2,2,4,Random Forest,Avalon
22,1,1,4,Random Forest,Avalon
31,1,0,4,Random Forest,Avalon
40,2,2,4,Random Forest,Avalon
43,2,1,4,Random Forest,Avalon
49,1,1,4,Random Forest,Avalon
64,1,1,4,Random Forest,Avalon
88,1,1,4,Random Forest,Avalon
91,1,1,4,Random Forest,Avalon
95,1,1,4,Random Forest,Avalon
98,1,1,4,Random Forest,Avalon
105,1,1,4,Random Forest,Avalon
107,1,1,4,Random Forest,Avalon
111,1,1,4,Random Forest,Avalon
114,2,1,4,Random Forest,Avalon
117,1,1,4,Random Forest,Avalon
120,1,1,4,Random Forest,Avalon
130,1,1,4,Random Forest,Avalon
134,2,1,4,Random Forest,Avalon
136,2,2,4,Random Forest,Avalon
153,2,1,4,Random Forest,Avalon
160,2,2,4,Random Forest,Avalon
186,2,2,4,Random Forest,Avalon
188,0,0,4,Random Forest,Avalon
190,2,2,4,Random Forest,Avalon
206,0,0,4,Random Forest,Avalon
209,0,1,4,Random Forest,Avalon
220,0,2,4,Random Forest,Avalon
234,2,2,4,Random Forest,Avalon
237,1,1,4,Random Forest,Avalon
239,1,1,4,Random Forest,Avalon
240,1,1,4,Random Forest,Avalon
241,1,1,4,Random Forest,Avalon
242,0,2,4,Random Forest,Avalon
256,0,2,4,Random Forest,Avalon
278,0,2,4,Random Forest,Avalon
281,0,2,4,Random Forest,Avalon
291,0,1,4,Random Forest,Avalon
307,0,0,4,Random Forest,Avalon
308,0,0,4,Random Forest,Avalon
312,2,1,4,Random Forest,Avalon
324,2,2,4,Random Forest,Avalon
327,1,2,4,Random Forest,Avalon
344,2,2,4,Random Forest,Avalon
385,2,2,4,Random Forest,Avalon
398,2,1,4,Random Forest,Avalon
417,0,2,4,Random Forest,Avalon
439,0,0,4,Random Forest,Avalon
440,0,2,4,Random Forest,Avalon
13,1,1,5,Random Forest,Avalon
14,2,2,5,Random Forest,Avalon
25,1,2,5,Random Forest,Avalon
36,2,0,5,Random Forest,Avalon
37,2,1,5,Random Forest,Avalon
41,2,0,5,Random Forest,Avalon
44,2,2,5,Random Forest,Avalon
47,2,1,5,Random Forest,Avalon
48,0,2,5,Random Forest,Avalon
51,1,1,5,Random Forest,Avalon
52,1,1,5,Random Forest,Avalon
56,1,1,5,Random Forest,Avalon
57,1,2,5,Random Forest,Avalon
60,2,1,5,Random Forest,Avalon
63,1,1,5,Random Forest,Avalon
68,1,2,5,Random Forest,Avalon
82,1,1,5,Random Forest,Avalon
92,1,1,5,Random Forest,Avalon
103,1,1,5,Random Forest,Avalon
106,1,1,5,Random Forest,Avalon
116,2,1,5,Random Forest,Avalon
119,1,1,5,Random Forest,Avalon
127,1,2,5,Random Forest,Avalon
145,0,0,5,Random Forest,Avalon
155,2,1,5,Random Forest,Avalon
156,1,1,5,Random Forest,Avalon
159,2,2,5,Random Forest,Avalon
161,2,2,5,Random Forest,Avalon
162,2,1,5,Random Forest,Avalon
166,1,1,5,Random Forest,Avalon
177,2,2,5,Random Forest,Avalon
182,2,2,5,Random Forest,Avalon
184,2,2,5,Random Forest,Avalon
191,2,2,5,Random Forest,Avalon
196,0,1,5,Random Forest,Avalon
198,0,0,5,Random Forest,Avalon
203,0,2,5,Random Forest,Avalon
217,2,0,5,Random Forest,Avalon
218,2,2,5,Random Forest,Avalon
222,1,1,5,Random Forest,Avalon
238,1,1,5,Random Forest,Avalon
283,2,2,5,Random Forest,Avalon
286,1,2,5,Random Forest,Avalon
289,0,1,5,Random Forest,Avalon
296,0,0,5,Random Forest,Avalon
297,0,1,5,Random Forest,Avalon
333,1,1,5,Random Forest,Avalon
357,1,0,5,Random Forest,Avalon
360,0,2,5,Random Forest,Avalon
366,0,0,5,Random Forest,Avalon
372,2,2,5,Random Forest,Avalon
390,0,1,5,Random Forest,Avalon
400,1,1,5,Random Forest,Avalon
409,0,0,5,Random Forest,Avalon
421,0,1,5,Random Forest,Avalon
2,1,0,1,kNN,Avalon
6,2,2,1,kNN,Avalon
7,1,0,1,kNN,Avalon
12,1,0,1,kNN,Avalon
15,2,0,1,kNN,Avalon
27,1,1,1,kNN,Avalon
29,1,0,1,kNN,Avalon
46,2,1,1,kNN,Avalon
53,1,1,1,kNN,Avalon
58,1,1,1,kNN,Avalon
65,1,0,1,kNN,Avalon
69,1,0,1,kNN,Avalon
76,1,1,1,kNN,Avalon
81,1,1,1,kNN,Avalon
85,1,2,1,kNN,Avalon
90,1,1,1,kNN,Avalon
94,1,1,1,kNN,Avalon
97,1,1,1,kNN,Avalon
100,1,1,1,kNN,Avalon
101,1,0,1,kNN,Avalon
104,1,1,1,kNN,Avalon
121,2,0,1,kNN,Avalon
122,2,0,1,kNN,Avalon
149,2,1,1,kNN,Avalon
172,2,2,1,kNN,Avalon
174,2,2,1,kNN,Avalon
180,2,1,1,kNN,Avalon
183,2,2,1,kNN,Avalon
189,0,1,1,kNN,Avalon
193,2,2,1,kNN,Avalon
199,0,0,1,kNN,Avalon
215,0,0,1,kNN,Avalon
223,1,0,1,kNN,Avalon
225,1,2,1,kNN,Avalon
227,2,2,1,kNN,Avalon
235,1,1,1,kNN,Avalon
249,2,0,1,kNN,Avalon
260,2,0,1,kNN,Avalon
267,0,1,1,kNN,Avalon
275,0,2,1,kNN,Avalon
282,2,2,1,kNN,Avalon
284,2,2,1,kNN,Avalon
285,2,2,1,kNN,Avalon
287,1,0,1,kNN,Avalon
288,0,1,1,kNN,Avalon
303,0,1,1,kNN,Avalon
309,0,0,1,kNN,Avalon
339,1,0,1,kNN,Avalon
374,2,1,1,kNN,Avalon
380,0,0,1,kNN,Avalon
403,0,1,1,kNN,Avalon
407,2,2,1,kNN,Avalon
413,0,0,1,kNN,Avalon
425,0,1,1,kNN,Avalon
436,2,2,1,kNN,Avalon
446,0,2,1,kNN,Avalon
4,1,0,2,kNN,Avalon
8,1,0,2,kNN,Avalon
16,1,0,2,kNN,Avalon
21,2,2,2,kNN,Avalon
32,1,1,2,kNN,Avalon
35,2,2,2,kNN,Avalon
39,2,2,2,kNN,Avalon
45,2,2,2,kNN,Avalon
54,1,1,2,kNN,Avalon
62,1,1,2,kNN,Avalon
67,1,2,2,kNN,Avalon
71,1,1,2,kNN,Avalon
74,1,0,2,kNN,Avalon
75,1,1,2,kNN,Avalon
79,1,1,2,kNN,Avalon
80,1,1,2,kNN,Avalon
83,1,1,2,kNN,Avalon
86,1,1,2,kNN,Avalon
89,1,1,2,kNN,Avalon
93,1,2,2,kNN,Avalon
99,1,0,2,kNN,Avalon
102,1,2,2,kNN,Avalon
115,2,1,2,kNN,Avalon
123,1,1,2,kNN,Avalon
131,1,1,2,kNN,Avalon
133,0,0,2,kNN,Avalon
143,0,0,2,kNN,Avalon
146,0,0,2,kNN,Avalon
148,0,2,2,kNN,Avalon
163,2,1,2,kNN,Avalon
164,2,2,2,kNN,Avalon
168,1,2,2,kNN,Avalon
173,2,1,2,kNN,Avalon
185,2,2,2,kNN,Avalon
187,0,2,2,kNN,Avalon
192,2,2,2,kNN,Avalon
194,2,2,2,kNN,Avalon
195,2,2,2,kNN,Avalon
211,0,0,2,kNN,Avalon
221,1,0,2,kNN,Avalon
236,1,1,2,kNN,Avalon
251,0,1,2,kNN,Avalon
277,2,1,2,kNN,Avalon
299,0,1,2,kNN,Avalon
326,2,0,2,kNN,Avalon
329,2,2,2,kNN,Avalon
345,0,2,2,kNN,Avalon
349,2,2,2,kNN,Avalon
363,0,1,2,kNN,Avalon
373,2,1,2,kNN,Avalon
381,0,0,2,kNN,Avalon
384,0,2,2,kNN,Avalon
432,0,0,2,kNN,Avalon
434,2,2,2,kNN,Avalon
437,2,2,2,kNN,Avalon
448,0,2,2,kNN,Avalon
10,1,1,3,kNN,Avalon
11,1,2,3,kNN,Avalon
24,2,0,3,kNN,Avalon
42,2,1,3,kNN,Avalon
50,1,2,3,kNN,Avalon
55,1,1,3,kNN,Avalon
72,1,1,3,kNN,Avalon
73,1,1,3,kNN,Avalon
77,1,1,3,kNN,Avalon
78,1,1,3,kNN,Avalon
84,1,2,3,kNN,Avalon
87,1,1,3,kNN,Avalon
96,1,1,3,kNN,Avalon
108,1,1,3,kNN,Avalon
110,1,1,3,kNN,Avalon
112,1,1,3,kNN,Avalon
113,2,1,3,kNN,Avalon
118,1,1,3,kNN,Avalon
124,1,0,3,kNN,Avalon
125,1,0,3,kNN,Avalon
128,1,2,3,kNN,Avalon
132,2,0,3,kNN,Avalon
135,2,2,3,kNN,Avalon
140,2,0,3,kNN,Avalon
144,0,0,3,kNN,Avalon
147,0,0,3,kNN,Avalon
158,1,1,3,kNN,Avalon
165,1,1,3,kNN,Avalon
171,2,2,3,kNN,Avalon
176,2,1,3,kNN,Avalon
178,2,1,3,kNN,Avalon
179,2,1,3,kNN,Avalon
181,2,2,3,kNN,Avalon
204,0,2,3,kNN,Avalon
213,0,2,3,kNN,Avalon
216,2,2,3,kNN,Avalon
219,0,2,3,kNN,Avalon
224,1,1,3,kNN,Avalon
231,2,2,3,kNN,Avalon
244,0,0,3,kNN,Avalon
246,2,2,3,kNN,Avalon
248,2,2,3,kNN,Avalon
290,0,2,3,kNN,Avalon
293,0,2,3,kNN,Avalon
298,0,2,3,kNN,Avalon
305,0,2,3,kNN,Avalon
318,0,2,3,kNN,Avalon
322,2,0,3,kNN,Avalon
325,1,0,3,kNN,Avalon
328,2,2,3,kNN,Avalon
356,2,2,3,kNN,Avalon
369,0,1,3,kNN,Avalon
378,1,2,3,kNN,Avalon
382,0,0,3,kNN,Avalon
428,0,0,3,kNN,Avalon
435,2,2,3,kNN,Avalon
1,1,0,4,kNN,Avalon
3,2,0,4,kNN,Avalon
5,1,2,4,kNN,Avalon
9,1,1,4,kNN,Avalon
17,2,2,4,kNN,Avalon
18,2,2,4,kNN,Avalon
19,2,1,4,kNN,Avalon
20,2,0,4,kNN,Avalon
22,1,1,4,kNN,Avalon
31,1,0,4,kNN,Avalon
40,2,2,4,kNN,Avalon
43,2,1,4,kNN,Avalon
49,1,1,4,kNN,Avalon
64,1,1,4,kNN,Avalon
88,1,0,4,kNN,Avalon
91,1,1,4,kNN,Avalon
95,1,1,4,kNN,Avalon
98,1,1,4,kNN,Avalon
105,1,1,4,kNN,Avalon
107,1,1,4,kNN,Avalon
111,1,1,4,kNN,Avalon
114,2,1,4,kNN,Avalon
117,1,1,4,kNN,Avalon
120,1,0,4,kNN,Avalon
130,1,1,4,kNN,Avalon
134,2,1,4,kNN,Avalon
136,2,2,4,kNN,Avalon
153,2,0,4,kNN,Avalon
160,2,2,4,kNN,Avalon
186,2,2,4,kNN,Avalon
188,0,0,4,kNN,Avalon
190,2,2,4,kNN,Avalon
206,0,0,4,kNN,Avalon
209,0,1,4,kNN,Avalon
220,0,2,4,kNN,Avalon
234,2,2,4,kNN,Avalon
237,1,1,4,kNN,Avalon
239,1,1,4,kNN,Avalon
240,1,1,4,kNN,Avalon
241,1,1,4,kNN,Avalon
242,0,2,4,kNN,Avalon
256,0,1,4,kNN,Avalon
278,0,0,4,kNN,Avalon
281,0,2,4,kNN,Avalon
291,0,0,4,kNN,Avalon
307,0,0,4,kNN,Avalon
308,0,2,4,kNN,Avalon
312,2,0,4,kNN,Avalon
324,2,2,4,kNN,Avalon
327,1,2,4,kNN,Avalon
344,2,0,4,kNN,Avalon
385,2,0,4,kNN,Avalon
398,2,1,4,kNN,Avalon
417,0,0,4,kNN,Avalon
439,0,0,4,kNN,Avalon
440,0,0,4,kNN,Avalon
13,1,1,5,kNN,Avalon
14,2,2,5,kNN,Avalon
25,1,0,5,kNN,Avalon
36,2,2,5,kNN,Avalon
37,2,1,5,kNN,Avalon
41,2,0,5,kNN,Avalon
44,2,0,5,kNN,Avalon
47,2,0,5,kNN,Avalon
48,0,1,5,kNN,Avalon
51,1,0,5,kNN,Avalon
52,1,0,5,kNN,Avalon
56,1,1,5,kNN,Avalon
57,1,2,5,kNN,Avalon
60,2,1,5,kNN,Avalon
63,1,1,5,kNN,Avalon
68,1,2,5,kNN,Avalon
82,1,2,5,kNN,Avalon
92,1,1,5,kNN,Avalon
103,1,1,5,kNN,Avalon
106,1,1,5,kNN,Avalon
116,2,0,5,kNN,Avalon
119,1,1,5,kNN,Avalon
127,1,1,5,kNN,Avalon
145,0,0,5,kNN,Avalon
155,2,1,5,kNN,Avalon
156,1,1,5,kNN,Avalon
159,2,1,5,kNN,Avalon
161,2,2,5,kNN,Avalon
162,2,1,5,kNN,Avalon
166,1,1,5,kNN,Avalon
177,2,1,5,kNN,Avalon
182,2,2,5,kNN,Avalon
184,2,2,5,kNN,Avalon
191,2,2,5,kNN,Avalon
196,0,0,5,kNN,Avalon
198,0,0,5,kNN,Avalon
203,0,2,5,kNN,Avalon
217,2,2,5,kNN,Avalon
218,2,2,5,kNN,Avalon
222,1,1,5,kNN,Avalon
238,1,1,5,kNN,Avalon
283,2,2,5,kNN,Avalon
286,1,2,5,kNN,Avalon
289,0,1,5,kNN,Avalon
296,0,1,5,kNN,Avalon
297,0,1,5,kNN,Avalon
333,1,1,5,kNN,Avalon
357,1,0,5,kNN,Avalon
360,0,2,5,kNN,Avalon
366,0,0,5,kNN,Avalon
372,2,2,5,kNN,Avalon
390,0,1,5,kNN,Avalon
400,1,1,5,kNN,Avalon
409,0,1,5,kNN,Avalon
421,0,0,5,kNN,Avalon
2,1,1,1,MLP,Avalon
6,2,2,1,MLP,Avalon
7,1,1,1,MLP,Avalon
12,1,1,1,MLP,Avalon
15,2,0,1,MLP,Avalon
27,1,1,1,MLP,Avalon
29,1,0,1,MLP,Avalon
46,2,0,1,MLP,Avalon
53,1,1,1,MLP,Avalon
58,1,1,1,MLP,Avalon
65,1,1,1,MLP,Avalon
69,1,0,1,MLP,Avalon
76,1,1,1,MLP,Avalon
81,1,1,1,MLP,Avalon
85,1,0,1,MLP,Avalon
90,1,1,1,MLP,Avalon
94,1,1,1,MLP,Avalon
97,1,1,1,MLP,Avalon
100,1,1,1,MLP,Avalon
101,1,1,1,MLP,Avalon
104,1,1,1,MLP,Avalon
121,2,0,1,MLP,Avalon
122,2,1,1,MLP,Avalon
149,2,1,1,MLP,Avalon
172,2,0,1,MLP,Avalon
174,2,2,1,MLP,Avalon
180,2,1,1,MLP,Avalon
183,2,2,1,MLP,Avalon
189,0,0,1,MLP,Avalon
193,2,2,1,MLP,Avalon
199,0,0,1,MLP,Avalon
215,0,0,1,MLP,Avalon
223,1,0,1,MLP,Avalon
225,1,1,1,MLP,Avalon
227,2,2,1,MLP,Avalon
235,1,1,1,MLP,Avalon
249,2,2,1,MLP,Avalon
260,2,0,1,MLP,Avalon
267,0,0,1,MLP,Avalon
275,0,2,1,MLP,Avalon
282,2,2,1,MLP,Avalon
284,2,2,1,MLP,Avalon
285,2,0,1,MLP,Avalon
287,1,2,1,MLP,Avalon
288,0,1,1,MLP,Avalon
303,0,0,1,MLP,Avalon
309,0,0,1,MLP,Avalon
339,1,1,1,MLP,Avalon
374,2,1,1,MLP,Avalon
380,0,1,1,MLP,Avalon
403,0,0,1,MLP,Avalon
407,2,1,1,MLP,Avalon
413,0,0,1,MLP,Avalon
425,0,0,1,MLP,Avalon
436,2,2,1,MLP,Avalon
446,0,1,1,MLP,Avalon
4,1,0,2,MLP,Avalon
8,1,1,2,MLP,Avalon
16,1,1,2,MLP,Avalon
21,2,2,2,MLP,Avalon
32,1,0,2,MLP,Avalon
35,2,2,2,MLP,Avalon
39,2,2,2,MLP,Avalon
45,2,2,2,MLP,Avalon
54,1,2,2,MLP,Avalon
62,1,1,2,MLP,Avalon
67,1,2,2,MLP,Avalon
71,1,1,2,MLP,Avalon
74,1,1,2,MLP,Avalon
75,1,1,2,MLP,Avalon
79,1,1,2,MLP,Avalon
80,1,1,2,MLP,Avalon
83,1,1,2,MLP,Avalon
86,1,2,2,MLP,Avalon
89,1,1,2,MLP,Avalon
93,1,1,2,MLP,Avalon
99,1,1,2,MLP,Avalon
102,1,1,2,MLP,Avalon
115,2,1,2,MLP,Avalon
123,1,1,2,MLP,Avalon
131,1,1,2,MLP,Avalon
133,0,2,2,MLP,Avalon
143,0,0,2,MLP,Avalon
146,0,0,2,MLP,Avalon
148,0,2,2,MLP,Avalon
163,2,1,2,MLP,Avalon
164,2,2,2,MLP,Avalon
168,1,1,2,MLP,Avalon
173,2,2,2,MLP,Avalon
185,2,2,2,MLP,Avalon
187,0,0,2,MLP,Avalon
192,2,2,2,MLP,Avalon
194,2,2,2,MLP,Avalon
195,2,2,2,MLP,Avalon
211,0,1,2,MLP,Avalon
221,1,1,2,MLP,Avalon
236,1,1,2,MLP,Avalon
251,0,0,2,MLP,Avalon
277,2,0,2,MLP,Avalon
299,0,0,2,MLP,Avalon
326,2,2,2,MLP,Avalon
329,2,2,2,MLP,Avalon
345,0,0,2,MLP,Avalon
349,2,1,2,MLP,Avalon
363,0,2,2,MLP,Avalon
373,2,0,2,MLP,Avalon
381,0,2,2,MLP,Avalon
384,0,2,2,MLP,Avalon
432,0,1,2,MLP,Avalon
434,2,2,2,MLP,Avalon
437,2,2,2,MLP,Avalon
448,0,2,2,MLP,Avalon
10,1,1,3,MLP,Avalon
11,1,2,3,MLP,Avalon
24,2,2,3,MLP,Avalon
42,2,2,3,MLP,Avalon
50,1,2,3,MLP,Avalon
55,1,1,3,MLP,Avalon
72,1,1,3,MLP,Avalon
73,1,1,3,MLP,Avalon
77,1,1,3,MLP,Avalon
78,1,1,3,MLP,Avalon
84,1,1,3,MLP,Avalon
87,1,1,3,MLP,Avalon
96,1,1,3,MLP,Avalon
108,1,2,3,MLP,Avalon
110,1,1,3,MLP,Avalon
112,1,1,3,MLP,Avalon
113,2,1,3,MLP,Avalon
118,1,1,3,MLP,Avalon
124,1,2,3,MLP,Avalon
125,1,1,3,MLP,Avalon
128,1,2,3,MLP,Avalon
132,2,0,3,MLP,Avalon
135,2,1,3,MLP,Avalon
140,2,2,3,MLP,Avalon
144,0,0,3,MLP,Avalon
147,0,0,3,MLP,Avalon
158,1,1,3,MLP,Avalon
165,1,1,3,MLP,Avalon
171,2,0,3,MLP,Avalon
176,2,2,3,MLP,Avalon
178,2,1,3,MLP,Avalon
179,2,0,3,MLP,Avalon
181,2,2,3,MLP,Avalon
204,0,2,3,MLP,Avalon
213,0,2,3,MLP,Avalon
216,2,2,3,MLP,Avalon
219,0,2,3,MLP,Avalon
224,1,2,3,MLP,Avalon
231,2,2,3,MLP,Avalon
244,0,2,3,MLP,Avalon
246,2,2,3,MLP,Avalon
248,2,0,3,MLP,Avalon
290,0,0,3,MLP,Avalon
293,0,0,3,MLP,Avalon
298,0,2,3,MLP,Avalon
305,0,2,3,MLP,Avalon
318,0,2,3,MLP,Avalon
322,2,2,3,MLP,Avalon
325,1,2,3,MLP,Avalon
328,2,1,3,MLP,Avalon
356,2,0,3,MLP,Avalon
369,0,0,3,MLP,Avalon
378,1,2,3,MLP,Avalon
382,0,2,3,MLP,Avalon
428,0,0,3,MLP,Avalon
435,2,2,3,MLP,Avalon
1,1,0,4,MLP,Avalon
3,2,2,4,MLP,Avalon
5,1,1,4,MLP,Avalon
9,1,1,4,MLP,Avalon
17,2,2,4,MLP,Avalon
18,2,2,4,MLP,Avalon
19,2,2,4,MLP,Avalon
20,2,2,4,MLP,Avalon
22,1,1,4,MLP,Avalon
31,1,0,4,MLP,Avalon
40,2,2,4,MLP,Avalon
43,2,1,4,MLP,Avalon
49,1,1,4,MLP,Avalon
64,1,1,4,MLP,Avalon
88,1,1,4,MLP,Avalon
91,1,1,4,MLP,Avalon
95,1,1,4,MLP,Avalon
98,1,1,4,MLP,Avalon
105,1,1,4,MLP,Avalon
107,1,1,4,MLP,Avalon
111,1,1,4,MLP,Avalon
114,2,1,4,MLP,Avalon
117,1,1,4,MLP,Avalon
120,1,1,4,MLP,Avalon
130,1,1,4,MLP,Avalon
134,2,1,4,MLP,Avalon
136,2,2,4,MLP,Avalon
153,2,0,4,MLP,Avalon
160,2,2,4,MLP,Avalon
186,2,2,4,MLP,Avalon
188,0,0,4,MLP,Avalon
190,2,2,4,MLP,Avalon
206,0,0,4,MLP,Avalon
209,0,1,4,MLP,Avalon
220,0,0,4,MLP,Avalon
234,2,2,4,MLP,Avalon
237,1,1,4,MLP,Avalon
239,1,1,4,MLP,Avalon
240,1,0,4,MLP,Avalon
241,1,0,4,MLP,Avalon
242,0,2,4,MLP,Avalon
256,0,2,4,MLP,Avalon
278,0,2,4,MLP,Avalon
281,0,1,4,MLP,Avalon
291,0,1,4,MLP,Avalon
307,0,2,4,MLP,Avalon
308,0,2,4,MLP,Avalon
312,2,1,4,MLP,Avalon
324,2,2,4,MLP,Avalon
327,1,2,4,MLP,Avalon
344,2,1,4,MLP,Avalon
385,2,0,4,MLP,Avalon
398,2,1,4,MLP,Avalon
417,0,0,4,MLP,Avalon
439,0,0,4,MLP,Avalon
440,0,0,4,MLP,Avalon
13,1,1,5,MLP,Avalon
14,2,2,5,MLP,Avalon
25,1,0,5,MLP,Avalon
36,2,0,5,MLP,Avalon
37,2,0,5,MLP,Avalon
41,2,0,5,MLP,Avalon
44,2,0,5,MLP,Avalon
47,2,1,5,MLP,Avalon
48,0,2,5,MLP,Avalon
51,1,1,5,MLP,Avalon
52,1,1,5,MLP,Avalon
56,1,1,5,MLP,Avalon
57,1,2,5,MLP,Avalon
60,2,2,5,MLP,Avalon
63,1,1,5,MLP,Avalon
68,1,2,5,MLP,Avalon
82,1,2,5,MLP,Avalon
92,1,1,5,MLP,Avalon
103,1,1,5,MLP,Avalon
106,1,1,5,MLP,Avalon
116,2,0,5,MLP,Avalon
119,1,1,5,MLP,Avalon
127,1,1,5,MLP,Avalon
145,0,1,5,MLP,Avalon
155,2,1,5,MLP,Avalon
156,1,1,5,MLP,Avalon
159,2,2,5,MLP,Avalon
161,2,2,5,MLP,Avalon
162,2,1,5,MLP,Avalon
166,1,1,5,MLP,Avalon
177,2,2,5,MLP,Avalon
182,2,2,5,MLP,Avalon
184,2,2,5,MLP,Avalon
191,2,2,5,MLP,Avalon
196,0,1,5,MLP,Avalon
198,0,0,5,MLP,Avalon
203,0,2,5,MLP,Avalon
217,2,0,5,MLP,Avalon
218,2,2,5,MLP,Avalon
222,1,1,5,MLP,Avalon
238,1,1,5,MLP,Avalon
283,2,2,5,MLP,Avalon
286,1,2,5,MLP,Avalon
289,0,1,5,MLP,Avalon
296,0,1,5,MLP,Avalon
297,0,1,5,MLP,Avalon
333,1,1,5,MLP,Avalon
357,1,2,5,MLP,Avalon
360,0,0,5,MLP,Avalon
366,0,0,5,MLP,Avalon
372,2,2,5,MLP,Avalon
390,0,1,5,MLP,Avalon
400,1,1,5,MLP,Avalon
409,0,0,5,MLP,Avalon
421,0,1,5,MLP,Avalon
2,1,1,1,Logistic Regression,MACCS
6,2,2,1,Logistic Regression,MACCS
7,1,0,1,Logistic Regression,MACCS
12,1,1,1,Logistic Regression,MACCS
15,2,0,1,Logistic Regression,MACCS
27,1,1,1,Logistic Regression,MACCS
29,1,1,1,Logistic Regression,MACCS
46,2,2,1,Logistic Regression,MACCS
53,1,1,1,Logistic Regression,MACCS
58,1,1,1,Logistic Regression,MACCS
65,1,1,1,Logistic Regression,MACCS
69,1,1,1,Logistic Regression,MACCS
76,1,1,1,Logistic Regression,MACCS
81,1,1,1,Logistic Regression,MACCS
85,1,1,1,Logistic Regression,MACCS
90,1,1,1,Logistic Regression,MACCS
94,1,1,1,Logistic Regression,MACCS
97,1,1,1,Logistic Regression,MACCS
100,1,1,1,Logistic Regression,MACCS
101,1,1,1,Logistic Regression,MACCS
104,1,1,1,Logistic Regression,MACCS
121,2,1,1,Logistic Regression,MACCS
122,2,1,1,Logistic Regression,MACCS
149,2,1,1,Logistic Regression,MACCS
172,2,2,1,Logistic Regression,MACCS
174,2,2,1,Logistic Regression,MACCS
180,2,2,1,Logistic Regression,MACCS
183,2,2,1,Logistic Regression,MACCS
189,0,1,1,Logistic Regression,MACCS
193,2,2,1,Logistic Regression,MACCS
199,0,0,1,Logistic Regression,MACCS
215,0,0,1,Logistic Regression,MACCS
223,1,0,1,Logistic Regression,MACCS
225,1,1,1,Logistic Regression,MACCS
227,2,2,1,Logistic Regression,MACCS
235,1,1,1,Logistic Regression,MACCS
249,2,0,1,Logistic Regression,MACCS
260,2,0,1,Logistic Regression,MACCS
267,0,2,1,Logistic Regression,MACCS
275,0,0,1,Logistic Regression,MACCS
282,2,2,1,Logistic Regression,MACCS
284,2,0,1,Logistic Regression,MACCS
285,2,0,1,Logistic Regression,MACCS
287,1,0,1,Logistic Regression,MACCS
288,0,0,1,Logistic Regression,MACCS
303,0,2,1,Logistic Regression,MACCS
309,0,2,1,Logistic Regression,MACCS
339,1,2,1,Logistic Regression,MACCS
374,2,1,1,Logistic Regression,MACCS
380,0,1,1,Logistic Regression,MACCS
403,0,0,1,Logistic Regression,MACCS
407,2,2,1,Logistic Regression,MACCS
413,0,0,1,Logistic Regression,MACCS
425,0,0,1,Logistic Regression,MACCS
436,2,2,1,Logistic Regression,MACCS
446,0,2,1,Logistic Regression,MACCS
4,1,1,2,Logistic Regression,MACCS
8,1,1,2,Logistic Regression,MACCS
16,1,2,2,Logistic Regression,MACCS
21,2,2,2,Logistic Regression,MACCS
32,1,0,2,Logistic Regression,MACCS
35,2,2,2,Logistic Regression,MACCS
39,2,2,2,Logistic Regression,MACCS
45,2,2,2,Logistic Regression,MACCS
54,1,2,2,Logistic Regression,MACCS
62,1,1,2,Logistic Regression,MACCS
67,1,2,2,Logistic Regression,MACCS
71,1,1,2,Logistic Regression,MACCS
74,1,2,2,Logistic Regression,MACCS
75,1,1,2,Logistic Regression,MACCS
79,1,1,2,Logistic Regression,MACCS
80,1,1,2,Logistic Regression,MACCS
83,1,1,2,Logistic Regression,MACCS
86,1,2,2,Logistic Regression,MACCS
89,1,1,2,Logistic Regression,MACCS
93,1,1,2,Logistic Regression,MACCS
99,1,1,2,Logistic Regression,MACCS
102,1,1,2,Logistic Regression,MACCS
115,2,2,2,Logistic Regression,MACCS
123,1,1,2,Logistic Regression,MACCS
131,1,1,2,Logistic Regression,MACCS
133,0,0,2,Logistic Regression,MACCS
143,0,0,2,Logistic Regression,MACCS
146,0,2,2,Logistic Regression,MACCS
148,0,2,2,Logistic Regression,MACCS
163,2,2,2,Logistic Regression,MACCS
164,2,2,2,Logistic Regression,MACCS
168,1,1,2,Logistic Regression,MACCS
173,2,2,2,Logistic Regression,MACCS
185,2,2,2,Logistic Regression,MACCS
187,0,0,2,Logistic Regression,MACCS
192,2,2,2,Logistic Regression,MACCS
194,2,2,2,Logistic Regression,MACCS
195,2,0,2,Logistic Regression,MACCS
211,0,2,2,Logistic Regression,MACCS
221,1,1,2,Logistic Regression,MACCS
236,1,1,2,Logistic Regression,MACCS
251,0,0,2,Logistic Regression,MACCS
277,2,1,2,Logistic Regression,MACCS
299,0,0,2,Logistic Regression,MACCS
326,2,1,2,Logistic Regression,MACCS
329,2,2,2,Logistic Regression,MACCS
345,0,0,2,Logistic Regression,MACCS
349,2,1,2,Logistic Regression,MACCS
363,0,2,2,Logistic Regression,MACCS
373,2,1,2,Logistic Regression,MACCS
381,0,2,2,Logistic Regression,MACCS
384,0,2,2,Logistic Regression,MACCS
432,0,1,2,Logistic Regression,MACCS
434,2,2,2,Logistic Regression,MACCS
437,2,1,2,Logistic Regression,MACCS
448,0,0,2,Logistic Regression,MACCS
10,1,1,3,Logistic Regression,MACCS
11,1,2,3,Logistic Regression,MACCS
24,2,2,3,Logistic Regression,MACCS
42,2,1,3,Logistic Regression,MACCS
50,1,2,3,Logistic Regression,MACCS
55,1,1,3,Logistic Regression,MACCS
72,1,1,3,Logistic Regression,MACCS
73,1,1,3,Logistic Regression,MACCS
77,1,1,3,Logistic Regression,MACCS
78,1,1,3,Logistic Regression,MACCS
84,1,1,3,Logistic Regression,MACCS
87,1,1,3,Logistic Regression,MACCS
96,1,1,3,Logistic Regression,MACCS
108,1,1,3,Logistic Regression,MACCS
110,1,1,3,Logistic Regression,MACCS
112,1,1,3,Logistic Regression,MACCS
113,2,1,3,Logistic Regression,MACCS
118,1,1,3,Logistic Regression,MACCS
124,1,2,3,Logistic Regression,MACCS
125,1,2,3,Logistic Regression,MACCS
128,1,2,3,Logistic Regression,MACCS
132,2,1,3,Logistic Regression,MACCS
135,2,1,3,Logistic Regression,MACCS
140,2,1,3,Logistic Regression,MACCS
144,0,2,3,Logistic Regression,MACCS
147,0,0,3,Logistic Regression,MACCS
158,1,1,3,Logistic Regression,MACCS
165,1,1,3,Logistic Regression,MACCS
171,2,1,3,Logistic Regression,MACCS
176,2,2,3,Logistic Regression,MACCS
178,2,2,3,Logistic Regression,MACCS
179,2,0,3,Logistic Regression,MACCS
181,2,2,3,Logistic Regression,MACCS
204,0,2,3,Logistic Regression,MACCS
213,0,1,3,Logistic Regression,MACCS
216,2,2,3,Logistic Regression,MACCS
219,0,2,3,Logistic Regression,MACCS
224,1,1,3,Logistic Regression,MACCS
231,2,2,3,Logistic Regression,MACCS
244,0,1,3,Logistic Regression,MACCS
246,2,2,3,Logistic Regression,MACCS
248,2,1,3,Logistic Regression,MACCS
290,0,0,3,Logistic Regression,MACCS
293,0,1,3,Logistic Regression,MACCS
298,0,0,3,Logistic Regression,MACCS
305,0,0,3,Logistic Regression,MACCS
318,0,2,3,Logistic Regression,MACCS
322,2,0,3,Logistic Regression,MACCS
325,1,1,3,Logistic Regression,MACCS
328,2,2,3,Logistic Regression,MACCS
356,2,1,3,Logistic Regression,MACCS
369,0,2,3,Logistic Regression,MACCS
378,1,1,3,Logistic Regression,MACCS
382,0,2,3,Logistic Regression,MACCS
428,0,0,3,Logistic Regression,MACCS
435,2,2,3,Logistic Regression,MACCS
1,1,2,4,Logistic Regression,MACCS
3,2,2,4,Logistic Regression,MACCS
5,1,1,4,Logistic Regression,MACCS
9,1,1,4,Logistic Regression,MACCS
17,2,2,4,Logistic Regression,MACCS
18,2,2,4,Logistic Regression,MACCS
19,2,2,4,Logistic Regression,MACCS
20,2,2,4,Logistic Regression,MACCS
22,1,1,4,Logistic Regression,MACCS
31,1,0,4,Logistic Regression,MACCS
40,2,1,4,Logistic Regression,MACCS
43,2,1,4,Logistic Regression,MACCS
49,1,1,4,Logistic Regression,MACCS
64,1,1,4,Logistic Regression,MACCS
88,1,1,4,Logistic Regression,MACCS
91,1,1,4,Logistic Regression,MACCS
95,1,1,4,Logistic Regression,MACCS
98,1,1,4,Logistic Regression,MACCS
105,1,1,4,Logistic Regression,MACCS
107,1,1,4,Logistic Regression,MACCS
111,1,1,4,Logistic Regression,MACCS
114,2,1,4,Logistic Regression,MACCS
117,1,1,4,Logistic Regression,MACCS
120,1,0,4,Logistic Regression,MACCS
130,1,1,4,Logistic Regression,MACCS
134,2,1,4,Logistic Regression,MACCS
136,2,2,4,Logistic Regression,MACCS
153,2,1,4,Logistic Regression,MACCS
160,2,2,4,Logistic Regression,MACCS
186,2,2,4,Logistic Regression,MACCS
188,0,0,4,Logistic Regression,MACCS
190,2,2,4,Logistic Regression,MACCS
206,0,2,4,Logistic Regression,MACCS
209,0,1,4,Logistic Regression,MACCS
220,0,0,4,Logistic Regression,MACCS
234,2,2,4,Logistic Regression,MACCS
237,1,1,4,Logistic Regression,MACCS
239,1,1,4,Logistic Regression,MACCS
240,1,1,4,Logistic Regression,MACCS
241,1,1,4,Logistic Regression,MACCS
242,0,2,4,Logistic Regression,MACCS
256,0,0,4,Logistic Regression,MACCS
278,0,2,4,Logistic Regression,MACCS
281,0,0,4,Logistic Regression,MACCS
291,0,2,4,Logistic Regression,MACCS
307,0,0,4,Logistic Regression,MACCS
308,0,0,4,Logistic Regression,MACCS
312,2,1,4,Logistic Regression,MACCS
324,2,2,4,Logistic Regression,MACCS
327,1,2,4,Logistic Regression,MACCS
344,2,0,4,Logistic Regression,MACCS
385,2,2,4,Logistic Regression,MACCS
398,2,1,4,Logistic Regression,MACCS
417,0,1,4,Logistic Regression,MACCS
439,0,0,4,Logistic Regression,MACCS
440,0,0,4,Logistic Regression,MACCS
13,1,1,5,Logistic Regression,MACCS
14,2,2,5,Logistic Regression,MACCS
25,1,2,5,Logistic Regression,MACCS
36,2,2,5,Logistic Regression,MACCS
37,2,2,5,Logistic Regression,MACCS
41,2,1,5,Logistic Regression,MACCS
44,2,0,5,Logistic Regression,MACCS
47,2,1,5,Logistic Regression,MACCS
48,0,1,5,Logistic Regression,MACCS
51,1,1,5,Logistic Regression,MACCS
52,1,1,5,Logistic Regression,MACCS
56,1,1,5,Logistic Regression,MACCS
57,1,2,5,Logistic Regression,MACCS
60,2,2,5,Logistic Regression,MACCS
63,1,1,5,Logistic Regression,MACCS
68,1,2,5,Logistic Regression,MACCS
82,1,1,5,Logistic Regression,MACCS
92,1,1,5,Logistic Regression,MACCS
103,1,1,5,Logistic Regression,MACCS
106,1,1,5,Logistic Regression,MACCS
116,2,1,5,Logistic Regression,MACCS
119,1,1,5,Logistic Regression,MACCS
127,1,1,5,Logistic Regression,MACCS
145,0,0,5,Logistic Regression,MACCS
155,2,2,5,Logistic Regression,MACCS
156,1,2,5,Logistic Regression,MACCS
159,2,2,5,Logistic Regression,MACCS
161,2,2,5,Logistic Regression,MACCS
162,2,2,5,Logistic Regression,MACCS
166,1,1,5,Logistic Regression,MACCS
177,2,1,5,Logistic Regression,MACCS
182,2,2,5,Logistic Regression,MACCS
184,2,2,5,Logistic Regression,MACCS
191,2,2,5,Logistic Regression,MACCS
196,0,0,5,Logistic Regression,MACCS
198,0,1,5,Logistic Regression,MACCS
203,0,0,5,Logistic Regression,MACCS
217,2,0,5,Logistic Regression,MACCS
218,2,0,5,Logistic Regression,MACCS
222,1,1,5,Logistic Regression,MACCS
238,1,1,5,Logistic Regression,MACCS
283,2,2,5,Logistic Regression,MACCS
286,1,1,5,Logistic Regression,MACCS
289,0,1,5,Logistic Regression,MACCS
296,0,2,5,Logistic Regression,MACCS
297,0,1,5,Logistic Regression,MACCS
333,1,2,5,Logistic Regression,MACCS
357,1,2,5,Logistic Regression,MACCS
360,0,2,5,Logistic Regression,MACCS
366,0,0,5,Logistic Regression,MACCS
372,2,1,5,Logistic Regression,MACCS
390,0,1,5,Logistic Regression,MACCS
400,1,0,5,Logistic Regression,MACCS
409,0,0,5,Logistic Regression,MACCS
421,0,1,5,Logistic Regression,MACCS
2,1,1,1,SVM,MACCS
6,2,2,1,SVM,MACCS
7,1,1,1,SVM,MACCS
12,1,1,1,SVM,MACCS
15,2,0,1,SVM,MACCS
27,1,1,1,SVM,MACCS
29,1,1,1,SVM,MACCS
46,2,2,1,SVM,MACCS
53,1,1,1,SVM,MACCS
58,1,1,1,SVM,MACCS
65,1,1,1,SVM,MACCS
69,1,1,1,SVM,MACCS
76,1,1,1,SVM,MACCS
81,1,1,1,SVM,MACCS
85,1,1,1,SVM,MACCS
90,1,1,1,SVM,MACCS
94,1,1,1,SVM,MACCS
97,1,1,1,SVM,MACCS
100,1,1,1,SVM,MACCS
101,1,1,1,SVM,MACCS
104,1,1,1,SVM,MACCS
121,2,1,1,SVM,MACCS
122,2,2,1,SVM,MACCS
149,2,1,1,SVM,MACCS
172,2,2,1,SVM,MACCS
174,2,2,1,SVM,MACCS
180,2,2,1,SVM,MACCS
183,2,2,1,SVM,MACCS
189,0,1,1,SVM,MACCS
193,2,2,1,SVM,MACCS
199,0,1,1,SVM,MACCS
215,0,0,1,SVM,MACCS
223,1,0,1,SVM,MACCS
225,1,1,1,SVM,MACCS
227,2,2,1,SVM,MACCS
235,1,1,1,SVM,MACCS
249,2,2,1,SVM,MACCS
260,2,1,1,SVM,MACCS
267,0,1,1,SVM,MACCS
275,0,2,1,SVM,MACCS
282,2,2,1,SVM,MACCS
284,2,2,1,SVM,MACCS
285,2,2,1,SVM,MACCS
287,1,0,1,SVM,MACCS
288,0,2,1,SVM,MACCS
303,0,2,1,SVM,MACCS
309,0,2,1,SVM,MACCS
339,1,1,1,SVM,MACCS
374,2,1,1,SVM,MACCS
380,0,2,1,SVM,MACCS
403,0,1,1,SVM,MACCS
407,2,2,1,SVM,MACCS
413,0,1,1,SVM,MACCS
425,0,0,1,SVM,MACCS
436,2,2,1,SVM,MACCS
446,0,2,1,SVM,MACCS
4,1,0,2,SVM,MACCS
8,1,1,2,SVM,MACCS
16,1,2,2,SVM,MACCS
21,2,2,2,SVM,MACCS
32,1,2,2,SVM,MACCS
35,2,2,2,SVM,MACCS
39,2,2,2,SVM,MACCS
45,2,2,2,SVM,MACCS
54,1,2,2,SVM,MACCS
62,1,1,2,SVM,MACCS
67,1,2,2,SVM,MACCS
71,1,1,2,SVM,MACCS
74,1,1,2,SVM,MACCS
75,1,1,2,SVM,MACCS
79,1,1,2,SVM,MACCS
80,1,1,2,SVM,MACCS
83,1,1,2,SVM,MACCS
86,1,0,2,SVM,MACCS
89,1,1,2,SVM,MACCS
93,1,1,2,SVM,MACCS
99,1,1,2,SVM,MACCS
102,1,2,2,SVM,MACCS
115,2,2,2,SVM,MACCS
123,1,1,2,SVM,MACCS
131,1,1,2,SVM,MACCS
133,0,0,2,SVM,MACCS
143,0,0,2,SVM,MACCS
146,0,2,2,SVM,MACCS
148,0,2,2,SVM,MACCS
163,2,2,2,SVM,MACCS
164,2,2,2,SVM,MACCS
168,1,1,2,SVM,MACCS
173,2,1,2,SVM,MACCS
185,2,2,2,SVM,MACCS
187,0,0,2,SVM,MACCS
192,2,2,2,SVM,MACCS
194,2,1,2,SVM,MACCS
195,2,0,2,SVM,MACCS
211,0,0,2,SVM,MACCS
221,1,1,2,SVM,MACCS
236,1,1,2,SVM,MACCS
251,0,0,2,SVM,MACCS
277,2,0,2,SVM,MACCS
299,0,0,2,SVM,MACCS
326,2,1,2,SVM,MACCS
329,2,2,2,SVM,MACCS
345,0,0,2,SVM,MACCS
349,2,2,2,SVM,MACCS
363,0,2,2,SVM,MACCS
373,2,2,2,SVM,MACCS
381,0,2,2,SVM,MACCS
384,0,2,2,SVM,MACCS
432,0,1,2,SVM,MACCS
434,2,2,2,SVM,MACCS
437,2,1,2,SVM,MACCS
448,0,0,2,SVM,MACCS
10,1,1,3,SVM,MACCS
11,1,2,3,SVM,MACCS
24,2,2,3,SVM,MACCS
42,2,1,3,SVM,MACCS
50,1,2,3,SVM,MACCS
55,1,1,3,SVM,MACCS
72,1,1,3,SVM,MACCS
73,1,1,3,SVM,MACCS
77,1,1,3,SVM,MACCS
78,1,1,3,SVM,MACCS
84,1,1,3,SVM,MACCS
87,1,1,3,SVM,MACCS
96,1,1,3,SVM,MACCS
108,1,1,3,SVM,MACCS
110,1,1,3,SVM,MACCS
112,1,1,3,SVM,MACCS
113,2,1,3,SVM,MACCS
118,1,1,3,SVM,MACCS
124,1,2,3,SVM,MACCS
125,1,1,3,SVM,MACCS
128,1,2,3,SVM,MACCS
132,2,1,3,SVM,MACCS
135,2,1,3,SVM,MACCS
140,2,0,3,SVM,MACCS
144,0,0,3,SVM,MACCS
147,0,0,3,SVM,MACCS
158,1,1,3,SVM,MACCS
165,1,1,3,SVM,MACCS
171,2,2,3,SVM,MACCS
176,2,2,3,SVM,MACCS
178,2,2,3,SVM,MACCS
179,2,2,3,SVM,MACCS
181,2,2,3,SVM,MACCS
204,0,2,3,SVM,MACCS
213,0,2,3,SVM,MACCS
216,2,2,3,SVM,MACCS
219,0,2,3,SVM,MACCS
224,1,2,3,SVM,MACCS
231,2,2,3,SVM,MACCS
244,0,1,3,SVM,MACCS
246,2,2,3,SVM,MACCS
248,2,1,3,SVM,MACCS
290,0,2,3,SVM,MACCS
293,0,2,3,SVM,MACCS
298,0,2,3,SVM,MACCS
305,0,2,3,SVM,MACCS
318,0,2,3,SVM,MACCS
322,2,2,3,SVM,MACCS
325,1,1,3,SVM,MACCS
328,2,2,3,SVM,MACCS
356,2,1,3,SVM,MACCS
369,0,2,3,SVM,MACCS
378,1,2,3,SVM,MACCS
382,0,2,3,SVM,MACCS
428,0,2,3,SVM,MACCS
435,2,2,3,SVM,MACCS
1,1,1,4,SVM,MACCS
3,2,2,4,SVM,MACCS
5,1,1,4,SVM,MACCS
9,1,1,4,SVM,MACCS
17,2,2,4,SVM,MACCS
18,2,2,4,SVM,MACCS
19,2,2,4,SVM,MACCS
20,2,2,4,SVM,MACCS
22,1,2,4,SVM,MACCS
31,1,2,4,SVM,MACCS
40,2,2,4,SVM,MACCS
43,2,1,4,SVM,MACCS
49,1,1,4,SVM,MACCS
64,1,1,4,SVM,MACCS
88,1,1,4,SVM,MACCS
91,1,1,4,SVM,MACCS
95,1,1,4,SVM,MACCS
98,1,1,4,SVM,MACCS
105,1,1,4,SVM,MACCS
107,1,1,4,SVM,MACCS
111,1,1,4,SVM,MACCS
114,2,1,4,SVM,MACCS
117,1,1,4,SVM,MACCS
120,1,1,4,SVM,MACCS
130,1,1,4,SVM,MACCS
134,2,1,4,SVM,MACCS
136,2,0,4,SVM,MACCS
153,2,1,4,SVM,MACCS
160,2,2,4,SVM,MACCS
186,2,2,4,SVM,MACCS
188,0,0,4,SVM,MACCS
190,2,2,4,SVM,MACCS
206,0,0,4,SVM,MACCS
209,0,1,4,SVM,MACCS
220,0,0,4,SVM,MACCS
234,2,2,4,SVM,MACCS
237,1,1,4,SVM,MACCS
239,1,1,4,SVM,MACCS
240,1,1,4,SVM,MACCS
241,1,1,4,SVM,MACCS
242,0,2,4,SVM,MACCS
256,0,0,4,SVM,MACCS
278,0,0,4,SVM,MACCS
281,0,0,4,SVM,MACCS
291,0,0,4,SVM,MACCS
307,0,0,4,SVM,MACCS
308,0,0,4,SVM,MACCS
312,2,1,4,SVM,MACCS
324,2,2,4,SVM,MACCS
327,1,2,4,SVM,MACCS
344,2,0,4,SVM,MACCS
385,2,2,4,SVM,MACCS
398,2,2,4,SVM,MACCS
417,0,0,4,SVM,MACCS
439,0,0,4,SVM,MACCS
440,0,0,4,SVM,MACCS
13,1,1,5,SVM,MACCS
14,2,2,5,SVM,MACCS
25,1,2,5,SVM,MACCS
36,2,2,5,SVM,MACCS
37,2,1,5,SVM,MACCS
41,2,2,5,SVM,MACCS
44,2,0,5,SVM,MACCS
47,2,2,5,SVM,MACCS
48,0,2,5,SVM,MACCS
51,1,1,5,SVM,MACCS
52,1,1,5,SVM,MACCS
56,1,1,5,SVM,MACCS
57,1,2,5,SVM,MACCS
60,2,1,5,SVM,MACCS
63,1,1,5,SVM,MACCS
68,1,2,5,SVM,MACCS
82,1,1,5,SVM,MACCS
92,1,1,5,SVM,MACCS
103,1,1,5,SVM,MACCS
106,1,1,5,SVM,MACCS
116,2,1,5,SVM,MACCS
119,1,1,5,SVM,MACCS
127,1,1,5,SVM,MACCS
145,0,0,5,SVM,MACCS
155,2,2,5,SVM,MACCS
156,1,1,5,SVM,MACCS
159,2,2,5,SVM,MACCS
161,2,2,5,SVM,MACCS
162,2,2,5,SVM,MACCS
166,1,1,5,SVM,MACCS
177,2,1,5,SVM,MACCS
182,2,2,5,SVM,MACCS
184,2,2,5,SVM,MACCS
191,2,2,5,SVM,MACCS
196,0,1,5,SVM,MACCS
198,0,1,5,SVM,MACCS
203,0,2,5,SVM,MACCS
217,2,2,5,SVM,MACCS
218,2,2,5,SVM,MACCS
222,1,1,5,SVM,MACCS
238,1,1,5,SVM,MACCS
283,2,2,5,SVM,MACCS
286,1,2,5,SVM,MACCS
289,0,1,5,SVM,MACCS
296,0,2,5,SVM,MACCS
297,0,1,5,SVM,MACCS
333,1,2,5,SVM,MACCS
357,1,0,5,SVM,MACCS
360,0,0,5,SVM,MACCS
366,0,0,5,SVM,MACCS
372,2,1,5,SVM,MACCS
390,0,1,5,SVM,MACCS
400,1,1,5,SVM,MACCS
409,0,1,5,SVM,MACCS
421,0,1,5,SVM,MACCS
2,1,1,1,Random Forest,MACCS
6,2,2,1,Random Forest,MACCS
7,1,0,1,Random Forest,MACCS
12,1,1,1,Random Forest,MACCS
15,2,0,1,Random Forest,MACCS
27,1,1,1,Random Forest,MACCS
29,1,1,1,Random Forest,MACCS
46,2,2,1,Random Forest,MACCS
53,1,1,1,Random Forest,MACCS
58,1,1,1,Random Forest,MACCS
65,1,1,1,Random Forest,MACCS
69,1,0,1,Random Forest,MACCS
76,1,1,1,Random Forest,MACCS
81,1,1,1,Random Forest,MACCS
85,1,1,1,Random Forest,MACCS
90,1,1,1,Random Forest,MACCS
94,1,1,1,Random Forest,MACCS
97,1,1,1,Random Forest,MACCS
100,1,1,1,Random Forest,MACCS
101,1,1,1,Random Forest,MACCS
104,1,1,1,Random Forest,MACCS
121,2,0,1,Random Forest,MACCS
122,2,1,1,Random Forest,MACCS
149,2,1,1,Random Forest,MACCS
172,2,2,1,Random Forest,MACCS
174,2,2,1,Random Forest,MACCS
180,2,2,1,Random Forest,MACCS
183,2,2,1,Random Forest,MACCS
189,0,1,1,Random Forest,MACCS
193,2,2,1,Random Forest,MACCS
199,0,0,1,Random Forest,MACCS
215,0,0,1,Random Forest,MACCS
223,1,0,1,Random Forest,MACCS
225,1,1,1,Random Forest,MACCS
227,2,2,1,Random Forest,MACCS
235,1,1,1,Random Forest,MACCS
249,2,0,1,Random Forest,MACCS
260,2,0,1,Random Forest,MACCS
267,0,2,1,Random Forest,MACCS
275,0,2,1,Random Forest,MACCS
282,2,2,1,Random Forest,MACCS
284,2,0,1,Random Forest,MACCS
285,2,2,1,Random Forest,MACCS
287,1,0,1,Random Forest,MACCS
288,0,2,1,Random Forest,MACCS
303,0,0,1,Random Forest,MACCS
309,0,0,1,Random Forest,MACCS
339,1,1,1,Random Forest,MACCS
374,2,1,1,Random Forest,MACCS
380,0,1,1,Random Forest,MACCS
403,0,0,1,Random Forest,MACCS
407,2,2,1,Random Forest,MACCS
413,0,0,1,Random Forest,MACCS
425,0,1,1,Random Forest,MACCS
436,2,2,1,Random Forest,MACCS
446,0,2,1,Random Forest,MACCS
4,1,0,2,Random Forest,MACCS
8,1,1,2,Random Forest,MACCS
16,1,1,2,Random Forest,MACCS
21,2,2,2,Random Forest,MACCS
32,1,2,2,Random Forest,MACCS
35,2,2,2,Random Forest,MACCS
39,2,2,2,Random Forest,MACCS
45,2,2,2,Random Forest,MACCS
54,1,2,2,Random Forest,MACCS
62,1,1,2,Random Forest,MACCS
67,1,2,2,Random Forest,MACCS
71,1,1,2,Random Forest,MACCS
74,1,1,2,Random Forest,MACCS
75,1,1,2,Random Forest,MACCS
79,1,1,2,Random Forest,MACCS
80,1,1,2,Random Forest,MACCS
83,1,1,2,Random Forest,MACCS
86,1,2,2,Random Forest,MACCS
89,1,1,2,Random Forest,MACCS
93,1,1,2,Random Forest,MACCS
99,1,1,2,Random Forest,MACCS
102,1,2,2,Random Forest,MACCS
115,2,1,2,Random Forest,MACCS
123,1,1,2,Random Forest,MACCS
131,1,1,2,Random Forest,MACCS
133,0,0,2,Random Forest,MACCS
143,0,0,2,Random Forest,MACCS
146,0,2,2,Random Forest,MACCS
148,0,0,2,Random Forest,MACCS
163,2,2,2,Random Forest,MACCS
164,2,2,2,Random Forest,MACCS
168,1,1,2,Random Forest,MACCS
173,2,1,2,Random Forest,MACCS
185,2,2,2,Random Forest,MACCS
187,0,0,2,Random Forest,MACCS
192,2,2,2,Random Forest,MACCS
194,2,2,2,Random Forest,MACCS
195,2,1,2,Random Forest,MACCS
211,0,1,2,Random Forest,MACCS
221,1,1,2,Random Forest,MACCS
236,1,1,2,Random Forest,MACCS
251,0,0,2,Random Forest,MACCS
277,2,0,2,Random Forest,MACCS
299,0,2,2,Random Forest,MACCS
326,2,0,2,Random Forest,MACCS
329,2,2,2,Random Forest,MACCS
345,0,0,2,Random Forest,MACCS
349,2,2,2,Random Forest,MACCS
363,0,2,2,Random Forest,MACCS
373,2,1,2,Random Forest,MACCS
381,0,2,2,Random Forest,MACCS
384,0,2,2,Random Forest,MACCS
432,0,1,2,Random Forest,MACCS
434,2,2,2,Random Forest,MACCS
437,2,1,2,Random Forest,MACCS
448,0,0,2,Random Forest,MACCS
10,1,1,3,Random Forest,MACCS
11,1,1,3,Random Forest,MACCS
24,2,2,3,Random Forest,MACCS
42,2,1,3,Random Forest,MACCS
50,1,2,3,Random Forest,MACCS
55,1,1,3,Random Forest,MACCS
72,1,1,3,Random Forest,MACCS
73,1,1,3,Random Forest,MACCS
77,1,1,3,Random Forest,MACCS
78,1,1,3,Random Forest,MACCS
84,1,1,3,Random Forest,MACCS
87,1,1,3,Random Forest,MACCS
96,1,1,3,Random Forest,MACCS
108,1,1,3,Random Forest,MACCS
110,1,1,3,Random Forest,MACCS
112,1,1,3,Random Forest,MACCS
113,2,1,3,Random Forest,MACCS
118,1,1,3,Random Forest,MACCS
124,1,2,3,Random Forest,MACCS
125,1,1,3,Random Forest,MACCS
128,1,2,3,Random Forest,MACCS
132,2,2,3,Random Forest,MACCS
135,2,1,3,Random Forest,MACCS
140,2,1,3,Random Forest,MACCS
144,0,0,3,Random Forest,MACCS
147,0,0,3,Random Forest,MACCS
158,1,1,3,Random Forest,MACCS
165,1,1,3,Random Forest,MACCS
171,2,2,3,Random Forest,MACCS
176,2,1,3,Random Forest,MACCS
178,2,0,3,Random Forest,MACCS
179,2,0,3,Random Forest,MACCS
181,2,2,3,Random Forest,MACCS
204,0,2,3,Random Forest,MACCS
213,0,0,3,Random Forest,MACCS
216,2,2,3,Random Forest,MACCS
219,0,2,3,Random Forest,MACCS
224,1,1,3,Random Forest,MACCS
231,2,2,3,Random Forest,MACCS
244,0,1,3,Random Forest,MACCS
246,2,2,3,Random Forest,MACCS
248,2,1,3,Random Forest,MACCS
290,0,0,3,Random Forest,MACCS
293,0,0,3,Random Forest,MACCS
298,0,0,3,Random Forest,MACCS
305,0,2,3,Random Forest,MACCS
318,0,2,3,Random Forest,MACCS
322,2,2,3,Random Forest,MACCS
325,1,1,3,Random Forest,MACCS
328,2,2,3,Random Forest,MACCS
356,2,1,3,Random Forest,MACCS
369,0,2,3,Random Forest,MACCS
378,1,2,3,Random Forest,MACCS
382,0,2,3,Random Forest,MACCS
428,0,2,3,Random Forest,MACCS
435,2,2,3,Random Forest,MACCS
1,1,1,4,Random Forest,MACCS
3,2,0,4,Random Forest,MACCS
5,1,1,4,Random Forest,MACCS
9,1,1,4,Random Forest,MACCS
17,2,2,4,Random Forest,MACCS
18,2,2,4,Random Forest,MACCS
19,2,2,4,Random Forest,MACCS
20,2,2,4,Random Forest,MACCS
22,1,1,4,Random Forest,MACCS
31,1,2,4,Random Forest,MACCS
40,2,2,4,Random Forest,MACCS
43,2,1,4,Random Forest,MACCS
49,1,1,4,Random Forest,MACCS
64,1,1,4,Random Forest,MACCS
88,1,1,4,Random Forest,MACCS
91,1,1,4,Random Forest,MACCS
95,1,1,4,Random Forest,MACCS
98,1,1,4,Random Forest,MACCS
105,1,1,4,Random Forest,MACCS
107,1,1,4,Random Forest,MACCS
111,1,1,4,Random Forest,MACCS
114,2,1,4,Random Forest,MACCS
117,1,1,4,Random Forest,MACCS
120,1,1,4,Random Forest,MACCS
130,1,1,4,Random Forest,MACCS
134,2,1,4,Random Forest,MACCS
136,2,0,4,Random Forest,MACCS
153,2,1,4,Random Forest,MACCS
160,2,2,4,Random Forest,MACCS
186,2,2,4,Random Forest,MACCS
188,0,0,4,Random Forest,MACCS
190,2,2,4,Random Forest,MACCS
206,0,1,4,Random Forest,MACCS
209,0,1,4,Random Forest,MACCS
220,0,0,4,Random Forest,MACCS
234,2,2,4,Random Forest,MACCS
237,1,1,4,Random Forest,MACCS
239,1,1,4,Random Forest,MACCS
240,1,1,4,Random Forest,MACCS
241,1,1,4,Random Forest,MACCS
242,0,2,4,Random Forest,MACCS
256,0,0,4,Random Forest,MACCS
278,0,1,4,Random Forest,MACCS
281,0,2,4,Random Forest,MACCS
291,0,2,4,Random Forest,MACCS
307,0,0,4,Random Forest,MACCS
308,0,0,4,Random Forest,MACCS
312,2,1,4,Random Forest,MACCS
324,2,2,4,Random Forest,MACCS
327,1,2,4,Random Forest,MACCS
344,2,2,4,Random Forest,MACCS
385,2,2,4,Random Forest,MACCS
398,2,2,4,Random Forest,MACCS
417,0,0,4,Random Forest,MACCS
439,0,0,4,Random Forest,MACCS
440,0,0,4,Random Forest,MACCS
13,1,1,5,Random Forest,MACCS
14,2,2,5,Random Forest,MACCS
25,1,1,5,Random Forest,MACCS
36,2,0,5,Random Forest,MACCS
37,2,1,5,Random Forest,MACCS
41,2,2,5,Random Forest,MACCS
44,2,0,5,Random Forest,MACCS
47,2,1,5,Random Forest,MACCS
48,0,1,5,Random Forest,MACCS
51,1,1,5,Random Forest,MACCS
52,1,1,5,Random Forest,MACCS
56,1,1,5,Random Forest,MACCS
57,1,1,5,Random Forest,MACCS
60,2,1,5,Random Forest,MACCS
63,1,1,5,Random Forest,MACCS
68,1,2,5,Random Forest,MACCS
82,1,2,5,Random Forest,MACCS
92,1,1,5,Random Forest,MACCS
103,1,1,5,Random Forest,MACCS
106,1,1,5,Random Forest,MACCS
116,2,1,5,Random Forest,MACCS
119,1,1,5,Random Forest,MACCS
127,1,1,5,Random Forest,MACCS
145,0,0,5,Random Forest,MACCS
155,2,1,5,Random Forest,MACCS
156,1,1,5,Random Forest,MACCS
159,2,2,5,Random Forest,MACCS
161,2,2,5,Random Forest,MACCS
162,2,2,5,Random Forest,MACCS
166,1,1,5,Random Forest,MACCS
177,2,2,5,Random Forest,MACCS
182,2,2,5,Random Forest,MACCS
184,2,2,5,Random Forest,MACCS
191,2,2,5,Random Forest,MACCS
196,0,1,5,Random Forest,MACCS
198,0,1,5,Random Forest,MACCS
203,0,0,5,Random Forest,MACCS
217,2,0,5,Random Forest,MACCS
218,2,0,5,Random Forest,MACCS
222,1,1,5,Random Forest,MACCS
238,1,1,5,Random Forest,MACCS
283,2,2,5,Random Forest,MACCS
286,1,2,5,Random Forest,MACCS
289,0,1,5,Random Forest,MACCS
296,0,2,5,Random Forest,MACCS
297,0,2,5,Random Forest,MACCS
333,1,2,5,Random Forest,MACCS
357,1,0,5,Random Forest,MACCS
360,0,0,5,Random Forest,MACCS
366,0,0,5,Random Forest,MACCS
372,2,1,5,Random Forest,MACCS
390,0,1,5,Random Forest,MACCS
400,1,1,5,Random Forest,MACCS
409,0,1,5,Random Forest,MACCS
421,0,1,5,Random Forest,MACCS
2,1,1,1,kNN,MACCS
6,2,0,1,kNN,MACCS
7,1,0,1,kNN,MACCS
12,1,0,1,kNN,MACCS
15,2,0,1,kNN,MACCS
27,1,1,1,kNN,MACCS
29,1,0,1,kNN,MACCS
46,2,0,1,kNN,MACCS
53,1,1,1,kNN,MACCS
58,1,1,1,kNN,MACCS
65,1,1,1,kNN,MACCS
69,1,0,1,kNN,MACCS
76,1,1,1,kNN,MACCS
81,1,1,1,kNN,MACCS
85,1,1,1,kNN,MACCS
90,1,1,1,kNN,MACCS
94,1,1,1,kNN,MACCS
97,1,1,1,kNN,MACCS
100,1,1,1,kNN,MACCS
101,1,0,1,kNN,MACCS
104,1,1,1,kNN,MACCS
121,2,0,1,kNN,MACCS
122,2,0,1,kNN,MACCS
149,2,1,1,kNN,MACCS
172,2,1,1,kNN,MACCS
174,2,2,1,kNN,MACCS
180,2,0,1,kNN,MACCS
183,2,2,1,kNN,MACCS
189,0,0,1,kNN,MACCS
193,2,2,1,kNN,MACCS
199,0,0,1,kNN,MACCS
215,0,0,1,kNN,MACCS
223,1,2,1,kNN,MACCS
225,1,1,1,kNN,MACCS
227,2,2,1,kNN,MACCS
235,1,1,1,kNN,MACCS
249,2,2,1,kNN,MACCS
260,2,0,1,kNN,MACCS
267,0,2,1,kNN,MACCS
275,0,2,1,kNN,MACCS
282,2,2,1,kNN,MACCS
284,2,2,1,kNN,MACCS
285,2,1,1,kNN,MACCS
287,1,1,1,kNN,MACCS
288,0,2,1,kNN,MACCS
303,0,1,1,kNN,MACCS
309,0,2,1,kNN,MACCS
339,1,1,1,kNN,MACCS
374,2,1,1,kNN,MACCS
380,0,0,1,kNN,MACCS
403,0,0,1,kNN,MACCS
407,2,0,1,kNN,MACCS
413,0,0,1,kNN,MACCS
425,0,0,1,kNN,MACCS
436,2,2,1,kNN,MACCS
446,0,2,1,kNN,MACCS
4,1,0,2,kNN,MACCS
8,1,1,2,kNN,MACCS
16,1,0,2,kNN,MACCS
21,2,2,2,kNN,MACCS
32,1,1,2,kNN,MACCS
35,2,2,2,kNN,MACCS
39,2,2,2,kNN,MACCS
45,2,1,2,kNN,MACCS
54,1,1,2,kNN,MACCS
62,1,1,2,kNN,MACCS
67,1,2,2,kNN,MACCS
71,1,1,2,kNN,MACCS
74,1,0,2,kNN,MACCS
75,1,1,2,kNN,MACCS
79,1,1,2,kNN,MACCS
80,1,1,2,kNN,MACCS
83,1,1,2,kNN,MACCS
86,1,0,2,kNN,MACCS
89,1,1,2,kNN,MACCS
93,1,0,2,kNN,MACCS
99,1,1,2,kNN,MACCS
102,1,2,2,kNN,MACCS
115,2,1,2,kNN,MACCS
123,1,2,2,kNN,MACCS
131,1,1,2,kNN,MACCS
133,0,1,2,kNN,MACCS
143,0,0,2,kNN,MACCS
146,0,0,2,kNN,MACCS
148,0,2,2,kNN,MACCS
163,2,1,2,kNN,MACCS
164,2,2,2,kNN,MACCS
168,1,2,2,kNN,MACCS
173,2,2,2,kNN,MACCS
185,2,2,2,kNN,MACCS
187,0,1,2,kNN,MACCS
192,2,2,2,kNN,MACCS
194,2,2,2,kNN,MACCS
195,2,2,2,kNN,MACCS
211,0,0,2,kNN,MACCS
221,1,0,2,kNN,MACCS
236,1,1,2,kNN,MACCS
251,0,0,2,kNN,MACCS
277,2,0,2,kNN,MACCS
299,0,1,2,kNN,MACCS
326,2,0,2,kNN,MACCS
329,2,2,2,kNN,MACCS
345,0,0,2,kNN,MACCS
349,2,1,2,kNN,MACCS
363,0,1,2,kNN,MACCS
373,2,1,2,kNN,MACCS
381,0,1,2,kNN,MACCS
384,0,1,2,kNN,MACCS
432,0,0,2,kNN,MACCS
434,2,2,2,kNN,MACCS
437,2,2,2,kNN,MACCS
448,0,1,2,kNN,MACCS
10,1,2,3,kNN,MACCS
11,1,1,3,kNN,MACCS
24,2,0,3,kNN,MACCS
42,2,2,3,kNN,MACCS
50,1,1,3,kNN,MACCS
55,1,1,3,kNN,MACCS
72,1,1,3,kNN,MACCS
73,1,1,3,kNN,MACCS
77,1,1,3,kNN,MACCS
78,1,1,3,kNN,MACCS
84,1,1,3,kNN,MACCS
87,1,1,3,kNN,MACCS
96,1,1,3,kNN,MACCS
108,1,1,3,kNN,MACCS
110,1,1,3,kNN,MACCS
112,1,1,3,kNN,MACCS
113,2,1,3,kNN,MACCS
118,1,1,3,kNN,MACCS
124,1,2,3,kNN,MACCS
125,1,2,3,kNN,MACCS
128,1,2,3,kNN,MACCS
132,2,0,3,kNN,MACCS
135,2,1,3,kNN,MACCS
140,2,1,3,kNN,MACCS
144,0,0,3,kNN,MACCS
147,0,0,3,kNN,MACCS
158,1,1,3,kNN,MACCS
165,1,0,3,kNN,MACCS
171,2,1,3,kNN,MACCS
176,2,1,3,kNN,MACCS
178,2,1,3,kNN,MACCS
179,2,1,3,kNN,MACCS
181,2,2,3,kNN,MACCS
204,0,2,3,kNN,MACCS
213,0,0,3,kNN,MACCS
216,2,2,3,kNN,MACCS
219,0,2,3,kNN,MACCS
224,1,1,3,kNN,MACCS
231,2,2,3,kNN,MACCS
244,0,1,3,kNN,MACCS
246,2,1,3,kNN,MACCS
248,2,1,3,kNN,MACCS
290,0,0,3,kNN,MACCS
293,0,2,3,kNN,MACCS
298,0,2,3,kNN,MACCS
305,0,2,3,kNN,MACCS
318,0,2,3,kNN,MACCS
322,2,2,3,kNN,MACCS
325,1,2,3,kNN,MACCS
328,2,2,3,kNN,MACCS
356,2,1,3,kNN,MACCS
369,0,1,3,kNN,MACCS
378,1,1,3,kNN,MACCS
382,0,2,3,kNN,MACCS
428,0,0,3,kNN,MACCS
435,2,2,3,kNN,MACCS
1,1,0,4,kNN,MACCS
3,2,2,4,kNN,MACCS
5,1,2,4,kNN,MACCS
9,1,1,4,kNN,MACCS
17,2,1,4,kNN,MACCS
18,2,0,4,kNN,MACCS
19,2,2,4,kNN,MACCS
20,2,0,4,kNN,MACCS
22,1,1,4,kNN,MACCS
31,1,2,4,kNN,MACCS
40,2,0,4,kNN,MACCS
43,2,1,4,kNN,MACCS
49,1,1,4,kNN,MACCS
64,1,1,4,kNN,MACCS
88,1,0,4,kNN,MACCS
91,1,1,4,kNN,MACCS
95,1,1,4,kNN,MACCS
98,1,1,4,kNN,MACCS
105,1,1,4,kNN,MACCS
107,1,1,4,kNN,MACCS
111,1,1,4,kNN,MACCS
114,2,1,4,kNN,MACCS
117,1,1,4,kNN,MACCS
120,1,0,4,kNN,MACCS
130,1,1,4,kNN,MACCS
134,2,1,4,kNN,MACCS
136,2,0,4,kNN,MACCS
153,2,1,4,kNN,MACCS
160,2,2,4,kNN,MACCS
186,2,2,4,kNN,MACCS
188,0,0,4,kNN,MACCS
190,2,2,4,kNN,MACCS
206,0,0,4,kNN,MACCS
209,0,1,4,kNN,MACCS
220,0,0,4,kNN,MACCS
234,2,2,4,kNN,MACCS
237,1,1,4,kNN,MACCS
239,1,1,4,kNN,MACCS
240,1,1,4,kNN,MACCS
241,1,1,4,kNN,MACCS
242,0,2,4,kNN,MACCS
256,0,0,4,kNN,MACCS
278,0,0,4,kNN,MACCS
281,0,2,4,kNN,MACCS
291,0,2,4,kNN,MACCS
307,0,2,4,kNN,MACCS
308,0,0,4,kNN,MACCS
312,2,1,4,kNN,MACCS
324,2,2,4,kNN,MACCS
327,1,2,4,kNN,MACCS
344,2,0,4,kNN,MACCS
385,2,0,4,kNN,MACCS
398,2,0,4,kNN,MACCS
417,0,1,4,kNN,MACCS
439,0,1,4,kNN,MACCS
440,0,1,4,kNN,MACCS
13,1,1,5,kNN,MACCS
14,2,2,5,kNN,MACCS
25,1,2,5,kNN,MACCS
36,2,2,5,kNN,MACCS
37,2,1,5,kNN,MACCS
41,2,1,5,kNN,MACCS
44,2,0,5,kNN,MACCS
47,2,1,5,kNN,MACCS
48,0,2,5,kNN,MACCS
51,1,2,5,kNN,MACCS
52,1,2,5,kNN,MACCS
56,1,1,5,kNN,MACCS
57,1,2,5,kNN,MACCS
60,2,1,5,kNN,MACCS
63,1,1,5,kNN,MACCS
68,1,1,5,kNN,MACCS
82,1,1,5,kNN,MACCS
92,1,1,5,kNN,MACCS
103,1,1,5,kNN,MACCS
106,1,1,5,kNN,MACCS
116,2,1,5,kNN,MACCS
119,1,1,5,kNN,MACCS
127,1,1,5,kNN,MACCS
145,0,0,5,kNN,MACCS
155,2,2,5,kNN,MACCS
156,1,2,5,kNN,MACCS
159,2,2,5,kNN,MACCS
161,2,2,5,kNN,MACCS
162,2,2,5,kNN,MACCS
166,1,1,5,kNN,MACCS
177,2,1,5,kNN,MACCS
182,2,2,5,kNN,MACCS
184,2,2,5,kNN,MACCS
191,2,2,5,kNN,MACCS
196,0,0,5,kNN,MACCS
198,0,0,5,kNN,MACCS
203,0,1,5,kNN,MACCS
217,2,0,5,kNN,MACCS
218,2,2,5,kNN,MACCS
222,1,1,5,kNN,MACCS
238,1,1,5,kNN,MACCS
283,2,1,5,kNN,MACCS
286,1,0,5,kNN,MACCS
289,0,1,5,kNN,MACCS
296,0,2,5,kNN,MACCS
297,0,1,5,kNN,MACCS
333,1,1,5,kNN,MACCS
357,1,0,5,kNN,MACCS
360,0,2,5,kNN,MACCS
366,0,0,5,kNN,MACCS
372,2,1,5,kNN,MACCS
390,0,1,5,kNN,MACCS
400,1,0,5,kNN,MACCS
409,0,0,5,kNN,MACCS
421,0,1,5,kNN,MACCS
2,1,1,1,MLP,MACCS
6,2,2,1,MLP,MACCS
7,1,0,1,MLP,MACCS
12,1,1,1,MLP,MACCS
15,2,0,1,MLP,MACCS
27,1,1,1,MLP,MACCS
29,1,1,1,MLP,MACCS
46,2,2,1,MLP,MACCS
53,1,1,1,MLP,MACCS
58,1,1,1,MLP,MACCS
65,1,1,1,MLP,MACCS
69,1,0,1,MLP,MACCS
76,1,1,1,MLP,MACCS
81,1,1,1,MLP,MACCS
85,1,1,1,MLP,MACCS
90,1,1,1,MLP,MACCS
94,1,1,1,MLP,MACCS
97,1,1,1,MLP,MACCS
100,1,1,1,MLP,MACCS
101,1,1,1,MLP,MACCS
104,1,1,1,MLP,MACCS
121,2,0,1,MLP,MACCS
122,2,1,1,MLP,MACCS
149,2,1,1,MLP,MACCS
172,2,2,1,MLP,MACCS
174,2,2,1,MLP,MACCS
180,2,2,1,MLP,MACCS
183,2,2,1,MLP,MACCS
189,0,1,1,MLP,MACCS
193,2,2,1,MLP,MACCS
199,0,0,1,MLP,MACCS
215,0,0,1,MLP,MACCS
223,1,0,1,MLP,MACCS
225,1,1,1,MLP,MACCS
227,2,2,1,MLP,MACCS
235,1,1,1,MLP,MACCS
249,2,2,1,MLP,MACCS
260,2,0,1,MLP,MACCS
267,0,2,1,MLP,MACCS
275,0,0,1,MLP,MACCS
282,2,2,1,MLP,MACCS
284,2,2,1,MLP,MACCS
285,2,2,1,MLP,MACCS
287,1,2,1,MLP,MACCS
288,0,0,1,MLP,MACCS
303,0,2,1,MLP,MACCS
309,0,2,1,MLP,MACCS
339,1,1,1,MLP,MACCS
374,2,1,1,MLP,MACCS
380,0,0,1,MLP,MACCS
403,0,0,1,MLP,MACCS
407,2,2,1,MLP,MACCS
413,0,0,1,MLP,MACCS
425,0,0,1,MLP,MACCS
436,2,2,1,MLP,MACCS
446,0,2,1,MLP,MACCS
4,1,0,2,MLP,MACCS
8,1,1,2,MLP,MACCS
16,1,2,2,MLP,MACCS
21,2,2,2,MLP,MACCS
32,1,0,2,MLP,MACCS
35,2,2,2,MLP,MACCS
39,2,2,2,MLP,MACCS
45,2,2,2,MLP,MACCS
54,1,2,2,MLP,MACCS
62,1,1,2,MLP,MACCS
67,1,2,2,MLP,MACCS
71,1,1,2,MLP,MACCS
74,1,1,2,MLP,MACCS
75,1,1,2,MLP,MACCS
79,1,1,2,MLP,MACCS
80,1,1,2,MLP,MACCS
83,1,1,2,MLP,MACCS
86,1,0,2,MLP,MACCS
89,1,1,2,MLP,MACCS
93,1,1,2,MLP,MACCS
99,1,1,2,MLP,MACCS
102,1,2,2,MLP,MACCS
115,2,2,2,MLP,MACCS
123,1,1,2,MLP,MACCS
131,1,1,2,MLP,MACCS
133,0,0,2,MLP,MACCS
143,0,0,2,MLP,MACCS
146,0,2,2,MLP,MACCS
148,0,2,2,MLP,MACCS
163,2,2,2,MLP,MACCS
164,2,0,2,MLP,MACCS
168,1,1,2,MLP,MACCS
173,2,2,2,MLP,MACCS
185,2,2,2,MLP,MACCS
187,0,0,2,MLP,MACCS
192,2,2,2,MLP,MACCS
194,2,2,2,MLP,MACCS
195,2,0,2,MLP,MACCS
211,0,2,2,MLP,MACCS
221,1,1,2,MLP,MACCS
236,1,1,2,MLP,MACCS
251,0,0,2,MLP,MACCS
277,2,0,2,MLP,MACCS
299,0,1,2,MLP,MACCS
326,2,2,2,MLP,MACCS
329,2,1,2,MLP,MACCS
345,0,0,2,MLP,MACCS
349,2,2,2,MLP,MACCS
363,0,2,2,MLP,MACCS
373,2,2,2,MLP,MACCS
381,0,2,2,MLP,MACCS
384,0,2,2,MLP,MACCS
432,0,1,2,MLP,MACCS
434,2,2,2,MLP,MACCS
437,2,1,2,MLP,MACCS
448,0,0,2,MLP,MACCS
10,1,1,3,MLP,MACCS
11,1,2,3,MLP,MACCS
24,2,2,3,MLP,MACCS
42,2,1,3,MLP,MACCS
50,1,2,3,MLP,MACCS
55,1,1,3,MLP,MACCS
72,1,1,3,MLP,MACCS
73,1,1,3,MLP,MACCS
77,1,1,3,MLP,MACCS
78,1,1,3,MLP,MACCS
84,1,1,3,MLP,MACCS
87,1,1,3,MLP,MACCS
96,1,1,3,MLP,MACCS
108,1,1,3,MLP,MACCS
110,1,1,3,MLP,MACCS
112,1,1,3,MLP,MACCS
113,2,1,3,MLP,MACCS
118,1,1,3,MLP,MACCS
124,1,2,3,MLP,MACCS
125,1,1,3,MLP,MACCS
128,1,2,3,MLP,MACCS
132,2,2,3,MLP,MACCS
135,2,1,3,MLP,MACCS
140,2,0,3,MLP,MACCS
144,0,0,3,MLP,MACCS
147,0,0,3,MLP,MACCS
158,1,1,3,MLP,MACCS
165,1,1,3,MLP,MACCS
171,2,1,3,MLP,MACCS
176,2,1,3,MLP,MACCS
178,2,2,3,MLP,MACCS
179,2,0,3,MLP,MACCS
181,2,2,3,MLP,MACCS
204,0,2,3,MLP,MACCS
213,0,1,3,MLP,MACCS
216,2,2,3,MLP,MACCS
219,0,2,3,MLP,MACCS
224,1,1,3,MLP,MACCS
231,2,2,3,MLP,MACCS
244,0,1,3,MLP,MACCS
246,2,2,3,MLP,MACCS
248,2,1,3,MLP,MACCS
290,0,0,3,MLP,MACCS
293,0,1,3,MLP,MACCS
298,0,2,3,MLP,MACCS
305,0,1,3,MLP,MACCS
318,0,2,3,MLP,MACCS
322,2,1,3,MLP,MACCS
325,1,1,3,MLP,MACCS
328,2,2,3,MLP,MACCS
356,2,1,3,MLP,MACCS
369,0,2,3,MLP,MACCS
378,1,2,3,MLP,MACCS
382,0,2,3,MLP,MACCS
428,0,2,3,MLP,MACCS
435,2,2,3,MLP,MACCS
1,1,2,4,MLP,MACCS
3,2,0,4,MLP,MACCS
5,1,1,4,MLP,MACCS
9,1,1,4,MLP,MACCS
17,2,2,4,MLP,MACCS
18,2,2,4,MLP,MACCS
19,2,2,4,MLP,MACCS
20,2,2,4,MLP,MACCS
22,1,1,4,MLP,MACCS
31,1,2,4,MLP,MACCS
40,2,1,4,MLP,MACCS
43,2,1,4,MLP,MACCS
49,1,1,4,MLP,MACCS
64,1,1,4,MLP,MACCS
88,1,1,4,MLP,MACCS
91,1,1,4,MLP,MACCS
95,1,1,4,MLP,MACCS
98,1,1,4,MLP,MACCS
105,1,1,4,MLP,MACCS
107,1,1,4,MLP,MACCS
111,1,1,4,MLP,MACCS
114,2,1,4,MLP,MACCS
117,1,1,4,MLP,MACCS
120,1,1,4,MLP,MACCS
130,1,1,4,MLP,MACCS
134,2,1,4,MLP,MACCS
136,2,2,4,MLP,MACCS
153,2,1,4,MLP,MACCS
160,2,2,4,MLP,MACCS
186,2,2,4,MLP,MACCS
188,0,0,4,MLP,MACCS
190,2,2,4,MLP,MACCS
206,0,2,4,MLP,MACCS
209,0,1,4,MLP,MACCS
220,0,0,4,MLP,MACCS
234,2,2,4,MLP,MACCS
237,1,1,4,MLP,MACCS
239,1,1,4,MLP,MACCS
240,1,1,4,MLP,MACCS
241,1,1,4,MLP,MACCS
242,0,2,4,MLP,MACCS
256,0,0,4,MLP,MACCS
278,0,1,4,MLP,MACCS
281,0,0,4,MLP,MACCS
291,0,2,4,MLP,MACCS
307,0,0,4,MLP,MACCS
308,0,0,4,MLP,MACCS
312,2,1,4,MLP,MACCS
324,2,2,4,MLP,MACCS
327,1,2,4,MLP,MACCS
344,2,0,4,MLP,MACCS
385,2,0,4,MLP,MACCS
398,2,1,4,MLP,MACCS
417,0,1,4,MLP,MACCS
439,0,0,4,MLP,MACCS
440,0,0,4,MLP,MACCS
13,1,1,5,MLP,MACCS
14,2,2,5,MLP,MACCS
25,1,2,5,MLP,MACCS
36,2,2,5,MLP,MACCS
37,2,1,5,MLP,MACCS
41,2,0,5,MLP,MACCS
44,2,0,5,MLP,MACCS
47,2,1,5,MLP,MACCS
48,0,2,5,MLP,MACCS
51,1,1,5,MLP,MACCS
52,1,1,5,MLP,MACCS
56,1,1,5,MLP,MACCS
57,1,2,5,MLP,MACCS
60,2,2,5,MLP,MACCS
63,1,1,5,MLP,MACCS
68,1,2,5,MLP,MACCS
82,1,1,5,MLP,MACCS
92,1,1,5,MLP,MACCS
103,1,1,5,MLP,MACCS
106,1,1,5,MLP,MACCS
116,2,1,5,MLP,MACCS
119,1,1,5,MLP,MACCS
127,1,1,5,MLP,MACCS
145,0,0,5,MLP,MACCS
155,2,2,5,MLP,MACCS
156,1,2,5,MLP,MACCS
159,2,2,5,MLP,MACCS
161,2,2,5,MLP,MACCS
162,2,2,5,MLP,MACCS
166,1,1,5,MLP,MACCS
177,2,1,5,MLP,MACCS
182,2,2,5,MLP,MACCS
184,2,2,5,MLP,MACCS
191,2,2,5,MLP,MACCS
196,0,0,5,MLP,MACCS
198,0,0,5,MLP,MACCS
203,0,0,5,MLP,MACCS
217,2,0,5,MLP,MACCS
218,2,0,5,MLP,MACCS
222,1,1,5,MLP,MACCS
238,1,1,5,MLP,MACCS
283,2,2,5,MLP,MACCS
286,1,1,5,MLP,MACCS
289,0,1,5,MLP,MACCS
296,0,2,5,MLP,MACCS
297,0,1,5,MLP,MACCS
333,1,2,5,MLP,MACCS
357,1,0,5,MLP,MACCS
360,0,0,5,MLP,MACCS
366,0,0,5,MLP,MACCS
372,2,1,5,MLP,MACCS
390,0,1,5,MLP,MACCS
400,1,1,5,MLP,MACCS
409,0,0,5,MLP,MACCS
421,0,1,5,MLP,MACCS
