ID,SMILES,Reference(s),True_Class,Predicted_Class,Fold,Model,Descriptor
1,O=C1C[C@@H](C)[C@]2(C)CC(CCC2=C1)=C(C)C,,1,1,1,Logistic Regression,RDKit
12,CC(C)[C@H]1[C@H]2[C@](CC1)(C)[C@H]3[C@@H]2C(CBr)=CC3,,1,1,1,Logistic Regression,RDKit
18,O=C(N[C@H](C(N[C@@H](C1=CC=CC=C1)C(OC(C)(C)C)=O)=O)C)CC2=CC(F)=CC(F)=C2,,2,0,1,Logistic Regression,RDKit
20,O[C@H](/C=C\C#CC#CC1=CN(CC2=CC=CC=C2)N=N1)[C@H](O3)[C@@H]3[C@H](O)[C@H]4OC(CC4)=O,,2,2,1,Logistic Regression,RDKit
25,CC1=C(C)[C@]([C@]2=C(O)C=CC(C)=C2C)=C(O)C=C1,,1,1,1,Logistic Regression,RDKit
27,CC(C)C1=CC=C2C(C=CC=C2)=[C@@]1[C@@]3=CSC(C)=C3C,,1,1,1,Logistic Regression,RDKit
29,C12=CC=CC=C1N3C(C4=NC5=C(C=CC=C5)N4CC/C=C/CC3)=N2,,1,1,1,Logistic Regression,RDKit
34,CC1=CC=CC(C)=C1NC(CN(CC)CC)=O,,1,2,1,Logistic Regression,RDKit
40,ClC1=CC=C2C(N(CCCN(C)C)C(C=CC=C3)=C3S2)=C1,,2,2,1,Logistic Regression,RDKit
43,ClC1=C([C@@H](C(OC)=O)N2CCC(SC=C3)=C3C2)C=CC=C1,,2,1,1,Logistic Regression,RDKit
44,O=C(C(C)=C1)NC(N1[C@@H]2O[C@H](CO)[C@@H](N=[N+]=[N-])C2)=O,,2,2,1,Logistic Regression,RDKit
48,CN(CCC1)[C@@H]1C2=CC=CN=C2,,0,1,1,Logistic Regression,RDKit
51,O=C(C=C(C1=CC(OC)=C(OC)C=C1)O2)C3=C2C(OC)=C(OC)C(OC)=C3OC,,1,1,1,Logistic Regression,RDKit
52,O=C(C=C(C1=CC=C(OC)C=C1)O2)C3=C2C(OC)=C(OC)C(OC)=C3OC,,1,1,1,Logistic Regression,RDKit
58,BrC1=CC2=CC=CC=C2C3=C1C=CC=C3,,1,1,1,Logistic Regression,RDKit
61,CC(O[C@H]1[C@H](C(C)C)CC[C@@H](C)C1)=O,,1,2,1,Logistic Regression,RDKit
69,CC1CCCC2(C1CC(CC2)C(C)C)C,,1,0,1,Logistic Regression,RDKit
78,N#Cc1ccccc1,,1,1,1,Logistic Regression,RDKit
84,C[C@]12OC(=O)C(=C)[C@H]1CC(=O)C=C2,,1,1,1,Logistic Regression,RDKit
88,Cc1cc(O)c(cc1Br)[C@]2(C)CC[C@@H]3C[C@]23C,,1,1,1,Logistic Regression,RDKit
95,CC12C(O2)CC(C)(C)/C=C/C/C(C)=C/CC1,,1,1,1,Logistic Regression,RDKit
96,C/C1=C\CC(C)(C)C(O2)C2C/C(C)=C/CC1,,1,1,1,Logistic Regression,RDKit
98,CC12C(O2)CC(C)(C)C(O3)C3CC(C)(O4)C4CC1,,1,1,1,Logistic Regression,RDKit
99,CC1(C)C/C=C(C)/CC/C=C(C=O)/C/C=C/1,,1,1,1,Logistic Regression,RDKit
103,BrC1=C[C@]([H])(OC)[C@](O2)(C)[C@]3(C[C@]2([H])[C@](Cl)(C)CC3)C1(C)C,,1,1,1,Logistic Regression,RDKit
135,O=C1C(N(C)C)=C(C)N(C)N1C2=CC=CC=C2,,2,2,1,Logistic Regression,RDKit
137,FC(F)(F)C1=CC=C(OC(C2=CC=CC=C2)CCNC)C=C1,,2,2,1,Logistic Regression,RDKit
138,O=C(OC)[C@@H](N1CCC(SC=C2)=C2C1)C3=C(Cl)C=CC=C3,,2,1,1,Logistic Regression,RDKit
140,O=C1C2=C(N=CC=C2)N(C3CC3)C4=C(C(C)=CC=N4)N1,,2,0,1,Logistic Regression,RDKit
143,Cc1ccc(cc1Nc2nccc(n2)c3cccnc3)NC(=O)c4ccc(cc4)CN5CCN(CC5)C,,0,0,1,Logistic Regression,RDKit
144,O=C1N(/N=C\N1c2ccc(cc2)N7CCN(c6ccc(OCC3C[C@@](OC3)(c4ccc(F)cc4F)Cn5ncnc5)cc6)CC7)[C@@H](CC)[C@@H](O)C,,0,0,1,Logistic Regression,RDKit
159,O=C(O)C1=C(OC(C)=O)C=CC=C1,,2,2,1,Logistic Regression,RDKit
178,N=C(N(C)C)N(C)C,,2,1,1,Logistic Regression,RDKit
180,C12=NCCCN1CCCCC2,,2,1,1,Logistic Regression,RDKit
185,O[C@H]1CCCCC[C@@H]1NCC2=CC=CC=C2,,2,2,1,Logistic Regression,RDKit
203,OC(=O)c1ccccc1Nc2cccc(c2)C(F)(F)F,,0,2,1,Logistic Regression,RDKit
204,C[C@@]1(C2(C)C)CC[C@H]2C[C@H]1O,,0,2,1,Logistic Regression,RDKit
206,O=C1O[C@H](CCCCC)CCC1,,0,2,1,Logistic Regression,RDKit
221,CCCC[C@@H](Br)[C@]1(C)CCCC=C1,,1,1,1,Logistic Regression,RDKit
223,COC([C@H](O)[C@@H](O)C(OC)=O)=O,,1,1,1,Logistic Regression,RDKit
224,CC1=CC=C(S(N)=O)C=C1,,1,1,1,Logistic Regression,RDKit
225,OC(C)C1=CC=C(Br)C=C1,,1,1,1,Logistic Regression,RDKit
226,CC(C)[C@@H]1Sc2[nH]c3ccccc3c2C[C@@H](CO)NC1=O,,2,2,1,Logistic Regression,RDKit
249,CCN(CC)C1=CC=C2C(OC(C(C3=NC4=C(C=CC=C4)S3)=C2)=O)=C1,,2,0,1,Logistic Regression,RDKit
278,O=C1C[C@@H](C2=CC=CC=C2)OC3=CC=CC=C31,,0,1,1,Logistic Regression,RDKit
285,C\C(\C=C1/SC(=S)N(CC(O)=O)C1=O)=C/C1=CC=CC=C1,,2,2,1,Logistic Regression,RDKit
287,ClC1=C(Cl)C(=CC=C1)N1CCN(CCCCOC2=CC3=C(CCC(=O)N3)C=C2)CC1,,1,0,1,Logistic Regression,RDKit
290,C\N=C(\NCCSCC1=C(C)NC=N1)NC#N,,0,0,1,Logistic Regression,RDKit
291,ClC1=C(NC2=NCCN2)C2=NSN=C2C=C1,,0,2,1,Logistic Regression,RDKit
296,CC1(C)SC2[C@H](NC(=O)CC3=CC=CC=C3)C(=O)N2[C@H]1C(O)=O,,0,2,1,Logistic Regression,RDKit
322,O=C(C1=C(S(=O)(NC(NC2=NC(OC)=CC(OC)=N2)=O)=O)N(C)N=C1Cl)OC,,2,0,1,Logistic Regression,RDKit
326,CC(CC1)=C[C@@]2([H])C1=C(C)CC[C@@H]2C(C)C,,2,1,1,Logistic Regression,RDKit
328,CC1=C[C@@]([C@@H](C(C)C)CC[C@]2(O)C)([H])[C@@]2([H])CC1,,2,2,1,Logistic Regression,RDKit
329,CC1=C[C@@]([C@@H](C(C)C)CC[C@@]2(O)C)([H])[C@]2([H])CC1,,2,2,1,Logistic Regression,RDKit
332,ClC1=CC(N2CCCN(C)C)=C(C=C1)SC3=C2C=CC=C3,,2,2,1,Logistic Regression,RDKit
339,COC1=C2O[C@@H]3[C@]45C2=C(C=C1)C[C@@H](N(CC5)C)[C@]4([H])C=C[C@@H]3O,,1,2,1,Logistic Regression,RDKit
360,O=S(CC1=NC=C(C(OC)=C1C)CO)C2=NC3=C(N2)C=CC(OC)=C3,,0,0,1,Logistic Regression,RDKit
386,O[C@@H]1C[C@H](C)CC[C@H]1C(C)=O,,0,0,1,Logistic Regression,RDKit
439,O=C1NC2=C(N1CCCN3CCC(CC3)N4C(NC5=CC(Cl)=CC=C54)=O)C=CC=C2,,0,2,1,Logistic Regression,RDKit
448,CO[C@H]1[C@@H](C[C@@H]2CN3CCC4=C([C@H]3C[C@@H]2[C@@H]1C(=O)OC)NC5=C4C=CC(=C5)OC)OC(=O)C6=CC(=C(C(=C6)OC)OC)OC,,0,2,1,Logistic Regression,RDKit
2,CC1=CC(C[C@@H](C)[C@]1(C2)CCC2=C(C)C)=O,,1,1,2,Logistic Regression,RDKit
4,O=C(CCCCCCCCCCC1)OCCOC1=O,,1,2,2,Logistic Regression,RDKit
13,C[C@@]1(O)[C@@H](Br)C[C@H](C(C)=C)CC1,,1,1,2,Logistic Regression,RDKit
16,CC1(C)[C@@H]2[C@H]1CC=C(C)C2,,1,1,2,Logistic Regression,RDKit
31,O=C1N(C)C(C(N(C)C=N2)=C2N1C)=O,,1,1,2,Logistic Regression,RDKit
35,CNCCC(OC1=CC=C(C(F)(F)F)C=C1)C2=CC=CC=C2,,1,2,2,Logistic Regression,RDKit
36,COC1=CC=C2C(NC(S(CC3=C(C)C(OC)=C(C)C=N3)=O)=N2)=C1,,2,0,2,Logistic Regression,RDKit
38,O=C(OCCN(C)C)C1=CC=C(NCCCC)C=C1,,2,2,2,Logistic Regression,RDKit
47,ClC1=CC=C(NC(O[C@]2(C#CC3CC3)C(F)(F)F)=O)C2=C1,,2,1,2,Logistic Regression,RDKit
49,CC1=C2C(C=C1)=C(C)C=CC(C(C)C)=C2,,1,1,2,Logistic Regression,RDKit
53,O=C(C(OC)=C(C1=CC(OC)=C(OC)C=C1)O2)C3=C2C(OC)=C(OC)C(OC)=C3OC,,1,1,2,Logistic Regression,RDKit
62,CC(C(C)(C)O1)(C)OB1C(B2OC(C)(C)C(C)(C)O2)CCC3=CC=CC=C3,,1,1,2,Logistic Regression,RDKit
65,O=C(C(C#N)=C1)C=C(C1(C#C)C2)C3=C2C=CC=C3,,1,1,2,Logistic Regression,RDKit
71,C1OOC(O1)c2ccccc2,,1,1,2,Logistic Regression,RDKit
73,O1O[C@H](O[C@@H]1c2ccccc2)c3ccccc3,,1,1,2,Logistic Regression,RDKit
75,c1ccccc1,,1,1,2,Logistic Regression,RDKit
81,Fc1ccc(F)cc1,,1,1,2,Logistic Regression,RDKit
82,CN1C[C@@](C)(c2ccccc2)[C@@]3(C)[C@@H]1N(C)c4ccccc34,,1,1,2,Logistic Regression,RDKit
83,C[C@@]12OC(=O)C(=C)[C@]1(C)CC(=O)C=C2,,1,1,2,Logistic Regression,RDKit
86,CCOC(=O)\C=C\1/C[C@@](N1S(=O)(=O)c2ccc(C)cc2)(C(=O)OCC)c3ccccc3C,,1,1,2,Logistic Regression,RDKit
90,C[C@]1(Cl)CC2O[C@@]3(C)C=C[C@@](C)(O)[C@]2(C[C@@H]1Br)C3(C)C,,1,1,2,Logistic Regression,RDKit
100,CC1(C)/C=C/C/C(C=O)=C\CC/C(C=O)=C\C1,,1,1,2,Logistic Regression,RDKit
110,N#CCC1=CC=CC=C1,,1,1,2,Logistic Regression,RDKit
115,[N-]=[N+]=NC1=CC=C(C(F)(F)F)C=C1,,2,1,2,Logistic Regression,RDKit
116,C[C@@](O1)(OO2)CC[C@]3([H])[C@]2([C@]1([H])O4)[C@](CC[C@H]3C)([H])[C@@H](C)C4=O,,2,1,2,Logistic Regression,RDKit
120,CC1=CC[C@H](C(C)=C)CC1,,1,1,2,Logistic Regression,RDKit
123,C[C@H](CC[C@H]1C(C)C)CC1=O,,1,1,2,Logistic Regression,RDKit
129,IC1=C(C(OSC(F)(F)F)(C)C)C=CC=C1,,1,1,2,Logistic Regression,RDKit
133,OC(C=C1)=CC=C1C2COC3=CC(O)=CC=C3C2=O,,0,0,2,Logistic Regression,RDKit
141,CN3[C@H]1CC[C@@H]3C[C@@H](C1)OC(=O)C(CO)c2ccccc2,,2,2,2,Logistic Regression,RDKit
146,CCOc2nc1cccc(C(=O)O)c1n2Cc5ccc(c3ccccc3c4nn[nH]n4)cc5,,0,0,2,Logistic Regression,RDKit
151,C[C@@H]1CC[C@H]([C@@H](C1)OC(=O)C)C(C)C,,2,1,2,Logistic Regression,RDKit
163,O[C@H](C1)CC[C@@]2(C)C1=CC[C@]3([H])[C@]2([H])CC[C@@]4([H])[C@@]3([H])C[C@H](O)[C@]4([H])[C@H](C)[C@@H](O)CCC(C)C,,2,0,2,Logistic Regression,RDKit
165,[H][C@@]1(CO2)[C@](CO[C@@H]1C3=CC(OCO4)=C4C=C3)([H])[C@@H]2C5=CC(OCO6)=C6C=C5,,1,1,2,Logistic Regression,RDKit
166,COC1=C(OC)C=C(OC)C(/C=C\C)=C1,,1,1,2,Logistic Regression,RDKit
173,CC(C(O)=O)C1=CC=C(CC(C)C)C=C1,,2,2,2,Logistic Regression,RDKit
174,O[C@@H]1CCCC[C@H]1NC2CC2,,2,2,2,Logistic Regression,RDKit
176,CN(C)C1CCCCC1,,2,1,2,Logistic Regression,RDKit
179,N=C(NC1=CC=CC=C1)NC2=CC=CC=C2,,2,2,2,Logistic Regression,RDKit
195,OC(=O)c1ccc(O)cc1,,2,0,2,Logistic Regression,RDKit
196,CC1=C(/C=C/C(C)=C/C=C/C(C)=C/C=C/C=C(C)/C=C/C=C(C)/C=C/C2=C(C)CCCC2(C)C)C(C)(C)CCC1,,0,2,2,Logistic Regression,RDKit
209,CC(C)C1CC[C@]2(C)[C@@]1([H])[C@]3([H])[C@@]2([H])CCC3=C,,0,1,2,Logistic Regression,RDKit
218,CC1=C(O)C=C(C)C(OCCCC(C)(C)C(O)=O)=C1,,2,0,2,Logistic Regression,RDKit
219,CC1=CC=C(C(O)=O)C=C1OCCCC(C)(C)C(O)=O,,0,0,2,Logistic Regression,RDKit
227,COC(=O)C1=C(C)[C@]2(C)C[C@H]3[C@@](C)(CC[C@H]4C(C)(C)[C@@H](O)CC[C@]34C)OC2=C(C)C1=O,,2,2,2,Logistic Regression,RDKit
231,COCC(=O)N([C@H](C)C(=O)OC)c1c(C)cccc1C,,2,2,2,Logistic Regression,RDKit
284,CC(C)NCC(O)COC1=CC=CC2=CC=CC=C12,,2,2,2,Logistic Regression,RDKit
288,O=C1C2=CC=CC=C2C(=O)C2=C1C=CC1=C2NC2=C(N1)C1=C(C=C2)C(=O)C2=C(C=CC=C2)C1=O,,0,0,2,Logistic Regression,RDKit
309,CC[C@H]1OC(=O)[C@H](C)[C@H](C[C@@H](O[C@@H]2O[C@H](C)C[C@@H]([C@H]2O)N(C)C)[C@](C)(O)C[C@@H](C)C(=O)[C@H](C)[C@@H](C)[C@]1(C)O)O[C@H]1C[C@@](C)(OC)[C@@H](O)[C@H](C)O1,,0,0,2,Logistic Regression,RDKit
318,O=C(CC(C(C)1C)CC2)C21CS(=O)(O)=O,,0,2,2,Logistic Regression,RDKit
324,C[C@@H]1[C@]2([C@@]3([H])[C@](C)(O)CC2)[C@@]3([H])[C@@H](C(C)C)CC1,,2,2,2,Logistic Regression,RDKit
345,COC1=C(C(C(C(O)=C([C@@H](O)C[C@@](C(CO)=O)(O)C2)C2=C3O)C3C4=O)=O)C4=CC=C1,,0,0,2,Logistic Regression,RDKit
366,COC1=C(C2=CC=C1)C(C(C3C2=O)C(O)=C4[C@H](C[C@@](O)(CC4=C3O)C(CO)=O)O[C@H]5C[C@H](N)[C@H](O)[C@H](C)O5)=O,,0,0,2,Logistic Regression,RDKit
372,NC(N1C2=C(C=CC=C2)C=CC3=C1C=CC=C3)=O,,2,2,2,Logistic Regression,RDKit
407,[H][C@@]12[C@](CC[C@@H](C(C)C)C2)(C)CCC[C@]1(O)C,,2,2,2,Logistic Regression,RDKit
417,C[C@@]12CC[C@@H](C(C)C)C[C@@]1([H])C(C)=CCC2,,0,1,2,Logistic Regression,RDKit
421,CC12C(CC(C(C)=C)CC2)=C(C)C(CC1)=O,,0,2,2,Logistic Regression,RDKit
432,C[C@@H]1CCCCCCCCCCCCC(=O)C1,,0,2,2,Logistic Regression,RDKit
436,CC(C)C1=CC=C([C@@]2(C)[C@@](CC3=O)([H])C(C)(C)[C@H](O)CC2)C3=C1,,2,2,2,Logistic Regression,RDKit
446,CC1=C(C2=C(CC[C@@](O2)(C)CCC[C@H](C)CCC[C@H](C)CCCC(C)C)C(=C1O)C)C,,0,0,2,Logistic Regression,RDKit
7,C=C1CC/C=C(C)/CC[C@@H]2[C@@H]1CC2(C)C,,1,0,3,Logistic Regression,RDKit
9,Br[C@@H](CO)[C@](CC[C@H](Br)C(Br)(C)C)(Br)C,,1,1,3,Logistic Regression,RDKit
17,CN1[C@H]2CC[C@@H]1C[C@H](OC(C(CO)C3=CC=CC=C3)=O)C2,,2,2,3,Logistic Regression,RDKit
39,ClC1=C(N)C=C(OC)C(C(NCCN(CC)CC)=O)=C1,,2,1,3,Logistic Regression,RDKit
45,OCC(C(OC1CC(N2C)CCC2C1)=O)C3=CC=CC=C3,,2,2,3,Logistic Regression,RDKit
50,O=C1[C@@H](C)[C@]([C@]2([H])O1)([H])CC[C@@](C2=C3C)(C)C=CC3=O,,1,2,3,Logistic Regression,RDKit
56,O=C/C=C/C1=CC=CC=C1,,1,1,3,Logistic Regression,RDKit
57,O=C([C@@]1(C2C34)[C@@H]3[C@H]5C4(C(OC)=O)C2[C@H]51)OC,,1,2,3,Logistic Regression,RDKit
68,O=C1CC[C@@]2(C)C(CCC([C@@](CC[C@@H]3O)([H])[C@]3(C)C4)[C@]2([H])C4=O)=C1,,1,2,3,Logistic Regression,RDKit
72,O1O[C@@H](O[C@@H]1c2ccccc2)c3ccccc3,,1,1,3,Logistic Regression,RDKit
76,Fc1ccc(C=O)cc1,,1,1,3,Logistic Regression,RDKit
79,O=CC1=CC=CC=C1,,1,1,3,Logistic Regression,RDKit
80,Fc1ccccc1,,1,1,3,Logistic Regression,RDKit
85,Cn1c2c(CC[C@@]2(C)C=C)c3ccccc13,,1,1,3,Logistic Regression,RDKit
92,CC1(Cl)CC[C@@]2(CC1Br)C(C)(C)C(=C[C@H]3O[C@@]23C)Br,,1,1,3,Logistic Regression,RDKit
101,CC[C@@H](O1)[C@@H](Br)C[C@]1([H])[C@@]2([H])O[C@@H](C/C=C\C#C)[C@H](Br)C2,,1,1,3,Logistic Regression,RDKit
107,C[C@@H](CC1)[C@@]2([H])[C@]1([H])[C@@]3(C)[C@]2([H])[C@@H](C(C)=C)CC3,,1,0,3,Logistic Regression,RDKit
108,O=C(C)C1=CC=CC=C1,,1,1,3,Logistic Regression,RDKit
112,C12=CC=CC=C1C=C3C(C=CC=C3)=C2,,1,1,3,Logistic Regression,RDKit
121,CC1=CC[C@@H]2C(C)(C)[C@H]1C2,,1,0,3,Logistic Regression,RDKit
127,C[C@H]1CC2=C(C(C)=CO2)CC1,,1,0,3,Logistic Regression,RDKit
131,BrC1=CC=CC2=C1C(N=CC=C3)=C3C4=C2C=CC=C4,,1,1,3,Logistic Regression,RDKit
132,COC(C=C1)=CC=C1C2COC3=CC(OC)=CC=C3C2=O,,2,1,3,Logistic Regression,RDKit
136,NC1=C(S(=O)(CC)=O)C=C(C(NCC2N(CC)CCC2)=O)C(OC)=C1,,2,2,3,Logistic Regression,RDKit
139,CN(C)CCCN1C2=C(C=CC=C2)CCC3=C1C=CC=C3,,2,2,3,Logistic Regression,RDKit
147,C[C@H]1[C@H]([C@H](C[C@@H](O1)O[C@H]2C[C@@](Cc3c2c(c4c(c3O)C(=O)c5cccc(c5C4=O)OC)O)(C(=O)CO)O)N)O,,0,0,3,Logistic Regression,RDKit
148,COc1ccccc1OCCNCC(O)COc3cccc4[nH]c2ccccc2c34,,0,0,3,Logistic Regression,RDKit
155,COc1ccc(C=O)cc1,,2,1,3,Logistic Regression,RDKit
156,C1=CC=CC2=C1C3C(CC2)[C@@H](C(O3)=O)C,,1,1,3,Logistic Regression,RDKit
177,NCCC1=CC=CC=C1,,2,1,3,Logistic Regression,RDKit
183,O[C@H]1CCCC[C@@H]1NCC2=CC=CC=C2,,2,2,3,Logistic Regression,RDKit
186,O[C@@H]1CCCCC[C@H]1NCC2=CC=CC=C2,,2,2,3,Logistic Regression,RDKit
189,CC1(C)C(C(CCC)=O)=C(C)CCC1,,0,1,3,Logistic Regression,RDKit
190,O=C(OC)C1=C(C)C(C)=C2O[C@]3(C)CC[C@@]4([H])C(C)(C)[C@@H](O)CC[C@]4(C)[C@@]3([H])C[C@]2(C)C1=O,,2,2,3,Logistic Regression,RDKit
192,CC1=C(C)C(C(OC)=O)=C2O[C@]3(C)CC[C@@]4([H])C(C)(C)[C@@H](O)CC[C@]4(C)[C@@]3([H])C[C@]2(C)C1=O,,2,2,3,Logistic Regression,RDKit
216,CC1=CC=C(C)C(OCCCC(C)(C)C(O)=O)=C1,,2,2,3,Logistic Regression,RDKit
222,O[C@@H](CCCl)C1=CC=CC=C1,,1,1,3,Logistic Regression,RDKit
234,CCC1=CC=CC(=C1N(C(C)COC)C(=O)CCl)C,,2,1,3,Logistic Regression,RDKit
239,[H][C@]12CN(CC(=O)N1C[C@@H](O)C1=CC=CC=C21)C(=O)C1CCCCC1,,1,1,3,Logistic Regression,RDKit
244,C/C(C(O)=O)=C(OC(C)=O)\C=C,,0,2,3,Logistic Regression,RDKit
260,C[C@H](CCCC(C)C)[C@@]1([H])CC[C@@]2([H])[C@]3([H])CC=C4C[C@@H](C)CC[C@]4(C)[C@@]3([H])CC[C@@]21C,,2,0,3,Logistic Regression,RDKit
277,O=C(C1=C2C=C(C)C=C1O)C3=C(C=CC=C3O)C2=O,,2,0,3,Logistic Regression,RDKit
282,CCOC(=O)[C@H](CC1=CNC2=CC=CC=C12)NC(C)=O,,2,2,3,Logistic Regression,RDKit
303,[H][C@@]12CCCC[C@]1([H])CN(C[C@@H](O)[C@H](CSC1=CC=CC=C1)NC(=O)C1=CC=CC(O)=C1C)[C@@H](C2)C(=O)NC(C)(C)C,,0,0,3,Logistic Regression,RDKit
305,COC1=CC(=CC=C1CC1=CN(C)C2=CC=C(NC(=O)OC3CCCC3)C=C12)C(=O)NS(=O)(=O)C1=CC=CC=C1C,,0,0,3,Logistic Regression,RDKit
307,CC(C)[C@H](NC(=O)N(C)CC1=CSC(=N1)C(C)C)C(=O)N[C@H](C[C@H](O)[C@H](CC1=CC=CC=C1)NC(=O)OCC1=CN=CS1)CC1=CC=CC=C1,,0,0,3,Logistic Regression,RDKit
308,OCCN(CCO)C1=NC2=C(N=C(N=C2N2CCCCC2)N(CCO)CCO)C(=N1)N1CCCCC1,,0,0,3,Logistic Regression,RDKit
325,C/C1=C\CC[C@@](C)(O)/C=C/[C@@H](C(C)C)CC1,,1,2,3,Logistic Regression,RDKit
327,CC1=C[C@@]([C@@H](C(C)C)CC[C@]2(O)C)([H])[C@]2([H])CC1,,1,2,3,Logistic Regression,RDKit
349,[H]N(C(C1=CC=C(O)C=C1)=O)/N=C/C2=CC=C([N+]([O-])=O)O2,,2,0,3,Logistic Regression,RDKit
369,O=C(NN)C1=CC=NC=C1,,0,2,3,Logistic Regression,RDKit
378,CC1=CCCC(C)(C)[C@@]12O[C@@H](C)CC2,,1,1,3,Logistic Regression,RDKit
380,O=C([C@@H]1CC[C@@H](C)C[C@H]1O)C,,0,1,3,Logistic Regression,RDKit
381,CC([C@@H]1CC[C@@H](C)C[C@H]1OC(C[C@@H](O)C)=O)C,,0,2,3,Logistic Regression,RDKit
382,CC([C@@H]1CC[C@@H](C)C[C@H]1OCCO)C,,0,0,3,Logistic Regression,RDKit
385,CC1(C)C[C@@H](C(O)=O)[C@H](C(C)C)CC1,,2,2,3,Logistic Regression,RDKit
390,[NH3+] [C@@H](CC([O-])=O)C(N[C@@H](CC1=CC=CC=C1)C(OC)=O)=O,,0,2,3,Logistic Regression,RDKit
425,O=C(SC(C)CC)CC(C)C,,0,1,3,Logistic Regression,RDKit
435,CC(C)C1=CC=C([C@]23[C@@](CC4=O)([H])C(C)(C)[C@@H](CC3)OC2=O)C4=C1,,2,2,3,Logistic Regression,RDKit
437,CC(C)C1=CC=C([C@@]2(C)[C@@](CC3=O)([H])C(C)(C)C(CC2)=O)C3=C1,,2,0,3,Logistic Regression,RDKit
5,CC1(C)CCC[C@@]2(C)[C@H]1CC[C@]3(C)[C@@H]2CCO3,,1,1,4,Logistic Regression,RDKit
8,CC1=CC(C(C)(C)[C@H](C)CC2(C)C)=C2C=C1C(C)=O,,1,1,4,Logistic Regression,RDKit
11,CCC[C@H](SC(C1=CC(Br)=CC=C1)=O)CCOC(C2=CC(Br)=CC=C2)=O,,1,1,4,Logistic Regression,RDKit
21,O[C@H](/C=C/C#CC#CC1=CN(CC2=CC=CC=C2)N=N1)[C@H](O3)[C@@H]3[C@H](O)[C@H]4OC(CC4)=O,,2,2,4,Logistic Regression,RDKit
22,IC1=C(C(C)(C)OSC(F)(F)F)C=CC=C1,,1,1,4,Logistic Regression,RDKit
24,C[C@H]1C[C@@H](OC(C)=O)[C@H](C(C)C)CC1,,2,1,4,Logistic Regression,RDKit
26,CC1=C(C)[C@@]([C@@]2=C(O)C=CC(C)=C2C)=C(O)C=C1,,1,1,4,Logistic Regression,RDKit
32,NC1=C2C(C=CC=N2)=CC=C1,,1,2,4,Logistic Regression,RDKit
41,O=C1C(C2CCC(NC2=O)=O)C(C3=CC=CC=C31)=O,,2,2,4,Logistic Regression,RDKit
42,CC1=C(C(OC)=O)C(C(C(OC)=O)=C(C)N1)C2=C([N+]([O-])=O)C=CC=C2,,2,1,4,Logistic Regression,RDKit
46,CN(C)CCCN1C(C=CC=C2)=C2CCC3=C1C=CC=C3,,2,2,4,Logistic Regression,RDKit
55,O=CC1=CC=C([N+]([O-])=O)C=C1,,1,1,4,Logistic Regression,RDKit
63,CC(C(C)(C)O1)(C)OB1[C@@H](CCCCC)[C@H](B2OC(C)(C)C(C)(C)O2)C,,1,2,4,Logistic Regression,RDKit
64,CC(C(C)(C)O1)(C)OB1[C@@H](CCCCC)[C@@H](B2OC(C)(C)C(C)(C)O2)C,,1,2,4,Logistic Regression,RDKit
67,O[C@H]1CCC2=C(OC)C=CC=C2[C@H]1C(OC)=O,,1,2,4,Logistic Regression,RDKit
91,CC1=C[C@H](O)C(Br)C(C)(C)[C@]12CCC(C)(Cl)C(Br)C2,,1,1,4,Logistic Regression,RDKit
102,CC[C@@H](O1)[C@@H](Br)C[C@]1([H])[C@@]2([H])O[C@@H](C/C=C\C3=CN(CC(NC4=CC=CC=C4)=O)N=N3)[C@H](Br)C2,,1,2,4,Logistic Regression,RDKit
104,BrC1=C[C@@]([H])(OC)[C@](O2)(C)[C@]3(C[C@]2([H])[C@](Cl)(C)CC3)C1(C)C,,1,1,4,Logistic Regression,RDKit
109,[H]C(/C=C/C1=CC=CC=C1)=O,,1,1,4,Logistic Regression,RDKit
111,C12=CC=CC=C1C=CC=C2,,1,1,4,Logistic Regression,RDKit
114,OC1=C(OC)C=C(C=O)C=C1,,2,1,4,Logistic Regression,RDKit
118,CN1C=NC(C(F)(F)F)=C1C(OC)=O,,1,1,4,Logistic Regression,RDKit
119,CN1C(C(F)(F)F)=C([N+]([O-])=O)C=C1C(OC)=O,,1,1,4,Logistic Regression,RDKit
122,C[C@H]1C[C@@H](O)[C@H](C(C)C)CC1,,1,1,4,Logistic Regression,RDKit
124,C[C@H]1C[C@H](O)[C@H](C(C)C)CC1,,1,1,4,Logistic Regression,RDKit
128,C[C@@]12CC[C@H](C(C)(C)O2)CC1,,1,2,4,Logistic Regression,RDKit
142,CCN(CC)CC(=O)NC1=C(C)C=CC=C1C,,2,1,4,Logistic Regression,RDKit
145,O=C7OCC=6C(=O)N2C(\c1nc5c(c(c1C2)CC)cc(OC(=O)N4CCC(N3CCCCC3)CC4)cc5)=C/C=6[C@@]7(O)CC,,0,0,4,Logistic Regression,RDKit
149,O2C1(CCC(CC1)C2(C)C)C,,2,2,4,Logistic Regression,RDKit
150,O[C@H]1[C@H](C(C)C)CC[C@@H](C)C1,,2,1,4,Logistic Regression,RDKit
152,O(c1ccc(\C=C\C)cc1)C,,2,1,4,Logistic Regression,RDKit
161,O=C1C(C)=C2O[C@]3(C)CCC4C(C)(C)[C@@H](O)CC[C@]4(C)[C@@]3([H])C[C@@]2(C)C(C)=C1C(OC)=O,,2,2,4,Logistic Regression,RDKit
164,CC1(C)CC[C@]2(C)C[C@@]34[C@@H](C)CC[C@@H](O)[C@]3(C)CC[C@H]4[C@@]21[H],,2,2,4,Logistic Regression,RDKit
181,O[C@@H]1[C@@H](NCC2=CC=CC=C2)CCC1,,2,2,4,Logistic Regression,RDKit
184,O[C@@H]1CCCC[C@H]1NCC2=CC=CC=C2,,2,2,4,Logistic Regression,RDKit
187,C/C(C)=C/CC/C(C)=C/CO,,0,1,4,Logistic Regression,RDKit
188,C/C(C)=C/CC/C(C)=C/CC/C(C)=C/CO,,0,1,4,Logistic Regression,RDKit
193,O=C1C(C(OC)=O)=C(C)C(C)=C2O[C@@]3(C)CC[C@@]4([H])C(C)(C)[C@@H](O)CC[C@]4(C)[C@]3([H])C[C@@]21C,,2,2,4,Logistic Regression,RDKit
194,O=C1C(C(OC)=O)=C(C)[C@]2(C)C(O[C@]([C@]3(C)[C@](CC[C@H](O)C4)(C)[C@@]4([H])CC3)([H])C2)=C1C,,2,2,4,Logistic Regression,RDKit
198,O=C1CCCCC/C=C/CCCCCCCCO1,,0,1,4,Logistic Regression,RDKit
199,O=C1CCCCC/C=C\CCCCCCCCO1,,0,1,4,Logistic Regression,RDKit
211,CC([C@H]12)=CC[C@]32[C@]1([H])[C@H](C(C)C)CC[C@H]3C,,0,1,4,Logistic Regression,RDKit
213,CC(C12)=CC[C@@]3([H])C1[C@H](C(C)C)CC[C@@]32C,,0,2,4,Logistic Regression,RDKit
217,CC1=CC=C(CO)C=C1OCCCC(C)(C)C(O)=O,,2,2,4,Logistic Regression,RDKit
236,[H][C@]12CN(CC(=O)N1CCC1=CC=CC=C21)C(=O)[C@H]1CC[C@H](O)CC1,,1,1,4,Logistic Regression,RDKit
237,[H][C@]12CN(CC(=O)N1CCC1=CC=CC=C21)C(=O)[C@@H]1CC[C@H](O)CC1,,1,1,4,Logistic Regression,RDKit
240,OC12CN(CC(=O)N1CCC1=CC=CC=C21)C(=O)C1CCCCC1,,1,1,4,Logistic Regression,RDKit
241,O[C@]12CN(CC(=O)N1CCC1=CC=CC=C21)C(=O)C1CCCCC1,,1,1,4,Logistic Regression,RDKit
242,OC1=CC=C(NC(C)=O)C=C1,,0,2,4,Logistic Regression,RDKit
251,O[C@@H]1[C@@H](O)[C@H](O)[C@@H](CO)O[C@H]1OC2=CC=CC=C2CO,,0,0,4,Logistic Regression,RDKit
275,O=C(C1=C2C=C(C)C=C1O)C3=C(C=C(O)C=C3O)C2=O,,0,2,4,Logistic Regression,RDKit
281,C[C@@H](C1=C2C[C@H](O)[C@H]3[C@@]4(C)CCC(C(C)(C)[C@@H]4CC[C@]3(C)[C@@]2(C)CC1)=O)C[C@H](O)[C@@H](O)C(C)(O)C,,0,0,4,Logistic Regression,RDKit
283,COC(=O)[C@@H](N)CC1=CNC2=CC=CC=C12,,2,2,4,Logistic Regression,RDKit
293,CN1C(C(=O)NC2=NC=C(C)S2)=C(O)C2=C(C=CC=C2)S1(=O)=O,,0,0,4,Logistic Regression,RDKit
312,BrC1(CC2(Br)C3)CC(C2)(Br)CC3(Br)C1,,2,1,4,Logistic Regression,RDKit
344,O=C1[C@@H](CCCCCC)[C@H](C[C@H](CCCCCCCCCCC)OC([C@H](CC(C)C)NC=O)=O)O1,,2,2,4,Logistic Regression,RDKit
356,FC1=CC2=C(C=C1)C(C3CCN(CCC4=C(C)N=C5N(CCCC5)C4=O)CC3)=NO2,,2,0,4,Logistic Regression,RDKit
357,CN1CCN(CC1)S(=O)(C2=CC(C3=NC4=C(C(N3)=O)N(N=C4CCC)C)=C(OCC)C=C2)=O,,1,1,4,Logistic Regression,RDKit
363,ClC1=C(NC2=CC=CC=C2CC(O)=O)C(Cl)=CC=C1,,0,2,4,Logistic Regression,RDKit
384,CC1(C)C[C@@H](C(NC2=CC=C(CC#N)C=C2)=O)[C@H](C(C)C)CC1,,0,2,4,Logistic Regression,RDKit
3,C[C@@H]1CCC=C(CC/2)[C@@]1(C)CC2=C(C)\CO,,2,2,5,Logistic Regression,RDKit
6,C[C@@]1(CC2)[C@]3(O)C(C)(C)[C@H]2C[C@H]1[C@@H](C)CC3,,2,2,5,Logistic Regression,RDKit
10,C[C@@](CC[C@H](Br)C(Br)(C)C)(Br)[C@H](Br)CO,,1,1,5,Logistic Regression,RDKit
14,CCCCNc1ccc(cc1)C(=O)OCCN(C)C,,1,2,5,Logistic Regression,RDKit
15,CCCCCC=CCC=CCC=CCC=CCCCC(=O)OCC,,2,0,5,Logistic Regression,RDKit
19,CC1=C(NC(CN(CC)CC)=O)C(C)=CC=C1,,2,2,5,Logistic Regression,RDKit
28,CC(C)C1=CC=C2C(C=CC=C2)=[C@]1[C@]3=CSC(C)=C3C,,1,1,5,Logistic Regression,RDKit
30,C12=CC=CC=C1N=C3N2CC/C=C/CCN4C5=C(C=CC=C5)N=C34,,1,1,5,Logistic Regression,RDKit
37,NC1=CC=C(S(C2=CC=C(N)C=C2)(=O)=O)C=C1,,2,2,5,Logistic Regression,RDKit
54,NC1=C(C(C)C)C=CC=C1C(C)C,,1,1,5,Logistic Regression,RDKit
60,COC1=CC=C(/C=C/C)C=C1,,1,1,5,Logistic Regression,RDKit
74,C1C[C@H]2OOC(C1)O2,,1,1,5,Logistic Regression,RDKit
77,Clc1cccc(Cl)c1,,1,1,5,Logistic Regression,RDKit
87,CC1(C)C(Br)C[C@H]2O[C@@]2(C)[C@]13CC(Br)C(C)(Cl)CC3O,,1,1,5,Logistic Regression,RDKit
89,C[C@]1(Cl)CC2O[C@@]3(Br)[C@H](O)[C@H]4O[C@@]4(C)[C@]2(C[C@@H]1Br)C3(C)C,,1,1,5,Logistic Regression,RDKit
93,C/C1=C\CC(C)(C)/C=C/C/C(C)=C/CC1,,1,1,5,Logistic Regression,RDKit
94,C/C1=C\CC(C)(C)/C=C/CC2(C)C(O2)CC1,,1,1,5,Logistic Regression,RDKit
97,CC12C(O2)CC(C)(C)/C=C/CC(C)(O3)C3CC1,,1,1,5,Logistic Regression,RDKit
105,O=C(C(O)=C1)C2=CC=CC3=CC=CC1=C32,,1,1,5,Logistic Regression,RDKit
106,O=C(C(C1=CC=CC=C1)=C2)C3=CC=CC4=CC=CC2=C43,,1,1,5,Logistic Regression,RDKit
113,C1(/C=C/C2=CC=CC=C2)=CC=CC=C1,,2,1,5,Logistic Regression,RDKit
117,CN1C=NC([N+]([O-])=O)=C1C(F)(F)F,,1,1,5,Logistic Regression,RDKit
125,C[C@H](CC[C@@H]1C(C)C)CC1=O,,1,0,5,Logistic Regression,RDKit
130,CC#[N][Pd]1(Br)C2=CC=CC3=C2C([N]1=CC=C4)=C4C5=CC=CC=C53,,1,1,5,Logistic Regression,RDKit
134,O=C1C=CC2(C)C(C(OC(C3C)=O)C3CC2)=C1C,,2,1,5,Logistic Regression,RDKit
153,C[C@@]12C(C)(C)[C@@H](CC1=O)CC2,,2,0,5,Logistic Regression,RDKit
154,CC1(C)[C@H]2C[C@@H]1CC=C2C,,2,1,5,Logistic Regression,RDKit
158,C1=CC=CC2=C1C3C(CC2)C(C(O3)=O)=C,,1,1,5,Logistic Regression,RDKit
160,O=C(N[C@H](CO)C1)[C@H](C(C)C)SC2=C1C3=CC=CC=C3N2,,2,2,5,Logistic Regression,RDKit
162,C/C([C@@H]1[C@@](CCCC2=C(C)OC(OC)=CC2=O)(O1)C)=C\C3=CC=C([N+]([O-])=O)C=C3,,2,1,5,Logistic Regression,RDKit
168,COC1=C(OC)C=C(OC)C(/C=C/C)=C1,,1,1,5,Logistic Regression,RDKit
171,COC1=CC=C2C(C(CC(O)=O)C(C)N2C(C3=CC=C(Cl)C=C3)=O)=C1,,2,2,5,Logistic Regression,RDKit
172,CC(OC1=CC=CC=C1C(NC2=NC=C([N+]([O-])=O)S2)=O)=O,,2,0,5,Logistic Regression,RDKit
182,O[C@H]1[C@H](NCC2=CC=CC=C2)CCC1,,2,2,5,Logistic Regression,RDKit
191,O=C(OC)C1=C(C)C(C)=C2O[C@]3(C)CC[C@@]4([H])C(C)(C)[C@@H](O)CC[C@]4(C)[C@@]3([H])C[C@@]2(C)C1=O,,2,2,5,Logistic Regression,RDKit
215,CCCC(S)CCO,,0,0,5,Logistic Regression,RDKit
220,CC1=CC=C(C)C(OCCCC(C)(C)C(OC2OC(C(O)=O)C(O)C(O)C2O)=O)=C1,,0,0,5,Logistic Regression,RDKit
235,[H][C@]12CN(CC(=O)N1CCC1=CC=CC=C21)C(=O)C1CCCCC1,,1,1,5,Logistic Regression,RDKit
238,[H][C@]12CN(CC(=O)N1CCC1=CC(O)=CC=C21)C(=O)C1CCCCC1,,1,1,5,Logistic Regression,RDKit
246,NC(C1=CC=CC=C1OCC)=O,,2,2,5,Logistic Regression,RDKit
248,CN1C(C)C(C(C)C)C(N1C2=CC=CC=C2)=O,,2,1,5,Logistic Regression,RDKit
256,O[C@@H]1[C@@H](O)[C@H](O)[C@@H](CO)O[C@H]1C2=C(OC=C(C3=CC=C(O)C=C3)C4=O)C4=CC=C2O,,0,0,5,Logistic Regression,RDKit
267,O=C1OC2=CC3=C(C=CO3)C(O/C=C/C(C)C)=C2C=C1,,0,1,5,Logistic Regression,RDKit
286,COC1=CC2=C(C=C1OC)C(=O)C(CC1CCN(CC3=CC=CC=C3)CC1)C2,,1,0,5,Logistic Regression,RDKit
289,COC1=CC=C2C=C3C4=C(CC[N+]3=CC2=C1OC)C=C1OCOC1=C4,,0,1,5,Logistic Regression,RDKit
297,CC(C)CN1C=NC2=C(N)N=C3C=CC=CC3=C12,,0,2,5,Logistic Regression,RDKit
298,CC1=CN=C(C=N1)C(=O)NCCC1=CC=C(C=C1)S(=O)(=O)NC(=O)NC1CCCCC1,,0,2,5,Logistic Regression,RDKit
299,CC(=O)N1CCN(CC1)C1=CC=C(OC[C@H]2CO[C@@](CN3C=CN=C3)(O2)C2=C(Cl)C=C(Cl)C=C2)C=C1,,0,1,5,Logistic Regression,RDKit
333,CC1=C(C(OC)=O)C(C2=C([N+]([O-])=O)C=CC=C2)=C(C(OC)=O)C(C)=N1,,1,1,5,Logistic Regression,RDKit
351,CN(C)CCCN(C(C=CC=C1)=C1CC2)C3=C2C=CC=C3,,0,2,5,Logistic Regression,RDKit
373,COC1=CC=C(C=C1)C2=COC3=C(C2=O)C=CC(=C3)OC,,2,1,5,Logistic Regression,RDKit
374,CC1OC2(C(C)=CCCC2(C)C)CC1,,2,1,5,Logistic Regression,RDKit
398,O=C1CCC(C1C/C=C\CC)CC(OC)=O,,2,0,5,Logistic Regression,RDKit
400,CC(C1CCC(C=O)=CC1)=C,,1,1,5,Logistic Regression,RDKit
403,CC(C)[C@@H]1CC[C@@]([C@@H](C1)C(=C)C)(C)C=C,,0,1,5,Logistic Regression,RDKit
409,CC1(C=C)C(C(C)C)CC(C(C)C)CC1,,0,1,5,Logistic Regression,RDKit
413,C[C@@]1(CCC2)CC[C@@H](C(C)C)C[C@@]1([H])C2=C,,0,1,5,Logistic Regression,RDKit
428,CC(S)CC(OCC)=O,,0,1,5,Logistic Regression,RDKit
434,CC(C)C1=CC=C([C@]23[C@@](C[C@@H]4O)([H])C(C)(C)[C@@](O)(CC3)OC2)C4=C1,,2,2,5,Logistic Regression,RDKit
440,CC1=C2C(C(OC2)=O)=C(C(C/C=C(C)/CCC(OCCN3CCOCC3)=O)=C1OC)O,,0,0,5,Logistic Regression,RDKit
1,O=C1C[C@@H](C)[C@]2(C)CC(CCC2=C1)=C(C)C,,1,1,1,SVM,RDKit
12,CC(C)[C@H]1[C@H]2[C@](CC1)(C)[C@H]3[C@@H]2C(CBr)=CC3,,1,1,1,SVM,RDKit
18,O=C(N[C@H](C(N[C@@H](C1=CC=CC=C1)C(OC(C)(C)C)=O)=O)C)CC2=CC(F)=CC(F)=C2,,2,2,1,SVM,RDKit
20,O[C@H](/C=C\C#CC#CC1=CN(CC2=CC=CC=C2)N=N1)[C@H](O3)[C@@H]3[C@H](O)[C@H]4OC(CC4)=O,,2,2,1,SVM,RDKit
25,CC1=C(C)[C@]([C@]2=C(O)C=CC(C)=C2C)=C(O)C=C1,,1,1,1,SVM,RDKit
27,CC(C)C1=CC=C2C(C=CC=C2)=[C@@]1[C@@]3=CSC(C)=C3C,,1,1,1,SVM,RDKit
29,C12=CC=CC=C1N3C(C4=NC5=C(C=CC=C5)N4CC/C=C/CC3)=N2,,1,1,1,SVM,RDKit
34,CC1=CC=CC(C)=C1NC(CN(CC)CC)=O,,1,2,1,SVM,RDKit
40,ClC1=CC=C2C(N(CCCN(C)C)C(C=CC=C3)=C3S2)=C1,,2,2,1,SVM,RDKit
43,ClC1=C([C@@H](C(OC)=O)N2CCC(SC=C3)=C3C2)C=CC=C1,,2,1,1,SVM,RDKit
44,O=C(C(C)=C1)NC(N1[C@@H]2O[C@H](CO)[C@@H](N=[N+]=[N-])C2)=O,,2,2,1,SVM,RDKit
48,CN(CCC1)[C@@H]1C2=CC=CN=C2,,0,1,1,SVM,RDKit
51,O=C(C=C(C1=CC(OC)=C(OC)C=C1)O2)C3=C2C(OC)=C(OC)C(OC)=C3OC,,1,1,1,SVM,RDKit
52,O=C(C=C(C1=CC=C(OC)C=C1)O2)C3=C2C(OC)=C(OC)C(OC)=C3OC,,1,1,1,SVM,RDKit
58,BrC1=CC2=CC=CC=C2C3=C1C=CC=C3,,1,1,1,SVM,RDKit
61,CC(O[C@H]1[C@H](C(C)C)CC[C@@H](C)C1)=O,,1,1,1,SVM,RDKit
69,CC1CCCC2(C1CC(CC2)C(C)C)C,,1,0,1,SVM,RDKit
78,N#Cc1ccccc1,,1,1,1,SVM,RDKit
84,C[C@]12OC(=O)C(=C)[C@H]1CC(=O)C=C2,,1,1,1,SVM,RDKit
88,Cc1cc(O)c(cc1Br)[C@]2(C)CC[C@@H]3C[C@]23C,,1,1,1,SVM,RDKit
95,CC12C(O2)CC(C)(C)/C=C/C/C(C)=C/CC1,,1,1,1,SVM,RDKit
96,C/C1=C\CC(C)(C)C(O2)C2C/C(C)=C/CC1,,1,1,1,SVM,RDKit
98,CC12C(O2)CC(C)(C)C(O3)C3CC(C)(O4)C4CC1,,1,1,1,SVM,RDKit
99,CC1(C)C/C=C(C)/CC/C=C(C=O)/C/C=C/1,,1,1,1,SVM,RDKit
103,BrC1=C[C@]([H])(OC)[C@](O2)(C)[C@]3(C[C@]2([H])[C@](Cl)(C)CC3)C1(C)C,,1,1,1,SVM,RDKit
135,O=C1C(N(C)C)=C(C)N(C)N1C2=CC=CC=C2,,2,2,1,SVM,RDKit
137,FC(F)(F)C1=CC=C(OC(C2=CC=CC=C2)CCNC)C=C1,,2,1,1,SVM,RDKit
138,O=C(OC)[C@@H](N1CCC(SC=C2)=C2C1)C3=C(Cl)C=CC=C3,,2,1,1,SVM,RDKit
140,O=C1C2=C(N=CC=C2)N(C3CC3)C4=C(C(C)=CC=N4)N1,,2,2,1,SVM,RDKit
143,Cc1ccc(cc1Nc2nccc(n2)c3cccnc3)NC(=O)c4ccc(cc4)CN5CCN(CC5)C,,0,0,1,SVM,RDKit
144,O=C1N(/N=C\N1c2ccc(cc2)N7CCN(c6ccc(OCC3C[C@@](OC3)(c4ccc(F)cc4F)Cn5ncnc5)cc6)CC7)[C@@H](CC)[C@@H](O)C,,0,0,1,SVM,RDKit
159,O=C(O)C1=C(OC(C)=O)C=CC=C1,,2,2,1,SVM,RDKit
178,N=C(N(C)C)N(C)C,,2,1,1,SVM,RDKit
180,C12=NCCCN1CCCCC2,,2,0,1,SVM,RDKit
185,O[C@H]1CCCCC[C@@H]1NCC2=CC=CC=C2,,2,2,1,SVM,RDKit
203,OC(=O)c1ccccc1Nc2cccc(c2)C(F)(F)F,,0,2,1,SVM,RDKit
204,C[C@@]1(C2(C)C)CC[C@H]2C[C@H]1O,,0,2,1,SVM,RDKit
206,O=C1O[C@H](CCCCC)CCC1,,0,1,1,SVM,RDKit
221,CCCC[C@@H](Br)[C@]1(C)CCCC=C1,,1,1,1,SVM,RDKit
223,COC([C@H](O)[C@@H](O)C(OC)=O)=O,,1,1,1,SVM,RDKit
224,CC1=CC=C(S(N)=O)C=C1,,1,1,1,SVM,RDKit
225,OC(C)C1=CC=C(Br)C=C1,,1,1,1,SVM,RDKit
226,CC(C)[C@@H]1Sc2[nH]c3ccccc3c2C[C@@H](CO)NC1=O,,2,2,1,SVM,RDKit
249,CCN(CC)C1=CC=C2C(OC(C(C3=NC4=C(C=CC=C4)S3)=C2)=O)=C1,,2,1,1,SVM,RDKit
278,O=C1C[C@@H](C2=CC=CC=C2)OC3=CC=CC=C31,,0,1,1,SVM,RDKit
285,C\C(\C=C1/SC(=S)N(CC(O)=O)C1=O)=C/C1=CC=CC=C1,,2,0,1,SVM,RDKit
287,ClC1=C(Cl)C(=CC=C1)N1CCN(CCCCOC2=CC3=C(CCC(=O)N3)C=C2)CC1,,1,1,1,SVM,RDKit
290,C\N=C(\NCCSCC1=C(C)NC=N1)NC#N,,0,0,1,SVM,RDKit
291,ClC1=C(NC2=NCCN2)C2=NSN=C2C=C1,,0,2,1,SVM,RDKit
296,CC1(C)SC2[C@H](NC(=O)CC3=CC=CC=C3)C(=O)N2[C@H]1C(O)=O,,0,0,1,SVM,RDKit
322,O=C(C1=C(S(=O)(NC(NC2=NC(OC)=CC(OC)=N2)=O)=O)N(C)N=C1Cl)OC,,2,0,1,SVM,RDKit
326,CC(CC1)=C[C@@]2([H])C1=C(C)CC[C@@H]2C(C)C,,2,1,1,SVM,RDKit
328,CC1=C[C@@]([C@@H](C(C)C)CC[C@]2(O)C)([H])[C@@]2([H])CC1,,2,1,1,SVM,RDKit
329,CC1=C[C@@]([C@@H](C(C)C)CC[C@@]2(O)C)([H])[C@]2([H])CC1,,2,1,1,SVM,RDKit
332,ClC1=CC(N2CCCN(C)C)=C(C=C1)SC3=C2C=CC=C3,,2,2,1,SVM,RDKit
339,COC1=C2O[C@@H]3[C@]45C2=C(C=C1)C[C@@H](N(CC5)C)[C@]4([H])C=C[C@@H]3O,,1,2,1,SVM,RDKit
360,O=S(CC1=NC=C(C(OC)=C1C)CO)C2=NC3=C(N2)C=CC(OC)=C3,,0,2,1,SVM,RDKit
386,O[C@@H]1C[C@H](C)CC[C@H]1C(C)=O,,0,1,1,SVM,RDKit
439,O=C1NC2=C(N1CCCN3CCC(CC3)N4C(NC5=CC(Cl)=CC=C54)=O)C=CC=C2,,0,0,1,SVM,RDKit
448,CO[C@H]1[C@@H](C[C@@H]2CN3CCC4=C([C@H]3C[C@@H]2[C@@H]1C(=O)OC)NC5=C4C=CC(=C5)OC)OC(=O)C6=CC(=C(C(=C6)OC)OC)OC,,0,0,1,SVM,RDKit
2,CC1=CC(C[C@@H](C)[C@]1(C2)CCC2=C(C)C)=O,,1,1,2,SVM,RDKit
4,O=C(CCCCCCCCCCC1)OCCOC1=O,,1,0,2,SVM,RDKit
13,C[C@@]1(O)[C@@H](Br)C[C@H](C(C)=C)CC1,,1,1,2,SVM,RDKit
16,CC1(C)[C@@H]2[C@H]1CC=C(C)C2,,1,1,2,SVM,RDKit
31,O=C1N(C)C(C(N(C)C=N2)=C2N1C)=O,,1,1,2,SVM,RDKit
35,CNCCC(OC1=CC=C(C(F)(F)F)C=C1)C2=CC=CC=C2,,1,2,2,SVM,RDKit
36,COC1=CC=C2C(NC(S(CC3=C(C)C(OC)=C(C)C=N3)=O)=N2)=C1,,2,0,2,SVM,RDKit
38,O=C(OCCN(C)C)C1=CC=C(NCCCC)C=C1,,2,2,2,SVM,RDKit
47,ClC1=CC=C(NC(O[C@]2(C#CC3CC3)C(F)(F)F)=O)C2=C1,,2,2,2,SVM,RDKit
49,CC1=C2C(C=C1)=C(C)C=CC(C(C)C)=C2,,1,1,2,SVM,RDKit
53,O=C(C(OC)=C(C1=CC(OC)=C(OC)C=C1)O2)C3=C2C(OC)=C(OC)C(OC)=C3OC,,1,1,2,SVM,RDKit
62,CC(C(C)(C)O1)(C)OB1C(B2OC(C)(C)C(C)(C)O2)CCC3=CC=CC=C3,,1,1,2,SVM,RDKit
65,O=C(C(C#N)=C1)C=C(C1(C#C)C2)C3=C2C=CC=C3,,1,1,2,SVM,RDKit
71,C1OOC(O1)c2ccccc2,,1,1,2,SVM,RDKit
73,O1O[C@H](O[C@@H]1c2ccccc2)c3ccccc3,,1,1,2,SVM,RDKit
75,c1ccccc1,,1,1,2,SVM,RDKit
81,Fc1ccc(F)cc1,,1,1,2,SVM,RDKit
82,CN1C[C@@](C)(c2ccccc2)[C@@]3(C)[C@@H]1N(C)c4ccccc34,,1,2,2,SVM,RDKit
83,C[C@@]12OC(=O)C(=C)[C@]1(C)CC(=O)C=C2,,1,1,2,SVM,RDKit
86,CCOC(=O)\C=C\1/C[C@@](N1S(=O)(=O)c2ccc(C)cc2)(C(=O)OCC)c3ccccc3C,,1,2,2,SVM,RDKit
90,C[C@]1(Cl)CC2O[C@@]3(C)C=C[C@@](C)(O)[C@]2(C[C@@H]1Br)C3(C)C,,1,1,2,SVM,RDKit
100,CC1(C)/C=C/C/C(C=O)=C\CC/C(C=O)=C\C1,,1,1,2,SVM,RDKit
110,N#CCC1=CC=CC=C1,,1,1,2,SVM,RDKit
115,[N-]=[N+]=NC1=CC=C(C(F)(F)F)C=C1,,2,1,2,SVM,RDKit
116,C[C@@](O1)(OO2)CC[C@]3([H])[C@]2([C@]1([H])O4)[C@](CC[C@H]3C)([H])[C@@H](C)C4=O,,2,1,2,SVM,RDKit
120,CC1=CC[C@H](C(C)=C)CC1,,1,1,2,SVM,RDKit
123,C[C@H](CC[C@H]1C(C)C)CC1=O,,1,1,2,SVM,RDKit
129,IC1=C(C(OSC(F)(F)F)(C)C)C=CC=C1,,1,1,2,SVM,RDKit
133,OC(C=C1)=CC=C1C2COC3=CC(O)=CC=C3C2=O,,0,2,2,SVM,RDKit
141,CN3[C@H]1CC[C@@H]3C[C@@H](C1)OC(=O)C(CO)c2ccccc2,,2,2,2,SVM,RDKit
146,CCOc2nc1cccc(C(=O)O)c1n2Cc5ccc(c3ccccc3c4nn[nH]n4)cc5,,0,0,2,SVM,RDKit
151,C[C@@H]1CC[C@H]([C@@H](C1)OC(=O)C)C(C)C,,2,1,2,SVM,RDKit
163,O[C@H](C1)CC[C@@]2(C)C1=CC[C@]3([H])[C@]2([H])CC[C@@]4([H])[C@@]3([H])C[C@H](O)[C@]4([H])[C@H](C)[C@@H](O)CCC(C)C,,2,2,2,SVM,RDKit
165,[H][C@@]1(CO2)[C@](CO[C@@H]1C3=CC(OCO4)=C4C=C3)([H])[C@@H]2C5=CC(OCO6)=C6C=C5,,1,1,2,SVM,RDKit
166,COC1=C(OC)C=C(OC)C(/C=C\C)=C1,,1,1,2,SVM,RDKit
173,CC(C(O)=O)C1=CC=C(CC(C)C)C=C1,,2,2,2,SVM,RDKit
174,O[C@@H]1CCCC[C@H]1NC2CC2,,2,2,2,SVM,RDKit
176,CN(C)C1CCCCC1,,2,1,2,SVM,RDKit
179,N=C(NC1=CC=CC=C1)NC2=CC=CC=C2,,2,2,2,SVM,RDKit
195,OC(=O)c1ccc(O)cc1,,2,2,2,SVM,RDKit
196,CC1=C(/C=C/C(C)=C/C=C/C(C)=C/C=C/C=C(C)/C=C/C=C(C)/C=C/C2=C(C)CCCC2(C)C)C(C)(C)CCC1,,0,0,2,SVM,RDKit
209,CC(C)C1CC[C@]2(C)[C@@]1([H])[C@]3([H])[C@@]2([H])CCC3=C,,0,1,2,SVM,RDKit
218,CC1=C(O)C=C(C)C(OCCCC(C)(C)C(O)=O)=C1,,2,2,2,SVM,RDKit
219,CC1=CC=C(C(O)=O)C=C1OCCCC(C)(C)C(O)=O,,0,2,2,SVM,RDKit
227,COC(=O)C1=C(C)[C@]2(C)C[C@H]3[C@@](C)(CC[C@H]4C(C)(C)[C@@H](O)CC[C@]34C)OC2=C(C)C1=O,,2,2,2,SVM,RDKit
231,COCC(=O)N([C@H](C)C(=O)OC)c1c(C)cccc1C,,2,2,2,SVM,RDKit
284,CC(C)NCC(O)COC1=CC=CC2=CC=CC=C12,,2,2,2,SVM,RDKit
288,O=C1C2=CC=CC=C2C(=O)C2=C1C=CC1=C2NC2=C(N1)C1=C(C=C2)C(=O)C2=C(C=CC=C2)C1=O,,0,0,2,SVM,RDKit
309,CC[C@H]1OC(=O)[C@H](C)[C@H](C[C@@H](O[C@@H]2O[C@H](C)C[C@@H]([C@H]2O)N(C)C)[C@](C)(O)C[C@@H](C)C(=O)[C@H](C)[C@@H](C)[C@]1(C)O)O[C@H]1C[C@@](C)(OC)[C@@H](O)[C@H](C)O1,,0,0,2,SVM,RDKit
318,O=C(CC(C(C)1C)CC2)C21CS(=O)(O)=O,,0,1,2,SVM,RDKit
324,C[C@@H]1[C@]2([C@@]3([H])[C@](C)(O)CC2)[C@@]3([H])[C@@H](C(C)C)CC1,,2,1,2,SVM,RDKit
345,COC1=C(C(C(C(O)=C([C@@H](O)C[C@@](C(CO)=O)(O)C2)C2=C3O)C3C4=O)=O)C4=CC=C1,,0,0,2,SVM,RDKit
366,COC1=C(C2=CC=C1)C(C(C3C2=O)C(O)=C4[C@H](C[C@@](O)(CC4=C3O)C(CO)=O)O[C@H]5C[C@H](N)[C@H](O)[C@H](C)O5)=O,,0,0,2,SVM,RDKit
372,NC(N1C2=C(C=CC=C2)C=CC3=C1C=CC=C3)=O,,2,2,2,SVM,RDKit
407,[H][C@@]12[C@](CC[C@@H](C(C)C)C2)(C)CCC[C@]1(O)C,,2,1,2,SVM,RDKit
417,C[C@@]12CC[C@@H](C(C)C)C[C@@]1([H])C(C)=CCC2,,0,1,2,SVM,RDKit
421,CC12C(CC(C(C)=C)CC2)=C(C)C(CC1)=O,,0,1,2,SVM,RDKit
432,C[C@@H]1CCCCCCCCCCCCC(=O)C1,,0,1,2,SVM,RDKit
436,CC(C)C1=CC=C([C@@]2(C)[C@@](CC3=O)([H])C(C)(C)[C@H](O)CC2)C3=C1,,2,2,2,SVM,RDKit
446,CC1=C(C2=C(CC[C@@](O2)(C)CCC[C@H](C)CCC[C@H](C)CCCC(C)C)C(=C1O)C)C,,0,2,2,SVM,RDKit
7,C=C1CC/C=C(C)/CC[C@@H]2[C@@H]1CC2(C)C,,1,0,3,SVM,RDKit
9,Br[C@@H](CO)[C@](CC[C@H](Br)C(Br)(C)C)(Br)C,,1,1,3,SVM,RDKit
17,CN1[C@H]2CC[C@@H]1C[C@H](OC(C(CO)C3=CC=CC=C3)=O)C2,,2,2,3,SVM,RDKit
39,ClC1=C(N)C=C(OC)C(C(NCCN(CC)CC)=O)=C1,,2,2,3,SVM,RDKit
45,OCC(C(OC1CC(N2C)CCC2C1)=O)C3=CC=CC=C3,,2,2,3,SVM,RDKit
50,O=C1[C@@H](C)[C@]([C@]2([H])O1)([H])CC[C@@](C2=C3C)(C)C=CC3=O,,1,2,3,SVM,RDKit
56,O=C/C=C/C1=CC=CC=C1,,1,1,3,SVM,RDKit
57,O=C([C@@]1(C2C34)[C@@H]3[C@H]5C4(C(OC)=O)C2[C@H]51)OC,,1,2,3,SVM,RDKit
68,O=C1CC[C@@]2(C)C(CCC([C@@](CC[C@@H]3O)([H])[C@]3(C)C4)[C@]2([H])C4=O)=C1,,1,2,3,SVM,RDKit
72,O1O[C@@H](O[C@@H]1c2ccccc2)c3ccccc3,,1,1,3,SVM,RDKit
76,Fc1ccc(C=O)cc1,,1,1,3,SVM,RDKit
79,O=CC1=CC=CC=C1,,1,1,3,SVM,RDKit
80,Fc1ccccc1,,1,1,3,SVM,RDKit
85,Cn1c2c(CC[C@@]2(C)C=C)c3ccccc13,,1,1,3,SVM,RDKit
92,CC1(Cl)CC[C@@]2(CC1Br)C(C)(C)C(=C[C@H]3O[C@@]23C)Br,,1,1,3,SVM,RDKit
101,CC[C@@H](O1)[C@@H](Br)C[C@]1([H])[C@@]2([H])O[C@@H](C/C=C\C#C)[C@H](Br)C2,,1,1,3,SVM,RDKit
107,C[C@@H](CC1)[C@@]2([H])[C@]1([H])[C@@]3(C)[C@]2([H])[C@@H](C(C)=C)CC3,,1,0,3,SVM,RDKit
108,O=C(C)C1=CC=CC=C1,,1,1,3,SVM,RDKit
112,C12=CC=CC=C1C=C3C(C=CC=C3)=C2,,1,1,3,SVM,RDKit
121,CC1=CC[C@@H]2C(C)(C)[C@H]1C2,,1,2,3,SVM,RDKit
127,C[C@H]1CC2=C(C(C)=CO2)CC1,,1,0,3,SVM,RDKit
131,BrC1=CC=CC2=C1C(N=CC=C3)=C3C4=C2C=CC=C4,,1,1,3,SVM,RDKit
132,COC(C=C1)=CC=C1C2COC3=CC(OC)=CC=C3C2=O,,2,0,3,SVM,RDKit
136,NC1=C(S(=O)(CC)=O)C=C(C(NCC2N(CC)CCC2)=O)C(OC)=C1,,2,2,3,SVM,RDKit
139,CN(C)CCCN1C2=C(C=CC=C2)CCC3=C1C=CC=C3,,2,2,3,SVM,RDKit
147,C[C@H]1[C@H]([C@H](C[C@@H](O1)O[C@H]2C[C@@](Cc3c2c(c4c(c3O)C(=O)c5cccc(c5C4=O)OC)O)(C(=O)CO)O)N)O,,0,0,3,SVM,RDKit
148,COc1ccccc1OCCNCC(O)COc3cccc4[nH]c2ccccc2c34,,0,0,3,SVM,RDKit
155,COc1ccc(C=O)cc1,,2,1,3,SVM,RDKit
156,C1=CC=CC2=C1C3C(CC2)[C@@H](C(O3)=O)C,,1,1,3,SVM,RDKit
177,NCCC1=CC=CC=C1,,2,1,3,SVM,RDKit
183,O[C@H]1CCCC[C@@H]1NCC2=CC=CC=C2,,2,2,3,SVM,RDKit
186,O[C@@H]1CCCCC[C@H]1NCC2=CC=CC=C2,,2,2,3,SVM,RDKit
189,CC1(C)C(C(CCC)=O)=C(C)CCC1,,0,1,3,SVM,RDKit
190,O=C(OC)C1=C(C)C(C)=C2O[C@]3(C)CC[C@@]4([H])C(C)(C)[C@@H](O)CC[C@]4(C)[C@@]3([H])C[C@]2(C)C1=O,,2,2,3,SVM,RDKit
192,CC1=C(C)C(C(OC)=O)=C2O[C@]3(C)CC[C@@]4([H])C(C)(C)[C@@H](O)CC[C@]4(C)[C@@]3([H])C[C@]2(C)C1=O,,2,2,3,SVM,RDKit
216,CC1=CC=C(C)C(OCCCC(C)(C)C(O)=O)=C1,,2,2,3,SVM,RDKit
222,O[C@@H](CCCl)C1=CC=CC=C1,,1,1,3,SVM,RDKit
234,CCC1=CC=CC(=C1N(C(C)COC)C(=O)CCl)C,,2,2,3,SVM,RDKit
239,[H][C@]12CN(CC(=O)N1C[C@@H](O)C1=CC=CC=C21)C(=O)C1CCCCC1,,1,1,3,SVM,RDKit
244,C/C(C(O)=O)=C(OC(C)=O)\C=C,,0,2,3,SVM,RDKit
260,C[C@H](CCCC(C)C)[C@@]1([H])CC[C@@]2([H])[C@]3([H])CC=C4C[C@@H](C)CC[C@]4(C)[C@@]3([H])CC[C@@]21C,,2,0,3,SVM,RDKit
277,O=C(C1=C2C=C(C)C=C1O)C3=C(C=CC=C3O)C2=O,,2,0,3,SVM,RDKit
282,CCOC(=O)[C@H](CC1=CNC2=CC=CC=C12)NC(C)=O,,2,2,3,SVM,RDKit
303,[H][C@@]12CCCC[C@]1([H])CN(C[C@@H](O)[C@H](CSC1=CC=CC=C1)NC(=O)C1=CC=CC(O)=C1C)[C@@H](C2)C(=O)NC(C)(C)C,,0,0,3,SVM,RDKit
305,COC1=CC(=CC=C1CC1=CN(C)C2=CC=C(NC(=O)OC3CCCC3)C=C12)C(=O)NS(=O)(=O)C1=CC=CC=C1C,,0,0,3,SVM,RDKit
307,CC(C)[C@H](NC(=O)N(C)CC1=CSC(=N1)C(C)C)C(=O)N[C@H](C[C@H](O)[C@H](CC1=CC=CC=C1)NC(=O)OCC1=CN=CS1)CC1=CC=CC=C1,,0,0,3,SVM,RDKit
308,OCCN(CCO)C1=NC2=C(N=C(N=C2N2CCCCC2)N(CCO)CCO)C(=N1)N1CCCCC1,,0,0,3,SVM,RDKit
325,C/C1=C\CC[C@@](C)(O)/C=C/[C@@H](C(C)C)CC1,,1,2,3,SVM,RDKit
327,CC1=C[C@@]([C@@H](C(C)C)CC[C@]2(O)C)([H])[C@]2([H])CC1,,1,2,3,SVM,RDKit
349,[H]N(C(C1=CC=C(O)C=C1)=O)/N=C/C2=CC=C([N+]([O-])=O)O2,,2,0,3,SVM,RDKit
369,O=C(NN)C1=CC=NC=C1,,0,0,3,SVM,RDKit
378,CC1=CCCC(C)(C)[C@@]12O[C@@H](C)CC2,,1,2,3,SVM,RDKit
380,O=C([C@@H]1CC[C@@H](C)C[C@H]1O)C,,0,0,3,SVM,RDKit
381,CC([C@@H]1CC[C@@H](C)C[C@H]1OC(C[C@@H](O)C)=O)C,,0,2,3,SVM,RDKit
382,CC([C@@H]1CC[C@@H](C)C[C@H]1OCCO)C,,0,2,3,SVM,RDKit
385,CC1(C)C[C@@H](C(O)=O)[C@H](C(C)C)CC1,,2,2,3,SVM,RDKit
390,[NH3+] [C@@H](CC([O-])=O)C(N[C@@H](CC1=CC=CC=C1)C(OC)=O)=O,,0,0,3,SVM,RDKit
425,O=C(SC(C)CC)CC(C)C,,0,1,3,SVM,RDKit
435,CC(C)C1=CC=C([C@]23[C@@](CC4=O)([H])C(C)(C)[C@@H](CC3)OC2=O)C4=C1,,2,2,3,SVM,RDKit
437,CC(C)C1=CC=C([C@@]2(C)[C@@](CC3=O)([H])C(C)(C)C(CC2)=O)C3=C1,,2,0,3,SVM,RDKit
5,CC1(C)CCC[C@@]2(C)[C@H]1CC[C@]3(C)[C@@H]2CCO3,,1,1,4,SVM,RDKit
8,CC1=CC(C(C)(C)[C@H](C)CC2(C)C)=C2C=C1C(C)=O,,1,1,4,SVM,RDKit
11,CCC[C@H](SC(C1=CC(Br)=CC=C1)=O)CCOC(C2=CC(Br)=CC=C2)=O,,1,2,4,SVM,RDKit
21,O[C@H](/C=C/C#CC#CC1=CN(CC2=CC=CC=C2)N=N1)[C@H](O3)[C@@H]3[C@H](O)[C@H]4OC(CC4)=O,,2,2,4,SVM,RDKit
22,IC1=C(C(C)(C)OSC(F)(F)F)C=CC=C1,,1,1,4,SVM,RDKit
24,C[C@H]1C[C@@H](OC(C)=O)[C@H](C(C)C)CC1,,2,1,4,SVM,RDKit
26,CC1=C(C)[C@@]([C@@]2=C(O)C=CC(C)=C2C)=C(O)C=C1,,1,1,4,SVM,RDKit
32,NC1=C2C(C=CC=N2)=CC=C1,,1,1,4,SVM,RDKit
41,O=C1C(C2CCC(NC2=O)=O)C(C3=CC=CC=C31)=O,,2,0,4,SVM,RDKit
42,CC1=C(C(OC)=O)C(C(C(OC)=O)=C(C)N1)C2=C([N+]([O-])=O)C=CC=C2,,2,0,4,SVM,RDKit
46,CN(C)CCCN1C(C=CC=C2)=C2CCC3=C1C=CC=C3,,2,2,4,SVM,RDKit
55,O=CC1=CC=C([N+]([O-])=O)C=C1,,1,2,4,SVM,RDKit
63,CC(C(C)(C)O1)(C)OB1[C@@H](CCCCC)[C@H](B2OC(C)(C)C(C)(C)O2)C,,1,1,4,SVM,RDKit
64,CC(C(C)(C)O1)(C)OB1[C@@H](CCCCC)[C@@H](B2OC(C)(C)C(C)(C)O2)C,,1,1,4,SVM,RDKit
67,O[C@H]1CCC2=C(OC)C=CC=C2[C@H]1C(OC)=O,,1,2,4,SVM,RDKit
91,CC1=C[C@H](O)C(Br)C(C)(C)[C@]12CCC(C)(Cl)C(Br)C2,,1,1,4,SVM,RDKit
102,CC[C@@H](O1)[C@@H](Br)C[C@]1([H])[C@@]2([H])O[C@@H](C/C=C\C3=CN(CC(NC4=CC=CC=C4)=O)N=N3)[C@H](Br)C2,,1,2,4,SVM,RDKit
104,BrC1=C[C@@]([H])(OC)[C@](O2)(C)[C@]3(C[C@]2([H])[C@](Cl)(C)CC3)C1(C)C,,1,1,4,SVM,RDKit
109,[H]C(/C=C/C1=CC=CC=C1)=O,,1,1,4,SVM,RDKit
111,C12=CC=CC=C1C=CC=C2,,1,1,4,SVM,RDKit
114,OC1=C(OC)C=C(C=O)C=C1,,2,1,4,SVM,RDKit
118,CN1C=NC(C(F)(F)F)=C1C(OC)=O,,1,1,4,SVM,RDKit
119,CN1C(C(F)(F)F)=C([N+]([O-])=O)C=C1C(OC)=O,,1,1,4,SVM,RDKit
122,C[C@H]1C[C@@H](O)[C@H](C(C)C)CC1,,1,1,4,SVM,RDKit
124,C[C@H]1C[C@H](O)[C@H](C(C)C)CC1,,1,1,4,SVM,RDKit
128,C[C@@]12CC[C@H](C(C)(C)O2)CC1,,1,1,4,SVM,RDKit
142,CCN(CC)CC(=O)NC1=C(C)C=CC=C1C,,2,2,4,SVM,RDKit
145,O=C7OCC=6C(=O)N2C(\c1nc5c(c(c1C2)CC)cc(OC(=O)N4CCC(N3CCCCC3)CC4)cc5)=C/C=6[C@@]7(O)CC,,0,0,4,SVM,RDKit
149,O2C1(CCC(CC1)C2(C)C)C,,2,1,4,SVM,RDKit
150,O[C@H]1[C@H](C(C)C)CC[C@@H](C)C1,,2,1,4,SVM,RDKit
152,O(c1ccc(\C=C\C)cc1)C,,2,1,4,SVM,RDKit
161,O=C1C(C)=C2O[C@]3(C)CCC4C(C)(C)[C@@H](O)CC[C@]4(C)[C@@]3([H])C[C@@]2(C)C(C)=C1C(OC)=O,,2,2,4,SVM,RDKit
164,CC1(C)CC[C@]2(C)C[C@@]34[C@@H](C)CC[C@@H](O)[C@]3(C)CC[C@H]4[C@@]21[H],,2,2,4,SVM,RDKit
181,O[C@@H]1[C@@H](NCC2=CC=CC=C2)CCC1,,2,2,4,SVM,RDKit
184,O[C@@H]1CCCC[C@H]1NCC2=CC=CC=C2,,2,2,4,SVM,RDKit
187,C/C(C)=C/CC/C(C)=C/CO,,0,1,4,SVM,RDKit
188,C/C(C)=C/CC/C(C)=C/CC/C(C)=C/CO,,0,1,4,SVM,RDKit
193,O=C1C(C(OC)=O)=C(C)C(C)=C2O[C@@]3(C)CC[C@@]4([H])C(C)(C)[C@@H](O)CC[C@]4(C)[C@]3([H])C[C@@]21C,,2,2,4,SVM,RDKit
194,O=C1C(C(OC)=O)=C(C)[C@]2(C)C(O[C@]([C@]3(C)[C@](CC[C@H](O)C4)(C)[C@@]4([H])CC3)([H])C2)=C1C,,2,2,4,SVM,RDKit
198,O=C1CCCCC/C=C/CCCCCCCCO1,,0,1,4,SVM,RDKit
199,O=C1CCCCC/C=C\CCCCCCCCO1,,0,1,4,SVM,RDKit
211,CC([C@H]12)=CC[C@]32[C@]1([H])[C@H](C(C)C)CC[C@H]3C,,0,1,4,SVM,RDKit
213,CC(C12)=CC[C@@]3([H])C1[C@H](C(C)C)CC[C@@]32C,,0,1,4,SVM,RDKit
217,CC1=CC=C(CO)C=C1OCCCC(C)(C)C(O)=O,,2,2,4,SVM,RDKit
236,[H][C@]12CN(CC(=O)N1CCC1=CC=CC=C21)C(=O)[C@H]1CC[C@H](O)CC1,,1,1,4,SVM,RDKit
237,[H][C@]12CN(CC(=O)N1CCC1=CC=CC=C21)C(=O)[C@@H]1CC[C@H](O)CC1,,1,1,4,SVM,RDKit
240,OC12CN(CC(=O)N1CCC1=CC=CC=C21)C(=O)C1CCCCC1,,1,1,4,SVM,RDKit
241,O[C@]12CN(CC(=O)N1CCC1=CC=CC=C21)C(=O)C1CCCCC1,,1,1,4,SVM,RDKit
242,OC1=CC=C(NC(C)=O)C=C1,,0,2,4,SVM,RDKit
251,O[C@@H]1[C@@H](O)[C@H](O)[C@@H](CO)O[C@H]1OC2=CC=CC=C2CO,,0,0,4,SVM,RDKit
275,O=C(C1=C2C=C(C)C=C1O)C3=C(C=C(O)C=C3O)C2=O,,0,2,4,SVM,RDKit
281,C[C@@H](C1=C2C[C@H](O)[C@H]3[C@@]4(C)CCC(C(C)(C)[C@@H]4CC[C@]3(C)[C@@]2(C)CC1)=O)C[C@H](O)[C@@H](O)C(C)(O)C,,0,2,4,SVM,RDKit
283,COC(=O)[C@@H](N)CC1=CNC2=CC=CC=C12,,2,2,4,SVM,RDKit
293,CN1C(C(=O)NC2=NC=C(C)S2)=C(O)C2=C(C=CC=C2)S1(=O)=O,,0,2,4,SVM,RDKit
312,BrC1(CC2(Br)C3)CC(C2)(Br)CC3(Br)C1,,2,1,4,SVM,RDKit
344,O=C1[C@@H](CCCCCC)[C@H](C[C@H](CCCCCCCCCCC)OC([C@H](CC(C)C)NC=O)=O)O1,,2,0,4,SVM,RDKit
356,FC1=CC2=C(C=C1)C(C3CCN(CCC4=C(C)N=C5N(CCCC5)C4=O)CC3)=NO2,,2,0,4,SVM,RDKit
357,CN1CCN(CC1)S(=O)(C2=CC(C3=NC4=C(C(N3)=O)N(N=C4CCC)C)=C(OCC)C=C2)=O,,1,0,4,SVM,RDKit
363,ClC1=C(NC2=CC=CC=C2CC(O)=O)C(Cl)=CC=C1,,0,2,4,SVM,RDKit
384,CC1(C)C[C@@H](C(NC2=CC=C(CC#N)C=C2)=O)[C@H](C(C)C)CC1,,0,2,4,SVM,RDKit
3,C[C@@H]1CCC=C(CC/2)[C@@]1(C)CC2=C(C)\CO,,2,0,5,SVM,RDKit
6,C[C@@]1(CC2)[C@]3(O)C(C)(C)[C@H]2C[C@H]1[C@@H](C)CC3,,2,2,5,SVM,RDKit
10,C[C@@](CC[C@H](Br)C(Br)(C)C)(Br)[C@H](Br)CO,,1,1,5,SVM,RDKit
14,CCCCNc1ccc(cc1)C(=O)OCCN(C)C,,1,2,5,SVM,RDKit
15,CCCCCC=CCC=CCC=CCC=CCCCC(=O)OCC,,2,0,5,SVM,RDKit
19,CC1=C(NC(CN(CC)CC)=O)C(C)=CC=C1,,2,2,5,SVM,RDKit
28,CC(C)C1=CC=C2C(C=CC=C2)=[C@]1[C@]3=CSC(C)=C3C,,1,1,5,SVM,RDKit
30,C12=CC=CC=C1N=C3N2CC/C=C/CCN4C5=C(C=CC=C5)N=C34,,1,1,5,SVM,RDKit
37,NC1=CC=C(S(C2=CC=C(N)C=C2)(=O)=O)C=C1,,2,2,5,SVM,RDKit
54,NC1=C(C(C)C)C=CC=C1C(C)C,,1,1,5,SVM,RDKit
60,COC1=CC=C(/C=C/C)C=C1,,1,2,5,SVM,RDKit
74,C1C[C@H]2OOC(C1)O2,,1,1,5,SVM,RDKit
77,Clc1cccc(Cl)c1,,1,1,5,SVM,RDKit
87,CC1(C)C(Br)C[C@H]2O[C@@]2(C)[C@]13CC(Br)C(C)(Cl)CC3O,,1,1,5,SVM,RDKit
89,C[C@]1(Cl)CC2O[C@@]3(Br)[C@H](O)[C@H]4O[C@@]4(C)[C@]2(C[C@@H]1Br)C3(C)C,,1,1,5,SVM,RDKit
93,C/C1=C\CC(C)(C)/C=C/C/C(C)=C/CC1,,1,1,5,SVM,RDKit
94,C/C1=C\CC(C)(C)/C=C/CC2(C)C(O2)CC1,,1,1,5,SVM,RDKit
97,CC12C(O2)CC(C)(C)/C=C/CC(C)(O3)C3CC1,,1,1,5,SVM,RDKit
105,O=C(C(O)=C1)C2=CC=CC3=CC=CC1=C32,,1,0,5,SVM,RDKit
106,O=C(C(C1=CC=CC=C1)=C2)C3=CC=CC4=CC=CC2=C43,,1,1,5,SVM,RDKit
113,C1(/C=C/C2=CC=CC=C2)=CC=CC=C1,,2,1,5,SVM,RDKit
117,CN1C=NC([N+]([O-])=O)=C1C(F)(F)F,,1,1,5,SVM,RDKit
125,C[C@H](CC[C@@H]1C(C)C)CC1=O,,1,1,5,SVM,RDKit
130,CC#[N][Pd]1(Br)C2=CC=CC3=C2C([N]1=CC=C4)=C4C5=CC=CC=C53,,1,0,5,SVM,RDKit
134,O=C1C=CC2(C)C(C(OC(C3C)=O)C3CC2)=C1C,,2,1,5,SVM,RDKit
153,C[C@@]12C(C)(C)[C@@H](CC1=O)CC2,,2,1,5,SVM,RDKit
154,CC1(C)[C@H]2C[C@@H]1CC=C2C,,2,1,5,SVM,RDKit
158,C1=CC=CC2=C1C3C(CC2)C(C(O3)=O)=C,,1,1,5,SVM,RDKit
160,O=C(N[C@H](CO)C1)[C@H](C(C)C)SC2=C1C3=CC=CC=C3N2,,2,2,5,SVM,RDKit
162,C/C([C@@H]1[C@@](CCCC2=C(C)OC(OC)=CC2=O)(O1)C)=C\C3=CC=C([N+]([O-])=O)C=C3,,2,0,5,SVM,RDKit
168,COC1=C(OC)C=C(OC)C(/C=C/C)=C1,,1,1,5,SVM,RDKit
171,COC1=CC=C2C(C(CC(O)=O)C(C)N2C(C3=CC=C(Cl)C=C3)=O)=C1,,2,2,5,SVM,RDKit
172,CC(OC1=CC=CC=C1C(NC2=NC=C([N+]([O-])=O)S2)=O)=O,,2,2,5,SVM,RDKit
182,O[C@H]1[C@H](NCC2=CC=CC=C2)CCC1,,2,2,5,SVM,RDKit
191,O=C(OC)C1=C(C)C(C)=C2O[C@]3(C)CC[C@@]4([H])C(C)(C)[C@@H](O)CC[C@]4(C)[C@@]3([H])C[C@@]2(C)C1=O,,2,2,5,SVM,RDKit
215,CCCC(S)CCO,,0,0,5,SVM,RDKit
220,CC1=CC=C(C)C(OCCCC(C)(C)C(OC2OC(C(O)=O)C(O)C(O)C2O)=O)=C1,,0,0,5,SVM,RDKit
235,[H][C@]12CN(CC(=O)N1CCC1=CC=CC=C21)C(=O)C1CCCCC1,,1,1,5,SVM,RDKit
238,[H][C@]12CN(CC(=O)N1CCC1=CC(O)=CC=C21)C(=O)C1CCCCC1,,1,1,5,SVM,RDKit
246,NC(C1=CC=CC=C1OCC)=O,,2,2,5,SVM,RDKit
248,CN1C(C)C(C(C)C)C(N1C2=CC=CC=C2)=O,,2,0,5,SVM,RDKit
256,O[C@@H]1[C@@H](O)[C@H](O)[C@@H](CO)O[C@H]1C2=C(OC=C(C3=CC=C(O)C=C3)C4=O)C4=CC=C2O,,0,0,5,SVM,RDKit
267,O=C1OC2=CC3=C(C=CO3)C(O/C=C/C(C)C)=C2C=C1,,0,1,5,SVM,RDKit
286,COC1=CC2=C(C=C1OC)C(=O)C(CC1CCN(CC3=CC=CC=C3)CC1)C2,,1,2,5,SVM,RDKit
289,COC1=CC=C2C=C3C4=C(CC[N+]3=CC2=C1OC)C=C1OCOC1=C4,,0,1,5,SVM,RDKit
297,CC(C)CN1C=NC2=C(N)N=C3C=CC=CC3=C12,,0,1,5,SVM,RDKit
298,CC1=CN=C(C=N1)C(=O)NCCC1=CC=C(C=C1)S(=O)(=O)NC(=O)NC1CCCCC1,,0,0,5,SVM,RDKit
299,CC(=O)N1CCN(CC1)C1=CC=C(OC[C@H]2CO[C@@](CN3C=CN=C3)(O2)C2=C(Cl)C=C(Cl)C=C2)C=C1,,0,1,5,SVM,RDKit
333,CC1=C(C(OC)=O)C(C2=C([N+]([O-])=O)C=CC=C2)=C(C(OC)=O)C(C)=N1,,1,2,5,SVM,RDKit
351,CN(C)CCCN(C(C=CC=C1)=C1CC2)C3=C2C=CC=C3,,0,2,5,SVM,RDKit
373,COC1=CC=C(C=C1)C2=COC3=C(C2=O)C=CC(=C3)OC,,2,2,5,SVM,RDKit
374,CC1OC2(C(C)=CCCC2(C)C)CC1,,2,1,5,SVM,RDKit
398,O=C1CCC(C1C/C=C\CC)CC(OC)=O,,2,0,5,SVM,RDKit
400,CC(C1CCC(C=O)=CC1)=C,,1,1,5,SVM,RDKit
403,CC(C)[C@@H]1CC[C@@]([C@@H](C1)C(=C)C)(C)C=C,,0,1,5,SVM,RDKit
409,CC1(C=C)C(C(C)C)CC(C(C)C)CC1,,0,1,5,SVM,RDKit
413,C[C@@]1(CCC2)CC[C@@H](C(C)C)C[C@@]1([H])C2=C,,0,1,5,SVM,RDKit
428,CC(S)CC(OCC)=O,,0,0,5,SVM,RDKit
434,CC(C)C1=CC=C([C@]23[C@@](C[C@@H]4O)([H])C(C)(C)[C@@](O)(CC3)OC2)C4=C1,,2,2,5,SVM,RDKit
440,CC1=C2C(C(OC2)=O)=C(C(C/C=C(C)/CCC(OCCN3CCOCC3)=O)=C1OC)O,,0,0,5,SVM,RDKit
1,O=C1C[C@@H](C)[C@]2(C)CC(CCC2=C1)=C(C)C,,1,1,1,Random Forest,RDKit
12,CC(C)[C@H]1[C@H]2[C@](CC1)(C)[C@H]3[C@@H]2C(CBr)=CC3,,1,0,1,Random Forest,RDKit
18,O=C(N[C@H](C(N[C@@H](C1=CC=CC=C1)C(OC(C)(C)C)=O)=O)C)CC2=CC(F)=CC(F)=C2,,2,0,1,Random Forest,RDKit
20,O[C@H](/C=C\C#CC#CC1=CN(CC2=CC=CC=C2)N=N1)[C@H](O3)[C@@H]3[C@H](O)[C@H]4OC(CC4)=O,,2,2,1,Random Forest,RDKit
25,CC1=C(C)[C@]([C@]2=C(O)C=CC(C)=C2C)=C(O)C=C1,,1,1,1,Random Forest,RDKit
27,CC(C)C1=CC=C2C(C=CC=C2)=[C@@]1[C@@]3=CSC(C)=C3C,,1,1,1,Random Forest,RDKit
29,C12=CC=CC=C1N3C(C4=NC5=C(C=CC=C5)N4CC/C=C/CC3)=N2,,1,1,1,Random Forest,RDKit
34,CC1=CC=CC(C)=C1NC(CN(CC)CC)=O,,1,2,1,Random Forest,RDKit
40,ClC1=CC=C2C(N(CCCN(C)C)C(C=CC=C3)=C3S2)=C1,,2,2,1,Random Forest,RDKit
43,ClC1=C([C@@H](C(OC)=O)N2CCC(SC=C3)=C3C2)C=CC=C1,,2,2,1,Random Forest,RDKit
44,O=C(C(C)=C1)NC(N1[C@@H]2O[C@H](CO)[C@@H](N=[N+]=[N-])C2)=O,,2,2,1,Random Forest,RDKit
48,CN(CCC1)[C@@H]1C2=CC=CN=C2,,0,1,1,Random Forest,RDKit
51,O=C(C=C(C1=CC(OC)=C(OC)C=C1)O2)C3=C2C(OC)=C(OC)C(OC)=C3OC,,1,1,1,Random Forest,RDKit
52,O=C(C=C(C1=CC=C(OC)C=C1)O2)C3=C2C(OC)=C(OC)C(OC)=C3OC,,1,1,1,Random Forest,RDKit
58,BrC1=CC2=CC=CC=C2C3=C1C=CC=C3,,1,1,1,Random Forest,RDKit
61,CC(O[C@H]1[C@H](C(C)C)CC[C@@H](C)C1)=O,,1,2,1,Random Forest,RDKit
69,CC1CCCC2(C1CC(CC2)C(C)C)C,,1,0,1,Random Forest,RDKit
78,N#Cc1ccccc1,,1,1,1,Random Forest,RDKit
84,C[C@]12OC(=O)C(=C)[C@H]1CC(=O)C=C2,,1,1,1,Random Forest,RDKit
88,Cc1cc(O)c(cc1Br)[C@]2(C)CC[C@@H]3C[C@]23C,,1,1,1,Random Forest,RDKit
95,CC12C(O2)CC(C)(C)/C=C/C/C(C)=C/CC1,,1,1,1,Random Forest,RDKit
96,C/C1=C\CC(C)(C)C(O2)C2C/C(C)=C/CC1,,1,1,1,Random Forest,RDKit
98,CC12C(O2)CC(C)(C)C(O3)C3CC(C)(O4)C4CC1,,1,1,1,Random Forest,RDKit
99,CC1(C)C/C=C(C)/CC/C=C(C=O)/C/C=C/1,,1,1,1,Random Forest,RDKit
103,BrC1=C[C@]([H])(OC)[C@](O2)(C)[C@]3(C[C@]2([H])[C@](Cl)(C)CC3)C1(C)C,,1,1,1,Random Forest,RDKit
135,O=C1C(N(C)C)=C(C)N(C)N1C2=CC=CC=C2,,2,2,1,Random Forest,RDKit
137,FC(F)(F)C1=CC=C(OC(C2=CC=CC=C2)CCNC)C=C1,,2,1,1,Random Forest,RDKit
138,O=C(OC)[C@@H](N1CCC(SC=C2)=C2C1)C3=C(Cl)C=CC=C3,,2,2,1,Random Forest,RDKit
140,O=C1C2=C(N=CC=C2)N(C3CC3)C4=C(C(C)=CC=N4)N1,,2,2,1,Random Forest,RDKit
143,Cc1ccc(cc1Nc2nccc(n2)c3cccnc3)NC(=O)c4ccc(cc4)CN5CCN(CC5)C,,0,0,1,Random Forest,RDKit
144,O=C1N(/N=C\N1c2ccc(cc2)N7CCN(c6ccc(OCC3C[C@@](OC3)(c4ccc(F)cc4F)Cn5ncnc5)cc6)CC7)[C@@H](CC)[C@@H](O)C,,0,0,1,Random Forest,RDKit
159,O=C(O)C1=C(OC(C)=O)C=CC=C1,,2,2,1,Random Forest,RDKit
178,N=C(N(C)C)N(C)C,,2,1,1,Random Forest,RDKit
180,C12=NCCCN1CCCCC2,,2,1,1,Random Forest,RDKit
185,O[C@H]1CCCCC[C@@H]1NCC2=CC=CC=C2,,2,2,1,Random Forest,RDKit
203,OC(=O)c1ccccc1Nc2cccc(c2)C(F)(F)F,,0,2,1,Random Forest,RDKit
204,C[C@@]1(C2(C)C)CC[C@H]2C[C@H]1O,,0,1,1,Random Forest,RDKit
206,O=C1O[C@H](CCCCC)CCC1,,0,2,1,Random Forest,RDKit
221,CCCC[C@@H](Br)[C@]1(C)CCCC=C1,,1,1,1,Random Forest,RDKit
223,COC([C@H](O)[C@@H](O)C(OC)=O)=O,,1,0,1,Random Forest,RDKit
224,CC1=CC=C(S(N)=O)C=C1,,1,1,1,Random Forest,RDKit
225,OC(C)C1=CC=C(Br)C=C1,,1,1,1,Random Forest,RDKit
226,CC(C)[C@@H]1Sc2[nH]c3ccccc3c2C[C@@H](CO)NC1=O,,2,2,1,Random Forest,RDKit
249,CCN(CC)C1=CC=C2C(OC(C(C3=NC4=C(C=CC=C4)S3)=C2)=O)=C1,,2,1,1,Random Forest,RDKit
278,O=C1C[C@@H](C2=CC=CC=C2)OC3=CC=CC=C31,,0,1,1,Random Forest,RDKit
285,C\C(\C=C1/SC(=S)N(CC(O)=O)C1=O)=C/C1=CC=CC=C1,,2,2,1,Random Forest,RDKit
287,ClC1=C(Cl)C(=CC=C1)N1CCN(CCCCOC2=CC3=C(CCC(=O)N3)C=C2)CC1,,1,1,1,Random Forest,RDKit
290,C\N=C(\NCCSCC1=C(C)NC=N1)NC#N,,0,2,1,Random Forest,RDKit
291,ClC1=C(NC2=NCCN2)C2=NSN=C2C=C1,,0,2,1,Random Forest,RDKit
296,CC1(C)SC2[C@H](NC(=O)CC3=CC=CC=C3)C(=O)N2[C@H]1C(O)=O,,0,2,1,Random Forest,RDKit
322,O=C(C1=C(S(=O)(NC(NC2=NC(OC)=CC(OC)=N2)=O)=O)N(C)N=C1Cl)OC,,2,0,1,Random Forest,RDKit
326,CC(CC1)=C[C@@]2([H])C1=C(C)CC[C@@H]2C(C)C,,2,1,1,Random Forest,RDKit
328,CC1=C[C@@]([C@@H](C(C)C)CC[C@]2(O)C)([H])[C@@]2([H])CC1,,2,1,1,Random Forest,RDKit
329,CC1=C[C@@]([C@@H](C(C)C)CC[C@@]2(O)C)([H])[C@]2([H])CC1,,2,1,1,Random Forest,RDKit
332,ClC1=CC(N2CCCN(C)C)=C(C=C1)SC3=C2C=CC=C3,,2,2,1,Random Forest,RDKit
339,COC1=C2O[C@@H]3[C@]45C2=C(C=C1)C[C@@H](N(CC5)C)[C@]4([H])C=C[C@@H]3O,,1,2,1,Random Forest,RDKit
360,O=S(CC1=NC=C(C(OC)=C1C)CO)C2=NC3=C(N2)C=CC(OC)=C3,,0,2,1,Random Forest,RDKit
386,O[C@@H]1C[C@H](C)CC[C@H]1C(C)=O,,0,0,1,Random Forest,RDKit
439,O=C1NC2=C(N1CCCN3CCC(CC3)N4C(NC5=CC(Cl)=CC=C54)=O)C=CC=C2,,0,2,1,Random Forest,RDKit
448,CO[C@H]1[C@@H](C[C@@H]2CN3CCC4=C([C@H]3C[C@@H]2[C@@H]1C(=O)OC)NC5=C4C=CC(=C5)OC)OC(=O)C6=CC(=C(C(=C6)OC)OC)OC,,0,0,1,Random Forest,RDKit
2,CC1=CC(C[C@@H](C)[C@]1(C2)CCC2=C(C)C)=O,,1,1,2,Random Forest,RDKit
4,O=C(CCCCCCCCCCC1)OCCOC1=O,,1,0,2,Random Forest,RDKit
13,C[C@@]1(O)[C@@H](Br)C[C@H](C(C)=C)CC1,,1,1,2,Random Forest,RDKit
16,CC1(C)[C@@H]2[C@H]1CC=C(C)C2,,1,1,2,Random Forest,RDKit
31,O=C1N(C)C(C(N(C)C=N2)=C2N1C)=O,,1,1,2,Random Forest,RDKit
35,CNCCC(OC1=CC=C(C(F)(F)F)C=C1)C2=CC=CC=C2,,1,2,2,Random Forest,RDKit
36,COC1=CC=C2C(NC(S(CC3=C(C)C(OC)=C(C)C=N3)=O)=N2)=C1,,2,0,2,Random Forest,RDKit
38,O=C(OCCN(C)C)C1=CC=C(NCCCC)C=C1,,2,1,2,Random Forest,RDKit
47,ClC1=CC=C(NC(O[C@]2(C#CC3CC3)C(F)(F)F)=O)C2=C1,,2,2,2,Random Forest,RDKit
49,CC1=C2C(C=C1)=C(C)C=CC(C(C)C)=C2,,1,1,2,Random Forest,RDKit
53,O=C(C(OC)=C(C1=CC(OC)=C(OC)C=C1)O2)C3=C2C(OC)=C(OC)C(OC)=C3OC,,1,1,2,Random Forest,RDKit
62,CC(C(C)(C)O1)(C)OB1C(B2OC(C)(C)C(C)(C)O2)CCC3=CC=CC=C3,,1,1,2,Random Forest,RDKit
65,O=C(C(C#N)=C1)C=C(C1(C#C)C2)C3=C2C=CC=C3,,1,1,2,Random Forest,RDKit
71,C1OOC(O1)c2ccccc2,,1,1,2,Random Forest,RDKit
73,O1O[C@H](O[C@@H]1c2ccccc2)c3ccccc3,,1,1,2,Random Forest,RDKit
75,c1ccccc1,,1,1,2,Random Forest,RDKit
81,Fc1ccc(F)cc1,,1,1,2,Random Forest,RDKit
82,CN1C[C@@](C)(c2ccccc2)[C@@]3(C)[C@@H]1N(C)c4ccccc34,,1,2,2,Random Forest,RDKit
83,C[C@@]12OC(=O)C(=C)[C@]1(C)CC(=O)C=C2,,1,1,2,Random Forest,RDKit
86,CCOC(=O)\C=C\1/C[C@@](N1S(=O)(=O)c2ccc(C)cc2)(C(=O)OCC)c3ccccc3C,,1,2,2,Random Forest,RDKit
90,C[C@]1(Cl)CC2O[C@@]3(C)C=C[C@@](C)(O)[C@]2(C[C@@H]1Br)C3(C)C,,1,1,2,Random Forest,RDKit
100,CC1(C)/C=C/C/C(C=O)=C\CC/C(C=O)=C\C1,,1,1,2,Random Forest,RDKit
110,N#CCC1=CC=CC=C1,,1,1,2,Random Forest,RDKit
115,[N-]=[N+]=NC1=CC=C(C(F)(F)F)C=C1,,2,1,2,Random Forest,RDKit
116,C[C@@](O1)(OO2)CC[C@]3([H])[C@]2([C@]1([H])O4)[C@](CC[C@H]3C)([H])[C@@H](C)C4=O,,2,1,2,Random Forest,RDKit
120,CC1=CC[C@H](C(C)=C)CC1,,1,1,2,Random Forest,RDKit
123,C[C@H](CC[C@H]1C(C)C)CC1=O,,1,1,2,Random Forest,RDKit
129,IC1=C(C(OSC(F)(F)F)(C)C)C=CC=C1,,1,1,2,Random Forest,RDKit
133,OC(C=C1)=CC=C1C2COC3=CC(O)=CC=C3C2=O,,0,2,2,Random Forest,RDKit
141,CN3[C@H]1CC[C@@H]3C[C@@H](C1)OC(=O)C(CO)c2ccccc2,,2,2,2,Random Forest,RDKit
146,CCOc2nc1cccc(C(=O)O)c1n2Cc5ccc(c3ccccc3c4nn[nH]n4)cc5,,0,0,2,Random Forest,RDKit
151,C[C@@H]1CC[C@H]([C@@H](C1)OC(=O)C)C(C)C,,2,1,2,Random Forest,RDKit
163,O[C@H](C1)CC[C@@]2(C)C1=CC[C@]3([H])[C@]2([H])CC[C@@]4([H])[C@@]3([H])C[C@H](O)[C@]4([H])[C@H](C)[C@@H](O)CCC(C)C,,2,2,2,Random Forest,RDKit
165,[H][C@@]1(CO2)[C@](CO[C@@H]1C3=CC(OCO4)=C4C=C3)([H])[C@@H]2C5=CC(OCO6)=C6C=C5,,1,1,2,Random Forest,RDKit
166,COC1=C(OC)C=C(OC)C(/C=C\C)=C1,,1,1,2,Random Forest,RDKit
173,CC(C(O)=O)C1=CC=C(CC(C)C)C=C1,,2,1,2,Random Forest,RDKit
174,O[C@@H]1CCCC[C@H]1NC2CC2,,2,2,2,Random Forest,RDKit
176,CN(C)C1CCCCC1,,2,2,2,Random Forest,RDKit
179,N=C(NC1=CC=CC=C1)NC2=CC=CC=C2,,2,2,2,Random Forest,RDKit
195,OC(=O)c1ccc(O)cc1,,2,1,2,Random Forest,RDKit
196,CC1=C(/C=C/C(C)=C/C=C/C(C)=C/C=C/C=C(C)/C=C/C=C(C)/C=C/C2=C(C)CCCC2(C)C)C(C)(C)CCC1,,0,0,2,Random Forest,RDKit
209,CC(C)C1CC[C@]2(C)[C@@]1([H])[C@]3([H])[C@@]2([H])CCC3=C,,0,1,2,Random Forest,RDKit
218,CC1=C(O)C=C(C)C(OCCCC(C)(C)C(O)=O)=C1,,2,2,2,Random Forest,RDKit
219,CC1=CC=C(C(O)=O)C=C1OCCCC(C)(C)C(O)=O,,0,2,2,Random Forest,RDKit
227,COC(=O)C1=C(C)[C@]2(C)C[C@H]3[C@@](C)(CC[C@H]4C(C)(C)[C@@H](O)CC[C@]34C)OC2=C(C)C1=O,,2,2,2,Random Forest,RDKit
231,COCC(=O)N([C@H](C)C(=O)OC)c1c(C)cccc1C,,2,2,2,Random Forest,RDKit
284,CC(C)NCC(O)COC1=CC=CC2=CC=CC=C12,,2,2,2,Random Forest,RDKit
288,O=C1C2=CC=CC=C2C(=O)C2=C1C=CC1=C2NC2=C(N1)C1=C(C=C2)C(=O)C2=C(C=CC=C2)C1=O,,0,0,2,Random Forest,RDKit
309,CC[C@H]1OC(=O)[C@H](C)[C@H](C[C@@H](O[C@@H]2O[C@H](C)C[C@@H]([C@H]2O)N(C)C)[C@](C)(O)C[C@@H](C)C(=O)[C@H](C)[C@@H](C)[C@]1(C)O)O[C@H]1C[C@@](C)(OC)[C@@H](O)[C@H](C)O1,,0,0,2,Random Forest,RDKit
318,O=C(CC(C(C)1C)CC2)C21CS(=O)(O)=O,,0,1,2,Random Forest,RDKit
324,C[C@@H]1[C@]2([C@@]3([H])[C@](C)(O)CC2)[C@@]3([H])[C@@H](C(C)C)CC1,,2,1,2,Random Forest,RDKit
345,COC1=C(C(C(C(O)=C([C@@H](O)C[C@@](C(CO)=O)(O)C2)C2=C3O)C3C4=O)=O)C4=CC=C1,,0,0,2,Random Forest,RDKit
366,COC1=C(C2=CC=C1)C(C(C3C2=O)C(O)=C4[C@H](C[C@@](O)(CC4=C3O)C(CO)=O)O[C@H]5C[C@H](N)[C@H](O)[C@H](C)O5)=O,,0,0,2,Random Forest,RDKit
372,NC(N1C2=C(C=CC=C2)C=CC3=C1C=CC=C3)=O,,2,1,2,Random Forest,RDKit
407,[H][C@@]12[C@](CC[C@@H](C(C)C)C2)(C)CCC[C@]1(O)C,,2,1,2,Random Forest,RDKit
417,C[C@@]12CC[C@@H](C(C)C)C[C@@]1([H])C(C)=CCC2,,0,0,2,Random Forest,RDKit
421,CC12C(CC(C(C)=C)CC2)=C(C)C(CC1)=O,,0,1,2,Random Forest,RDKit
432,C[C@@H]1CCCCCCCCCCCCC(=O)C1,,0,1,2,Random Forest,RDKit
436,CC(C)C1=CC=C([C@@]2(C)[C@@](CC3=O)([H])C(C)(C)[C@H](O)CC2)C3=C1,,2,2,2,Random Forest,RDKit
446,CC1=C(C2=C(CC[C@@](O2)(C)CCC[C@H](C)CCC[C@H](C)CCCC(C)C)C(=C1O)C)C,,0,0,2,Random Forest,RDKit
7,C=C1CC/C=C(C)/CC[C@@H]2[C@@H]1CC2(C)C,,1,0,3,Random Forest,RDKit
9,Br[C@@H](CO)[C@](CC[C@H](Br)C(Br)(C)C)(Br)C,,1,1,3,Random Forest,RDKit
17,CN1[C@H]2CC[C@@H]1C[C@H](OC(C(CO)C3=CC=CC=C3)=O)C2,,2,2,3,Random Forest,RDKit
39,ClC1=C(N)C=C(OC)C(C(NCCN(CC)CC)=O)=C1,,2,2,3,Random Forest,RDKit
45,OCC(C(OC1CC(N2C)CCC2C1)=O)C3=CC=CC=C3,,2,2,3,Random Forest,RDKit
50,O=C1[C@@H](C)[C@]([C@]2([H])O1)([H])CC[C@@](C2=C3C)(C)C=CC3=O,,1,2,3,Random Forest,RDKit
56,O=C/C=C/C1=CC=CC=C1,,1,1,3,Random Forest,RDKit
57,O=C([C@@]1(C2C34)[C@@H]3[C@H]5C4(C(OC)=O)C2[C@H]51)OC,,1,2,3,Random Forest,RDKit
68,O=C1CC[C@@]2(C)C(CCC([C@@](CC[C@@H]3O)([H])[C@]3(C)C4)[C@]2([H])C4=O)=C1,,1,2,3,Random Forest,RDKit
72,O1O[C@@H](O[C@@H]1c2ccccc2)c3ccccc3,,1,1,3,Random Forest,RDKit
76,Fc1ccc(C=O)cc1,,1,1,3,Random Forest,RDKit
79,O=CC1=CC=CC=C1,,1,1,3,Random Forest,RDKit
80,Fc1ccccc1,,1,1,3,Random Forest,RDKit
85,Cn1c2c(CC[C@@]2(C)C=C)c3ccccc13,,1,1,3,Random Forest,RDKit
92,CC1(Cl)CC[C@@]2(CC1Br)C(C)(C)C(=C[C@H]3O[C@@]23C)Br,,1,1,3,Random Forest,RDKit
101,CC[C@@H](O1)[C@@H](Br)C[C@]1([H])[C@@]2([H])O[C@@H](C/C=C\C#C)[C@H](Br)C2,,1,1,3,Random Forest,RDKit
107,C[C@@H](CC1)[C@@]2([H])[C@]1([H])[C@@]3(C)[C@]2([H])[C@@H](C(C)=C)CC3,,1,0,3,Random Forest,RDKit
108,O=C(C)C1=CC=CC=C1,,1,1,3,Random Forest,RDKit
112,C12=CC=CC=C1C=C3C(C=CC=C3)=C2,,1,1,3,Random Forest,RDKit
121,CC1=CC[C@@H]2C(C)(C)[C@H]1C2,,1,2,3,Random Forest,RDKit
127,C[C@H]1CC2=C(C(C)=CO2)CC1,,1,1,3,Random Forest,RDKit
131,BrC1=CC=CC2=C1C(N=CC=C3)=C3C4=C2C=CC=C4,,1,1,3,Random Forest,RDKit
132,COC(C=C1)=CC=C1C2COC3=CC(OC)=CC=C3C2=O,,2,2,3,Random Forest,RDKit
136,NC1=C(S(=O)(CC)=O)C=C(C(NCC2N(CC)CCC2)=O)C(OC)=C1,,2,0,3,Random Forest,RDKit
139,CN(C)CCCN1C2=C(C=CC=C2)CCC3=C1C=CC=C3,,2,2,3,Random Forest,RDKit
147,C[C@H]1[C@H]([C@H](C[C@@H](O1)O[C@H]2C[C@@](Cc3c2c(c4c(c3O)C(=O)c5cccc(c5C4=O)OC)O)(C(=O)CO)O)N)O,,0,0,3,Random Forest,RDKit
148,COc1ccccc1OCCNCC(O)COc3cccc4[nH]c2ccccc2c34,,0,0,3,Random Forest,RDKit
155,COc1ccc(C=O)cc1,,2,1,3,Random Forest,RDKit
156,C1=CC=CC2=C1C3C(CC2)[C@@H](C(O3)=O)C,,1,1,3,Random Forest,RDKit
177,NCCC1=CC=CC=C1,,2,1,3,Random Forest,RDKit
183,O[C@H]1CCCC[C@@H]1NCC2=CC=CC=C2,,2,2,3,Random Forest,RDKit
186,O[C@@H]1CCCCC[C@H]1NCC2=CC=CC=C2,,2,2,3,Random Forest,RDKit
189,CC1(C)C(C(CCC)=O)=C(C)CCC1,,0,1,3,Random Forest,RDKit
190,O=C(OC)C1=C(C)C(C)=C2O[C@]3(C)CC[C@@]4([H])C(C)(C)[C@@H](O)CC[C@]4(C)[C@@]3([H])C[C@]2(C)C1=O,,2,2,3,Random Forest,RDKit
192,CC1=C(C)C(C(OC)=O)=C2O[C@]3(C)CC[C@@]4([H])C(C)(C)[C@@H](O)CC[C@]4(C)[C@@]3([H])C[C@]2(C)C1=O,,2,2,3,Random Forest,RDKit
216,CC1=CC=C(C)C(OCCCC(C)(C)C(O)=O)=C1,,2,2,3,Random Forest,RDKit
222,O[C@@H](CCCl)C1=CC=CC=C1,,1,1,3,Random Forest,RDKit
234,CCC1=CC=CC(=C1N(C(C)COC)C(=O)CCl)C,,2,2,3,Random Forest,RDKit
239,[H][C@]12CN(CC(=O)N1C[C@@H](O)C1=CC=CC=C21)C(=O)C1CCCCC1,,1,1,3,Random Forest,RDKit
244,C/C(C(O)=O)=C(OC(C)=O)\C=C,,0,2,3,Random Forest,RDKit
260,C[C@H](CCCC(C)C)[C@@]1([H])CC[C@@]2([H])[C@]3([H])CC=C4C[C@@H](C)CC[C@]4(C)[C@@]3([H])CC[C@@]21C,,2,0,3,Random Forest,RDKit
277,O=C(C1=C2C=C(C)C=C1O)C3=C(C=CC=C3O)C2=O,,2,0,3,Random Forest,RDKit
282,CCOC(=O)[C@H](CC1=CNC2=CC=CC=C12)NC(C)=O,,2,2,3,Random Forest,RDKit
303,[H][C@@]12CCCC[C@]1([H])CN(C[C@@H](O)[C@H](CSC1=CC=CC=C1)NC(=O)C1=CC=CC(O)=C1C)[C@@H](C2)C(=O)NC(C)(C)C,,0,0,3,Random Forest,RDKit
305,COC1=CC(=CC=C1CC1=CN(C)C2=CC=C(NC(=O)OC3CCCC3)C=C12)C(=O)NS(=O)(=O)C1=CC=CC=C1C,,0,0,3,Random Forest,RDKit
307,CC(C)[C@H](NC(=O)N(C)CC1=CSC(=N1)C(C)C)C(=O)N[C@H](C[C@H](O)[C@H](CC1=CC=CC=C1)NC(=O)OCC1=CN=CS1)CC1=CC=CC=C1,,0,0,3,Random Forest,RDKit
308,OCCN(CCO)C1=NC2=C(N=C(N=C2N2CCCCC2)N(CCO)CCO)C(=N1)N1CCCCC1,,0,0,3,Random Forest,RDKit
325,C/C1=C\CC[C@@](C)(O)/C=C/[C@@H](C(C)C)CC1,,1,2,3,Random Forest,RDKit
327,CC1=C[C@@]([C@@H](C(C)C)CC[C@]2(O)C)([H])[C@]2([H])CC1,,1,2,3,Random Forest,RDKit
349,[H]N(C(C1=CC=C(O)C=C1)=O)/N=C/C2=CC=C([N+]([O-])=O)O2,,2,2,3,Random Forest,RDKit
369,O=C(NN)C1=CC=NC=C1,,0,2,3,Random Forest,RDKit
378,CC1=CCCC(C)(C)[C@@]12O[C@@H](C)CC2,,1,2,3,Random Forest,RDKit
380,O=C([C@@H]1CC[C@@H](C)C[C@H]1O)C,,0,0,3,Random Forest,RDKit
381,CC([C@@H]1CC[C@@H](C)C[C@H]1OC(C[C@@H](O)C)=O)C,,0,2,3,Random Forest,RDKit
382,CC([C@@H]1CC[C@@H](C)C[C@H]1OCCO)C,,0,2,3,Random Forest,RDKit
385,CC1(C)C[C@@H](C(O)=O)[C@H](C(C)C)CC1,,2,2,3,Random Forest,RDKit
390,[NH3+] [C@@H](CC([O-])=O)C(N[C@@H](CC1=CC=CC=C1)C(OC)=O)=O,,0,1,3,Random Forest,RDKit
425,O=C(SC(C)CC)CC(C)C,,0,1,3,Random Forest,RDKit
435,CC(C)C1=CC=C([C@]23[C@@](CC4=O)([H])C(C)(C)[C@@H](CC3)OC2=O)C4=C1,,2,2,3,Random Forest,RDKit
437,CC(C)C1=CC=C([C@@]2(C)[C@@](CC3=O)([H])C(C)(C)C(CC2)=O)C3=C1,,2,1,3,Random Forest,RDKit
5,CC1(C)CCC[C@@]2(C)[C@H]1CC[C@]3(C)[C@@H]2CCO3,,1,1,4,Random Forest,RDKit
8,CC1=CC(C(C)(C)[C@H](C)CC2(C)C)=C2C=C1C(C)=O,,1,1,4,Random Forest,RDKit
11,CCC[C@H](SC(C1=CC(Br)=CC=C1)=O)CCOC(C2=CC(Br)=CC=C2)=O,,1,1,4,Random Forest,RDKit
21,O[C@H](/C=C/C#CC#CC1=CN(CC2=CC=CC=C2)N=N1)[C@H](O3)[C@@H]3[C@H](O)[C@H]4OC(CC4)=O,,2,2,4,Random Forest,RDKit
22,IC1=C(C(C)(C)OSC(F)(F)F)C=CC=C1,,1,1,4,Random Forest,RDKit
24,C[C@H]1C[C@@H](OC(C)=O)[C@H](C(C)C)CC1,,2,1,4,Random Forest,RDKit
26,CC1=C(C)[C@@]([C@@]2=C(O)C=CC(C)=C2C)=C(O)C=C1,,1,1,4,Random Forest,RDKit
32,NC1=C2C(C=CC=N2)=CC=C1,,1,1,4,Random Forest,RDKit
41,O=C1C(C2CCC(NC2=O)=O)C(C3=CC=CC=C31)=O,,2,2,4,Random Forest,RDKit
42,CC1=C(C(OC)=O)C(C(C(OC)=O)=C(C)N1)C2=C([N+]([O-])=O)C=CC=C2,,2,2,4,Random Forest,RDKit
46,CN(C)CCCN1C(C=CC=C2)=C2CCC3=C1C=CC=C3,,2,2,4,Random Forest,RDKit
55,O=CC1=CC=C([N+]([O-])=O)C=C1,,1,1,4,Random Forest,RDKit
63,CC(C(C)(C)O1)(C)OB1[C@@H](CCCCC)[C@H](B2OC(C)(C)C(C)(C)O2)C,,1,1,4,Random Forest,RDKit
64,CC(C(C)(C)O1)(C)OB1[C@@H](CCCCC)[C@@H](B2OC(C)(C)C(C)(C)O2)C,,1,1,4,Random Forest,RDKit
67,O[C@H]1CCC2=C(OC)C=CC=C2[C@H]1C(OC)=O,,1,2,4,Random Forest,RDKit
91,CC1=C[C@H](O)C(Br)C(C)(C)[C@]12CCC(C)(Cl)C(Br)C2,,1,1,4,Random Forest,RDKit
102,CC[C@@H](O1)[C@@H](Br)C[C@]1([H])[C@@]2([H])O[C@@H](C/C=C\C3=CN(CC(NC4=CC=CC=C4)=O)N=N3)[C@H](Br)C2,,1,0,4,Random Forest,RDKit
104,BrC1=C[C@@]([H])(OC)[C@](O2)(C)[C@]3(C[C@]2([H])[C@](Cl)(C)CC3)C1(C)C,,1,1,4,Random Forest,RDKit
109,[H]C(/C=C/C1=CC=CC=C1)=O,,1,1,4,Random Forest,RDKit
111,C12=CC=CC=C1C=CC=C2,,1,1,4,Random Forest,RDKit
114,OC1=C(OC)C=C(C=O)C=C1,,2,2,4,Random Forest,RDKit
118,CN1C=NC(C(F)(F)F)=C1C(OC)=O,,1,1,4,Random Forest,RDKit
119,CN1C(C(F)(F)F)=C([N+]([O-])=O)C=C1C(OC)=O,,1,1,4,Random Forest,RDKit
122,C[C@H]1C[C@@H](O)[C@H](C(C)C)CC1,,1,0,4,Random Forest,RDKit
124,C[C@H]1C[C@H](O)[C@H](C(C)C)CC1,,1,0,4,Random Forest,RDKit
128,C[C@@]12CC[C@H](C(C)(C)O2)CC1,,1,1,4,Random Forest,RDKit
142,CCN(CC)CC(=O)NC1=C(C)C=CC=C1C,,2,2,4,Random Forest,RDKit
145,O=C7OCC=6C(=O)N2C(\c1nc5c(c(c1C2)CC)cc(OC(=O)N4CCC(N3CCCCC3)CC4)cc5)=C/C=6[C@@]7(O)CC,,0,0,4,Random Forest,RDKit
149,O2C1(CCC(CC1)C2(C)C)C,,2,1,4,Random Forest,RDKit
150,O[C@H]1[C@H](C(C)C)CC[C@@H](C)C1,,2,0,4,Random Forest,RDKit
152,O(c1ccc(\C=C\C)cc1)C,,2,1,4,Random Forest,RDKit
161,O=C1C(C)=C2O[C@]3(C)CCC4C(C)(C)[C@@H](O)CC[C@]4(C)[C@@]3([H])C[C@@]2(C)C(C)=C1C(OC)=O,,2,2,4,Random Forest,RDKit
164,CC1(C)CC[C@]2(C)C[C@@]34[C@@H](C)CC[C@@H](O)[C@]3(C)CC[C@H]4[C@@]21[H],,2,2,4,Random Forest,RDKit
181,O[C@@H]1[C@@H](NCC2=CC=CC=C2)CCC1,,2,2,4,Random Forest,RDKit
184,O[C@@H]1CCCC[C@H]1NCC2=CC=CC=C2,,2,2,4,Random Forest,RDKit
187,C/C(C)=C/CC/C(C)=C/CO,,0,1,4,Random Forest,RDKit
188,C/C(C)=C/CC/C(C)=C/CC/C(C)=C/CO,,0,1,4,Random Forest,RDKit
193,O=C1C(C(OC)=O)=C(C)C(C)=C2O[C@@]3(C)CC[C@@]4([H])C(C)(C)[C@@H](O)CC[C@]4(C)[C@]3([H])C[C@@]21C,,2,2,4,Random Forest,RDKit
194,O=C1C(C(OC)=O)=C(C)[C@]2(C)C(O[C@]([C@]3(C)[C@](CC[C@H](O)C4)(C)[C@@]4([H])CC3)([H])C2)=C1C,,2,2,4,Random Forest,RDKit
198,O=C1CCCCC/C=C/CCCCCCCCO1,,0,1,4,Random Forest,RDKit
199,O=C1CCCCC/C=C\CCCCCCCCO1,,0,1,4,Random Forest,RDKit
211,CC([C@H]12)=CC[C@]32[C@]1([H])[C@H](C(C)C)CC[C@H]3C,,0,1,4,Random Forest,RDKit
213,CC(C12)=CC[C@@]3([H])C1[C@H](C(C)C)CC[C@@]32C,,0,1,4,Random Forest,RDKit
217,CC1=CC=C(CO)C=C1OCCCC(C)(C)C(O)=O,,2,2,4,Random Forest,RDKit
236,[H][C@]12CN(CC(=O)N1CCC1=CC=CC=C21)C(=O)[C@H]1CC[C@H](O)CC1,,1,1,4,Random Forest,RDKit
237,[H][C@]12CN(CC(=O)N1CCC1=CC=CC=C21)C(=O)[C@@H]1CC[C@H](O)CC1,,1,1,4,Random Forest,RDKit
240,OC12CN(CC(=O)N1CCC1=CC=CC=C21)C(=O)C1CCCCC1,,1,1,4,Random Forest,RDKit
241,O[C@]12CN(CC(=O)N1CCC1=CC=CC=C21)C(=O)C1CCCCC1,,1,1,4,Random Forest,RDKit
242,OC1=CC=C(NC(C)=O)C=C1,,0,2,4,Random Forest,RDKit
251,O[C@@H]1[C@@H](O)[C@H](O)[C@@H](CO)O[C@H]1OC2=CC=CC=C2CO,,0,2,4,Random Forest,RDKit
275,O=C(C1=C2C=C(C)C=C1O)C3=C(C=C(O)C=C3O)C2=O,,0,2,4,Random Forest,RDKit
281,C[C@@H](C1=C2C[C@H](O)[C@H]3[C@@]4(C)CCC(C(C)(C)[C@@H]4CC[C@]3(C)[C@@]2(C)CC1)=O)C[C@H](O)[C@@H](O)C(C)(O)C,,0,0,4,Random Forest,RDKit
283,COC(=O)[C@@H](N)CC1=CNC2=CC=CC=C12,,2,2,4,Random Forest,RDKit
293,CN1C(C(=O)NC2=NC=C(C)S2)=C(O)C2=C(C=CC=C2)S1(=O)=O,,0,2,4,Random Forest,RDKit
312,BrC1(CC2(Br)C3)CC(C2)(Br)CC3(Br)C1,,2,1,4,Random Forest,RDKit
344,O=C1[C@@H](CCCCCC)[C@H](C[C@H](CCCCCCCCCCC)OC([C@H](CC(C)C)NC=O)=O)O1,,2,0,4,Random Forest,RDKit
356,FC1=CC2=C(C=C1)C(C3CCN(CCC4=C(C)N=C5N(CCCC5)C4=O)CC3)=NO2,,2,0,4,Random Forest,RDKit
357,CN1CCN(CC1)S(=O)(C2=CC(C3=NC4=C(C(N3)=O)N(N=C4CCC)C)=C(OCC)C=C2)=O,,1,0,4,Random Forest,RDKit
363,ClC1=C(NC2=CC=CC=C2CC(O)=O)C(Cl)=CC=C1,,0,2,4,Random Forest,RDKit
384,CC1(C)C[C@@H](C(NC2=CC=C(CC#N)C=C2)=O)[C@H](C(C)C)CC1,,0,2,4,Random Forest,RDKit
3,C[C@@H]1CCC=C(CC/2)[C@@]1(C)CC2=C(C)\CO,,2,1,5,Random Forest,RDKit
6,C[C@@]1(CC2)[C@]3(O)C(C)(C)[C@H]2C[C@H]1[C@@H](C)CC3,,2,2,5,Random Forest,RDKit
10,C[C@@](CC[C@H](Br)C(Br)(C)C)(Br)[C@H](Br)CO,,1,1,5,Random Forest,RDKit
14,CCCCNc1ccc(cc1)C(=O)OCCN(C)C,,1,2,5,Random Forest,RDKit
15,CCCCCC=CCC=CCC=CCC=CCCCC(=O)OCC,,2,0,5,Random Forest,RDKit
19,CC1=C(NC(CN(CC)CC)=O)C(C)=CC=C1,,2,2,5,Random Forest,RDKit
28,CC(C)C1=CC=C2C(C=CC=C2)=[C@]1[C@]3=CSC(C)=C3C,,1,1,5,Random Forest,RDKit
30,C12=CC=CC=C1N=C3N2CC/C=C/CCN4C5=C(C=CC=C5)N=C34,,1,1,5,Random Forest,RDKit
37,NC1=CC=C(S(C2=CC=C(N)C=C2)(=O)=O)C=C1,,2,1,5,Random Forest,RDKit
54,NC1=C(C(C)C)C=CC=C1C(C)C,,1,1,5,Random Forest,RDKit
60,COC1=CC=C(/C=C/C)C=C1,,1,2,5,Random Forest,RDKit
74,C1C[C@H]2OOC(C1)O2,,1,1,5,Random Forest,RDKit
77,Clc1cccc(Cl)c1,,1,1,5,Random Forest,RDKit
87,CC1(C)C(Br)C[C@H]2O[C@@]2(C)[C@]13CC(Br)C(C)(Cl)CC3O,,1,1,5,Random Forest,RDKit
89,C[C@]1(Cl)CC2O[C@@]3(Br)[C@H](O)[C@H]4O[C@@]4(C)[C@]2(C[C@@H]1Br)C3(C)C,,1,1,5,Random Forest,RDKit
93,C/C1=C\CC(C)(C)/C=C/C/C(C)=C/CC1,,1,1,5,Random Forest,RDKit
94,C/C1=C\CC(C)(C)/C=C/CC2(C)C(O2)CC1,,1,1,5,Random Forest,RDKit
97,CC12C(O2)CC(C)(C)/C=C/CC(C)(O3)C3CC1,,1,1,5,Random Forest,RDKit
105,O=C(C(O)=C1)C2=CC=CC3=CC=CC1=C32,,1,1,5,Random Forest,RDKit
106,O=C(C(C1=CC=CC=C1)=C2)C3=CC=CC4=CC=CC2=C43,,1,1,5,Random Forest,RDKit
113,C1(/C=C/C2=CC=CC=C2)=CC=CC=C1,,2,1,5,Random Forest,RDKit
117,CN1C=NC([N+]([O-])=O)=C1C(F)(F)F,,1,1,5,Random Forest,RDKit
125,C[C@H](CC[C@@H]1C(C)C)CC1=O,,1,1,5,Random Forest,RDKit
130,CC#[N][Pd]1(Br)C2=CC=CC3=C2C([N]1=CC=C4)=C4C5=CC=CC=C53,,1,1,5,Random Forest,RDKit
134,O=C1C=CC2(C)C(C(OC(C3C)=O)C3CC2)=C1C,,2,1,5,Random Forest,RDKit
153,C[C@@]12C(C)(C)[C@@H](CC1=O)CC2,,2,1,5,Random Forest,RDKit
154,CC1(C)[C@H]2C[C@@H]1CC=C2C,,2,1,5,Random Forest,RDKit
158,C1=CC=CC2=C1C3C(CC2)C(C(O3)=O)=C,,1,1,5,Random Forest,RDKit
160,O=C(N[C@H](CO)C1)[C@H](C(C)C)SC2=C1C3=CC=CC=C3N2,,2,2,5,Random Forest,RDKit
162,C/C([C@@H]1[C@@](CCCC2=C(C)OC(OC)=CC2=O)(O1)C)=C\C3=CC=C([N+]([O-])=O)C=C3,,2,2,5,Random Forest,RDKit
168,COC1=C(OC)C=C(OC)C(/C=C/C)=C1,,1,1,5,Random Forest,RDKit
171,COC1=CC=C2C(C(CC(O)=O)C(C)N2C(C3=CC=C(Cl)C=C3)=O)=C1,,2,2,5,Random Forest,RDKit
172,CC(OC1=CC=CC=C1C(NC2=NC=C([N+]([O-])=O)S2)=O)=O,,2,2,5,Random Forest,RDKit
182,O[C@H]1[C@H](NCC2=CC=CC=C2)CCC1,,2,2,5,Random Forest,RDKit
191,O=C(OC)C1=C(C)C(C)=C2O[C@]3(C)CC[C@@]4([H])C(C)(C)[C@@H](O)CC[C@]4(C)[C@@]3([H])C[C@@]2(C)C1=O,,2,2,5,Random Forest,RDKit
215,CCCC(S)CCO,,0,0,5,Random Forest,RDKit
220,CC1=CC=C(C)C(OCCCC(C)(C)C(OC2OC(C(O)=O)C(O)C(O)C2O)=O)=C1,,0,0,5,Random Forest,RDKit
235,[H][C@]12CN(CC(=O)N1CCC1=CC=CC=C21)C(=O)C1CCCCC1,,1,1,5,Random Forest,RDKit
238,[H][C@]12CN(CC(=O)N1CCC1=CC(O)=CC=C21)C(=O)C1CCCCC1,,1,1,5,Random Forest,RDKit
246,NC(C1=CC=CC=C1OCC)=O,,2,2,5,Random Forest,RDKit
248,CN1C(C)C(C(C)C)C(N1C2=CC=CC=C2)=O,,2,2,5,Random Forest,RDKit
256,O[C@@H]1[C@@H](O)[C@H](O)[C@@H](CO)O[C@H]1C2=C(OC=C(C3=CC=C(O)C=C3)C4=O)C4=CC=C2O,,0,0,5,Random Forest,RDKit
267,O=C1OC2=CC3=C(C=CO3)C(O/C=C/C(C)C)=C2C=C1,,0,2,5,Random Forest,RDKit
286,COC1=CC2=C(C=C1OC)C(=O)C(CC1CCN(CC3=CC=CC=C3)CC1)C2,,1,2,5,Random Forest,RDKit
289,COC1=CC=C2C=C3C4=C(CC[N+]3=CC2=C1OC)C=C1OCOC1=C4,,0,1,5,Random Forest,RDKit
297,CC(C)CN1C=NC2=C(N)N=C3C=CC=CC3=C12,,0,2,5,Random Forest,RDKit
298,CC1=CN=C(C=N1)C(=O)NCCC1=CC=C(C=C1)S(=O)(=O)NC(=O)NC1CCCCC1,,0,2,5,Random Forest,RDKit
299,CC(=O)N1CCN(CC1)C1=CC=C(OC[C@H]2CO[C@@](CN3C=CN=C3)(O2)C2=C(Cl)C=C(Cl)C=C2)C=C1,,0,0,5,Random Forest,RDKit
333,CC1=C(C(OC)=O)C(C2=C([N+]([O-])=O)C=CC=C2)=C(C(OC)=O)C(C)=N1,,1,2,5,Random Forest,RDKit
351,CN(C)CCCN(C(C=CC=C1)=C1CC2)C3=C2C=CC=C3,,0,2,5,Random Forest,RDKit
373,COC1=CC=C(C=C1)C2=COC3=C(C2=O)C=CC(=C3)OC,,2,2,5,Random Forest,RDKit
374,CC1OC2(C(C)=CCCC2(C)C)CC1,,2,1,5,Random Forest,RDKit
398,O=C1CCC(C1C/C=C\CC)CC(OC)=O,,2,1,5,Random Forest,RDKit
400,CC(C1CCC(C=O)=CC1)=C,,1,1,5,Random Forest,RDKit
403,CC(C)[C@@H]1CC[C@@]([C@@H](C1)C(=C)C)(C)C=C,,0,1,5,Random Forest,RDKit
409,CC1(C=C)C(C(C)C)CC(C(C)C)CC1,,0,1,5,Random Forest,RDKit
413,C[C@@]1(CCC2)CC[C@@H](C(C)C)C[C@@]1([H])C2=C,,0,0,5,Random Forest,RDKit
428,CC(S)CC(OCC)=O,,0,0,5,Random Forest,RDKit
434,CC(C)C1=CC=C([C@]23[C@@](C[C@@H]4O)([H])C(C)(C)[C@@](O)(CC3)OC2)C4=C1,,2,2,5,Random Forest,RDKit
440,CC1=C2C(C(OC2)=O)=C(C(C/C=C(C)/CCC(OCCN3CCOCC3)=O)=C1OC)O,,0,2,5,Random Forest,RDKit
1,O=C1C[C@@H](C)[C@]2(C)CC(CCC2=C1)=C(C)C,,1,0,1,kNN,RDKit
12,CC(C)[C@H]1[C@H]2[C@](CC1)(C)[C@H]3[C@@H]2C(CBr)=CC3,,1,0,1,kNN,RDKit
18,O=C(N[C@H](C(N[C@@H](C1=CC=CC=C1)C(OC(C)(C)C)=O)=O)C)CC2=CC(F)=CC(F)=C2,,2,2,1,kNN,RDKit
20,O[C@H](/C=C\C#CC#CC1=CN(CC2=CC=CC=C2)N=N1)[C@H](O3)[C@@H]3[C@H](O)[C@H]4OC(CC4)=O,,2,2,1,kNN,RDKit
25,CC1=C(C)[C@]([C@]2=C(O)C=CC(C)=C2C)=C(O)C=C1,,1,0,1,kNN,RDKit
27,CC(C)C1=CC=C2C(C=CC=C2)=[C@@]1[C@@]3=CSC(C)=C3C,,1,1,1,kNN,RDKit
29,C12=CC=CC=C1N3C(C4=NC5=C(C=CC=C5)N4CC/C=C/CC3)=N2,,1,0,1,kNN,RDKit
34,CC1=CC=CC(C)=C1NC(CN(CC)CC)=O,,1,2,1,kNN,RDKit
40,ClC1=CC=C2C(N(CCCN(C)C)C(C=CC=C3)=C3S2)=C1,,2,2,1,kNN,RDKit
43,ClC1=C([C@@H](C(OC)=O)N2CCC(SC=C3)=C3C2)C=CC=C1,,2,1,1,kNN,RDKit
44,O=C(C(C)=C1)NC(N1[C@@H]2O[C@H](CO)[C@@H](N=[N+]=[N-])C2)=O,,2,2,1,kNN,RDKit
48,CN(CCC1)[C@@H]1C2=CC=CN=C2,,0,1,1,kNN,RDKit
51,O=C(C=C(C1=CC(OC)=C(OC)C=C1)O2)C3=C2C(OC)=C(OC)C(OC)=C3OC,,1,0,1,kNN,RDKit
52,O=C(C=C(C1=CC=C(OC)C=C1)O2)C3=C2C(OC)=C(OC)C(OC)=C3OC,,1,2,1,kNN,RDKit
58,BrC1=CC2=CC=CC=C2C3=C1C=CC=C3,,1,1,1,kNN,RDKit
61,CC(O[C@H]1[C@H](C(C)C)CC[C@@H](C)C1)=O,,1,2,1,kNN,RDKit
69,CC1CCCC2(C1CC(CC2)C(C)C)C,,1,0,1,kNN,RDKit
78,N#Cc1ccccc1,,1,1,1,kNN,RDKit
84,C[C@]12OC(=O)C(=C)[C@H]1CC(=O)C=C2,,1,1,1,kNN,RDKit
88,Cc1cc(O)c(cc1Br)[C@]2(C)CC[C@@H]3C[C@]23C,,1,1,1,kNN,RDKit
95,CC12C(O2)CC(C)(C)/C=C/C/C(C)=C/CC1,,1,1,1,kNN,RDKit
96,C/C1=C\CC(C)(C)C(O2)C2C/C(C)=C/CC1,,1,1,1,kNN,RDKit
98,CC12C(O2)CC(C)(C)C(O3)C3CC(C)(O4)C4CC1,,1,1,1,kNN,RDKit
99,CC1(C)C/C=C(C)/CC/C=C(C=O)/C/C=C/1,,1,1,1,kNN,RDKit
103,BrC1=C[C@]([H])(OC)[C@](O2)(C)[C@]3(C[C@]2([H])[C@](Cl)(C)CC3)C1(C)C,,1,1,1,kNN,RDKit
135,O=C1C(N(C)C)=C(C)N(C)N1C2=CC=CC=C2,,2,2,1,kNN,RDKit
137,FC(F)(F)C1=CC=C(OC(C2=CC=CC=C2)CCNC)C=C1,,2,2,1,kNN,RDKit
138,O=C(OC)[C@@H](N1CCC(SC=C2)=C2C1)C3=C(Cl)C=CC=C3,,2,1,1,kNN,RDKit
140,O=C1C2=C(N=CC=C2)N(C3CC3)C4=C(C(C)=CC=N4)N1,,2,2,1,kNN,RDKit
143,Cc1ccc(cc1Nc2nccc(n2)c3cccnc3)NC(=O)c4ccc(cc4)CN5CCN(CC5)C,,0,0,1,kNN,RDKit
144,O=C1N(/N=C\N1c2ccc(cc2)N7CCN(c6ccc(OCC3C[C@@](OC3)(c4ccc(F)cc4F)Cn5ncnc5)cc6)CC7)[C@@H](CC)[C@@H](O)C,,0,0,1,kNN,RDKit
159,O=C(O)C1=C(OC(C)=O)C=CC=C1,,2,0,1,kNN,RDKit
178,N=C(N(C)C)N(C)C,,2,2,1,kNN,RDKit
180,C12=NCCCN1CCCCC2,,2,1,1,kNN,RDKit
185,O[C@H]1CCCCC[C@@H]1NCC2=CC=CC=C2,,2,2,1,kNN,RDKit
203,OC(=O)c1ccccc1Nc2cccc(c2)C(F)(F)F,,0,0,1,kNN,RDKit
204,C[C@@]1(C2(C)C)CC[C@H]2C[C@H]1O,,0,1,1,kNN,RDKit
206,O=C1O[C@H](CCCCC)CCC1,,0,2,1,kNN,RDKit
221,CCCC[C@@H](Br)[C@]1(C)CCCC=C1,,1,1,1,kNN,RDKit
223,COC([C@H](O)[C@@H](O)C(OC)=O)=O,,1,1,1,kNN,RDKit
224,CC1=CC=C(S(N)=O)C=C1,,1,1,1,kNN,RDKit
225,OC(C)C1=CC=C(Br)C=C1,,1,1,1,kNN,RDKit
226,CC(C)[C@@H]1Sc2[nH]c3ccccc3c2C[C@@H](CO)NC1=O,,2,2,1,kNN,RDKit
249,CCN(CC)C1=CC=C2C(OC(C(C3=NC4=C(C=CC=C4)S3)=C2)=O)=C1,,2,2,1,kNN,RDKit
278,O=C1C[C@@H](C2=CC=CC=C2)OC3=CC=CC=C31,,0,1,1,kNN,RDKit
285,C\C(\C=C1/SC(=S)N(CC(O)=O)C1=O)=C/C1=CC=CC=C1,,2,2,1,kNN,RDKit
287,ClC1=C(Cl)C(=CC=C1)N1CCN(CCCCOC2=CC3=C(CCC(=O)N3)C=C2)CC1,,1,1,1,kNN,RDKit
290,C\N=C(\NCCSCC1=C(C)NC=N1)NC#N,,0,0,1,kNN,RDKit
291,ClC1=C(NC2=NCCN2)C2=NSN=C2C=C1,,0,2,1,kNN,RDKit
296,CC1(C)SC2[C@H](NC(=O)CC3=CC=CC=C3)C(=O)N2[C@H]1C(O)=O,,0,2,1,kNN,RDKit
322,O=C(C1=C(S(=O)(NC(NC2=NC(OC)=CC(OC)=N2)=O)=O)N(C)N=C1Cl)OC,,2,0,1,kNN,RDKit
326,CC(CC1)=C[C@@]2([H])C1=C(C)CC[C@@H]2C(C)C,,2,0,1,kNN,RDKit
328,CC1=C[C@@]([C@@H](C(C)C)CC[C@]2(O)C)([H])[C@@]2([H])CC1,,2,2,1,kNN,RDKit
329,CC1=C[C@@]([C@@H](C(C)C)CC[C@@]2(O)C)([H])[C@]2([H])CC1,,2,2,1,kNN,RDKit
332,ClC1=CC(N2CCCN(C)C)=C(C=C1)SC3=C2C=CC=C3,,2,2,1,kNN,RDKit
339,COC1=C2O[C@@H]3[C@]45C2=C(C=C1)C[C@@H](N(CC5)C)[C@]4([H])C=C[C@@H]3O,,1,2,1,kNN,RDKit
360,O=S(CC1=NC=C(C(OC)=C1C)CO)C2=NC3=C(N2)C=CC(OC)=C3,,0,2,1,kNN,RDKit
386,O[C@@H]1C[C@H](C)CC[C@H]1C(C)=O,,0,1,1,kNN,RDKit
439,O=C1NC2=C(N1CCCN3CCC(CC3)N4C(NC5=CC(Cl)=CC=C54)=O)C=CC=C2,,0,2,1,kNN,RDKit
448,CO[C@H]1[C@@H](C[C@@H]2CN3CCC4=C([C@H]3C[C@@H]2[C@@H]1C(=O)OC)NC5=C4C=CC(=C5)OC)OC(=O)C6=CC(=C(C(=C6)OC)OC)OC,,0,1,1,kNN,RDKit
2,CC1=CC(C[C@@H](C)[C@]1(C2)CCC2=C(C)C)=O,,1,1,2,kNN,RDKit
4,O=C(CCCCCCCCCCC1)OCCOC1=O,,1,0,2,kNN,RDKit
13,C[C@@]1(O)[C@@H](Br)C[C@H](C(C)=C)CC1,,1,1,2,kNN,RDKit
16,CC1(C)[C@@H]2[C@H]1CC=C(C)C2,,1,1,2,kNN,RDKit
31,O=C1N(C)C(C(N(C)C=N2)=C2N1C)=O,,1,1,2,kNN,RDKit
35,CNCCC(OC1=CC=C(C(F)(F)F)C=C1)C2=CC=CC=C2,,1,1,2,kNN,RDKit
36,COC1=CC=C2C(NC(S(CC3=C(C)C(OC)=C(C)C=N3)=O)=N2)=C1,,2,2,2,kNN,RDKit
38,O=C(OCCN(C)C)C1=CC=C(NCCCC)C=C1,,2,2,2,kNN,RDKit
47,ClC1=CC=C(NC(O[C@]2(C#CC3CC3)C(F)(F)F)=O)C2=C1,,2,1,2,kNN,RDKit
49,CC1=C2C(C=C1)=C(C)C=CC(C(C)C)=C2,,1,1,2,kNN,RDKit
53,O=C(C(OC)=C(C1=CC(OC)=C(OC)C=C1)O2)C3=C2C(OC)=C(OC)C(OC)=C3OC,,1,1,2,kNN,RDKit
62,CC(C(C)(C)O1)(C)OB1C(B2OC(C)(C)C(C)(C)O2)CCC3=CC=CC=C3,,1,1,2,kNN,RDKit
65,O=C(C(C#N)=C1)C=C(C1(C#C)C2)C3=C2C=CC=C3,,1,1,2,kNN,RDKit
71,C1OOC(O1)c2ccccc2,,1,1,2,kNN,RDKit
73,O1O[C@H](O[C@@H]1c2ccccc2)c3ccccc3,,1,1,2,kNN,RDKit
75,c1ccccc1,,1,1,2,kNN,RDKit
81,Fc1ccc(F)cc1,,1,1,2,kNN,RDKit
82,CN1C[C@@](C)(c2ccccc2)[C@@]3(C)[C@@H]1N(C)c4ccccc34,,1,2,2,kNN,RDKit
83,C[C@@]12OC(=O)C(=C)[C@]1(C)CC(=O)C=C2,,1,1,2,kNN,RDKit
86,CCOC(=O)\C=C\1/C[C@@](N1S(=O)(=O)c2ccc(C)cc2)(C(=O)OCC)c3ccccc3C,,1,0,2,kNN,RDKit
90,C[C@]1(Cl)CC2O[C@@]3(C)C=C[C@@](C)(O)[C@]2(C[C@@H]1Br)C3(C)C,,1,1,2,kNN,RDKit
100,CC1(C)/C=C/C/C(C=O)=C\CC/C(C=O)=C\C1,,1,1,2,kNN,RDKit
110,N#CCC1=CC=CC=C1,,1,1,2,kNN,RDKit
115,[N-]=[N+]=NC1=CC=C(C(F)(F)F)C=C1,,2,1,2,kNN,RDKit
116,C[C@@](O1)(OO2)CC[C@]3([H])[C@]2([C@]1([H])O4)[C@](CC[C@H]3C)([H])[C@@H](C)C4=O,,2,2,2,kNN,RDKit
120,CC1=CC[C@H](C(C)=C)CC1,,1,1,2,kNN,RDKit
123,C[C@H](CC[C@H]1C(C)C)CC1=O,,1,0,2,kNN,RDKit
129,IC1=C(C(OSC(F)(F)F)(C)C)C=CC=C1,,1,1,2,kNN,RDKit
133,OC(C=C1)=CC=C1C2COC3=CC(O)=CC=C3C2=O,,0,2,2,kNN,RDKit
141,CN3[C@H]1CC[C@@H]3C[C@@H](C1)OC(=O)C(CO)c2ccccc2,,2,1,2,kNN,RDKit
146,CCOc2nc1cccc(C(=O)O)c1n2Cc5ccc(c3ccccc3c4nn[nH]n4)cc5,,0,0,2,kNN,RDKit
151,C[C@@H]1CC[C@H]([C@@H](C1)OC(=O)C)C(C)C,,2,1,2,kNN,RDKit
163,O[C@H](C1)CC[C@@]2(C)C1=CC[C@]3([H])[C@]2([H])CC[C@@]4([H])[C@@]3([H])C[C@H](O)[C@]4([H])[C@H](C)[C@@H](O)CCC(C)C,,2,2,2,kNN,RDKit
165,[H][C@@]1(CO2)[C@](CO[C@@H]1C3=CC(OCO4)=C4C=C3)([H])[C@@H]2C5=CC(OCO6)=C6C=C5,,1,1,2,kNN,RDKit
166,COC1=C(OC)C=C(OC)C(/C=C\C)=C1,,1,2,2,kNN,RDKit
173,CC(C(O)=O)C1=CC=C(CC(C)C)C=C1,,2,2,2,kNN,RDKit
174,O[C@@H]1CCCC[C@H]1NC2CC2,,2,2,2,kNN,RDKit
176,CN(C)C1CCCCC1,,2,1,2,kNN,RDKit
179,N=C(NC1=CC=CC=C1)NC2=CC=CC=C2,,2,2,2,kNN,RDKit
195,OC(=O)c1ccc(O)cc1,,2,2,2,kNN,RDKit
196,CC1=C(/C=C/C(C)=C/C=C/C(C)=C/C=C/C=C(C)/C=C/C=C(C)/C=C/C2=C(C)CCCC2(C)C)C(C)(C)CCC1,,0,1,2,kNN,RDKit
209,CC(C)C1CC[C@]2(C)[C@@]1([H])[C@]3([H])[C@@]2([H])CCC3=C,,0,1,2,kNN,RDKit
218,CC1=C(O)C=C(C)C(OCCCC(C)(C)C(O)=O)=C1,,2,2,2,kNN,RDKit
219,CC1=CC=C(C(O)=O)C=C1OCCCC(C)(C)C(O)=O,,0,2,2,kNN,RDKit
227,COC(=O)C1=C(C)[C@]2(C)C[C@H]3[C@@](C)(CC[C@H]4C(C)(C)[C@@H](O)CC[C@]34C)OC2=C(C)C1=O,,2,2,2,kNN,RDKit
231,COCC(=O)N([C@H](C)C(=O)OC)c1c(C)cccc1C,,2,2,2,kNN,RDKit
284,CC(C)NCC(O)COC1=CC=CC2=CC=CC=C12,,2,2,2,kNN,RDKit
288,O=C1C2=CC=CC=C2C(=O)C2=C1C=CC1=C2NC2=C(N1)C1=C(C=C2)C(=O)C2=C(C=CC=C2)C1=O,,0,0,2,kNN,RDKit
309,CC[C@H]1OC(=O)[C@H](C)[C@H](C[C@@H](O[C@@H]2O[C@H](C)C[C@@H]([C@H]2O)N(C)C)[C@](C)(O)C[C@@H](C)C(=O)[C@H](C)[C@@H](C)[C@]1(C)O)O[C@H]1C[C@@](C)(OC)[C@@H](O)[C@H](C)O1,,0,2,2,kNN,RDKit
318,O=C(CC(C(C)1C)CC2)C21CS(=O)(O)=O,,0,0,2,kNN,RDKit
324,C[C@@H]1[C@]2([C@@]3([H])[C@](C)(O)CC2)[C@@]3([H])[C@@H](C(C)C)CC1,,2,1,2,kNN,RDKit
345,COC1=C(C(C(C(O)=C([C@@H](O)C[C@@](C(CO)=O)(O)C2)C2=C3O)C3C4=O)=O)C4=CC=C1,,0,0,2,kNN,RDKit
366,COC1=C(C2=CC=C1)C(C(C3C2=O)C(O)=C4[C@H](C[C@@](O)(CC4=C3O)C(CO)=O)O[C@H]5C[C@H](N)[C@H](O)[C@H](C)O5)=O,,0,0,2,kNN,RDKit
372,NC(N1C2=C(C=CC=C2)C=CC3=C1C=CC=C3)=O,,2,2,2,kNN,RDKit
407,[H][C@@]12[C@](CC[C@@H](C(C)C)C2)(C)CCC[C@]1(O)C,,2,1,2,kNN,RDKit
417,C[C@@]12CC[C@@H](C(C)C)C[C@@]1([H])C(C)=CCC2,,0,0,2,kNN,RDKit
421,CC12C(CC(C(C)=C)CC2)=C(C)C(CC1)=O,,0,1,2,kNN,RDKit
432,C[C@@H]1CCCCCCCCCCCCC(=O)C1,,0,0,2,kNN,RDKit
436,CC(C)C1=CC=C([C@@]2(C)[C@@](CC3=O)([H])C(C)(C)[C@H](O)CC2)C3=C1,,2,1,2,kNN,RDKit
446,CC1=C(C2=C(CC[C@@](O2)(C)CCC[C@H](C)CCC[C@H](C)CCCC(C)C)C(=C1O)C)C,,0,1,2,kNN,RDKit
7,C=C1CC/C=C(C)/CC[C@@H]2[C@@H]1CC2(C)C,,1,0,3,kNN,RDKit
9,Br[C@@H](CO)[C@](CC[C@H](Br)C(Br)(C)C)(Br)C,,1,1,3,kNN,RDKit
17,CN1[C@H]2CC[C@@H]1C[C@H](OC(C(CO)C3=CC=CC=C3)=O)C2,,2,1,3,kNN,RDKit
39,ClC1=C(N)C=C(OC)C(C(NCCN(CC)CC)=O)=C1,,2,1,3,kNN,RDKit
45,OCC(C(OC1CC(N2C)CCC2C1)=O)C3=CC=CC=C3,,2,2,3,kNN,RDKit
50,O=C1[C@@H](C)[C@]([C@]2([H])O1)([H])CC[C@@](C2=C3C)(C)C=CC3=O,,1,1,3,kNN,RDKit
56,O=C/C=C/C1=CC=CC=C1,,1,1,3,kNN,RDKit
57,O=C([C@@]1(C2C34)[C@@H]3[C@H]5C4(C(OC)=O)C2[C@H]51)OC,,1,2,3,kNN,RDKit
68,O=C1CC[C@@]2(C)C(CCC([C@@](CC[C@@H]3O)([H])[C@]3(C)C4)[C@]2([H])C4=O)=C1,,1,2,3,kNN,RDKit
72,O1O[C@@H](O[C@@H]1c2ccccc2)c3ccccc3,,1,1,3,kNN,RDKit
76,Fc1ccc(C=O)cc1,,1,1,3,kNN,RDKit
79,O=CC1=CC=CC=C1,,1,1,3,kNN,RDKit
80,Fc1ccccc1,,1,1,3,kNN,RDKit
85,Cn1c2c(CC[C@@]2(C)C=C)c3ccccc13,,1,1,3,kNN,RDKit
92,CC1(Cl)CC[C@@]2(CC1Br)C(C)(C)C(=C[C@H]3O[C@@]23C)Br,,1,1,3,kNN,RDKit
101,CC[C@@H](O1)[C@@H](Br)C[C@]1([H])[C@@]2([H])O[C@@H](C/C=C\C#C)[C@H](Br)C2,,1,1,3,kNN,RDKit
107,C[C@@H](CC1)[C@@]2([H])[C@]1([H])[C@@]3(C)[C@]2([H])[C@@H](C(C)=C)CC3,,1,0,3,kNN,RDKit
108,O=C(C)C1=CC=CC=C1,,1,1,3,kNN,RDKit
112,C12=CC=CC=C1C=C3C(C=CC=C3)=C2,,1,1,3,kNN,RDKit
121,CC1=CC[C@@H]2C(C)(C)[C@H]1C2,,1,0,3,kNN,RDKit
127,C[C@H]1CC2=C(C(C)=CO2)CC1,,1,1,3,kNN,RDKit
131,BrC1=CC=CC2=C1C(N=CC=C3)=C3C4=C2C=CC=C4,,1,1,3,kNN,RDKit
132,COC(C=C1)=CC=C1C2COC3=CC(OC)=CC=C3C2=O,,2,0,3,kNN,RDKit
136,NC1=C(S(=O)(CC)=O)C=C(C(NCC2N(CC)CCC2)=O)C(OC)=C1,,2,2,3,kNN,RDKit
139,CN(C)CCCN1C2=C(C=CC=C2)CCC3=C1C=CC=C3,,2,2,3,kNN,RDKit
147,C[C@H]1[C@H]([C@H](C[C@@H](O1)O[C@H]2C[C@@](Cc3c2c(c4c(c3O)C(=O)c5cccc(c5C4=O)OC)O)(C(=O)CO)O)N)O,,0,0,3,kNN,RDKit
148,COc1ccccc1OCCNCC(O)COc3cccc4[nH]c2ccccc2c34,,0,2,3,kNN,RDKit
155,COc1ccc(C=O)cc1,,2,1,3,kNN,RDKit
156,C1=CC=CC2=C1C3C(CC2)[C@@H](C(O3)=O)C,,1,1,3,kNN,RDKit
177,NCCC1=CC=CC=C1,,2,1,3,kNN,RDKit
183,O[C@H]1CCCC[C@@H]1NCC2=CC=CC=C2,,2,2,3,kNN,RDKit
186,O[C@@H]1CCCCC[C@H]1NCC2=CC=CC=C2,,2,2,3,kNN,RDKit
189,CC1(C)C(C(CCC)=O)=C(C)CCC1,,0,1,3,kNN,RDKit
190,O=C(OC)C1=C(C)C(C)=C2O[C@]3(C)CC[C@@]4([H])C(C)(C)[C@@H](O)CC[C@]4(C)[C@@]3([H])C[C@]2(C)C1=O,,2,2,3,kNN,RDKit
192,CC1=C(C)C(C(OC)=O)=C2O[C@]3(C)CC[C@@]4([H])C(C)(C)[C@@H](O)CC[C@]4(C)[C@@]3([H])C[C@]2(C)C1=O,,2,2,3,kNN,RDKit
216,CC1=CC=C(C)C(OCCCC(C)(C)C(O)=O)=C1,,2,2,3,kNN,RDKit
222,O[C@@H](CCCl)C1=CC=CC=C1,,1,1,3,kNN,RDKit
234,CCC1=CC=CC(=C1N(C(C)COC)C(=O)CCl)C,,2,2,3,kNN,RDKit
239,[H][C@]12CN(CC(=O)N1C[C@@H](O)C1=CC=CC=C21)C(=O)C1CCCCC1,,1,1,3,kNN,RDKit
244,C/C(C(O)=O)=C(OC(C)=O)\C=C,,0,2,3,kNN,RDKit
260,C[C@H](CCCC(C)C)[C@@]1([H])CC[C@@]2([H])[C@]3([H])CC=C4C[C@@H](C)CC[C@]4(C)[C@@]3([H])CC[C@@]21C,,2,2,3,kNN,RDKit
277,O=C(C1=C2C=C(C)C=C1O)C3=C(C=CC=C3O)C2=O,,2,0,3,kNN,RDKit
282,CCOC(=O)[C@H](CC1=CNC2=CC=CC=C12)NC(C)=O,,2,2,3,kNN,RDKit
303,[H][C@@]12CCCC[C@]1([H])CN(C[C@@H](O)[C@H](CSC1=CC=CC=C1)NC(=O)C1=CC=CC(O)=C1C)[C@@H](C2)C(=O)NC(C)(C)C,,0,1,3,kNN,RDKit
305,COC1=CC(=CC=C1CC1=CN(C)C2=CC=C(NC(=O)OC3CCCC3)C=C12)C(=O)NS(=O)(=O)C1=CC=CC=C1C,,0,0,3,kNN,RDKit
307,CC(C)[C@H](NC(=O)N(C)CC1=CSC(=N1)C(C)C)C(=O)N[C@H](C[C@H](O)[C@H](CC1=CC=CC=C1)NC(=O)OCC1=CN=CS1)CC1=CC=CC=C1,,0,0,3,kNN,RDKit
308,OCCN(CCO)C1=NC2=C(N=C(N=C2N2CCCCC2)N(CCO)CCO)C(=N1)N1CCCCC1,,0,0,3,kNN,RDKit
325,C/C1=C\CC[C@@](C)(O)/C=C/[C@@H](C(C)C)CC1,,1,2,3,kNN,RDKit
327,CC1=C[C@@]([C@@H](C(C)C)CC[C@]2(O)C)([H])[C@]2([H])CC1,,1,2,3,kNN,RDKit
349,[H]N(C(C1=CC=C(O)C=C1)=O)/N=C/C2=CC=C([N+]([O-])=O)O2,,2,0,3,kNN,RDKit
369,O=C(NN)C1=CC=NC=C1,,0,1,3,kNN,RDKit
378,CC1=CCCC(C)(C)[C@@]12O[C@@H](C)CC2,,1,2,3,kNN,RDKit
380,O=C([C@@H]1CC[C@@H](C)C[C@H]1O)C,,0,1,3,kNN,RDKit
381,CC([C@@H]1CC[C@@H](C)C[C@H]1OC(C[C@@H](O)C)=O)C,,0,2,3,kNN,RDKit
382,CC([C@@H]1CC[C@@H](C)C[C@H]1OCCO)C,,0,1,3,kNN,RDKit
385,CC1(C)C[C@@H](C(O)=O)[C@H](C(C)C)CC1,,2,2,3,kNN,RDKit
390,[NH3+] [C@@H](CC([O-])=O)C(N[C@@H](CC1=CC=CC=C1)C(OC)=O)=O,,0,1,3,kNN,RDKit
425,O=C(SC(C)CC)CC(C)C,,0,1,3,kNN,RDKit
435,CC(C)C1=CC=C([C@]23[C@@](CC4=O)([H])C(C)(C)[C@@H](CC3)OC2=O)C4=C1,,2,2,3,kNN,RDKit
437,CC(C)C1=CC=C([C@@]2(C)[C@@](CC3=O)([H])C(C)(C)C(CC2)=O)C3=C1,,2,0,3,kNN,RDKit
5,CC1(C)CCC[C@@]2(C)[C@H]1CC[C@]3(C)[C@@H]2CCO3,,1,2,4,kNN,RDKit
8,CC1=CC(C(C)(C)[C@H](C)CC2(C)C)=C2C=C1C(C)=O,,1,0,4,kNN,RDKit
11,CCC[C@H](SC(C1=CC(Br)=CC=C1)=O)CCOC(C2=CC(Br)=CC=C2)=O,,1,2,4,kNN,RDKit
21,O[C@H](/C=C/C#CC#CC1=CN(CC2=CC=CC=C2)N=N1)[C@H](O3)[C@@H]3[C@H](O)[C@H]4OC(CC4)=O,,2,2,4,kNN,RDKit
22,IC1=C(C(C)(C)OSC(F)(F)F)C=CC=C1,,1,1,4,kNN,RDKit
24,C[C@H]1C[C@@H](OC(C)=O)[C@H](C(C)C)CC1,,2,0,4,kNN,RDKit
26,CC1=C(C)[C@@]([C@@]2=C(O)C=CC(C)=C2C)=C(O)C=C1,,1,0,4,kNN,RDKit
32,NC1=C2C(C=CC=N2)=CC=C1,,1,0,4,kNN,RDKit
41,O=C1C(C2CCC(NC2=O)=O)C(C3=CC=CC=C31)=O,,2,2,4,kNN,RDKit
42,CC1=C(C(OC)=O)C(C(C(OC)=O)=C(C)N1)C2=C([N+]([O-])=O)C=CC=C2,,2,2,4,kNN,RDKit
46,CN(C)CCCN1C(C=CC=C2)=C2CCC3=C1C=CC=C3,,2,2,4,kNN,RDKit
55,O=CC1=CC=C([N+]([O-])=O)C=C1,,1,1,4,kNN,RDKit
63,CC(C(C)(C)O1)(C)OB1[C@@H](CCCCC)[C@H](B2OC(C)(C)C(C)(C)O2)C,,1,0,4,kNN,RDKit
64,CC(C(C)(C)O1)(C)OB1[C@@H](CCCCC)[C@@H](B2OC(C)(C)C(C)(C)O2)C,,1,0,4,kNN,RDKit
67,O[C@H]1CCC2=C(OC)C=CC=C2[C@H]1C(OC)=O,,1,1,4,kNN,RDKit
91,CC1=C[C@H](O)C(Br)C(C)(C)[C@]12CCC(C)(Cl)C(Br)C2,,1,1,4,kNN,RDKit
102,CC[C@@H](O1)[C@@H](Br)C[C@]1([H])[C@@]2([H])O[C@@H](C/C=C\C3=CN(CC(NC4=CC=CC=C4)=O)N=N3)[C@H](Br)C2,,1,1,4,kNN,RDKit
104,BrC1=C[C@@]([H])(OC)[C@](O2)(C)[C@]3(C[C@]2([H])[C@](Cl)(C)CC3)C1(C)C,,1,1,4,kNN,RDKit
109,[H]C(/C=C/C1=CC=CC=C1)=O,,1,1,4,kNN,RDKit
111,C12=CC=CC=C1C=CC=C2,,1,1,4,kNN,RDKit
114,OC1=C(OC)C=C(C=O)C=C1,,2,1,4,kNN,RDKit
118,CN1C=NC(C(F)(F)F)=C1C(OC)=O,,1,1,4,kNN,RDKit
119,CN1C(C(F)(F)F)=C([N+]([O-])=O)C=C1C(OC)=O,,1,1,4,kNN,RDKit
122,C[C@H]1C[C@@H](O)[C@H](C(C)C)CC1,,1,0,4,kNN,RDKit
124,C[C@H]1C[C@H](O)[C@H](C(C)C)CC1,,1,0,4,kNN,RDKit
128,C[C@@]12CC[C@H](C(C)(C)O2)CC1,,1,1,4,kNN,RDKit
142,CCN(CC)CC(=O)NC1=C(C)C=CC=C1C,,2,1,4,kNN,RDKit
145,O=C7OCC=6C(=O)N2C(\c1nc5c(c(c1C2)CC)cc(OC(=O)N4CCC(N3CCCCC3)CC4)cc5)=C/C=6[C@@]7(O)CC,,0,0,4,kNN,RDKit
149,O2C1(CCC(CC1)C2(C)C)C,,2,1,4,kNN,RDKit
150,O[C@H]1[C@H](C(C)C)CC[C@@H](C)C1,,2,0,4,kNN,RDKit
152,O(c1ccc(\C=C\C)cc1)C,,2,1,4,kNN,RDKit
161,O=C1C(C)=C2O[C@]3(C)CCC4C(C)(C)[C@@H](O)CC[C@]4(C)[C@@]3([H])C[C@@]2(C)C(C)=C1C(OC)=O,,2,2,4,kNN,RDKit
164,CC1(C)CC[C@]2(C)C[C@@]34[C@@H](C)CC[C@@H](O)[C@]3(C)CC[C@H]4[C@@]21[H],,2,2,4,kNN,RDKit
181,O[C@@H]1[C@@H](NCC2=CC=CC=C2)CCC1,,2,2,4,kNN,RDKit
184,O[C@@H]1CCCC[C@H]1NCC2=CC=CC=C2,,2,2,4,kNN,RDKit
187,C/C(C)=C/CC/C(C)=C/CO,,0,1,4,kNN,RDKit
188,C/C(C)=C/CC/C(C)=C/CC/C(C)=C/CO,,0,1,4,kNN,RDKit
193,O=C1C(C(OC)=O)=C(C)C(C)=C2O[C@@]3(C)CC[C@@]4([H])C(C)(C)[C@@H](O)CC[C@]4(C)[C@]3([H])C[C@@]21C,,2,2,4,kNN,RDKit
194,O=C1C(C(OC)=O)=C(C)[C@]2(C)C(O[C@]([C@]3(C)[C@](CC[C@H](O)C4)(C)[C@@]4([H])CC3)([H])C2)=C1C,,2,2,4,kNN,RDKit
198,O=C1CCCCC/C=C/CCCCCCCCO1,,0,0,4,kNN,RDKit
199,O=C1CCCCC/C=C\CCCCCCCCO1,,0,0,4,kNN,RDKit
211,CC([C@H]12)=CC[C@]32[C@]1([H])[C@H](C(C)C)CC[C@H]3C,,0,0,4,kNN,RDKit
213,CC(C12)=CC[C@@]3([H])C1[C@H](C(C)C)CC[C@@]32C,,0,0,4,kNN,RDKit
217,CC1=CC=C(CO)C=C1OCCCC(C)(C)C(O)=O,,2,2,4,kNN,RDKit
236,[H][C@]12CN(CC(=O)N1CCC1=CC=CC=C21)C(=O)[C@H]1CC[C@H](O)CC1,,1,1,4,kNN,RDKit
237,[H][C@]12CN(CC(=O)N1CCC1=CC=CC=C21)C(=O)[C@@H]1CC[C@H](O)CC1,,1,1,4,kNN,RDKit
240,OC12CN(CC(=O)N1CCC1=CC=CC=C21)C(=O)C1CCCCC1,,1,1,4,kNN,RDKit
241,O[C@]12CN(CC(=O)N1CCC1=CC=CC=C21)C(=O)C1CCCCC1,,1,1,4,kNN,RDKit
242,OC1=CC=C(NC(C)=O)C=C1,,0,1,4,kNN,RDKit
251,O[C@@H]1[C@@H](O)[C@H](O)[C@@H](CO)O[C@H]1OC2=CC=CC=C2CO,,0,2,4,kNN,RDKit
275,O=C(C1=C2C=C(C)C=C1O)C3=C(C=C(O)C=C3O)C2=O,,0,0,4,kNN,RDKit
281,C[C@@H](C1=C2C[C@H](O)[C@H]3[C@@]4(C)CCC(C(C)(C)[C@@H]4CC[C@]3(C)[C@@]2(C)CC1)=O)C[C@H](O)[C@@H](O)C(C)(O)C,,0,2,4,kNN,RDKit
283,COC(=O)[C@@H](N)CC1=CNC2=CC=CC=C12,,2,2,4,kNN,RDKit
293,CN1C(C(=O)NC2=NC=C(C)S2)=C(O)C2=C(C=CC=C2)S1(=O)=O,,0,2,4,kNN,RDKit
312,BrC1(CC2(Br)C3)CC(C2)(Br)CC3(Br)C1,,2,1,4,kNN,RDKit
344,O=C1[C@@H](CCCCCC)[C@H](C[C@H](CCCCCCCCCCC)OC([C@H](CC(C)C)NC=O)=O)O1,,2,0,4,kNN,RDKit
356,FC1=CC2=C(C=C1)C(C3CCN(CCC4=C(C)N=C5N(CCCC5)C4=O)CC3)=NO2,,2,2,4,kNN,RDKit
357,CN1CCN(CC1)S(=O)(C2=CC(C3=NC4=C(C(N3)=O)N(N=C4CCC)C)=C(OCC)C=C2)=O,,1,0,4,kNN,RDKit
363,ClC1=C(NC2=CC=CC=C2CC(O)=O)C(Cl)=CC=C1,,0,2,4,kNN,RDKit
384,CC1(C)C[C@@H](C(NC2=CC=C(CC#N)C=C2)=O)[C@H](C(C)C)CC1,,0,0,4,kNN,RDKit
3,C[C@@H]1CCC=C(CC/2)[C@@]1(C)CC2=C(C)\CO,,2,2,5,kNN,RDKit
6,C[C@@]1(CC2)[C@]3(O)C(C)(C)[C@H]2C[C@H]1[C@@H](C)CC3,,2,0,5,kNN,RDKit
10,C[C@@](CC[C@H](Br)C(Br)(C)C)(Br)[C@H](Br)CO,,1,1,5,kNN,RDKit
14,CCCCNc1ccc(cc1)C(=O)OCCN(C)C,,1,2,5,kNN,RDKit
15,CCCCCC=CCC=CCC=CCC=CCCCC(=O)OCC,,2,0,5,kNN,RDKit
19,CC1=C(NC(CN(CC)CC)=O)C(C)=CC=C1,,2,2,5,kNN,RDKit
28,CC(C)C1=CC=C2C(C=CC=C2)=[C@]1[C@]3=CSC(C)=C3C,,1,1,5,kNN,RDKit
30,C12=CC=CC=C1N=C3N2CC/C=C/CCN4C5=C(C=CC=C5)N=C34,,1,2,5,kNN,RDKit
37,NC1=CC=C(S(C2=CC=C(N)C=C2)(=O)=O)C=C1,,2,2,5,kNN,RDKit
54,NC1=C(C(C)C)C=CC=C1C(C)C,,1,0,5,kNN,RDKit
60,COC1=CC=C(/C=C/C)C=C1,,1,0,5,kNN,RDKit
74,C1C[C@H]2OOC(C1)O2,,1,1,5,kNN,RDKit
77,Clc1cccc(Cl)c1,,1,1,5,kNN,RDKit
87,CC1(C)C(Br)C[C@H]2O[C@@]2(C)[C@]13CC(Br)C(C)(Cl)CC3O,,1,1,5,kNN,RDKit
89,C[C@]1(Cl)CC2O[C@@]3(Br)[C@H](O)[C@H]4O[C@@]4(C)[C@]2(C[C@@H]1Br)C3(C)C,,1,1,5,kNN,RDKit
93,C/C1=C\CC(C)(C)/C=C/C/C(C)=C/CC1,,1,1,5,kNN,RDKit
94,C/C1=C\CC(C)(C)/C=C/CC2(C)C(O2)CC1,,1,1,5,kNN,RDKit
97,CC12C(O2)CC(C)(C)/C=C/CC(C)(O3)C3CC1,,1,1,5,kNN,RDKit
105,O=C(C(O)=C1)C2=CC=CC3=CC=CC1=C32,,1,0,5,kNN,RDKit
106,O=C(C(C1=CC=CC=C1)=C2)C3=CC=CC4=CC=CC2=C43,,1,1,5,kNN,RDKit
113,C1(/C=C/C2=CC=CC=C2)=CC=CC=C1,,2,1,5,kNN,RDKit
117,CN1C=NC([N+]([O-])=O)=C1C(F)(F)F,,1,1,5,kNN,RDKit
125,C[C@H](CC[C@@H]1C(C)C)CC1=O,,1,0,5,kNN,RDKit
130,CC#[N][Pd]1(Br)C2=CC=CC3=C2C([N]1=CC=C4)=C4C5=CC=CC=C53,,1,1,5,kNN,RDKit
134,O=C1C=CC2(C)C(C(OC(C3C)=O)C3CC2)=C1C,,2,1,5,kNN,RDKit
153,C[C@@]12C(C)(C)[C@@H](CC1=O)CC2,,2,0,5,kNN,RDKit
154,CC1(C)[C@H]2C[C@@H]1CC=C2C,,2,1,5,kNN,RDKit
158,C1=CC=CC2=C1C3C(CC2)C(C(O3)=O)=C,,1,1,5,kNN,RDKit
160,O=C(N[C@H](CO)C1)[C@H](C(C)C)SC2=C1C3=CC=CC=C3N2,,2,2,5,kNN,RDKit
162,C/C([C@@H]1[C@@](CCCC2=C(C)OC(OC)=CC2=O)(O1)C)=C\C3=CC=C([N+]([O-])=O)C=C3,,2,2,5,kNN,RDKit
168,COC1=C(OC)C=C(OC)C(/C=C/C)=C1,,1,2,5,kNN,RDKit
171,COC1=CC=C2C(C(CC(O)=O)C(C)N2C(C3=CC=C(Cl)C=C3)=O)=C1,,2,2,5,kNN,RDKit
172,CC(OC1=CC=CC=C1C(NC2=NC=C([N+]([O-])=O)S2)=O)=O,,2,2,5,kNN,RDKit
182,O[C@H]1[C@H](NCC2=CC=CC=C2)CCC1,,2,2,5,kNN,RDKit
191,O=C(OC)C1=C(C)C(C)=C2O[C@]3(C)CC[C@@]4([H])C(C)(C)[C@@H](O)CC[C@]4(C)[C@@]3([H])C[C@@]2(C)C1=O,,2,2,5,kNN,RDKit
215,CCCC(S)CCO,,0,0,5,kNN,RDKit
220,CC1=CC=C(C)C(OCCCC(C)(C)C(OC2OC(C(O)=O)C(O)C(O)C2O)=O)=C1,,0,2,5,kNN,RDKit
235,[H][C@]12CN(CC(=O)N1CCC1=CC=CC=C21)C(=O)C1CCCCC1,,1,1,5,kNN,RDKit
238,[H][C@]12CN(CC(=O)N1CCC1=CC(O)=CC=C21)C(=O)C1CCCCC1,,1,1,5,kNN,RDKit
246,NC(C1=CC=CC=C1OCC)=O,,2,2,5,kNN,RDKit
248,CN1C(C)C(C(C)C)C(N1C2=CC=CC=C2)=O,,2,0,5,kNN,RDKit
256,O[C@@H]1[C@@H](O)[C@H](O)[C@@H](CO)O[C@H]1C2=C(OC=C(C3=CC=C(O)C=C3)C4=O)C4=CC=C2O,,0,0,5,kNN,RDKit
267,O=C1OC2=CC3=C(C=CO3)C(O/C=C/C(C)C)=C2C=C1,,0,2,5,kNN,RDKit
286,COC1=CC2=C(C=C1OC)C(=O)C(CC1CCN(CC3=CC=CC=C3)CC1)C2,,1,2,5,kNN,RDKit
289,COC1=CC=C2C=C3C4=C(CC[N+]3=CC2=C1OC)C=C1OCOC1=C4,,0,1,5,kNN,RDKit
297,CC(C)CN1C=NC2=C(N)N=C3C=CC=CC3=C12,,0,2,5,kNN,RDKit
298,CC1=CN=C(C=N1)C(=O)NCCC1=CC=C(C=C1)S(=O)(=O)NC(=O)NC1CCCCC1,,0,0,5,kNN,RDKit
299,CC(=O)N1CCN(CC1)C1=CC=C(OC[C@H]2CO[C@@](CN3C=CN=C3)(O2)C2=C(Cl)C=C(Cl)C=C2)C=C1,,0,1,5,kNN,RDKit
333,CC1=C(C(OC)=O)C(C2=C([N+]([O-])=O)C=CC=C2)=C(C(OC)=O)C(C)=N1,,1,1,5,kNN,RDKit
351,CN(C)CCCN(C(C=CC=C1)=C1CC2)C3=C2C=CC=C3,,0,2,5,kNN,RDKit
373,COC1=CC=C(C=C1)C2=COC3=C(C2=O)C=CC(=C3)OC,,2,0,5,kNN,RDKit
374,CC1OC2(C(C)=CCCC2(C)C)CC1,,2,1,5,kNN,RDKit
398,O=C1CCC(C1C/C=C\CC)CC(OC)=O,,2,2,5,kNN,RDKit
400,CC(C1CCC(C=O)=CC1)=C,,1,1,5,kNN,RDKit
403,CC(C)[C@@H]1CC[C@@]([C@@H](C1)C(=C)C)(C)C=C,,0,0,5,kNN,RDKit
409,CC1(C=C)C(C(C)C)CC(C(C)C)CC1,,0,1,5,kNN,RDKit
413,C[C@@]1(CCC2)CC[C@@H](C(C)C)C[C@@]1([H])C2=C,,0,0,5,kNN,RDKit
428,CC(S)CC(OCC)=O,,0,2,5,kNN,RDKit
434,CC(C)C1=CC=C([C@]23[C@@](C[C@@H]4O)([H])C(C)(C)[C@@](O)(CC3)OC2)C4=C1,,2,2,5,kNN,RDKit
440,CC1=C2C(C(OC2)=O)=C(C(C/C=C(C)/CCC(OCCN3CCOCC3)=O)=C1OC)O,,0,2,5,kNN,RDKit
1,O=C1C[C@@H](C)[C@]2(C)CC(CCC2=C1)=C(C)C,,1,1,1,MLP,RDKit
12,CC(C)[C@H]1[C@H]2[C@](CC1)(C)[C@H]3[C@@H]2C(CBr)=CC3,,1,1,1,MLP,RDKit
18,O=C(N[C@H](C(N[C@@H](C1=CC=CC=C1)C(OC(C)(C)C)=O)=O)C)CC2=CC(F)=CC(F)=C2,,2,0,1,MLP,RDKit
20,O[C@H](/C=C\C#CC#CC1=CN(CC2=CC=CC=C2)N=N1)[C@H](O3)[C@@H]3[C@H](O)[C@H]4OC(CC4)=O,,2,2,1,MLP,RDKit
25,CC1=C(C)[C@]([C@]2=C(O)C=CC(C)=C2C)=C(O)C=C1,,1,1,1,MLP,RDKit
27,CC(C)C1=CC=C2C(C=CC=C2)=[C@@]1[C@@]3=CSC(C)=C3C,,1,1,1,MLP,RDKit
29,C12=CC=CC=C1N3C(C4=NC5=C(C=CC=C5)N4CC/C=C/CC3)=N2,,1,1,1,MLP,RDKit
34,CC1=CC=CC(C)=C1NC(CN(CC)CC)=O,,1,2,1,MLP,RDKit
40,ClC1=CC=C2C(N(CCCN(C)C)C(C=CC=C3)=C3S2)=C1,,2,0,1,MLP,RDKit
43,ClC1=C([C@@H](C(OC)=O)N2CCC(SC=C3)=C3C2)C=CC=C1,,2,1,1,MLP,RDKit
44,O=C(C(C)=C1)NC(N1[C@@H]2O[C@H](CO)[C@@H](N=[N+]=[N-])C2)=O,,2,2,1,MLP,RDKit
48,CN(CCC1)[C@@H]1C2=CC=CN=C2,,0,1,1,MLP,RDKit
51,O=C(C=C(C1=CC(OC)=C(OC)C=C1)O2)C3=C2C(OC)=C(OC)C(OC)=C3OC,,1,1,1,MLP,RDKit
52,O=C(C=C(C1=CC=C(OC)C=C1)O2)C3=C2C(OC)=C(OC)C(OC)=C3OC,,1,1,1,MLP,RDKit
58,BrC1=CC2=CC=CC=C2C3=C1C=CC=C3,,1,1,1,MLP,RDKit
61,CC(O[C@H]1[C@H](C(C)C)CC[C@@H](C)C1)=O,,1,2,1,MLP,RDKit
69,CC1CCCC2(C1CC(CC2)C(C)C)C,,1,0,1,MLP,RDKit
78,N#Cc1ccccc1,,1,1,1,MLP,RDKit
84,C[C@]12OC(=O)C(=C)[C@H]1CC(=O)C=C2,,1,1,1,MLP,RDKit
88,Cc1cc(O)c(cc1Br)[C@]2(C)CC[C@@H]3C[C@]23C,,1,1,1,MLP,RDKit
95,CC12C(O2)CC(C)(C)/C=C/C/C(C)=C/CC1,,1,1,1,MLP,RDKit
96,C/C1=C\CC(C)(C)C(O2)C2C/C(C)=C/CC1,,1,1,1,MLP,RDKit
98,CC12C(O2)CC(C)(C)C(O3)C3CC(C)(O4)C4CC1,,1,1,1,MLP,RDKit
99,CC1(C)C/C=C(C)/CC/C=C(C=O)/C/C=C/1,,1,1,1,MLP,RDKit
103,BrC1=C[C@]([H])(OC)[C@](O2)(C)[C@]3(C[C@]2([H])[C@](Cl)(C)CC3)C1(C)C,,1,1,1,MLP,RDKit
135,O=C1C(N(C)C)=C(C)N(C)N1C2=CC=CC=C2,,2,2,1,MLP,RDKit
137,FC(F)(F)C1=CC=C(OC(C2=CC=CC=C2)CCNC)C=C1,,2,1,1,MLP,RDKit
138,O=C(OC)[C@@H](N1CCC(SC=C2)=C2C1)C3=C(Cl)C=CC=C3,,2,1,1,MLP,RDKit
140,O=C1C2=C(N=CC=C2)N(C3CC3)C4=C(C(C)=CC=N4)N1,,2,0,1,MLP,RDKit
143,Cc1ccc(cc1Nc2nccc(n2)c3cccnc3)NC(=O)c4ccc(cc4)CN5CCN(CC5)C,,0,0,1,MLP,RDKit
144,O=C1N(/N=C\N1c2ccc(cc2)N7CCN(c6ccc(OCC3C[C@@](OC3)(c4ccc(F)cc4F)Cn5ncnc5)cc6)CC7)[C@@H](CC)[C@@H](O)C,,0,0,1,MLP,RDKit
159,O=C(O)C1=C(OC(C)=O)C=CC=C1,,2,2,1,MLP,RDKit
178,N=C(N(C)C)N(C)C,,2,2,1,MLP,RDKit
180,C12=NCCCN1CCCCC2,,2,2,1,MLP,RDKit
185,O[C@H]1CCCCC[C@@H]1NCC2=CC=CC=C2,,2,2,1,MLP,RDKit
203,OC(=O)c1ccccc1Nc2cccc(c2)C(F)(F)F,,0,0,1,MLP,RDKit
204,C[C@@]1(C2(C)C)CC[C@H]2C[C@H]1O,,0,2,1,MLP,RDKit
206,O=C1O[C@H](CCCCC)CCC1,,0,2,1,MLP,RDKit
221,CCCC[C@@H](Br)[C@]1(C)CCCC=C1,,1,1,1,MLP,RDKit
223,COC([C@H](O)[C@@H](O)C(OC)=O)=O,,1,1,1,MLP,RDKit
224,CC1=CC=C(S(N)=O)C=C1,,1,1,1,MLP,RDKit
225,OC(C)C1=CC=C(Br)C=C1,,1,1,1,MLP,RDKit
226,CC(C)[C@@H]1Sc2[nH]c3ccccc3c2C[C@@H](CO)NC1=O,,2,2,1,MLP,RDKit
249,CCN(CC)C1=CC=C2C(OC(C(C3=NC4=C(C=CC=C4)S3)=C2)=O)=C1,,2,2,1,MLP,RDKit
278,O=C1C[C@@H](C2=CC=CC=C2)OC3=CC=CC=C31,,0,1,1,MLP,RDKit
285,C\C(\C=C1/SC(=S)N(CC(O)=O)C1=O)=C/C1=CC=CC=C1,,2,2,1,MLP,RDKit
287,ClC1=C(Cl)C(=CC=C1)N1CCN(CCCCOC2=CC3=C(CCC(=O)N3)C=C2)CC1,,1,0,1,MLP,RDKit
290,C\N=C(\NCCSCC1=C(C)NC=N1)NC#N,,0,0,1,MLP,RDKit
291,ClC1=C(NC2=NCCN2)C2=NSN=C2C=C1,,0,0,1,MLP,RDKit
296,CC1(C)SC2[C@H](NC(=O)CC3=CC=CC=C3)C(=O)N2[C@H]1C(O)=O,,0,2,1,MLP,RDKit
322,O=C(C1=C(S(=O)(NC(NC2=NC(OC)=CC(OC)=N2)=O)=O)N(C)N=C1Cl)OC,,2,0,1,MLP,RDKit
326,CC(CC1)=C[C@@]2([H])C1=C(C)CC[C@@H]2C(C)C,,2,0,1,MLP,RDKit
328,CC1=C[C@@]([C@@H](C(C)C)CC[C@]2(O)C)([H])[C@@]2([H])CC1,,2,1,1,MLP,RDKit
329,CC1=C[C@@]([C@@H](C(C)C)CC[C@@]2(O)C)([H])[C@]2([H])CC1,,2,1,1,MLP,RDKit
332,ClC1=CC(N2CCCN(C)C)=C(C=C1)SC3=C2C=CC=C3,,2,0,1,MLP,RDKit
339,COC1=C2O[C@@H]3[C@]45C2=C(C=C1)C[C@@H](N(CC5)C)[C@]4([H])C=C[C@@H]3O,,1,2,1,MLP,RDKit
360,O=S(CC1=NC=C(C(OC)=C1C)CO)C2=NC3=C(N2)C=CC(OC)=C3,,0,0,1,MLP,RDKit
386,O[C@@H]1C[C@H](C)CC[C@H]1C(C)=O,,0,0,1,MLP,RDKit
439,O=C1NC2=C(N1CCCN3CCC(CC3)N4C(NC5=CC(Cl)=CC=C54)=O)C=CC=C2,,0,2,1,MLP,RDKit
448,CO[C@H]1[C@@H](C[C@@H]2CN3CCC4=C([C@H]3C[C@@H]2[C@@H]1C(=O)OC)NC5=C4C=CC(=C5)OC)OC(=O)C6=CC(=C(C(=C6)OC)OC)OC,,0,2,1,MLP,RDKit
2,CC1=CC(C[C@@H](C)[C@]1(C2)CCC2=C(C)C)=O,,1,2,2,MLP,RDKit
4,O=C(CCCCCCCCCCC1)OCCOC1=O,,1,0,2,MLP,RDKit
13,C[C@@]1(O)[C@@H](Br)C[C@H](C(C)=C)CC1,,1,1,2,MLP,RDKit
16,CC1(C)[C@@H]2[C@H]1CC=C(C)C2,,1,1,2,MLP,RDKit
31,O=C1N(C)C(C(N(C)C=N2)=C2N1C)=O,,1,1,2,MLP,RDKit
35,CNCCC(OC1=CC=C(C(F)(F)F)C=C1)C2=CC=CC=C2,,1,2,2,MLP,RDKit
36,COC1=CC=C2C(NC(S(CC3=C(C)C(OC)=C(C)C=N3)=O)=N2)=C1,,2,0,2,MLP,RDKit
38,O=C(OCCN(C)C)C1=CC=C(NCCCC)C=C1,,2,1,2,MLP,RDKit
47,ClC1=CC=C(NC(O[C@]2(C#CC3CC3)C(F)(F)F)=O)C2=C1,,2,0,2,MLP,RDKit
49,CC1=C2C(C=C1)=C(C)C=CC(C(C)C)=C2,,1,1,2,MLP,RDKit
53,O=C(C(OC)=C(C1=CC(OC)=C(OC)C=C1)O2)C3=C2C(OC)=C(OC)C(OC)=C3OC,,1,1,2,MLP,RDKit
62,CC(C(C)(C)O1)(C)OB1C(B2OC(C)(C)C(C)(C)O2)CCC3=CC=CC=C3,,1,1,2,MLP,RDKit
65,O=C(C(C#N)=C1)C=C(C1(C#C)C2)C3=C2C=CC=C3,,1,1,2,MLP,RDKit
71,C1OOC(O1)c2ccccc2,,1,1,2,MLP,RDKit
73,O1O[C@H](O[C@@H]1c2ccccc2)c3ccccc3,,1,1,2,MLP,RDKit
75,c1ccccc1,,1,1,2,MLP,RDKit
81,Fc1ccc(F)cc1,,1,1,2,MLP,RDKit
82,CN1C[C@@](C)(c2ccccc2)[C@@]3(C)[C@@H]1N(C)c4ccccc34,,1,1,2,MLP,RDKit
83,C[C@@]12OC(=O)C(=C)[C@]1(C)CC(=O)C=C2,,1,1,2,MLP,RDKit
86,CCOC(=O)\C=C\1/C[C@@](N1S(=O)(=O)c2ccc(C)cc2)(C(=O)OCC)c3ccccc3C,,1,0,2,MLP,RDKit
90,C[C@]1(Cl)CC2O[C@@]3(C)C=C[C@@](C)(O)[C@]2(C[C@@H]1Br)C3(C)C,,1,1,2,MLP,RDKit
100,CC1(C)/C=C/C/C(C=O)=C\CC/C(C=O)=C\C1,,1,1,2,MLP,RDKit
110,N#CCC1=CC=CC=C1,,1,1,2,MLP,RDKit
115,[N-]=[N+]=NC1=CC=C(C(F)(F)F)C=C1,,2,1,2,MLP,RDKit
116,C[C@@](O1)(OO2)CC[C@]3([H])[C@]2([C@]1([H])O4)[C@](CC[C@H]3C)([H])[C@@H](C)C4=O,,2,1,2,MLP,RDKit
120,CC1=CC[C@H](C(C)=C)CC1,,1,1,2,MLP,RDKit
123,C[C@H](CC[C@H]1C(C)C)CC1=O,,1,1,2,MLP,RDKit
129,IC1=C(C(OSC(F)(F)F)(C)C)C=CC=C1,,1,1,2,MLP,RDKit
133,OC(C=C1)=CC=C1C2COC3=CC(O)=CC=C3C2=O,,0,0,2,MLP,RDKit
141,CN3[C@H]1CC[C@@H]3C[C@@H](C1)OC(=O)C(CO)c2ccccc2,,2,2,2,MLP,RDKit
146,CCOc2nc1cccc(C(=O)O)c1n2Cc5ccc(c3ccccc3c4nn[nH]n4)cc5,,0,0,2,MLP,RDKit
151,C[C@@H]1CC[C@H]([C@@H](C1)OC(=O)C)C(C)C,,2,2,2,MLP,RDKit
163,O[C@H](C1)CC[C@@]2(C)C1=CC[C@]3([H])[C@]2([H])CC[C@@]4([H])[C@@]3([H])C[C@H](O)[C@]4([H])[C@H](C)[C@@H](O)CCC(C)C,,2,0,2,MLP,RDKit
165,[H][C@@]1(CO2)[C@](CO[C@@H]1C3=CC(OCO4)=C4C=C3)([H])[C@@H]2C5=CC(OCO6)=C6C=C5,,1,1,2,MLP,RDKit
166,COC1=C(OC)C=C(OC)C(/C=C\C)=C1,,1,1,2,MLP,RDKit
173,CC(C(O)=O)C1=CC=C(CC(C)C)C=C1,,2,2,2,MLP,RDKit
174,O[C@@H]1CCCC[C@H]1NC2CC2,,2,2,2,MLP,RDKit
176,CN(C)C1CCCCC1,,2,2,2,MLP,RDKit
179,N=C(NC1=CC=CC=C1)NC2=CC=CC=C2,,2,2,2,MLP,RDKit
195,OC(=O)c1ccc(O)cc1,,2,2,2,MLP,RDKit
196,CC1=C(/C=C/C(C)=C/C=C/C(C)=C/C=C/C=C(C)/C=C/C=C(C)/C=C/C2=C(C)CCCC2(C)C)C(C)(C)CCC1,,0,1,2,MLP,RDKit
209,CC(C)C1CC[C@]2(C)[C@@]1([H])[C@]3([H])[C@@]2([H])CCC3=C,,0,1,2,MLP,RDKit
218,CC1=C(O)C=C(C)C(OCCCC(C)(C)C(O)=O)=C1,,2,2,2,MLP,RDKit
219,CC1=CC=C(C(O)=O)C=C1OCCCC(C)(C)C(O)=O,,0,2,2,MLP,RDKit
227,COC(=O)C1=C(C)[C@]2(C)C[C@H]3[C@@](C)(CC[C@H]4C(C)(C)[C@@H](O)CC[C@]34C)OC2=C(C)C1=O,,2,2,2,MLP,RDKit
231,COCC(=O)N([C@H](C)C(=O)OC)c1c(C)cccc1C,,2,2,2,MLP,RDKit
284,CC(C)NCC(O)COC1=CC=CC2=CC=CC=C12,,2,2,2,MLP,RDKit
288,O=C1C2=CC=CC=C2C(=O)C2=C1C=CC1=C2NC2=C(N1)C1=C(C=C2)C(=O)C2=C(C=CC=C2)C1=O,,0,2,2,MLP,RDKit
309,CC[C@H]1OC(=O)[C@H](C)[C@H](C[C@@H](O[C@@H]2O[C@H](C)C[C@@H]([C@H]2O)N(C)C)[C@](C)(O)C[C@@H](C)C(=O)[C@H](C)[C@@H](C)[C@]1(C)O)O[C@H]1C[C@@](C)(OC)[C@@H](O)[C@H](C)O1,,0,0,2,MLP,RDKit
318,O=C(CC(C(C)1C)CC2)C21CS(=O)(O)=O,,0,0,2,MLP,RDKit
324,C[C@@H]1[C@]2([C@@]3([H])[C@](C)(O)CC2)[C@@]3([H])[C@@H](C(C)C)CC1,,2,2,2,MLP,RDKit
345,COC1=C(C(C(C(O)=C([C@@H](O)C[C@@](C(CO)=O)(O)C2)C2=C3O)C3C4=O)=O)C4=CC=C1,,0,0,2,MLP,RDKit
366,COC1=C(C2=CC=C1)C(C(C3C2=O)C(O)=C4[C@H](C[C@@](O)(CC4=C3O)C(CO)=O)O[C@H]5C[C@H](N)[C@H](O)[C@H](C)O5)=O,,0,0,2,MLP,RDKit
372,NC(N1C2=C(C=CC=C2)C=CC3=C1C=CC=C3)=O,,2,2,2,MLP,RDKit
407,[H][C@@]12[C@](CC[C@@H](C(C)C)C2)(C)CCC[C@]1(O)C,,2,2,2,MLP,RDKit
417,C[C@@]12CC[C@@H](C(C)C)C[C@@]1([H])C(C)=CCC2,,0,0,2,MLP,RDKit
421,CC12C(CC(C(C)=C)CC2)=C(C)C(CC1)=O,,0,1,2,MLP,RDKit
432,C[C@@H]1CCCCCCCCCCCCC(=O)C1,,0,2,2,MLP,RDKit
436,CC(C)C1=CC=C([C@@]2(C)[C@@](CC3=O)([H])C(C)(C)[C@H](O)CC2)C3=C1,,2,2,2,MLP,RDKit
446,CC1=C(C2=C(CC[C@@](O2)(C)CCC[C@H](C)CCC[C@H](C)CCCC(C)C)C(=C1O)C)C,,0,2,2,MLP,RDKit
7,C=C1CC/C=C(C)/CC[C@@H]2[C@@H]1CC2(C)C,,1,0,3,MLP,RDKit
9,Br[C@@H](CO)[C@](CC[C@H](Br)C(Br)(C)C)(Br)C,,1,1,3,MLP,RDKit
17,CN1[C@H]2CC[C@@H]1C[C@H](OC(C(CO)C3=CC=CC=C3)=O)C2,,2,2,3,MLP,RDKit
39,ClC1=C(N)C=C(OC)C(C(NCCN(CC)CC)=O)=C1,,2,1,3,MLP,RDKit
45,OCC(C(OC1CC(N2C)CCC2C1)=O)C3=CC=CC=C3,,2,2,3,MLP,RDKit
50,O=C1[C@@H](C)[C@]([C@]2([H])O1)([H])CC[C@@](C2=C3C)(C)C=CC3=O,,1,2,3,MLP,RDKit
56,O=C/C=C/C1=CC=CC=C1,,1,1,3,MLP,RDKit
57,O=C([C@@]1(C2C34)[C@@H]3[C@H]5C4(C(OC)=O)C2[C@H]51)OC,,1,2,3,MLP,RDKit
68,O=C1CC[C@@]2(C)C(CCC([C@@](CC[C@@H]3O)([H])[C@]3(C)C4)[C@]2([H])C4=O)=C1,,1,2,3,MLP,RDKit
72,O1O[C@@H](O[C@@H]1c2ccccc2)c3ccccc3,,1,1,3,MLP,RDKit
76,Fc1ccc(C=O)cc1,,1,1,3,MLP,RDKit
79,O=CC1=CC=CC=C1,,1,1,3,MLP,RDKit
80,Fc1ccccc1,,1,1,3,MLP,RDKit
85,Cn1c2c(CC[C@@]2(C)C=C)c3ccccc13,,1,1,3,MLP,RDKit
92,CC1(Cl)CC[C@@]2(CC1Br)C(C)(C)C(=C[C@H]3O[C@@]23C)Br,,1,1,3,MLP,RDKit
101,CC[C@@H](O1)[C@@H](Br)C[C@]1([H])[C@@]2([H])O[C@@H](C/C=C\C#C)[C@H](Br)C2,,1,1,3,MLP,RDKit
107,C[C@@H](CC1)[C@@]2([H])[C@]1([H])[C@@]3(C)[C@]2([H])[C@@H](C(C)=C)CC3,,1,0,3,MLP,RDKit
108,O=C(C)C1=CC=CC=C1,,1,1,3,MLP,RDKit
112,C12=CC=CC=C1C=C3C(C=CC=C3)=C2,,1,1,3,MLP,RDKit
121,CC1=CC[C@@H]2C(C)(C)[C@H]1C2,,1,2,3,MLP,RDKit
127,C[C@H]1CC2=C(C(C)=CO2)CC1,,1,0,3,MLP,RDKit
131,BrC1=CC=CC2=C1C(N=CC=C3)=C3C4=C2C=CC=C4,,1,1,3,MLP,RDKit
132,COC(C=C1)=CC=C1C2COC3=CC(OC)=CC=C3C2=O,,2,2,3,MLP,RDKit
136,NC1=C(S(=O)(CC)=O)C=C(C(NCC2N(CC)CCC2)=O)C(OC)=C1,,2,1,3,MLP,RDKit
139,CN(C)CCCN1C2=C(C=CC=C2)CCC3=C1C=CC=C3,,2,2,3,MLP,RDKit
147,C[C@H]1[C@H]([C@H](C[C@@H](O1)O[C@H]2C[C@@](Cc3c2c(c4c(c3O)C(=O)c5cccc(c5C4=O)OC)O)(C(=O)CO)O)N)O,,0,0,3,MLP,RDKit
148,COc1ccccc1OCCNCC(O)COc3cccc4[nH]c2ccccc2c34,,0,0,3,MLP,RDKit
155,COc1ccc(C=O)cc1,,2,2,3,MLP,RDKit
156,C1=CC=CC2=C1C3C(CC2)[C@@H](C(O3)=O)C,,1,1,3,MLP,RDKit
177,NCCC1=CC=CC=C1,,2,1,3,MLP,RDKit
183,O[C@H]1CCCC[C@@H]1NCC2=CC=CC=C2,,2,2,3,MLP,RDKit
186,O[C@@H]1CCCCC[C@H]1NCC2=CC=CC=C2,,2,2,3,MLP,RDKit
189,CC1(C)C(C(CCC)=O)=C(C)CCC1,,0,1,3,MLP,RDKit
190,O=C(OC)C1=C(C)C(C)=C2O[C@]3(C)CC[C@@]4([H])C(C)(C)[C@@H](O)CC[C@]4(C)[C@@]3([H])C[C@]2(C)C1=O,,2,2,3,MLP,RDKit
192,CC1=C(C)C(C(OC)=O)=C2O[C@]3(C)CC[C@@]4([H])C(C)(C)[C@@H](O)CC[C@]4(C)[C@@]3([H])C[C@]2(C)C1=O,,2,2,3,MLP,RDKit
216,CC1=CC=C(C)C(OCCCC(C)(C)C(O)=O)=C1,,2,2,3,MLP,RDKit
222,O[C@@H](CCCl)C1=CC=CC=C1,,1,1,3,MLP,RDKit
234,CCC1=CC=CC(=C1N(C(C)COC)C(=O)CCl)C,,2,2,3,MLP,RDKit
239,[H][C@]12CN(CC(=O)N1C[C@@H](O)C1=CC=CC=C21)C(=O)C1CCCCC1,,1,1,3,MLP,RDKit
244,C/C(C(O)=O)=C(OC(C)=O)\C=C,,0,2,3,MLP,RDKit
260,C[C@H](CCCC(C)C)[C@@]1([H])CC[C@@]2([H])[C@]3([H])CC=C4C[C@@H](C)CC[C@]4(C)[C@@]3([H])CC[C@@]21C,,2,0,3,MLP,RDKit
277,O=C(C1=C2C=C(C)C=C1O)C3=C(C=CC=C3O)C2=O,,2,0,3,MLP,RDKit
282,CCOC(=O)[C@H](CC1=CNC2=CC=CC=C12)NC(C)=O,,2,2,3,MLP,RDKit
303,[H][C@@]12CCCC[C@]1([H])CN(C[C@@H](O)[C@H](CSC1=CC=CC=C1)NC(=O)C1=CC=CC(O)=C1C)[C@@H](C2)C(=O)NC(C)(C)C,,0,0,3,MLP,RDKit
305,COC1=CC(=CC=C1CC1=CN(C)C2=CC=C(NC(=O)OC3CCCC3)C=C12)C(=O)NS(=O)(=O)C1=CC=CC=C1C,,0,0,3,MLP,RDKit
307,CC(C)[C@H](NC(=O)N(C)CC1=CSC(=N1)C(C)C)C(=O)N[C@H](C[C@H](O)[C@H](CC1=CC=CC=C1)NC(=O)OCC1=CN=CS1)CC1=CC=CC=C1,,0,2,3,MLP,RDKit
308,OCCN(CCO)C1=NC2=C(N=C(N=C2N2CCCCC2)N(CCO)CCO)C(=N1)N1CCCCC1,,0,0,3,MLP,RDKit
325,C/C1=C\CC[C@@](C)(O)/C=C/[C@@H](C(C)C)CC1,,1,2,3,MLP,RDKit
327,CC1=C[C@@]([C@@H](C(C)C)CC[C@]2(O)C)([H])[C@]2([H])CC1,,1,2,3,MLP,RDKit
349,[H]N(C(C1=CC=C(O)C=C1)=O)/N=C/C2=CC=C([N+]([O-])=O)O2,,2,0,3,MLP,RDKit
369,O=C(NN)C1=CC=NC=C1,,0,2,3,MLP,RDKit
378,CC1=CCCC(C)(C)[C@@]12O[C@@H](C)CC2,,1,2,3,MLP,RDKit
380,O=C([C@@H]1CC[C@@H](C)C[C@H]1O)C,,0,0,3,MLP,RDKit
381,CC([C@@H]1CC[C@@H](C)C[C@H]1OC(C[C@@H](O)C)=O)C,,0,2,3,MLP,RDKit
382,CC([C@@H]1CC[C@@H](C)C[C@H]1OCCO)C,,0,2,3,MLP,RDKit
385,CC1(C)C[C@@H](C(O)=O)[C@H](C(C)C)CC1,,2,2,3,MLP,RDKit
390,[NH3+] [C@@H](CC([O-])=O)C(N[C@@H](CC1=CC=CC=C1)C(OC)=O)=O,,0,2,3,MLP,RDKit
425,O=C(SC(C)CC)CC(C)C,,0,1,3,MLP,RDKit
435,CC(C)C1=CC=C([C@]23[C@@](CC4=O)([H])C(C)(C)[C@@H](CC3)OC2=O)C4=C1,,2,2,3,MLP,RDKit
437,CC(C)C1=CC=C([C@@]2(C)[C@@](CC3=O)([H])C(C)(C)C(CC2)=O)C3=C1,,2,0,3,MLP,RDKit
5,CC1(C)CCC[C@@]2(C)[C@H]1CC[C@]3(C)[C@@H]2CCO3,,1,2,4,MLP,RDKit
8,CC1=CC(C(C)(C)[C@H](C)CC2(C)C)=C2C=C1C(C)=O,,1,2,4,MLP,RDKit
11,CCC[C@H](SC(C1=CC(Br)=CC=C1)=O)CCOC(C2=CC(Br)=CC=C2)=O,,1,1,4,MLP,RDKit
21,O[C@H](/C=C/C#CC#CC1=CN(CC2=CC=CC=C2)N=N1)[C@H](O3)[C@@H]3[C@H](O)[C@H]4OC(CC4)=O,,2,2,4,MLP,RDKit
22,IC1=C(C(C)(C)OSC(F)(F)F)C=CC=C1,,1,1,4,MLP,RDKit
24,C[C@H]1C[C@@H](OC(C)=O)[C@H](C(C)C)CC1,,2,2,4,MLP,RDKit
26,CC1=C(C)[C@@]([C@@]2=C(O)C=CC(C)=C2C)=C(O)C=C1,,1,1,4,MLP,RDKit
32,NC1=C2C(C=CC=N2)=CC=C1,,1,2,4,MLP,RDKit
41,O=C1C(C2CCC(NC2=O)=O)C(C3=CC=CC=C31)=O,,2,2,4,MLP,RDKit
42,CC1=C(C(OC)=O)C(C(C(OC)=O)=C(C)N1)C2=C([N+]([O-])=O)C=CC=C2,,2,2,4,MLP,RDKit
46,CN(C)CCCN1C(C=CC=C2)=C2CCC3=C1C=CC=C3,,2,0,4,MLP,RDKit
55,O=CC1=CC=C([N+]([O-])=O)C=C1,,1,2,4,MLP,RDKit
63,CC(C(C)(C)O1)(C)OB1[C@@H](CCCCC)[C@H](B2OC(C)(C)C(C)(C)O2)C,,1,1,4,MLP,RDKit
64,CC(C(C)(C)O1)(C)OB1[C@@H](CCCCC)[C@@H](B2OC(C)(C)C(C)(C)O2)C,,1,1,4,MLP,RDKit
67,O[C@H]1CCC2=C(OC)C=CC=C2[C@H]1C(OC)=O,,1,2,4,MLP,RDKit
91,CC1=C[C@H](O)C(Br)C(C)(C)[C@]12CCC(C)(Cl)C(Br)C2,,1,1,4,MLP,RDKit
102,CC[C@@H](O1)[C@@H](Br)C[C@]1([H])[C@@]2([H])O[C@@H](C/C=C\C3=CN(CC(NC4=CC=CC=C4)=O)N=N3)[C@H](Br)C2,,1,2,4,MLP,RDKit
104,BrC1=C[C@@]([H])(OC)[C@](O2)(C)[C@]3(C[C@]2([H])[C@](Cl)(C)CC3)C1(C)C,,1,1,4,MLP,RDKit
109,[H]C(/C=C/C1=CC=CC=C1)=O,,1,1,4,MLP,RDKit
111,C12=CC=CC=C1C=CC=C2,,1,1,4,MLP,RDKit
114,OC1=C(OC)C=C(C=O)C=C1,,2,2,4,MLP,RDKit
118,CN1C=NC(C(F)(F)F)=C1C(OC)=O,,1,1,4,MLP,RDKit
119,CN1C(C(F)(F)F)=C([N+]([O-])=O)C=C1C(OC)=O,,1,1,4,MLP,RDKit
122,C[C@H]1C[C@@H](O)[C@H](C(C)C)CC1,,1,0,4,MLP,RDKit
124,C[C@H]1C[C@H](O)[C@H](C(C)C)CC1,,1,0,4,MLP,RDKit
128,C[C@@]12CC[C@H](C(C)(C)O2)CC1,,1,2,4,MLP,RDKit
142,CCN(CC)CC(=O)NC1=C(C)C=CC=C1C,,2,1,4,MLP,RDKit
145,O=C7OCC=6C(=O)N2C(\c1nc5c(c(c1C2)CC)cc(OC(=O)N4CCC(N3CCCCC3)CC4)cc5)=C/C=6[C@@]7(O)CC,,0,0,4,MLP,RDKit
149,O2C1(CCC(CC1)C2(C)C)C,,2,2,4,MLP,RDKit
150,O[C@H]1[C@H](C(C)C)CC[C@@H](C)C1,,2,0,4,MLP,RDKit
152,O(c1ccc(\C=C\C)cc1)C,,2,1,4,MLP,RDKit
161,O=C1C(C)=C2O[C@]3(C)CCC4C(C)(C)[C@@H](O)CC[C@]4(C)[C@@]3([H])C[C@@]2(C)C(C)=C1C(OC)=O,,2,2,4,MLP,RDKit
164,CC1(C)CC[C@]2(C)C[C@@]34[C@@H](C)CC[C@@H](O)[C@]3(C)CC[C@H]4[C@@]21[H],,2,2,4,MLP,RDKit
181,O[C@@H]1[C@@H](NCC2=CC=CC=C2)CCC1,,2,2,4,MLP,RDKit
184,O[C@@H]1CCCC[C@H]1NCC2=CC=CC=C2,,2,2,4,MLP,RDKit
187,C/C(C)=C/CC/C(C)=C/CO,,0,0,4,MLP,RDKit
188,C/C(C)=C/CC/C(C)=C/CC/C(C)=C/CO,,0,1,4,MLP,RDKit
193,O=C1C(C(OC)=O)=C(C)C(C)=C2O[C@@]3(C)CC[C@@]4([H])C(C)(C)[C@@H](O)CC[C@]4(C)[C@]3([H])C[C@@]21C,,2,2,4,MLP,RDKit
194,O=C1C(C(OC)=O)=C(C)[C@]2(C)C(O[C@]([C@]3(C)[C@](CC[C@H](O)C4)(C)[C@@]4([H])CC3)([H])C2)=C1C,,2,2,4,MLP,RDKit
198,O=C1CCCCC/C=C/CCCCCCCCO1,,0,1,4,MLP,RDKit
199,O=C1CCCCC/C=C\CCCCCCCCO1,,0,1,4,MLP,RDKit
211,CC([C@H]12)=CC[C@]32[C@]1([H])[C@H](C(C)C)CC[C@H]3C,,0,2,4,MLP,RDKit
213,CC(C12)=CC[C@@]3([H])C1[C@H](C(C)C)CC[C@@]32C,,0,2,4,MLP,RDKit
217,CC1=CC=C(CO)C=C1OCCCC(C)(C)C(O)=O,,2,0,4,MLP,RDKit
236,[H][C@]12CN(CC(=O)N1CCC1=CC=CC=C21)C(=O)[C@H]1CC[C@H](O)CC1,,1,1,4,MLP,RDKit
237,[H][C@]12CN(CC(=O)N1CCC1=CC=CC=C21)C(=O)[C@@H]1CC[C@H](O)CC1,,1,1,4,MLP,RDKit
240,OC12CN(CC(=O)N1CCC1=CC=CC=C21)C(=O)C1CCCCC1,,1,2,4,MLP,RDKit
241,O[C@]12CN(CC(=O)N1CCC1=CC=CC=C21)C(=O)C1CCCCC1,,1,1,4,MLP,RDKit
242,OC1=CC=C(NC(C)=O)C=C1,,0,2,4,MLP,RDKit
251,O[C@@H]1[C@@H](O)[C@H](O)[C@@H](CO)O[C@H]1OC2=CC=CC=C2CO,,0,0,4,MLP,RDKit
275,O=C(C1=C2C=C(C)C=C1O)C3=C(C=C(O)C=C3O)C2=O,,0,2,4,MLP,RDKit
281,C[C@@H](C1=C2C[C@H](O)[C@H]3[C@@]4(C)CCC(C(C)(C)[C@@H]4CC[C@]3(C)[C@@]2(C)CC1)=O)C[C@H](O)[C@@H](O)C(C)(O)C,,0,2,4,MLP,RDKit
283,COC(=O)[C@@H](N)CC1=CNC2=CC=CC=C12,,2,2,4,MLP,RDKit
293,CN1C(C(=O)NC2=NC=C(C)S2)=C(O)C2=C(C=CC=C2)S1(=O)=O,,0,2,4,MLP,RDKit
312,BrC1(CC2(Br)C3)CC(C2)(Br)CC3(Br)C1,,2,1,4,MLP,RDKit
344,O=C1[C@@H](CCCCCC)[C@H](C[C@H](CCCCCCCCCCC)OC([C@H](CC(C)C)NC=O)=O)O1,,2,2,4,MLP,RDKit
356,FC1=CC2=C(C=C1)C(C3CCN(CCC4=C(C)N=C5N(CCCC5)C4=O)CC3)=NO2,,2,0,4,MLP,RDKit
357,CN1CCN(CC1)S(=O)(C2=CC(C3=NC4=C(C(N3)=O)N(N=C4CCC)C)=C(OCC)C=C2)=O,,1,0,4,MLP,RDKit
363,ClC1=C(NC2=CC=CC=C2CC(O)=O)C(Cl)=CC=C1,,0,2,4,MLP,RDKit
384,CC1(C)C[C@@H](C(NC2=CC=C(CC#N)C=C2)=O)[C@H](C(C)C)CC1,,0,1,4,MLP,RDKit
3,C[C@@H]1CCC=C(CC/2)[C@@]1(C)CC2=C(C)\CO,,2,2,5,MLP,RDKit
6,C[C@@]1(CC2)[C@]3(O)C(C)(C)[C@H]2C[C@H]1[C@@H](C)CC3,,2,2,5,MLP,RDKit
10,C[C@@](CC[C@H](Br)C(Br)(C)C)(Br)[C@H](Br)CO,,1,1,5,MLP,RDKit
14,CCCCNc1ccc(cc1)C(=O)OCCN(C)C,,1,2,5,MLP,RDKit
15,CCCCCC=CCC=CCC=CCC=CCCCC(=O)OCC,,2,0,5,MLP,RDKit
19,CC1=C(NC(CN(CC)CC)=O)C(C)=CC=C1,,2,1,5,MLP,RDKit
28,CC(C)C1=CC=C2C(C=CC=C2)=[C@]1[C@]3=CSC(C)=C3C,,1,1,5,MLP,RDKit
30,C12=CC=CC=C1N=C3N2CC/C=C/CCN4C5=C(C=CC=C5)N=C34,,1,1,5,MLP,RDKit
37,NC1=CC=C(S(C2=CC=C(N)C=C2)(=O)=O)C=C1,,2,2,5,MLP,RDKit
54,NC1=C(C(C)C)C=CC=C1C(C)C,,1,2,5,MLP,RDKit
60,COC1=CC=C(/C=C/C)C=C1,,1,2,5,MLP,RDKit
74,C1C[C@H]2OOC(C1)O2,,1,1,5,MLP,RDKit
77,Clc1cccc(Cl)c1,,1,1,5,MLP,RDKit
87,CC1(C)C(Br)C[C@H]2O[C@@]2(C)[C@]13CC(Br)C(C)(Cl)CC3O,,1,1,5,MLP,RDKit
89,C[C@]1(Cl)CC2O[C@@]3(Br)[C@H](O)[C@H]4O[C@@]4(C)[C@]2(C[C@@H]1Br)C3(C)C,,1,1,5,MLP,RDKit
93,C/C1=C\CC(C)(C)/C=C/C/C(C)=C/CC1,,1,1,5,MLP,RDKit
94,C/C1=C\CC(C)(C)/C=C/CC2(C)C(O2)CC1,,1,1,5,MLP,RDKit
97,CC12C(O2)CC(C)(C)/C=C/CC(C)(O3)C3CC1,,1,1,5,MLP,RDKit
105,O=C(C(O)=C1)C2=CC=CC3=CC=CC1=C32,,1,1,5,MLP,RDKit
106,O=C(C(C1=CC=CC=C1)=C2)C3=CC=CC4=CC=CC2=C43,,1,1,5,MLP,RDKit
113,C1(/C=C/C2=CC=CC=C2)=CC=CC=C1,,2,1,5,MLP,RDKit
117,CN1C=NC([N+]([O-])=O)=C1C(F)(F)F,,1,1,5,MLP,RDKit
125,C[C@H](CC[C@@H]1C(C)C)CC1=O,,1,1,5,MLP,RDKit
130,CC#[N][Pd]1(Br)C2=CC=CC3=C2C([N]1=CC=C4)=C4C5=CC=CC=C53,,1,1,5,MLP,RDKit
134,O=C1C=CC2(C)C(C(OC(C3C)=O)C3CC2)=C1C,,2,1,5,MLP,RDKit
153,C[C@@]12C(C)(C)[C@@H](CC1=O)CC2,,2,0,5,MLP,RDKit
154,CC1(C)[C@H]2C[C@@H]1CC=C2C,,2,1,5,MLP,RDKit
158,C1=CC=CC2=C1C3C(CC2)C(C(O3)=O)=C,,1,1,5,MLP,RDKit
160,O=C(N[C@H](CO)C1)[C@H](C(C)C)SC2=C1C3=CC=CC=C3N2,,2,2,5,MLP,RDKit
162,C/C([C@@H]1[C@@](CCCC2=C(C)OC(OC)=CC2=O)(O1)C)=C\C3=CC=C([N+]([O-])=O)C=C3,,2,1,5,MLP,RDKit
168,COC1=C(OC)C=C(OC)C(/C=C/C)=C1,,1,1,5,MLP,RDKit
171,COC1=CC=C2C(C(CC(O)=O)C(C)N2C(C3=CC=C(Cl)C=C3)=O)=C1,,2,2,5,MLP,RDKit
172,CC(OC1=CC=CC=C1C(NC2=NC=C([N+]([O-])=O)S2)=O)=O,,2,0,5,MLP,RDKit
182,O[C@H]1[C@H](NCC2=CC=CC=C2)CCC1,,2,2,5,MLP,RDKit
191,O=C(OC)C1=C(C)C(C)=C2O[C@]3(C)CC[C@@]4([H])C(C)(C)[C@@H](O)CC[C@]4(C)[C@@]3([H])C[C@@]2(C)C1=O,,2,2,5,MLP,RDKit
215,CCCC(S)CCO,,0,0,5,MLP,RDKit
220,CC1=CC=C(C)C(OCCCC(C)(C)C(OC2OC(C(O)=O)C(O)C(O)C2O)=O)=C1,,0,0,5,MLP,RDKit
235,[H][C@]12CN(CC(=O)N1CCC1=CC=CC=C21)C(=O)C1CCCCC1,,1,1,5,MLP,RDKit
238,[H][C@]12CN(CC(=O)N1CCC1=CC(O)=CC=C21)C(=O)C1CCCCC1,,1,1,5,MLP,RDKit
246,NC(C1=CC=CC=C1OCC)=O,,2,2,5,MLP,RDKit
248,CN1C(C)C(C(C)C)C(N1C2=CC=CC=C2)=O,,2,0,5,MLP,RDKit
256,O[C@@H]1[C@@H](O)[C@H](O)[C@@H](CO)O[C@H]1C2=C(OC=C(C3=CC=C(O)C=C3)C4=O)C4=CC=C2O,,0,0,5,MLP,RDKit
267,O=C1OC2=CC3=C(C=CO3)C(O/C=C/C(C)C)=C2C=C1,,0,1,5,MLP,RDKit
286,COC1=CC2=C(C=C1OC)C(=O)C(CC1CCN(CC3=CC=CC=C3)CC1)C2,,1,0,5,MLP,RDKit
289,COC1=CC=C2C=C3C4=C(CC[N+]3=CC2=C1OC)C=C1OCOC1=C4,,0,1,5,MLP,RDKit
297,CC(C)CN1C=NC2=C(N)N=C3C=CC=CC3=C12,,0,1,5,MLP,RDKit
298,CC1=CN=C(C=N1)C(=O)NCCC1=CC=C(C=C1)S(=O)(=O)NC(=O)NC1CCCCC1,,0,2,5,MLP,RDKit
299,CC(=O)N1CCN(CC1)C1=CC=C(OC[C@H]2CO[C@@](CN3C=CN=C3)(O2)C2=C(Cl)C=C(Cl)C=C2)C=C1,,0,1,5,MLP,RDKit
333,CC1=C(C(OC)=O)C(C2=C([N+]([O-])=O)C=CC=C2)=C(C(OC)=O)C(C)=N1,,1,1,5,MLP,RDKit
351,CN(C)CCCN(C(C=CC=C1)=C1CC2)C3=C2C=CC=C3,,0,2,5,MLP,RDKit
373,COC1=CC=C(C=C1)C2=COC3=C(C2=O)C=CC(=C3)OC,,2,2,5,MLP,RDKit
374,CC1OC2(C(C)=CCCC2(C)C)CC1,,2,1,5,MLP,RDKit
398,O=C1CCC(C1C/C=C\CC)CC(OC)=O,,2,0,5,MLP,RDKit
400,CC(C1CCC(C=O)=CC1)=C,,1,1,5,MLP,RDKit
403,CC(C)[C@@H]1CC[C@@]([C@@H](C1)C(=C)C)(C)C=C,,0,1,5,MLP,RDKit
409,CC1(C=C)C(C(C)C)CC(C(C)C)CC1,,0,1,5,MLP,RDKit
413,C[C@@]1(CCC2)CC[C@@H](C(C)C)C[C@@]1([H])C2=C,,0,0,5,MLP,RDKit
428,CC(S)CC(OCC)=O,,0,0,5,MLP,RDKit
434,CC(C)C1=CC=C([C@]23[C@@](C[C@@H]4O)([H])C(C)(C)[C@@](O)(CC3)OC2)C4=C1,,2,2,5,MLP,RDKit
440,CC1=C2C(C(OC2)=O)=C(C(C/C=C(C)/CCC(OCCN3CCOCC3)=O)=C1OC)O,,0,0,5,MLP,RDKit
1,O=C1C[C@@H](C)[C@]2(C)CC(CCC2=C1)=C(C)C,,1,1,1,Logistic Regression,Mordred
12,CC(C)[C@H]1[C@H]2[C@](CC1)(C)[C@H]3[C@@H]2C(CBr)=CC3,,1,1,1,Logistic Regression,Mordred
18,O=C(N[C@H](C(N[C@@H](C1=CC=CC=C1)C(OC(C)(C)C)=O)=O)C)CC2=CC(F)=CC(F)=C2,,2,0,1,Logistic Regression,Mordred
20,O[C@H](/C=C\C#CC#CC1=CN(CC2=CC=CC=C2)N=N1)[C@H](O3)[C@@H]3[C@H](O)[C@H]4OC(CC4)=O,,2,2,1,Logistic Regression,Mordred
25,CC1=C(C)[C@]([C@]2=C(O)C=CC(C)=C2C)=C(O)C=C1,,1,1,1,Logistic Regression,Mordred
27,CC(C)C1=CC=C2C(C=CC=C2)=[C@@]1[C@@]3=CSC(C)=C3C,,1,1,1,Logistic Regression,Mordred
29,C12=CC=CC=C1N3C(C4=NC5=C(C=CC=C5)N4CC/C=C/CC3)=N2,,1,1,1,Logistic Regression,Mordred
34,CC1=CC=CC(C)=C1NC(CN(CC)CC)=O,,1,2,1,Logistic Regression,Mordred
40,ClC1=CC=C2C(N(CCCN(C)C)C(C=CC=C3)=C3S2)=C1,,2,1,1,Logistic Regression,Mordred
43,ClC1=C([C@@H](C(OC)=O)N2CCC(SC=C3)=C3C2)C=CC=C1,,2,1,1,Logistic Regression,Mordred
44,O=C(C(C)=C1)NC(N1[C@@H]2O[C@H](CO)[C@@H](N=[N+]=[N-])C2)=O,,2,2,1,Logistic Regression,Mordred
48,CN(CCC1)[C@@H]1C2=CC=CN=C2,,0,1,1,Logistic Regression,Mordred
51,O=C(C=C(C1=CC(OC)=C(OC)C=C1)O2)C3=C2C(OC)=C(OC)C(OC)=C3OC,,1,0,1,Logistic Regression,Mordred
52,O=C(C=C(C1=CC=C(OC)C=C1)O2)C3=C2C(OC)=C(OC)C(OC)=C3OC,,1,1,1,Logistic Regression,Mordred
58,BrC1=CC2=CC=CC=C2C3=C1C=CC=C3,,1,1,1,Logistic Regression,Mordred
61,CC(O[C@H]1[C@H](C(C)C)CC[C@@H](C)C1)=O,,1,1,1,Logistic Regression,Mordred
69,CC1CCCC2(C1CC(CC2)C(C)C)C,,1,0,1,Logistic Regression,Mordred
78,N#Cc1ccccc1,,1,1,1,Logistic Regression,Mordred
84,C[C@]12OC(=O)C(=C)[C@H]1CC(=O)C=C2,,1,1,1,Logistic Regression,Mordred
88,Cc1cc(O)c(cc1Br)[C@]2(C)CC[C@@H]3C[C@]23C,,1,1,1,Logistic Regression,Mordred
95,CC12C(O2)CC(C)(C)/C=C/C/C(C)=C/CC1,,1,1,1,Logistic Regression,Mordred
96,C/C1=C\CC(C)(C)C(O2)C2C/C(C)=C/CC1,,1,1,1,Logistic Regression,Mordred
98,CC12C(O2)CC(C)(C)C(O3)C3CC(C)(O4)C4CC1,,1,1,1,Logistic Regression,Mordred
99,CC1(C)C/C=C(C)/CC/C=C(C=O)/C/C=C/1,,1,1,1,Logistic Regression,Mordred
103,BrC1=C[C@]([H])(OC)[C@](O2)(C)[C@]3(C[C@]2([H])[C@](Cl)(C)CC3)C1(C)C,,1,1,1,Logistic Regression,Mordred
135,O=C1C(N(C)C)=C(C)N(C)N1C2=CC=CC=C2,,2,1,1,Logistic Regression,Mordred
137,FC(F)(F)C1=CC=C(OC(C2=CC=CC=C2)CCNC)C=C1,,2,2,1,Logistic Regression,Mordred
138,O=C(OC)[C@@H](N1CCC(SC=C2)=C2C1)C3=C(Cl)C=CC=C3,,2,1,1,Logistic Regression,Mordred
140,O=C1C2=C(N=CC=C2)N(C3CC3)C4=C(C(C)=CC=N4)N1,,2,2,1,Logistic Regression,Mordred
143,Cc1ccc(cc1Nc2nccc(n2)c3cccnc3)NC(=O)c4ccc(cc4)CN5CCN(CC5)C,,0,0,1,Logistic Regression,Mordred
144,O=C1N(/N=C\N1c2ccc(cc2)N7CCN(c6ccc(OCC3C[C@@](OC3)(c4ccc(F)cc4F)Cn5ncnc5)cc6)CC7)[C@@H](CC)[C@@H](O)C,,0,0,1,Logistic Regression,Mordred
159,O=C(O)C1=C(OC(C)=O)C=CC=C1,,2,2,1,Logistic Regression,Mordred
178,N=C(N(C)C)N(C)C,,2,1,1,Logistic Regression,Mordred
180,C12=NCCCN1CCCCC2,,2,2,1,Logistic Regression,Mordred
185,O[C@H]1CCCCC[C@@H]1NCC2=CC=CC=C2,,2,2,1,Logistic Regression,Mordred
203,OC(=O)c1ccccc1Nc2cccc(c2)C(F)(F)F,,0,2,1,Logistic Regression,Mordred
204,C[C@@]1(C2(C)C)CC[C@H]2C[C@H]1O,,0,2,1,Logistic Regression,Mordred
206,O=C1O[C@H](CCCCC)CCC1,,0,2,1,Logistic Regression,Mordred
221,CCCC[C@@H](Br)[C@]1(C)CCCC=C1,,1,1,1,Logistic Regression,Mordred
223,COC([C@H](O)[C@@H](O)C(OC)=O)=O,,1,0,1,Logistic Regression,Mordred
224,CC1=CC=C(S(N)=O)C=C1,,1,2,1,Logistic Regression,Mordred
225,OC(C)C1=CC=C(Br)C=C1,,1,1,1,Logistic Regression,Mordred
226,CC(C)[C@@H]1Sc2[nH]c3ccccc3c2C[C@@H](CO)NC1=O,,2,2,1,Logistic Regression,Mordred
249,CCN(CC)C1=CC=C2C(OC(C(C3=NC4=C(C=CC=C4)S3)=C2)=O)=C1,,2,1,1,Logistic Regression,Mordred
278,O=C1C[C@@H](C2=CC=CC=C2)OC3=CC=CC=C31,,0,1,1,Logistic Regression,Mordred
285,C\C(\C=C1/SC(=S)N(CC(O)=O)C1=O)=C/C1=CC=CC=C1,,2,0,1,Logistic Regression,Mordred
287,ClC1=C(Cl)C(=CC=C1)N1CCN(CCCCOC2=CC3=C(CCC(=O)N3)C=C2)CC1,,1,0,1,Logistic Regression,Mordred
290,C\N=C(\NCCSCC1=C(C)NC=N1)NC#N,,0,0,1,Logistic Regression,Mordred
291,ClC1=C(NC2=NCCN2)C2=NSN=C2C=C1,,0,2,1,Logistic Regression,Mordred
296,CC1(C)SC2[C@H](NC(=O)CC3=CC=CC=C3)C(=O)N2[C@H]1C(O)=O,,0,2,1,Logistic Regression,Mordred
322,O=C(C1=C(S(=O)(NC(NC2=NC(OC)=CC(OC)=N2)=O)=O)N(C)N=C1Cl)OC,,2,0,1,Logistic Regression,Mordred
326,CC(CC1)=C[C@@]2([H])C1=C(C)CC[C@@H]2C(C)C,,2,1,1,Logistic Regression,Mordred
328,CC1=C[C@@]([C@@H](C(C)C)CC[C@]2(O)C)([H])[C@@]2([H])CC1,,2,0,1,Logistic Regression,Mordred
329,CC1=C[C@@]([C@@H](C(C)C)CC[C@@]2(O)C)([H])[C@]2([H])CC1,,2,0,1,Logistic Regression,Mordred
332,ClC1=CC(N2CCCN(C)C)=C(C=C1)SC3=C2C=CC=C3,,2,1,1,Logistic Regression,Mordred
339,COC1=C2O[C@@H]3[C@]45C2=C(C=C1)C[C@@H](N(CC5)C)[C@]4([H])C=C[C@@H]3O,,1,2,1,Logistic Regression,Mordred
360,O=S(CC1=NC=C(C(OC)=C1C)CO)C2=NC3=C(N2)C=CC(OC)=C3,,0,2,1,Logistic Regression,Mordred
386,O[C@@H]1C[C@H](C)CC[C@H]1C(C)=O,,0,2,1,Logistic Regression,Mordred
439,O=C1NC2=C(N1CCCN3CCC(CC3)N4C(NC5=CC(Cl)=CC=C54)=O)C=CC=C2,,0,2,1,Logistic Regression,Mordred
448,CO[C@H]1[C@@H](C[C@@H]2CN3CCC4=C([C@H]3C[C@@H]2[C@@H]1C(=O)OC)NC5=C4C=CC(=C5)OC)OC(=O)C6=CC(=C(C(=C6)OC)OC)OC,,0,0,1,Logistic Regression,Mordred
2,CC1=CC(C[C@@H](C)[C@]1(C2)CCC2=C(C)C)=O,,1,2,2,Logistic Regression,Mordred
4,O=C(CCCCCCCCCCC1)OCCOC1=O,,1,0,2,Logistic Regression,Mordred
13,C[C@@]1(O)[C@@H](Br)C[C@H](C(C)=C)CC1,,1,1,2,Logistic Regression,Mordred
16,CC1(C)[C@@H]2[C@H]1CC=C(C)C2,,1,1,2,Logistic Regression,Mordred
31,O=C1N(C)C(C(N(C)C=N2)=C2N1C)=O,,1,2,2,Logistic Regression,Mordred
35,CNCCC(OC1=CC=C(C(F)(F)F)C=C1)C2=CC=CC=C2,,1,2,2,Logistic Regression,Mordred
36,COC1=CC=C2C(NC(S(CC3=C(C)C(OC)=C(C)C=N3)=O)=N2)=C1,,2,0,2,Logistic Regression,Mordred
38,O=C(OCCN(C)C)C1=CC=C(NCCCC)C=C1,,2,2,2,Logistic Regression,Mordred
47,ClC1=CC=C(NC(O[C@]2(C#CC3CC3)C(F)(F)F)=O)C2=C1,,2,1,2,Logistic Regression,Mordred
49,CC1=C2C(C=C1)=C(C)C=CC(C(C)C)=C2,,1,1,2,Logistic Regression,Mordred
53,O=C(C(OC)=C(C1=CC(OC)=C(OC)C=C1)O2)C3=C2C(OC)=C(OC)C(OC)=C3OC,,1,1,2,Logistic Regression,Mordred
62,CC(C(C)(C)O1)(C)OB1C(B2OC(C)(C)C(C)(C)O2)CCC3=CC=CC=C3,,1,1,2,Logistic Regression,Mordred
65,O=C(C(C#N)=C1)C=C(C1(C#C)C2)C3=C2C=CC=C3,,1,1,2,Logistic Regression,Mordred
71,C1OOC(O1)c2ccccc2,,1,1,2,Logistic Regression,Mordred
73,O1O[C@H](O[C@@H]1c2ccccc2)c3ccccc3,,1,1,2,Logistic Regression,Mordred
75,c1ccccc1,,1,1,2,Logistic Regression,Mordred
81,Fc1ccc(F)cc1,,1,1,2,Logistic Regression,Mordred
82,CN1C[C@@](C)(c2ccccc2)[C@@]3(C)[C@@H]1N(C)c4ccccc34,,1,1,2,Logistic Regression,Mordred
83,C[C@@]12OC(=O)C(=C)[C@]1(C)CC(=O)C=C2,,1,1,2,Logistic Regression,Mordred
86,CCOC(=O)\C=C\1/C[C@@](N1S(=O)(=O)c2ccc(C)cc2)(C(=O)OCC)c3ccccc3C,,1,2,2,Logistic Regression,Mordred
90,C[C@]1(Cl)CC2O[C@@]3(C)C=C[C@@](C)(O)[C@]2(C[C@@H]1Br)C3(C)C,,1,1,2,Logistic Regression,Mordred
100,CC1(C)/C=C/C/C(C=O)=C\CC/C(C=O)=C\C1,,1,1,2,Logistic Regression,Mordred
110,N#CCC1=CC=CC=C1,,1,1,2,Logistic Regression,Mordred
115,[N-]=[N+]=NC1=CC=C(C(F)(F)F)C=C1,,2,1,2,Logistic Regression,Mordred
116,C[C@@](O1)(OO2)CC[C@]3([H])[C@]2([C@]1([H])O4)[C@](CC[C@H]3C)([H])[C@@H](C)C4=O,,2,2,2,Logistic Regression,Mordred
120,CC1=CC[C@H](C(C)=C)CC1,,1,0,2,Logistic Regression,Mordred
123,C[C@H](CC[C@H]1C(C)C)CC1=O,,1,1,2,Logistic Regression,Mordred
129,IC1=C(C(OSC(F)(F)F)(C)C)C=CC=C1,,1,1,2,Logistic Regression,Mordred
133,OC(C=C1)=CC=C1C2COC3=CC(O)=CC=C3C2=O,,0,2,2,Logistic Regression,Mordred
141,CN3[C@H]1CC[C@@H]3C[C@@H](C1)OC(=O)C(CO)c2ccccc2,,2,2,2,Logistic Regression,Mordred
146,CCOc2nc1cccc(C(=O)O)c1n2Cc5ccc(c3ccccc3c4nn[nH]n4)cc5,,0,0,2,Logistic Regression,Mordred
151,C[C@@H]1CC[C@H]([C@@H](C1)OC(=O)C)C(C)C,,2,1,2,Logistic Regression,Mordred
163,O[C@H](C1)CC[C@@]2(C)C1=CC[C@]3([H])[C@]2([H])CC[C@@]4([H])[C@@]3([H])C[C@H](O)[C@]4([H])[C@H](C)[C@@H](O)CCC(C)C,,2,0,2,Logistic Regression,Mordred
165,[H][C@@]1(CO2)[C@](CO[C@@H]1C3=CC(OCO4)=C4C=C3)([H])[C@@H]2C5=CC(OCO6)=C6C=C5,,1,1,2,Logistic Regression,Mordred
166,COC1=C(OC)C=C(OC)C(/C=C\C)=C1,,1,1,2,Logistic Regression,Mordred
173,CC(C(O)=O)C1=CC=C(CC(C)C)C=C1,,2,2,2,Logistic Regression,Mordred
174,O[C@@H]1CCCC[C@H]1NC2CC2,,2,2,2,Logistic Regression,Mordred
176,CN(C)C1CCCCC1,,2,1,2,Logistic Regression,Mordred
179,N=C(NC1=CC=CC=C1)NC2=CC=CC=C2,,2,2,2,Logistic Regression,Mordred
195,OC(=O)c1ccc(O)cc1,,2,0,2,Logistic Regression,Mordred
196,CC1=C(/C=C/C(C)=C/C=C/C(C)=C/C=C/C=C(C)/C=C/C=C(C)/C=C/C2=C(C)CCCC2(C)C)C(C)(C)CCC1,,0,0,2,Logistic Regression,Mordred
209,CC(C)C1CC[C@]2(C)[C@@]1([H])[C@]3([H])[C@@]2([H])CCC3=C,,0,1,2,Logistic Regression,Mordred
218,CC1=C(O)C=C(C)C(OCCCC(C)(C)C(O)=O)=C1,,2,2,2,Logistic Regression,Mordred
219,CC1=CC=C(C(O)=O)C=C1OCCCC(C)(C)C(O)=O,,0,2,2,Logistic Regression,Mordred
227,COC(=O)C1=C(C)[C@]2(C)C[C@H]3[C@@](C)(CC[C@H]4C(C)(C)[C@@H](O)CC[C@]34C)OC2=C(C)C1=O,,2,2,2,Logistic Regression,Mordred
231,COCC(=O)N([C@H](C)C(=O)OC)c1c(C)cccc1C,,2,2,2,Logistic Regression,Mordred
284,CC(C)NCC(O)COC1=CC=CC2=CC=CC=C12,,2,2,2,Logistic Regression,Mordred
288,O=C1C2=CC=CC=C2C(=O)C2=C1C=CC1=C2NC2=C(N1)C1=C(C=C2)C(=O)C2=C(C=CC=C2)C1=O,,0,0,2,Logistic Regression,Mordred
309,CC[C@H]1OC(=O)[C@H](C)[C@H](C[C@@H](O[C@@H]2O[C@H](C)C[C@@H]([C@H]2O)N(C)C)[C@](C)(O)C[C@@H](C)C(=O)[C@H](C)[C@@H](C)[C@]1(C)O)O[C@H]1C[C@@](C)(OC)[C@@H](O)[C@H](C)O1,,0,0,2,Logistic Regression,Mordred
318,O=C(CC(C(C)1C)CC2)C21CS(=O)(O)=O,,0,2,2,Logistic Regression,Mordred
324,C[C@@H]1[C@]2([C@@]3([H])[C@](C)(O)CC2)[C@@]3([H])[C@@H](C(C)C)CC1,,2,1,2,Logistic Regression,Mordred
345,COC1=C(C(C(C(O)=C([C@@H](O)C[C@@](C(CO)=O)(O)C2)C2=C3O)C3C4=O)=O)C4=CC=C1,,0,0,2,Logistic Regression,Mordred
366,COC1=C(C2=CC=C1)C(C(C3C2=O)C(O)=C4[C@H](C[C@@](O)(CC4=C3O)C(CO)=O)O[C@H]5C[C@H](N)[C@H](O)[C@H](C)O5)=O,,0,0,2,Logistic Regression,Mordred
372,NC(N1C2=C(C=CC=C2)C=CC3=C1C=CC=C3)=O,,2,2,2,Logistic Regression,Mordred
407,[H][C@@]12[C@](CC[C@@H](C(C)C)C2)(C)CCC[C@]1(O)C,,2,2,2,Logistic Regression,Mordred
417,C[C@@]12CC[C@@H](C(C)C)C[C@@]1([H])C(C)=CCC2,,0,1,2,Logistic Regression,Mordred
421,CC12C(CC(C(C)=C)CC2)=C(C)C(CC1)=O,,0,1,2,Logistic Regression,Mordred
432,C[C@@H]1CCCCCCCCCCCCC(=O)C1,,0,2,2,Logistic Regression,Mordred
436,CC(C)C1=CC=C([C@@]2(C)[C@@](CC3=O)([H])C(C)(C)[C@H](O)CC2)C3=C1,,2,2,2,Logistic Regression,Mordred
446,CC1=C(C2=C(CC[C@@](O2)(C)CCC[C@H](C)CCC[C@H](C)CCCC(C)C)C(=C1O)C)C,,0,0,2,Logistic Regression,Mordred
7,C=C1CC/C=C(C)/CC[C@@H]2[C@@H]1CC2(C)C,,1,0,3,Logistic Regression,Mordred
9,Br[C@@H](CO)[C@](CC[C@H](Br)C(Br)(C)C)(Br)C,,1,1,3,Logistic Regression,Mordred
17,CN1[C@H]2CC[C@@H]1C[C@H](OC(C(CO)C3=CC=CC=C3)=O)C2,,2,2,3,Logistic Regression,Mordred
39,ClC1=C(N)C=C(OC)C(C(NCCN(CC)CC)=O)=C1,,2,2,3,Logistic Regression,Mordred
45,OCC(C(OC1CC(N2C)CCC2C1)=O)C3=CC=CC=C3,,2,2,3,Logistic Regression,Mordred
50,O=C1[C@@H](C)[C@]([C@]2([H])O1)([H])CC[C@@](C2=C3C)(C)C=CC3=O,,1,1,3,Logistic Regression,Mordred
56,O=C/C=C/C1=CC=CC=C1,,1,1,3,Logistic Regression,Mordred
57,O=C([C@@]1(C2C34)[C@@H]3[C@H]5C4(C(OC)=O)C2[C@H]51)OC,,1,1,3,Logistic Regression,Mordred
68,O=C1CC[C@@]2(C)C(CCC([C@@](CC[C@@H]3O)([H])[C@]3(C)C4)[C@]2([H])C4=O)=C1,,1,2,3,Logistic Regression,Mordred
72,O1O[C@@H](O[C@@H]1c2ccccc2)c3ccccc3,,1,1,3,Logistic Regression,Mordred
76,Fc1ccc(C=O)cc1,,1,1,3,Logistic Regression,Mordred
79,O=CC1=CC=CC=C1,,1,1,3,Logistic Regression,Mordred
80,Fc1ccccc1,,1,1,3,Logistic Regression,Mordred
85,Cn1c2c(CC[C@@]2(C)C=C)c3ccccc13,,1,1,3,Logistic Regression,Mordred
92,CC1(Cl)CC[C@@]2(CC1Br)C(C)(C)C(=C[C@H]3O[C@@]23C)Br,,1,1,3,Logistic Regression,Mordred
101,CC[C@@H](O1)[C@@H](Br)C[C@]1([H])[C@@]2([H])O[C@@H](C/C=C\C#C)[C@H](Br)C2,,1,1,3,Logistic Regression,Mordred
107,C[C@@H](CC1)[C@@]2([H])[C@]1([H])[C@@]3(C)[C@]2([H])[C@@H](C(C)=C)CC3,,1,0,3,Logistic Regression,Mordred
108,O=C(C)C1=CC=CC=C1,,1,1,3,Logistic Regression,Mordred
112,C12=CC=CC=C1C=C3C(C=CC=C3)=C2,,1,1,3,Logistic Regression,Mordred
121,CC1=CC[C@@H]2C(C)(C)[C@H]1C2,,1,0,3,Logistic Regression,Mordred
127,C[C@H]1CC2=C(C(C)=CO2)CC1,,1,2,3,Logistic Regression,Mordred
131,BrC1=CC=CC2=C1C(N=CC=C3)=C3C4=C2C=CC=C4,,1,1,3,Logistic Regression,Mordred
132,COC(C=C1)=CC=C1C2COC3=CC(OC)=CC=C3C2=O,,2,0,3,Logistic Regression,Mordred
136,NC1=C(S(=O)(CC)=O)C=C(C(NCC2N(CC)CCC2)=O)C(OC)=C1,,2,2,3,Logistic Regression,Mordred
139,CN(C)CCCN1C2=C(C=CC=C2)CCC3=C1C=CC=C3,,2,2,3,Logistic Regression,Mordred
147,C[C@H]1[C@H]([C@H](C[C@@H](O1)O[C@H]2C[C@@](Cc3c2c(c4c(c3O)C(=O)c5cccc(c5C4=O)OC)O)(C(=O)CO)O)N)O,,0,0,3,Logistic Regression,Mordred
148,COc1ccccc1OCCNCC(O)COc3cccc4[nH]c2ccccc2c34,,0,0,3,Logistic Regression,Mordred
155,COc1ccc(C=O)cc1,,2,1,3,Logistic Regression,Mordred
156,C1=CC=CC2=C1C3C(CC2)[C@@H](C(O3)=O)C,,1,1,3,Logistic Regression,Mordred
177,NCCC1=CC=CC=C1,,2,2,3,Logistic Regression,Mordred
183,O[C@H]1CCCC[C@@H]1NCC2=CC=CC=C2,,2,2,3,Logistic Regression,Mordred
186,O[C@@H]1CCCCC[C@H]1NCC2=CC=CC=C2,,2,2,3,Logistic Regression,Mordred
189,CC1(C)C(C(CCC)=O)=C(C)CCC1,,0,2,3,Logistic Regression,Mordred
190,O=C(OC)C1=C(C)C(C)=C2O[C@]3(C)CC[C@@]4([H])C(C)(C)[C@@H](O)CC[C@]4(C)[C@@]3([H])C[C@]2(C)C1=O,,2,2,3,Logistic Regression,Mordred
192,CC1=C(C)C(C(OC)=O)=C2O[C@]3(C)CC[C@@]4([H])C(C)(C)[C@@H](O)CC[C@]4(C)[C@@]3([H])C[C@]2(C)C1=O,,2,2,3,Logistic Regression,Mordred
216,CC1=CC=C(C)C(OCCCC(C)(C)C(O)=O)=C1,,2,2,3,Logistic Regression,Mordred
222,O[C@@H](CCCl)C1=CC=CC=C1,,1,1,3,Logistic Regression,Mordred
234,CCC1=CC=CC(=C1N(C(C)COC)C(=O)CCl)C,,2,1,3,Logistic Regression,Mordred
239,[H][C@]12CN(CC(=O)N1C[C@@H](O)C1=CC=CC=C21)C(=O)C1CCCCC1,,1,1,3,Logistic Regression,Mordred
244,C/C(C(O)=O)=C(OC(C)=O)\C=C,,0,2,3,Logistic Regression,Mordred
260,C[C@H](CCCC(C)C)[C@@]1([H])CC[C@@]2([H])[C@]3([H])CC=C4C[C@@H](C)CC[C@]4(C)[C@@]3([H])CC[C@@]21C,,2,0,3,Logistic Regression,Mordred
277,O=C(C1=C2C=C(C)C=C1O)C3=C(C=CC=C3O)C2=O,,2,1,3,Logistic Regression,Mordred
282,CCOC(=O)[C@H](CC1=CNC2=CC=CC=C12)NC(C)=O,,2,2,3,Logistic Regression,Mordred
303,[H][C@@]12CCCC[C@]1([H])CN(C[C@@H](O)[C@H](CSC1=CC=CC=C1)NC(=O)C1=CC=CC(O)=C1C)[C@@H](C2)C(=O)NC(C)(C)C,,0,0,3,Logistic Regression,Mordred
305,COC1=CC(=CC=C1CC1=CN(C)C2=CC=C(NC(=O)OC3CCCC3)C=C12)C(=O)NS(=O)(=O)C1=CC=CC=C1C,,0,0,3,Logistic Regression,Mordred
307,CC(C)[C@H](NC(=O)N(C)CC1=CSC(=N1)C(C)C)C(=O)N[C@H](C[C@H](O)[C@H](CC1=CC=CC=C1)NC(=O)OCC1=CN=CS1)CC1=CC=CC=C1,,0,0,3,Logistic Regression,Mordred
308,OCCN(CCO)C1=NC2=C(N=C(N=C2N2CCCCC2)N(CCO)CCO)C(=N1)N1CCCCC1,,0,1,3,Logistic Regression,Mordred
325,C/C1=C\CC[C@@](C)(O)/C=C/[C@@H](C(C)C)CC1,,1,2,3,Logistic Regression,Mordred
327,CC1=C[C@@]([C@@H](C(C)C)CC[C@]2(O)C)([H])[C@]2([H])CC1,,1,2,3,Logistic Regression,Mordred
349,[H]N(C(C1=CC=C(O)C=C1)=O)/N=C/C2=CC=C([N+]([O-])=O)O2,,2,2,3,Logistic Regression,Mordred
369,O=C(NN)C1=CC=NC=C1,,0,2,3,Logistic Regression,Mordred
378,CC1=CCCC(C)(C)[C@@]12O[C@@H](C)CC2,,1,2,3,Logistic Regression,Mordred
380,O=C([C@@H]1CC[C@@H](C)C[C@H]1O)C,,0,2,3,Logistic Regression,Mordred
381,CC([C@@H]1CC[C@@H](C)C[C@H]1OC(C[C@@H](O)C)=O)C,,0,2,3,Logistic Regression,Mordred
382,CC([C@@H]1CC[C@@H](C)C[C@H]1OCCO)C,,0,2,3,Logistic Regression,Mordred
385,CC1(C)C[C@@H](C(O)=O)[C@H](C(C)C)CC1,,2,2,3,Logistic Regression,Mordred
390,[NH3+] [C@@H](CC([O-])=O)C(N[C@@H](CC1=CC=CC=C1)C(OC)=O)=O,,0,0,3,Logistic Regression,Mordred
425,O=C(SC(C)CC)CC(C)C,,0,2,3,Logistic Regression,Mordred
435,CC(C)C1=CC=C([C@]23[C@@](CC4=O)([H])C(C)(C)[C@@H](CC3)OC2=O)C4=C1,,2,2,3,Logistic Regression,Mordred
437,CC(C)C1=CC=C([C@@]2(C)[C@@](CC3=O)([H])C(C)(C)C(CC2)=O)C3=C1,,2,2,3,Logistic Regression,Mordred
5,CC1(C)CCC[C@@]2(C)[C@H]1CC[C@]3(C)[C@@H]2CCO3,,1,2,4,Logistic Regression,Mordred
8,CC1=CC(C(C)(C)[C@H](C)CC2(C)C)=C2C=C1C(C)=O,,1,1,4,Logistic Regression,Mordred
11,CCC[C@H](SC(C1=CC(Br)=CC=C1)=O)CCOC(C2=CC(Br)=CC=C2)=O,,1,1,4,Logistic Regression,Mordred
21,O[C@H](/C=C/C#CC#CC1=CN(CC2=CC=CC=C2)N=N1)[C@H](O3)[C@@H]3[C@H](O)[C@H]4OC(CC4)=O,,2,2,4,Logistic Regression,Mordred
22,IC1=C(C(C)(C)OSC(F)(F)F)C=CC=C1,,1,1,4,Logistic Regression,Mordred
24,C[C@H]1C[C@@H](OC(C)=O)[C@H](C(C)C)CC1,,2,1,4,Logistic Regression,Mordred
26,CC1=C(C)[C@@]([C@@]2=C(O)C=CC(C)=C2C)=C(O)C=C1,,1,1,4,Logistic Regression,Mordred
32,NC1=C2C(C=CC=N2)=CC=C1,,1,2,4,Logistic Regression,Mordred
41,O=C1C(C2CCC(NC2=O)=O)C(C3=CC=CC=C31)=O,,2,1,4,Logistic Regression,Mordred
42,CC1=C(C(OC)=O)C(C(C(OC)=O)=C(C)N1)C2=C([N+]([O-])=O)C=CC=C2,,2,1,4,Logistic Regression,Mordred
46,CN(C)CCCN1C(C=CC=C2)=C2CCC3=C1C=CC=C3,,2,2,4,Logistic Regression,Mordred
55,O=CC1=CC=C([N+]([O-])=O)C=C1,,1,1,4,Logistic Regression,Mordred
63,CC(C(C)(C)O1)(C)OB1[C@@H](CCCCC)[C@H](B2OC(C)(C)C(C)(C)O2)C,,1,1,4,Logistic Regression,Mordred
64,CC(C(C)(C)O1)(C)OB1[C@@H](CCCCC)[C@@H](B2OC(C)(C)C(C)(C)O2)C,,1,1,4,Logistic Regression,Mordred
67,O[C@H]1CCC2=C(OC)C=CC=C2[C@H]1C(OC)=O,,1,2,4,Logistic Regression,Mordred
91,CC1=C[C@H](O)C(Br)C(C)(C)[C@]12CCC(C)(Cl)C(Br)C2,,1,1,4,Logistic Regression,Mordred
102,CC[C@@H](O1)[C@@H](Br)C[C@]1([H])[C@@]2([H])O[C@@H](C/C=C\C3=CN(CC(NC4=CC=CC=C4)=O)N=N3)[C@H](Br)C2,,1,0,4,Logistic Regression,Mordred
104,BrC1=C[C@@]([H])(OC)[C@](O2)(C)[C@]3(C[C@]2([H])[C@](Cl)(C)CC3)C1(C)C,,1,1,4,Logistic Regression,Mordred
109,[H]C(/C=C/C1=CC=CC=C1)=O,,1,1,4,Logistic Regression,Mordred
111,C12=CC=CC=C1C=CC=C2,,1,1,4,Logistic Regression,Mordred
114,OC1=C(OC)C=C(C=O)C=C1,,2,1,4,Logistic Regression,Mordred
118,CN1C=NC(C(F)(F)F)=C1C(OC)=O,,1,1,4,Logistic Regression,Mordred
119,CN1C(C(F)(F)F)=C([N+]([O-])=O)C=C1C(OC)=O,,1,1,4,Logistic Regression,Mordred
122,C[C@H]1C[C@@H](O)[C@H](C(C)C)CC1,,1,0,4,Logistic Regression,Mordred
124,C[C@H]1C[C@H](O)[C@H](C(C)C)CC1,,1,0,4,Logistic Regression,Mordred
128,C[C@@]12CC[C@H](C(C)(C)O2)CC1,,1,2,4,Logistic Regression,Mordred
142,CCN(CC)CC(=O)NC1=C(C)C=CC=C1C,,2,2,4,Logistic Regression,Mordred
145,O=C7OCC=6C(=O)N2C(\c1nc5c(c(c1C2)CC)cc(OC(=O)N4CCC(N3CCCCC3)CC4)cc5)=C/C=6[C@@]7(O)CC,,0,0,4,Logistic Regression,Mordred
149,O2C1(CCC(CC1)C2(C)C)C,,2,2,4,Logistic Regression,Mordred
150,O[C@H]1[C@H](C(C)C)CC[C@@H](C)C1,,2,0,4,Logistic Regression,Mordred
152,O(c1ccc(\C=C\C)cc1)C,,2,1,4,Logistic Regression,Mordred
161,O=C1C(C)=C2O[C@]3(C)CCC4C(C)(C)[C@@H](O)CC[C@]4(C)[C@@]3([H])C[C@@]2(C)C(C)=C1C(OC)=O,,2,2,4,Logistic Regression,Mordred
164,CC1(C)CC[C@]2(C)C[C@@]34[C@@H](C)CC[C@@H](O)[C@]3(C)CC[C@H]4[C@@]21[H],,2,2,4,Logistic Regression,Mordred
181,O[C@@H]1[C@@H](NCC2=CC=CC=C2)CCC1,,2,2,4,Logistic Regression,Mordred
184,O[C@@H]1CCCC[C@H]1NCC2=CC=CC=C2,,2,2,4,Logistic Regression,Mordred
187,C/C(C)=C/CC/C(C)=C/CO,,0,0,4,Logistic Regression,Mordred
188,C/C(C)=C/CC/C(C)=C/CC/C(C)=C/CO,,0,2,4,Logistic Regression,Mordred
193,O=C1C(C(OC)=O)=C(C)C(C)=C2O[C@@]3(C)CC[C@@]4([H])C(C)(C)[C@@H](O)CC[C@]4(C)[C@]3([H])C[C@@]21C,,2,2,4,Logistic Regression,Mordred
194,O=C1C(C(OC)=O)=C(C)[C@]2(C)C(O[C@]([C@]3(C)[C@](CC[C@H](O)C4)(C)[C@@]4([H])CC3)([H])C2)=C1C,,2,2,4,Logistic Regression,Mordred
198,O=C1CCCCC/C=C/CCCCCCCCO1,,0,1,4,Logistic Regression,Mordred
199,O=C1CCCCC/C=C\CCCCCCCCO1,,0,1,4,Logistic Regression,Mordred
211,CC([C@H]12)=CC[C@]32[C@]1([H])[C@H](C(C)C)CC[C@H]3C,,0,1,4,Logistic Regression,Mordred
213,CC(C12)=CC[C@@]3([H])C1[C@H](C(C)C)CC[C@@]32C,,0,2,4,Logistic Regression,Mordred
217,CC1=CC=C(CO)C=C1OCCCC(C)(C)C(O)=O,,2,2,4,Logistic Regression,Mordred
236,[H][C@]12CN(CC(=O)N1CCC1=CC=CC=C21)C(=O)[C@H]1CC[C@H](O)CC1,,1,1,4,Logistic Regression,Mordred
237,[H][C@]12CN(CC(=O)N1CCC1=CC=CC=C21)C(=O)[C@@H]1CC[C@H](O)CC1,,1,1,4,Logistic Regression,Mordred
240,OC12CN(CC(=O)N1CCC1=CC=CC=C21)C(=O)C1CCCCC1,,1,1,4,Logistic Regression,Mordred
241,O[C@]12CN(CC(=O)N1CCC1=CC=CC=C21)C(=O)C1CCCCC1,,1,1,4,Logistic Regression,Mordred
242,OC1=CC=C(NC(C)=O)C=C1,,0,2,4,Logistic Regression,Mordred
251,O[C@@H]1[C@@H](O)[C@H](O)[C@@H](CO)O[C@H]1OC2=CC=CC=C2CO,,0,0,4,Logistic Regression,Mordred
275,O=C(C1=C2C=C(C)C=C1O)C3=C(C=C(O)C=C3O)C2=O,,0,2,4,Logistic Regression,Mordred
281,C[C@@H](C1=C2C[C@H](O)[C@H]3[C@@]4(C)CCC(C(C)(C)[C@@H]4CC[C@]3(C)[C@@]2(C)CC1)=O)C[C@H](O)[C@@H](O)C(C)(O)C,,0,2,4,Logistic Regression,Mordred
283,COC(=O)[C@@H](N)CC1=CNC2=CC=CC=C12,,2,2,4,Logistic Regression,Mordred
293,CN1C(C(=O)NC2=NC=C(C)S2)=C(O)C2=C(C=CC=C2)S1(=O)=O,,0,2,4,Logistic Regression,Mordred
312,BrC1(CC2(Br)C3)CC(C2)(Br)CC3(Br)C1,,2,1,4,Logistic Regression,Mordred
344,O=C1[C@@H](CCCCCC)[C@H](C[C@H](CCCCCCCCCCC)OC([C@H](CC(C)C)NC=O)=O)O1,,2,0,4,Logistic Regression,Mordred
356,FC1=CC2=C(C=C1)C(C3CCN(CCC4=C(C)N=C5N(CCCC5)C4=O)CC3)=NO2,,2,0,4,Logistic Regression,Mordred
357,CN1CCN(CC1)S(=O)(C2=CC(C3=NC4=C(C(N3)=O)N(N=C4CCC)C)=C(OCC)C=C2)=O,,1,0,4,Logistic Regression,Mordred
363,ClC1=C(NC2=CC=CC=C2CC(O)=O)C(Cl)=CC=C1,,0,2,4,Logistic Regression,Mordred
384,CC1(C)C[C@@H](C(NC2=CC=C(CC#N)C=C2)=O)[C@H](C(C)C)CC1,,0,2,4,Logistic Regression,Mordred
3,C[C@@H]1CCC=C(CC/2)[C@@]1(C)CC2=C(C)\CO,,2,2,5,Logistic Regression,Mordred
6,C[C@@]1(CC2)[C@]3(O)C(C)(C)[C@H]2C[C@H]1[C@@H](C)CC3,,2,1,5,Logistic Regression,Mordred
10,C[C@@](CC[C@H](Br)C(Br)(C)C)(Br)[C@H](Br)CO,,1,1,5,Logistic Regression,Mordred
14,CCCCNc1ccc(cc1)C(=O)OCCN(C)C,,1,2,5,Logistic Regression,Mordred
15,CCCCCC=CCC=CCC=CCC=CCCCC(=O)OCC,,2,0,5,Logistic Regression,Mordred
19,CC1=C(NC(CN(CC)CC)=O)C(C)=CC=C1,,2,2,5,Logistic Regression,Mordred
28,CC(C)C1=CC=C2C(C=CC=C2)=[C@]1[C@]3=CSC(C)=C3C,,1,1,5,Logistic Regression,Mordred
30,C12=CC=CC=C1N=C3N2CC/C=C/CCN4C5=C(C=CC=C5)N=C34,,1,1,5,Logistic Regression,Mordred
37,NC1=CC=C(S(C2=CC=C(N)C=C2)(=O)=O)C=C1,,2,1,5,Logistic Regression,Mordred
54,NC1=C(C(C)C)C=CC=C1C(C)C,,1,2,5,Logistic Regression,Mordred
60,COC1=CC=C(/C=C/C)C=C1,,1,2,5,Logistic Regression,Mordred
74,C1C[C@H]2OOC(C1)O2,,1,1,5,Logistic Regression,Mordred
77,Clc1cccc(Cl)c1,,1,1,5,Logistic Regression,Mordred
87,CC1(C)C(Br)C[C@H]2O[C@@]2(C)[C@]13CC(Br)C(C)(Cl)CC3O,,1,1,5,Logistic Regression,Mordred
89,C[C@]1(Cl)CC2O[C@@]3(Br)[C@H](O)[C@H]4O[C@@]4(C)[C@]2(C[C@@H]1Br)C3(C)C,,1,1,5,Logistic Regression,Mordred
93,C/C1=C\CC(C)(C)/C=C/C/C(C)=C/CC1,,1,1,5,Logistic Regression,Mordred
94,C/C1=C\CC(C)(C)/C=C/CC2(C)C(O2)CC1,,1,1,5,Logistic Regression,Mordred
97,CC12C(O2)CC(C)(C)/C=C/CC(C)(O3)C3CC1,,1,1,5,Logistic Regression,Mordred
105,O=C(C(O)=C1)C2=CC=CC3=CC=CC1=C32,,1,1,5,Logistic Regression,Mordred
106,O=C(C(C1=CC=CC=C1)=C2)C3=CC=CC4=CC=CC2=C43,,1,1,5,Logistic Regression,Mordred
113,C1(/C=C/C2=CC=CC=C2)=CC=CC=C1,,2,1,5,Logistic Regression,Mordred
117,CN1C=NC([N+]([O-])=O)=C1C(F)(F)F,,1,1,5,Logistic Regression,Mordred
125,C[C@H](CC[C@@H]1C(C)C)CC1=O,,1,1,5,Logistic Regression,Mordred
130,CC#[N][Pd]1(Br)C2=CC=CC3=C2C([N]1=CC=C4)=C4C5=CC=CC=C53,,1,1,5,Logistic Regression,Mordred
134,O=C1C=CC2(C)C(C(OC(C3C)=O)C3CC2)=C1C,,2,1,5,Logistic Regression,Mordred
153,C[C@@]12C(C)(C)[C@@H](CC1=O)CC2,,2,1,5,Logistic Regression,Mordred
154,CC1(C)[C@H]2C[C@@H]1CC=C2C,,2,1,5,Logistic Regression,Mordred
158,C1=CC=CC2=C1C3C(CC2)C(C(O3)=O)=C,,1,1,5,Logistic Regression,Mordred
160,O=C(N[C@H](CO)C1)[C@H](C(C)C)SC2=C1C3=CC=CC=C3N2,,2,2,5,Logistic Regression,Mordred
162,C/C([C@@H]1[C@@](CCCC2=C(C)OC(OC)=CC2=O)(O1)C)=C\C3=CC=C([N+]([O-])=O)C=C3,,2,2,5,Logistic Regression,Mordred
168,COC1=C(OC)C=C(OC)C(/C=C/C)=C1,,1,1,5,Logistic Regression,Mordred
171,COC1=CC=C2C(C(CC(O)=O)C(C)N2C(C3=CC=C(Cl)C=C3)=O)=C1,,2,2,5,Logistic Regression,Mordred
172,CC(OC1=CC=CC=C1C(NC2=NC=C([N+]([O-])=O)S2)=O)=O,,2,2,5,Logistic Regression,Mordred
182,O[C@H]1[C@H](NCC2=CC=CC=C2)CCC1,,2,2,5,Logistic Regression,Mordred
191,O=C(OC)C1=C(C)C(C)=C2O[C@]3(C)CC[C@@]4([H])C(C)(C)[C@@H](O)CC[C@]4(C)[C@@]3([H])C[C@@]2(C)C1=O,,2,2,5,Logistic Regression,Mordred
215,CCCC(S)CCO,,0,0,5,Logistic Regression,Mordred
220,CC1=CC=C(C)C(OCCCC(C)(C)C(OC2OC(C(O)=O)C(O)C(O)C2O)=O)=C1,,0,0,5,Logistic Regression,Mordred
235,[H][C@]12CN(CC(=O)N1CCC1=CC=CC=C21)C(=O)C1CCCCC1,,1,1,5,Logistic Regression,Mordred
238,[H][C@]12CN(CC(=O)N1CCC1=CC(O)=CC=C21)C(=O)C1CCCCC1,,1,1,5,Logistic Regression,Mordred
246,NC(C1=CC=CC=C1OCC)=O,,2,2,5,Logistic Regression,Mordred
248,CN1C(C)C(C(C)C)C(N1C2=CC=CC=C2)=O,,2,2,5,Logistic Regression,Mordred
256,O[C@@H]1[C@@H](O)[C@H](O)[C@@H](CO)O[C@H]1C2=C(OC=C(C3=CC=C(O)C=C3)C4=O)C4=CC=C2O,,0,0,5,Logistic Regression,Mordred
267,O=C1OC2=CC3=C(C=CO3)C(O/C=C/C(C)C)=C2C=C1,,0,2,5,Logistic Regression,Mordred
286,COC1=CC2=C(C=C1OC)C(=O)C(CC1CCN(CC3=CC=CC=C3)CC1)C2,,1,2,5,Logistic Regression,Mordred
289,COC1=CC=C2C=C3C4=C(CC[N+]3=CC2=C1OC)C=C1OCOC1=C4,,0,1,5,Logistic Regression,Mordred
297,CC(C)CN1C=NC2=C(N)N=C3C=CC=CC3=C12,,0,2,5,Logistic Regression,Mordred
298,CC1=CN=C(C=N1)C(=O)NCCC1=CC=C(C=C1)S(=O)(=O)NC(=O)NC1CCCCC1,,0,0,5,Logistic Regression,Mordred
299,CC(=O)N1CCN(CC1)C1=CC=C(OC[C@H]2CO[C@@](CN3C=CN=C3)(O2)C2=C(Cl)C=C(Cl)C=C2)C=C1,,0,1,5,Logistic Regression,Mordred
333,CC1=C(C(OC)=O)C(C2=C([N+]([O-])=O)C=CC=C2)=C(C(OC)=O)C(C)=N1,,1,2,5,Logistic Regression,Mordred
351,CN(C)CCCN(C(C=CC=C1)=C1CC2)C3=C2C=CC=C3,,0,2,5,Logistic Regression,Mordred
373,COC1=CC=C(C=C1)C2=COC3=C(C2=O)C=CC(=C3)OC,,2,1,5,Logistic Regression,Mordred
374,CC1OC2(C(C)=CCCC2(C)C)CC1,,2,1,5,Logistic Regression,Mordred
398,O=C1CCC(C1C/C=C\CC)CC(OC)=O,,2,0,5,Logistic Regression,Mordred
400,CC(C1CCC(C=O)=CC1)=C,,1,1,5,Logistic Regression,Mordred
403,CC(C)[C@@H]1CC[C@@]([C@@H](C1)C(=C)C)(C)C=C,,0,0,5,Logistic Regression,Mordred
409,CC1(C=C)C(C(C)C)CC(C(C)C)CC1,,0,1,5,Logistic Regression,Mordred
413,C[C@@]1(CCC2)CC[C@@H](C(C)C)C[C@@]1([H])C2=C,,0,0,5,Logistic Regression,Mordred
428,CC(S)CC(OCC)=O,,0,0,5,Logistic Regression,Mordred
434,CC(C)C1=CC=C([C@]23[C@@](C[C@@H]4O)([H])C(C)(C)[C@@](O)(CC3)OC2)C4=C1,,2,2,5,Logistic Regression,Mordred
440,CC1=C2C(C(OC2)=O)=C(C(C/C=C(C)/CCC(OCCN3CCOCC3)=O)=C1OC)O,,0,0,5,Logistic Regression,Mordred
1,O=C1C[C@@H](C)[C@]2(C)CC(CCC2=C1)=C(C)C,,1,1,1,SVM,Mordred
12,CC(C)[C@H]1[C@H]2[C@](CC1)(C)[C@H]3[C@@H]2C(CBr)=CC3,,1,1,1,SVM,Mordred
18,O=C(N[C@H](C(N[C@@H](C1=CC=CC=C1)C(OC(C)(C)C)=O)=O)C)CC2=CC(F)=CC(F)=C2,,2,0,1,SVM,Mordred
20,O[C@H](/C=C\C#CC#CC1=CN(CC2=CC=CC=C2)N=N1)[C@H](O3)[C@@H]3[C@H](O)[C@H]4OC(CC4)=O,,2,2,1,SVM,Mordred
25,CC1=C(C)[C@]([C@]2=C(O)C=CC(C)=C2C)=C(O)C=C1,,1,1,1,SVM,Mordred
27,CC(C)C1=CC=C2C(C=CC=C2)=[C@@]1[C@@]3=CSC(C)=C3C,,1,1,1,SVM,Mordred
29,C12=CC=CC=C1N3C(C4=NC5=C(C=CC=C5)N4CC/C=C/CC3)=N2,,1,1,1,SVM,Mordred
34,CC1=CC=CC(C)=C1NC(CN(CC)CC)=O,,1,2,1,SVM,Mordred
40,ClC1=CC=C2C(N(CCCN(C)C)C(C=CC=C3)=C3S2)=C1,,2,2,1,SVM,Mordred
43,ClC1=C([C@@H](C(OC)=O)N2CCC(SC=C3)=C3C2)C=CC=C1,,2,1,1,SVM,Mordred
44,O=C(C(C)=C1)NC(N1[C@@H]2O[C@H](CO)[C@@H](N=[N+]=[N-])C2)=O,,2,2,1,SVM,Mordred
48,CN(CCC1)[C@@H]1C2=CC=CN=C2,,0,2,1,SVM,Mordred
51,O=C(C=C(C1=CC(OC)=C(OC)C=C1)O2)C3=C2C(OC)=C(OC)C(OC)=C3OC,,1,1,1,SVM,Mordred
52,O=C(C=C(C1=CC=C(OC)C=C1)O2)C3=C2C(OC)=C(OC)C(OC)=C3OC,,1,1,1,SVM,Mordred
58,BrC1=CC2=CC=CC=C2C3=C1C=CC=C3,,1,1,1,SVM,Mordred
61,CC(O[C@H]1[C@H](C(C)C)CC[C@@H](C)C1)=O,,1,2,1,SVM,Mordred
69,CC1CCCC2(C1CC(CC2)C(C)C)C,,1,0,1,SVM,Mordred
78,N#Cc1ccccc1,,1,1,1,SVM,Mordred
84,C[C@]12OC(=O)C(=C)[C@H]1CC(=O)C=C2,,1,1,1,SVM,Mordred
88,Cc1cc(O)c(cc1Br)[C@]2(C)CC[C@@H]3C[C@]23C,,1,1,1,SVM,Mordred
95,CC12C(O2)CC(C)(C)/C=C/C/C(C)=C/CC1,,1,1,1,SVM,Mordred
96,C/C1=C\CC(C)(C)C(O2)C2C/C(C)=C/CC1,,1,1,1,SVM,Mordred
98,CC12C(O2)CC(C)(C)C(O3)C3CC(C)(O4)C4CC1,,1,1,1,SVM,Mordred
99,CC1(C)C/C=C(C)/CC/C=C(C=O)/C/C=C/1,,1,1,1,SVM,Mordred
103,BrC1=C[C@]([H])(OC)[C@](O2)(C)[C@]3(C[C@]2([H])[C@](Cl)(C)CC3)C1(C)C,,1,1,1,SVM,Mordred
135,O=C1C(N(C)C)=C(C)N(C)N1C2=CC=CC=C2,,2,1,1,SVM,Mordred
137,FC(F)(F)C1=CC=C(OC(C2=CC=CC=C2)CCNC)C=C1,,2,1,1,SVM,Mordred
138,O=C(OC)[C@@H](N1CCC(SC=C2)=C2C1)C3=C(Cl)C=CC=C3,,2,1,1,SVM,Mordred
140,O=C1C2=C(N=CC=C2)N(C3CC3)C4=C(C(C)=CC=N4)N1,,2,2,1,SVM,Mordred
143,Cc1ccc(cc1Nc2nccc(n2)c3cccnc3)NC(=O)c4ccc(cc4)CN5CCN(CC5)C,,0,0,1,SVM,Mordred
144,O=C1N(/N=C\N1c2ccc(cc2)N7CCN(c6ccc(OCC3C[C@@](OC3)(c4ccc(F)cc4F)Cn5ncnc5)cc6)CC7)[C@@H](CC)[C@@H](O)C,,0,0,1,SVM,Mordred
159,O=C(O)C1=C(OC(C)=O)C=CC=C1,,2,2,1,SVM,Mordred
178,N=C(N(C)C)N(C)C,,2,0,1,SVM,Mordred
180,C12=NCCCN1CCCCC2,,2,0,1,SVM,Mordred
185,O[C@H]1CCCCC[C@@H]1NCC2=CC=CC=C2,,2,2,1,SVM,Mordred
203,OC(=O)c1ccccc1Nc2cccc(c2)C(F)(F)F,,0,2,1,SVM,Mordred
204,C[C@@]1(C2(C)C)CC[C@H]2C[C@H]1O,,0,2,1,SVM,Mordred
206,O=C1O[C@H](CCCCC)CCC1,,0,2,1,SVM,Mordred
221,CCCC[C@@H](Br)[C@]1(C)CCCC=C1,,1,0,1,SVM,Mordred
223,COC([C@H](O)[C@@H](O)C(OC)=O)=O,,1,0,1,SVM,Mordred
224,CC1=CC=C(S(N)=O)C=C1,,1,2,1,SVM,Mordred
225,OC(C)C1=CC=C(Br)C=C1,,1,1,1,SVM,Mordred
226,CC(C)[C@@H]1Sc2[nH]c3ccccc3c2C[C@@H](CO)NC1=O,,2,2,1,SVM,Mordred
249,CCN(CC)C1=CC=C2C(OC(C(C3=NC4=C(C=CC=C4)S3)=C2)=O)=C1,,2,2,1,SVM,Mordred
278,O=C1C[C@@H](C2=CC=CC=C2)OC3=CC=CC=C31,,0,2,1,SVM,Mordred
285,C\C(\C=C1/SC(=S)N(CC(O)=O)C1=O)=C/C1=CC=CC=C1,,2,0,1,SVM,Mordred
287,ClC1=C(Cl)C(=CC=C1)N1CCN(CCCCOC2=CC3=C(CCC(=O)N3)C=C2)CC1,,1,0,1,SVM,Mordred
290,C\N=C(\NCCSCC1=C(C)NC=N1)NC#N,,0,0,1,SVM,Mordred
291,ClC1=C(NC2=NCCN2)C2=NSN=C2C=C1,,0,0,1,SVM,Mordred
296,CC1(C)SC2[C@H](NC(=O)CC3=CC=CC=C3)C(=O)N2[C@H]1C(O)=O,,0,0,1,SVM,Mordred
322,O=C(C1=C(S(=O)(NC(NC2=NC(OC)=CC(OC)=N2)=O)=O)N(C)N=C1Cl)OC,,2,0,1,SVM,Mordred
326,CC(CC1)=C[C@@]2([H])C1=C(C)CC[C@@H]2C(C)C,,2,0,1,SVM,Mordred
328,CC1=C[C@@]([C@@H](C(C)C)CC[C@]2(O)C)([H])[C@@]2([H])CC1,,2,1,1,SVM,Mordred
329,CC1=C[C@@]([C@@H](C(C)C)CC[C@@]2(O)C)([H])[C@]2([H])CC1,,2,1,1,SVM,Mordred
332,ClC1=CC(N2CCCN(C)C)=C(C=C1)SC3=C2C=CC=C3,,2,2,1,SVM,Mordred
339,COC1=C2O[C@@H]3[C@]45C2=C(C=C1)C[C@@H](N(CC5)C)[C@]4([H])C=C[C@@H]3O,,1,1,1,SVM,Mordred
360,O=S(CC1=NC=C(C(OC)=C1C)CO)C2=NC3=C(N2)C=CC(OC)=C3,,0,2,1,SVM,Mordred
386,O[C@@H]1C[C@H](C)CC[C@H]1C(C)=O,,0,0,1,SVM,Mordred
439,O=C1NC2=C(N1CCCN3CCC(CC3)N4C(NC5=CC(Cl)=CC=C54)=O)C=CC=C2,,0,2,1,SVM,Mordred
448,CO[C@H]1[C@@H](C[C@@H]2CN3CCC4=C([C@H]3C[C@@H]2[C@@H]1C(=O)OC)NC5=C4C=CC(=C5)OC)OC(=O)C6=CC(=C(C(=C6)OC)OC)OC,,0,0,1,SVM,Mordred
2,CC1=CC(C[C@@H](C)[C@]1(C2)CCC2=C(C)C)=O,,1,1,2,SVM,Mordred
4,O=C(CCCCCCCCCCC1)OCCOC1=O,,1,0,2,SVM,Mordred
13,C[C@@]1(O)[C@@H](Br)C[C@H](C(C)=C)CC1,,1,1,2,SVM,Mordred
16,CC1(C)[C@@H]2[C@H]1CC=C(C)C2,,1,1,2,SVM,Mordred
31,O=C1N(C)C(C(N(C)C=N2)=C2N1C)=O,,1,1,2,SVM,Mordred
35,CNCCC(OC1=CC=C(C(F)(F)F)C=C1)C2=CC=CC=C2,,1,2,2,SVM,Mordred
36,COC1=CC=C2C(NC(S(CC3=C(C)C(OC)=C(C)C=N3)=O)=N2)=C1,,2,0,2,SVM,Mordred
38,O=C(OCCN(C)C)C1=CC=C(NCCCC)C=C1,,2,2,2,SVM,Mordred
47,ClC1=CC=C(NC(O[C@]2(C#CC3CC3)C(F)(F)F)=O)C2=C1,,2,1,2,SVM,Mordred
49,CC1=C2C(C=C1)=C(C)C=CC(C(C)C)=C2,,1,1,2,SVM,Mordred
53,O=C(C(OC)=C(C1=CC(OC)=C(OC)C=C1)O2)C3=C2C(OC)=C(OC)C(OC)=C3OC,,1,1,2,SVM,Mordred
62,CC(C(C)(C)O1)(C)OB1C(B2OC(C)(C)C(C)(C)O2)CCC3=CC=CC=C3,,1,1,2,SVM,Mordred
65,O=C(C(C#N)=C1)C=C(C1(C#C)C2)C3=C2C=CC=C3,,1,1,2,SVM,Mordred
71,C1OOC(O1)c2ccccc2,,1,1,2,SVM,Mordred
73,O1O[C@H](O[C@@H]1c2ccccc2)c3ccccc3,,1,1,2,SVM,Mordred
75,c1ccccc1,,1,1,2,SVM,Mordred
81,Fc1ccc(F)cc1,,1,1,2,SVM,Mordred
82,CN1C[C@@](C)(c2ccccc2)[C@@]3(C)[C@@H]1N(C)c4ccccc34,,1,1,2,SVM,Mordred
83,C[C@@]12OC(=O)C(=C)[C@]1(C)CC(=O)C=C2,,1,1,2,SVM,Mordred
86,CCOC(=O)\C=C\1/C[C@@](N1S(=O)(=O)c2ccc(C)cc2)(C(=O)OCC)c3ccccc3C,,1,2,2,SVM,Mordred
90,C[C@]1(Cl)CC2O[C@@]3(C)C=C[C@@](C)(O)[C@]2(C[C@@H]1Br)C3(C)C,,1,1,2,SVM,Mordred
100,CC1(C)/C=C/C/C(C=O)=C\CC/C(C=O)=C\C1,,1,1,2,SVM,Mordred
110,N#CCC1=CC=CC=C1,,1,1,2,SVM,Mordred
115,[N-]=[N+]=NC1=CC=C(C(F)(F)F)C=C1,,2,1,2,SVM,Mordred
116,C[C@@](O1)(OO2)CC[C@]3([H])[C@]2([C@]1([H])O4)[C@](CC[C@H]3C)([H])[C@@H](C)C4=O,,2,1,2,SVM,Mordred
120,CC1=CC[C@H](C(C)=C)CC1,,1,1,2,SVM,Mordred
123,C[C@H](CC[C@H]1C(C)C)CC1=O,,1,1,2,SVM,Mordred
129,IC1=C(C(OSC(F)(F)F)(C)C)C=CC=C1,,1,1,2,SVM,Mordred
133,OC(C=C1)=CC=C1C2COC3=CC(O)=CC=C3C2=O,,0,2,2,SVM,Mordred
141,CN3[C@H]1CC[C@@H]3C[C@@H](C1)OC(=O)C(CO)c2ccccc2,,2,2,2,SVM,Mordred
146,CCOc2nc1cccc(C(=O)O)c1n2Cc5ccc(c3ccccc3c4nn[nH]n4)cc5,,0,0,2,SVM,Mordred
151,C[C@@H]1CC[C@H]([C@@H](C1)OC(=O)C)C(C)C,,2,1,2,SVM,Mordred
163,O[C@H](C1)CC[C@@]2(C)C1=CC[C@]3([H])[C@]2([H])CC[C@@]4([H])[C@@]3([H])C[C@H](O)[C@]4([H])[C@H](C)[C@@H](O)CCC(C)C,,2,2,2,SVM,Mordred
165,[H][C@@]1(CO2)[C@](CO[C@@H]1C3=CC(OCO4)=C4C=C3)([H])[C@@H]2C5=CC(OCO6)=C6C=C5,,1,1,2,SVM,Mordred
166,COC1=C(OC)C=C(OC)C(/C=C\C)=C1,,1,1,2,SVM,Mordred
173,CC(C(O)=O)C1=CC=C(CC(C)C)C=C1,,2,2,2,SVM,Mordred
174,O[C@@H]1CCCC[C@H]1NC2CC2,,2,1,2,SVM,Mordred
176,CN(C)C1CCCCC1,,2,1,2,SVM,Mordred
179,N=C(NC1=CC=CC=C1)NC2=CC=CC=C2,,2,2,2,SVM,Mordred
195,OC(=O)c1ccc(O)cc1,,2,1,2,SVM,Mordred
196,CC1=C(/C=C/C(C)=C/C=C/C(C)=C/C=C/C=C(C)/C=C/C=C(C)/C=C/C2=C(C)CCCC2(C)C)C(C)(C)CCC1,,0,0,2,SVM,Mordred
209,CC(C)C1CC[C@]2(C)[C@@]1([H])[C@]3([H])[C@@]2([H])CCC3=C,,0,1,2,SVM,Mordred
218,CC1=C(O)C=C(C)C(OCCCC(C)(C)C(O)=O)=C1,,2,2,2,SVM,Mordred
219,CC1=CC=C(C(O)=O)C=C1OCCCC(C)(C)C(O)=O,,0,2,2,SVM,Mordred
227,COC(=O)C1=C(C)[C@]2(C)C[C@H]3[C@@](C)(CC[C@H]4C(C)(C)[C@@H](O)CC[C@]34C)OC2=C(C)C1=O,,2,2,2,SVM,Mordred
231,COCC(=O)N([C@H](C)C(=O)OC)c1c(C)cccc1C,,2,2,2,SVM,Mordred
284,CC(C)NCC(O)COC1=CC=CC2=CC=CC=C12,,2,2,2,SVM,Mordred
288,O=C1C2=CC=CC=C2C(=O)C2=C1C=CC1=C2NC2=C(N1)C1=C(C=C2)C(=O)C2=C(C=CC=C2)C1=O,,0,0,2,SVM,Mordred
309,CC[C@H]1OC(=O)[C@H](C)[C@H](C[C@@H](O[C@@H]2O[C@H](C)C[C@@H]([C@H]2O)N(C)C)[C@](C)(O)C[C@@H](C)C(=O)[C@H](C)[C@@H](C)[C@]1(C)O)O[C@H]1C[C@@](C)(OC)[C@@H](O)[C@H](C)O1,,0,0,2,SVM,Mordred
318,O=C(CC(C(C)1C)CC2)C21CS(=O)(O)=O,,0,1,2,SVM,Mordred
324,C[C@@H]1[C@]2([C@@]3([H])[C@](C)(O)CC2)[C@@]3([H])[C@@H](C(C)C)CC1,,2,1,2,SVM,Mordred
345,COC1=C(C(C(C(O)=C([C@@H](O)C[C@@](C(CO)=O)(O)C2)C2=C3O)C3C4=O)=O)C4=CC=C1,,0,0,2,SVM,Mordred
366,COC1=C(C2=CC=C1)C(C(C3C2=O)C(O)=C4[C@H](C[C@@](O)(CC4=C3O)C(CO)=O)O[C@H]5C[C@H](N)[C@H](O)[C@H](C)O5)=O,,0,0,2,SVM,Mordred
372,NC(N1C2=C(C=CC=C2)C=CC3=C1C=CC=C3)=O,,2,1,2,SVM,Mordred
407,[H][C@@]12[C@](CC[C@@H](C(C)C)C2)(C)CCC[C@]1(O)C,,2,1,2,SVM,Mordred
417,C[C@@]12CC[C@@H](C(C)C)C[C@@]1([H])C(C)=CCC2,,0,1,2,SVM,Mordred
421,CC12C(CC(C(C)=C)CC2)=C(C)C(CC1)=O,,0,1,2,SVM,Mordred
432,C[C@@H]1CCCCCCCCCCCCC(=O)C1,,0,0,2,SVM,Mordred
436,CC(C)C1=CC=C([C@@]2(C)[C@@](CC3=O)([H])C(C)(C)[C@H](O)CC2)C3=C1,,2,2,2,SVM,Mordred
446,CC1=C(C2=C(CC[C@@](O2)(C)CCC[C@H](C)CCC[C@H](C)CCCC(C)C)C(=C1O)C)C,,0,2,2,SVM,Mordred
7,C=C1CC/C=C(C)/CC[C@@H]2[C@@H]1CC2(C)C,,1,0,3,SVM,Mordred
9,Br[C@@H](CO)[C@](CC[C@H](Br)C(Br)(C)C)(Br)C,,1,1,3,SVM,Mordred
17,CN1[C@H]2CC[C@@H]1C[C@H](OC(C(CO)C3=CC=CC=C3)=O)C2,,2,2,3,SVM,Mordred
39,ClC1=C(N)C=C(OC)C(C(NCCN(CC)CC)=O)=C1,,2,2,3,SVM,Mordred
45,OCC(C(OC1CC(N2C)CCC2C1)=O)C3=CC=CC=C3,,2,2,3,SVM,Mordred
50,O=C1[C@@H](C)[C@]([C@]2([H])O1)([H])CC[C@@](C2=C3C)(C)C=CC3=O,,1,2,3,SVM,Mordred
56,O=C/C=C/C1=CC=CC=C1,,1,1,3,SVM,Mordred
57,O=C([C@@]1(C2C34)[C@@H]3[C@H]5C4(C(OC)=O)C2[C@H]51)OC,,1,1,3,SVM,Mordred
68,O=C1CC[C@@]2(C)C(CCC([C@@](CC[C@@H]3O)([H])[C@]3(C)C4)[C@]2([H])C4=O)=C1,,1,2,3,SVM,Mordred
72,O1O[C@@H](O[C@@H]1c2ccccc2)c3ccccc3,,1,1,3,SVM,Mordred
76,Fc1ccc(C=O)cc1,,1,1,3,SVM,Mordred
79,O=CC1=CC=CC=C1,,1,1,3,SVM,Mordred
80,Fc1ccccc1,,1,1,3,SVM,Mordred
85,Cn1c2c(CC[C@@]2(C)C=C)c3ccccc13,,1,1,3,SVM,Mordred
92,CC1(Cl)CC[C@@]2(CC1Br)C(C)(C)C(=C[C@H]3O[C@@]23C)Br,,1,1,3,SVM,Mordred
101,CC[C@@H](O1)[C@@H](Br)C[C@]1([H])[C@@]2([H])O[C@@H](C/C=C\C#C)[C@H](Br)C2,,1,1,3,SVM,Mordred
107,C[C@@H](CC1)[C@@]2([H])[C@]1([H])[C@@]3(C)[C@]2([H])[C@@H](C(C)=C)CC3,,1,0,3,SVM,Mordred
108,O=C(C)C1=CC=CC=C1,,1,1,3,SVM,Mordred
112,C12=CC=CC=C1C=C3C(C=CC=C3)=C2,,1,1,3,SVM,Mordred
121,CC1=CC[C@@H]2C(C)(C)[C@H]1C2,,1,2,3,SVM,Mordred
127,C[C@H]1CC2=C(C(C)=CO2)CC1,,1,1,3,SVM,Mordred
131,BrC1=CC=CC2=C1C(N=CC=C3)=C3C4=C2C=CC=C4,,1,1,3,SVM,Mordred
132,COC(C=C1)=CC=C1C2COC3=CC(OC)=CC=C3C2=O,,2,0,3,SVM,Mordred
136,NC1=C(S(=O)(CC)=O)C=C(C(NCC2N(CC)CCC2)=O)C(OC)=C1,,2,2,3,SVM,Mordred
139,CN(C)CCCN1C2=C(C=CC=C2)CCC3=C1C=CC=C3,,2,2,3,SVM,Mordred
147,C[C@H]1[C@H]([C@H](C[C@@H](O1)O[C@H]2C[C@@](Cc3c2c(c4c(c3O)C(=O)c5cccc(c5C4=O)OC)O)(C(=O)CO)O)N)O,,0,0,3,SVM,Mordred
148,COc1ccccc1OCCNCC(O)COc3cccc4[nH]c2ccccc2c34,,0,0,3,SVM,Mordred
155,COc1ccc(C=O)cc1,,2,1,3,SVM,Mordred
156,C1=CC=CC2=C1C3C(CC2)[C@@H](C(O3)=O)C,,1,1,3,SVM,Mordred
177,NCCC1=CC=CC=C1,,2,2,3,SVM,Mordred
183,O[C@H]1CCCC[C@@H]1NCC2=CC=CC=C2,,2,2,3,SVM,Mordred
186,O[C@@H]1CCCCC[C@H]1NCC2=CC=CC=C2,,2,2,3,SVM,Mordred
189,CC1(C)C(C(CCC)=O)=C(C)CCC1,,0,1,3,SVM,Mordred
190,O=C(OC)C1=C(C)C(C)=C2O[C@]3(C)CC[C@@]4([H])C(C)(C)[C@@H](O)CC[C@]4(C)[C@@]3([H])C[C@]2(C)C1=O,,2,2,3,SVM,Mordred
192,CC1=C(C)C(C(OC)=O)=C2O[C@]3(C)CC[C@@]4([H])C(C)(C)[C@@H](O)CC[C@]4(C)[C@@]3([H])C[C@]2(C)C1=O,,2,2,3,SVM,Mordred
216,CC1=CC=C(C)C(OCCCC(C)(C)C(O)=O)=C1,,2,2,3,SVM,Mordred
222,O[C@@H](CCCl)C1=CC=CC=C1,,1,1,3,SVM,Mordred
234,CCC1=CC=CC(=C1N(C(C)COC)C(=O)CCl)C,,2,2,3,SVM,Mordred
239,[H][C@]12CN(CC(=O)N1C[C@@H](O)C1=CC=CC=C21)C(=O)C1CCCCC1,,1,1,3,SVM,Mordred
244,C/C(C(O)=O)=C(OC(C)=O)\C=C,,0,2,3,SVM,Mordred
260,C[C@H](CCCC(C)C)[C@@]1([H])CC[C@@]2([H])[C@]3([H])CC=C4C[C@@H](C)CC[C@]4(C)[C@@]3([H])CC[C@@]21C,,2,0,3,SVM,Mordred
277,O=C(C1=C2C=C(C)C=C1O)C3=C(C=CC=C3O)C2=O,,2,0,3,SVM,Mordred
282,CCOC(=O)[C@H](CC1=CNC2=CC=CC=C12)NC(C)=O,,2,2,3,SVM,Mordred
303,[H][C@@]12CCCC[C@]1([H])CN(C[C@@H](O)[C@H](CSC1=CC=CC=C1)NC(=O)C1=CC=CC(O)=C1C)[C@@H](C2)C(=O)NC(C)(C)C,,0,0,3,SVM,Mordred
305,COC1=CC(=CC=C1CC1=CN(C)C2=CC=C(NC(=O)OC3CCCC3)C=C12)C(=O)NS(=O)(=O)C1=CC=CC=C1C,,0,0,3,SVM,Mordred
307,CC(C)[C@H](NC(=O)N(C)CC1=CSC(=N1)C(C)C)C(=O)N[C@H](C[C@H](O)[C@H](CC1=CC=CC=C1)NC(=O)OCC1=CN=CS1)CC1=CC=CC=C1,,0,0,3,SVM,Mordred
308,OCCN(CCO)C1=NC2=C(N=C(N=C2N2CCCCC2)N(CCO)CCO)C(=N1)N1CCCCC1,,0,1,3,SVM,Mordred
325,C/C1=C\CC[C@@](C)(O)/C=C/[C@@H](C(C)C)CC1,,1,2,3,SVM,Mordred
327,CC1=C[C@@]([C@@H](C(C)C)CC[C@]2(O)C)([H])[C@]2([H])CC1,,1,2,3,SVM,Mordred
349,[H]N(C(C1=CC=C(O)C=C1)=O)/N=C/C2=CC=C([N+]([O-])=O)O2,,2,2,3,SVM,Mordred
369,O=C(NN)C1=CC=NC=C1,,0,2,3,SVM,Mordred
378,CC1=CCCC(C)(C)[C@@]12O[C@@H](C)CC2,,1,2,3,SVM,Mordred
380,O=C([C@@H]1CC[C@@H](C)C[C@H]1O)C,,0,2,3,SVM,Mordred
381,CC([C@@H]1CC[C@@H](C)C[C@H]1OC(C[C@@H](O)C)=O)C,,0,2,3,SVM,Mordred
382,CC([C@@H]1CC[C@@H](C)C[C@H]1OCCO)C,,0,2,3,SVM,Mordred
385,CC1(C)C[C@@H](C(O)=O)[C@H](C(C)C)CC1,,2,2,3,SVM,Mordred
390,[NH3+] [C@@H](CC([O-])=O)C(N[C@@H](CC1=CC=CC=C1)C(OC)=O)=O,,0,1,3,SVM,Mordred
425,O=C(SC(C)CC)CC(C)C,,0,1,3,SVM,Mordred
435,CC(C)C1=CC=C([C@]23[C@@](CC4=O)([H])C(C)(C)[C@@H](CC3)OC2=O)C4=C1,,2,2,3,SVM,Mordred
437,CC(C)C1=CC=C([C@@]2(C)[C@@](CC3=O)([H])C(C)(C)C(CC2)=O)C3=C1,,2,2,3,SVM,Mordred
5,CC1(C)CCC[C@@]2(C)[C@H]1CC[C@]3(C)[C@@H]2CCO3,,1,2,4,SVM,Mordred
8,CC1=CC(C(C)(C)[C@H](C)CC2(C)C)=C2C=C1C(C)=O,,1,1,4,SVM,Mordred
11,CCC[C@H](SC(C1=CC(Br)=CC=C1)=O)CCOC(C2=CC(Br)=CC=C2)=O,,1,2,4,SVM,Mordred
21,O[C@H](/C=C/C#CC#CC1=CN(CC2=CC=CC=C2)N=N1)[C@H](O3)[C@@H]3[C@H](O)[C@H]4OC(CC4)=O,,2,2,4,SVM,Mordred
22,IC1=C(C(C)(C)OSC(F)(F)F)C=CC=C1,,1,1,4,SVM,Mordred
24,C[C@H]1C[C@@H](OC(C)=O)[C@H](C(C)C)CC1,,2,1,4,SVM,Mordred
26,CC1=C(C)[C@@]([C@@]2=C(O)C=CC(C)=C2C)=C(O)C=C1,,1,1,4,SVM,Mordred
32,NC1=C2C(C=CC=N2)=CC=C1,,1,1,4,SVM,Mordred
41,O=C1C(C2CCC(NC2=O)=O)C(C3=CC=CC=C31)=O,,2,2,4,SVM,Mordred
42,CC1=C(C(OC)=O)C(C(C(OC)=O)=C(C)N1)C2=C([N+]([O-])=O)C=CC=C2,,2,2,4,SVM,Mordred
46,CN(C)CCCN1C(C=CC=C2)=C2CCC3=C1C=CC=C3,,2,2,4,SVM,Mordred
55,O=CC1=CC=C([N+]([O-])=O)C=C1,,1,1,4,SVM,Mordred
63,CC(C(C)(C)O1)(C)OB1[C@@H](CCCCC)[C@H](B2OC(C)(C)C(C)(C)O2)C,,1,1,4,SVM,Mordred
64,CC(C(C)(C)O1)(C)OB1[C@@H](CCCCC)[C@@H](B2OC(C)(C)C(C)(C)O2)C,,1,1,4,SVM,Mordred
67,O[C@H]1CCC2=C(OC)C=CC=C2[C@H]1C(OC)=O,,1,2,4,SVM,Mordred
91,CC1=C[C@H](O)C(Br)C(C)(C)[C@]12CCC(C)(Cl)C(Br)C2,,1,1,4,SVM,Mordred
102,CC[C@@H](O1)[C@@H](Br)C[C@]1([H])[C@@]2([H])O[C@@H](C/C=C\C3=CN(CC(NC4=CC=CC=C4)=O)N=N3)[C@H](Br)C2,,1,0,4,SVM,Mordred
104,BrC1=C[C@@]([H])(OC)[C@](O2)(C)[C@]3(C[C@]2([H])[C@](Cl)(C)CC3)C1(C)C,,1,1,4,SVM,Mordred
109,[H]C(/C=C/C1=CC=CC=C1)=O,,1,1,4,SVM,Mordred
111,C12=CC=CC=C1C=CC=C2,,1,1,4,SVM,Mordred
114,OC1=C(OC)C=C(C=O)C=C1,,2,1,4,SVM,Mordred
118,CN1C=NC(C(F)(F)F)=C1C(OC)=O,,1,1,4,SVM,Mordred
119,CN1C(C(F)(F)F)=C([N+]([O-])=O)C=C1C(OC)=O,,1,1,4,SVM,Mordred
122,C[C@H]1C[C@@H](O)[C@H](C(C)C)CC1,,1,1,4,SVM,Mordred
124,C[C@H]1C[C@H](O)[C@H](C(C)C)CC1,,1,1,4,SVM,Mordred
128,C[C@@]12CC[C@H](C(C)(C)O2)CC1,,1,1,4,SVM,Mordred
142,CCN(CC)CC(=O)NC1=C(C)C=CC=C1C,,2,2,4,SVM,Mordred
145,O=C7OCC=6C(=O)N2C(\c1nc5c(c(c1C2)CC)cc(OC(=O)N4CCC(N3CCCCC3)CC4)cc5)=C/C=6[C@@]7(O)CC,,0,0,4,SVM,Mordred
149,O2C1(CCC(CC1)C2(C)C)C,,2,1,4,SVM,Mordred
150,O[C@H]1[C@H](C(C)C)CC[C@@H](C)C1,,2,1,4,SVM,Mordred
152,O(c1ccc(\C=C\C)cc1)C,,2,1,4,SVM,Mordred
161,O=C1C(C)=C2O[C@]3(C)CCC4C(C)(C)[C@@H](O)CC[C@]4(C)[C@@]3([H])C[C@@]2(C)C(C)=C1C(OC)=O,,2,2,4,SVM,Mordred
164,CC1(C)CC[C@]2(C)C[C@@]34[C@@H](C)CC[C@@H](O)[C@]3(C)CC[C@H]4[C@@]21[H],,2,2,4,SVM,Mordred
181,O[C@@H]1[C@@H](NCC2=CC=CC=C2)CCC1,,2,2,4,SVM,Mordred
184,O[C@@H]1CCCC[C@H]1NCC2=CC=CC=C2,,2,2,4,SVM,Mordred
187,C/C(C)=C/CC/C(C)=C/CO,,0,1,4,SVM,Mordred
188,C/C(C)=C/CC/C(C)=C/CC/C(C)=C/CO,,0,1,4,SVM,Mordred
193,O=C1C(C(OC)=O)=C(C)C(C)=C2O[C@@]3(C)CC[C@@]4([H])C(C)(C)[C@@H](O)CC[C@]4(C)[C@]3([H])C[C@@]21C,,2,2,4,SVM,Mordred
194,O=C1C(C(OC)=O)=C(C)[C@]2(C)C(O[C@]([C@]3(C)[C@](CC[C@H](O)C4)(C)[C@@]4([H])CC3)([H])C2)=C1C,,2,2,4,SVM,Mordred
198,O=C1CCCCC/C=C/CCCCCCCCO1,,0,1,4,SVM,Mordred
199,O=C1CCCCC/C=C\CCCCCCCCO1,,0,1,4,SVM,Mordred
211,CC([C@H]12)=CC[C@]32[C@]1([H])[C@H](C(C)C)CC[C@H]3C,,0,1,4,SVM,Mordred
213,CC(C12)=CC[C@@]3([H])C1[C@H](C(C)C)CC[C@@]32C,,0,1,4,SVM,Mordred
217,CC1=CC=C(CO)C=C1OCCCC(C)(C)C(O)=O,,2,2,4,SVM,Mordred
236,[H][C@]12CN(CC(=O)N1CCC1=CC=CC=C21)C(=O)[C@H]1CC[C@H](O)CC1,,1,2,4,SVM,Mordred
237,[H][C@]12CN(CC(=O)N1CCC1=CC=CC=C21)C(=O)[C@@H]1CC[C@H](O)CC1,,1,2,4,SVM,Mordred
240,OC12CN(CC(=O)N1CCC1=CC=CC=C21)C(=O)C1CCCCC1,,1,2,4,SVM,Mordred
241,O[C@]12CN(CC(=O)N1CCC1=CC=CC=C21)C(=O)C1CCCCC1,,1,2,4,SVM,Mordred
242,OC1=CC=C(NC(C)=O)C=C1,,0,2,4,SVM,Mordred
251,O[C@@H]1[C@@H](O)[C@H](O)[C@@H](CO)O[C@H]1OC2=CC=CC=C2CO,,0,2,4,SVM,Mordred
275,O=C(C1=C2C=C(C)C=C1O)C3=C(C=C(O)C=C3O)C2=O,,0,2,4,SVM,Mordred
281,C[C@@H](C1=C2C[C@H](O)[C@H]3[C@@]4(C)CCC(C(C)(C)[C@@H]4CC[C@]3(C)[C@@]2(C)CC1)=O)C[C@H](O)[C@@H](O)C(C)(O)C,,0,2,4,SVM,Mordred
283,COC(=O)[C@@H](N)CC1=CNC2=CC=CC=C12,,2,2,4,SVM,Mordred
293,CN1C(C(=O)NC2=NC=C(C)S2)=C(O)C2=C(C=CC=C2)S1(=O)=O,,0,2,4,SVM,Mordred
312,BrC1(CC2(Br)C3)CC(C2)(Br)CC3(Br)C1,,2,1,4,SVM,Mordred
344,O=C1[C@@H](CCCCCC)[C@H](C[C@H](CCCCCCCCCCC)OC([C@H](CC(C)C)NC=O)=O)O1,,2,0,4,SVM,Mordred
356,FC1=CC2=C(C=C1)C(C3CCN(CCC4=C(C)N=C5N(CCCC5)C4=O)CC3)=NO2,,2,0,4,SVM,Mordred
357,CN1CCN(CC1)S(=O)(C2=CC(C3=NC4=C(C(N3)=O)N(N=C4CCC)C)=C(OCC)C=C2)=O,,1,0,4,SVM,Mordred
363,ClC1=C(NC2=CC=CC=C2CC(O)=O)C(Cl)=CC=C1,,0,2,4,SVM,Mordred
384,CC1(C)C[C@@H](C(NC2=CC=C(CC#N)C=C2)=O)[C@H](C(C)C)CC1,,0,2,4,SVM,Mordred
3,C[C@@H]1CCC=C(CC/2)[C@@]1(C)CC2=C(C)\CO,,2,1,5,SVM,Mordred
6,C[C@@]1(CC2)[C@]3(O)C(C)(C)[C@H]2C[C@H]1[C@@H](C)CC3,,2,1,5,SVM,Mordred
10,C[C@@](CC[C@H](Br)C(Br)(C)C)(Br)[C@H](Br)CO,,1,1,5,SVM,Mordred
14,CCCCNc1ccc(cc1)C(=O)OCCN(C)C,,1,2,5,SVM,Mordred
15,CCCCCC=CCC=CCC=CCC=CCCCC(=O)OCC,,2,0,5,SVM,Mordred
19,CC1=C(NC(CN(CC)CC)=O)C(C)=CC=C1,,2,2,5,SVM,Mordred
28,CC(C)C1=CC=C2C(C=CC=C2)=[C@]1[C@]3=CSC(C)=C3C,,1,1,5,SVM,Mordred
30,C12=CC=CC=C1N=C3N2CC/C=C/CCN4C5=C(C=CC=C5)N=C34,,1,1,5,SVM,Mordred
37,NC1=CC=C(S(C2=CC=C(N)C=C2)(=O)=O)C=C1,,2,2,5,SVM,Mordred
54,NC1=C(C(C)C)C=CC=C1C(C)C,,1,1,5,SVM,Mordred
60,COC1=CC=C(/C=C/C)C=C1,,1,2,5,SVM,Mordred
74,C1C[C@H]2OOC(C1)O2,,1,1,5,SVM,Mordred
77,Clc1cccc(Cl)c1,,1,1,5,SVM,Mordred
87,CC1(C)C(Br)C[C@H]2O[C@@]2(C)[C@]13CC(Br)C(C)(Cl)CC3O,,1,1,5,SVM,Mordred
89,C[C@]1(Cl)CC2O[C@@]3(Br)[C@H](O)[C@H]4O[C@@]4(C)[C@]2(C[C@@H]1Br)C3(C)C,,1,1,5,SVM,Mordred
93,C/C1=C\CC(C)(C)/C=C/C/C(C)=C/CC1,,1,1,5,SVM,Mordred
94,C/C1=C\CC(C)(C)/C=C/CC2(C)C(O2)CC1,,1,1,5,SVM,Mordred
97,CC12C(O2)CC(C)(C)/C=C/CC(C)(O3)C3CC1,,1,1,5,SVM,Mordred
105,O=C(C(O)=C1)C2=CC=CC3=CC=CC1=C32,,1,1,5,SVM,Mordred
106,O=C(C(C1=CC=CC=C1)=C2)C3=CC=CC4=CC=CC2=C43,,1,1,5,SVM,Mordred
113,C1(/C=C/C2=CC=CC=C2)=CC=CC=C1,,2,1,5,SVM,Mordred
117,CN1C=NC([N+]([O-])=O)=C1C(F)(F)F,,1,1,5,SVM,Mordred
125,C[C@H](CC[C@@H]1C(C)C)CC1=O,,1,1,5,SVM,Mordred
130,CC#[N][Pd]1(Br)C2=CC=CC3=C2C([N]1=CC=C4)=C4C5=CC=CC=C53,,1,1,5,SVM,Mordred
134,O=C1C=CC2(C)C(C(OC(C3C)=O)C3CC2)=C1C,,2,1,5,SVM,Mordred
153,C[C@@]12C(C)(C)[C@@H](CC1=O)CC2,,2,0,5,SVM,Mordred
154,CC1(C)[C@H]2C[C@@H]1CC=C2C,,2,1,5,SVM,Mordred
158,C1=CC=CC2=C1C3C(CC2)C(C(O3)=O)=C,,1,1,5,SVM,Mordred
160,O=C(N[C@H](CO)C1)[C@H](C(C)C)SC2=C1C3=CC=CC=C3N2,,2,2,5,SVM,Mordred
162,C/C([C@@H]1[C@@](CCCC2=C(C)OC(OC)=CC2=O)(O1)C)=C\C3=CC=C([N+]([O-])=O)C=C3,,2,2,5,SVM,Mordred
168,COC1=C(OC)C=C(OC)C(/C=C/C)=C1,,1,1,5,SVM,Mordred
171,COC1=CC=C2C(C(CC(O)=O)C(C)N2C(C3=CC=C(Cl)C=C3)=O)=C1,,2,2,5,SVM,Mordred
172,CC(OC1=CC=CC=C1C(NC2=NC=C([N+]([O-])=O)S2)=O)=O,,2,2,5,SVM,Mordred
182,O[C@H]1[C@H](NCC2=CC=CC=C2)CCC1,,2,2,5,SVM,Mordred
191,O=C(OC)C1=C(C)C(C)=C2O[C@]3(C)CC[C@@]4([H])C(C)(C)[C@@H](O)CC[C@]4(C)[C@@]3([H])C[C@@]2(C)C1=O,,2,2,5,SVM,Mordred
215,CCCC(S)CCO,,0,0,5,SVM,Mordred
220,CC1=CC=C(C)C(OCCCC(C)(C)C(OC2OC(C(O)=O)C(O)C(O)C2O)=O)=C1,,0,0,5,SVM,Mordred
235,[H][C@]12CN(CC(=O)N1CCC1=CC=CC=C21)C(=O)C1CCCCC1,,1,1,5,SVM,Mordred
238,[H][C@]12CN(CC(=O)N1CCC1=CC(O)=CC=C21)C(=O)C1CCCCC1,,1,1,5,SVM,Mordred
246,NC(C1=CC=CC=C1OCC)=O,,2,2,5,SVM,Mordred
248,CN1C(C)C(C(C)C)C(N1C2=CC=CC=C2)=O,,2,2,5,SVM,Mordred
256,O[C@@H]1[C@@H](O)[C@H](O)[C@@H](CO)O[C@H]1C2=C(OC=C(C3=CC=C(O)C=C3)C4=O)C4=CC=C2O,,0,0,5,SVM,Mordred
267,O=C1OC2=CC3=C(C=CO3)C(O/C=C/C(C)C)=C2C=C1,,0,2,5,SVM,Mordred
286,COC1=CC2=C(C=C1OC)C(=O)C(CC1CCN(CC3=CC=CC=C3)CC1)C2,,1,2,5,SVM,Mordred
289,COC1=CC=C2C=C3C4=C(CC[N+]3=CC2=C1OC)C=C1OCOC1=C4,,0,1,5,SVM,Mordred
297,CC(C)CN1C=NC2=C(N)N=C3C=CC=CC3=C12,,0,2,5,SVM,Mordred
298,CC1=CN=C(C=N1)C(=O)NCCC1=CC=C(C=C1)S(=O)(=O)NC(=O)NC1CCCCC1,,0,2,5,SVM,Mordred
299,CC(=O)N1CCN(CC1)C1=CC=C(OC[C@H]2CO[C@@](CN3C=CN=C3)(O2)C2=C(Cl)C=C(Cl)C=C2)C=C1,,0,1,5,SVM,Mordred
333,CC1=C(C(OC)=O)C(C2=C([N+]([O-])=O)C=CC=C2)=C(C(OC)=O)C(C)=N1,,1,2,5,SVM,Mordred
351,CN(C)CCCN(C(C=CC=C1)=C1CC2)C3=C2C=CC=C3,,0,2,5,SVM,Mordred
373,COC1=CC=C(C=C1)C2=COC3=C(C2=O)C=CC(=C3)OC,,2,2,5,SVM,Mordred
374,CC1OC2(C(C)=CCCC2(C)C)CC1,,2,1,5,SVM,Mordred
398,O=C1CCC(C1C/C=C\CC)CC(OC)=O,,2,0,5,SVM,Mordred
400,CC(C1CCC(C=O)=CC1)=C,,1,0,5,SVM,Mordred
403,CC(C)[C@@H]1CC[C@@]([C@@H](C1)C(=C)C)(C)C=C,,0,1,5,SVM,Mordred
409,CC1(C=C)C(C(C)C)CC(C(C)C)CC1,,0,1,5,SVM,Mordred
413,C[C@@]1(CCC2)CC[C@@H](C(C)C)C[C@@]1([H])C2=C,,0,1,5,SVM,Mordred
428,CC(S)CC(OCC)=O,,0,0,5,SVM,Mordred
434,CC(C)C1=CC=C([C@]23[C@@](C[C@@H]4O)([H])C(C)(C)[C@@](O)(CC3)OC2)C4=C1,,2,2,5,SVM,Mordred
440,CC1=C2C(C(OC2)=O)=C(C(C/C=C(C)/CCC(OCCN3CCOCC3)=O)=C1OC)O,,0,2,5,SVM,Mordred
1,O=C1C[C@@H](C)[C@]2(C)CC(CCC2=C1)=C(C)C,,1,1,1,Random Forest,Mordred
12,CC(C)[C@H]1[C@H]2[C@](CC1)(C)[C@H]3[C@@H]2C(CBr)=CC3,,1,1,1,Random Forest,Mordred
18,O=C(N[C@H](C(N[C@@H](C1=CC=CC=C1)C(OC(C)(C)C)=O)=O)C)CC2=CC(F)=CC(F)=C2,,2,0,1,Random Forest,Mordred
20,O[C@H](/C=C\C#CC#CC1=CN(CC2=CC=CC=C2)N=N1)[C@H](O3)[C@@H]3[C@H](O)[C@H]4OC(CC4)=O,,2,2,1,Random Forest,Mordred
25,CC1=C(C)[C@]([C@]2=C(O)C=CC(C)=C2C)=C(O)C=C1,,1,1,1,Random Forest,Mordred
27,CC(C)C1=CC=C2C(C=CC=C2)=[C@@]1[C@@]3=CSC(C)=C3C,,1,1,1,Random Forest,Mordred
29,C12=CC=CC=C1N3C(C4=NC5=C(C=CC=C5)N4CC/C=C/CC3)=N2,,1,1,1,Random Forest,Mordred
34,CC1=CC=CC(C)=C1NC(CN(CC)CC)=O,,1,2,1,Random Forest,Mordred
40,ClC1=CC=C2C(N(CCCN(C)C)C(C=CC=C3)=C3S2)=C1,,2,1,1,Random Forest,Mordred
43,ClC1=C([C@@H](C(OC)=O)N2CCC(SC=C3)=C3C2)C=CC=C1,,2,1,1,Random Forest,Mordred
44,O=C(C(C)=C1)NC(N1[C@@H]2O[C@H](CO)[C@@H](N=[N+]=[N-])C2)=O,,2,2,1,Random Forest,Mordred
48,CN(CCC1)[C@@H]1C2=CC=CN=C2,,0,1,1,Random Forest,Mordred
51,O=C(C=C(C1=CC(OC)=C(OC)C=C1)O2)C3=C2C(OC)=C(OC)C(OC)=C3OC,,1,1,1,Random Forest,Mordred
52,O=C(C=C(C1=CC=C(OC)C=C1)O2)C3=C2C(OC)=C(OC)C(OC)=C3OC,,1,1,1,Random Forest,Mordred
58,BrC1=CC2=CC=CC=C2C3=C1C=CC=C3,,1,1,1,Random Forest,Mordred
61,CC(O[C@H]1[C@H](C(C)C)CC[C@@H](C)C1)=O,,1,2,1,Random Forest,Mordred
69,CC1CCCC2(C1CC(CC2)C(C)C)C,,1,0,1,Random Forest,Mordred
78,N#Cc1ccccc1,,1,1,1,Random Forest,Mordred
84,C[C@]12OC(=O)C(=C)[C@H]1CC(=O)C=C2,,1,1,1,Random Forest,Mordred
88,Cc1cc(O)c(cc1Br)[C@]2(C)CC[C@@H]3C[C@]23C,,1,1,1,Random Forest,Mordred
95,CC12C(O2)CC(C)(C)/C=C/C/C(C)=C/CC1,,1,1,1,Random Forest,Mordred
96,C/C1=C\CC(C)(C)C(O2)C2C/C(C)=C/CC1,,1,1,1,Random Forest,Mordred
98,CC12C(O2)CC(C)(C)C(O3)C3CC(C)(O4)C4CC1,,1,1,1,Random Forest,Mordred
99,CC1(C)C/C=C(C)/CC/C=C(C=O)/C/C=C/1,,1,1,1,Random Forest,Mordred
103,BrC1=C[C@]([H])(OC)[C@](O2)(C)[C@]3(C[C@]2([H])[C@](Cl)(C)CC3)C1(C)C,,1,1,1,Random Forest,Mordred
135,O=C1C(N(C)C)=C(C)N(C)N1C2=CC=CC=C2,,2,2,1,Random Forest,Mordred
137,FC(F)(F)C1=CC=C(OC(C2=CC=CC=C2)CCNC)C=C1,,2,1,1,Random Forest,Mordred
138,O=C(OC)[C@@H](N1CCC(SC=C2)=C2C1)C3=C(Cl)C=CC=C3,,2,1,1,Random Forest,Mordred
140,O=C1C2=C(N=CC=C2)N(C3CC3)C4=C(C(C)=CC=N4)N1,,2,1,1,Random Forest,Mordred
143,Cc1ccc(cc1Nc2nccc(n2)c3cccnc3)NC(=O)c4ccc(cc4)CN5CCN(CC5)C,,0,0,1,Random Forest,Mordred
144,O=C1N(/N=C\N1c2ccc(cc2)N7CCN(c6ccc(OCC3C[C@@](OC3)(c4ccc(F)cc4F)Cn5ncnc5)cc6)CC7)[C@@H](CC)[C@@H](O)C,,0,0,1,Random Forest,Mordred
159,O=C(O)C1=C(OC(C)=O)C=CC=C1,,2,2,1,Random Forest,Mordred
178,N=C(N(C)C)N(C)C,,2,0,1,Random Forest,Mordred
180,C12=NCCCN1CCCCC2,,2,1,1,Random Forest,Mordred
185,O[C@H]1CCCCC[C@@H]1NCC2=CC=CC=C2,,2,2,1,Random Forest,Mordred
203,OC(=O)c1ccccc1Nc2cccc(c2)C(F)(F)F,,0,2,1,Random Forest,Mordred
204,C[C@@]1(C2(C)C)CC[C@H]2C[C@H]1O,,0,2,1,Random Forest,Mordred
206,O=C1O[C@H](CCCCC)CCC1,,0,2,1,Random Forest,Mordred
221,CCCC[C@@H](Br)[C@]1(C)CCCC=C1,,1,1,1,Random Forest,Mordred
223,COC([C@H](O)[C@@H](O)C(OC)=O)=O,,1,0,1,Random Forest,Mordred
224,CC1=CC=C(S(N)=O)C=C1,,1,1,1,Random Forest,Mordred
225,OC(C)C1=CC=C(Br)C=C1,,1,1,1,Random Forest,Mordred
226,CC(C)[C@@H]1Sc2[nH]c3ccccc3c2C[C@@H](CO)NC1=O,,2,2,1,Random Forest,Mordred
249,CCN(CC)C1=CC=C2C(OC(C(C3=NC4=C(C=CC=C4)S3)=C2)=O)=C1,,2,1,1,Random Forest,Mordred
278,O=C1C[C@@H](C2=CC=CC=C2)OC3=CC=CC=C31,,0,1,1,Random Forest,Mordred
285,C\C(\C=C1/SC(=S)N(CC(O)=O)C1=O)=C/C1=CC=CC=C1,,2,2,1,Random Forest,Mordred
287,ClC1=C(Cl)C(=CC=C1)N1CCN(CCCCOC2=CC3=C(CCC(=O)N3)C=C2)CC1,,1,0,1,Random Forest,Mordred
290,C\N=C(\NCCSCC1=C(C)NC=N1)NC#N,,0,2,1,Random Forest,Mordred
291,ClC1=C(NC2=NCCN2)C2=NSN=C2C=C1,,0,1,1,Random Forest,Mordred
296,CC1(C)SC2[C@H](NC(=O)CC3=CC=CC=C3)C(=O)N2[C@H]1C(O)=O,,0,2,1,Random Forest,Mordred
322,O=C(C1=C(S(=O)(NC(NC2=NC(OC)=CC(OC)=N2)=O)=O)N(C)N=C1Cl)OC,,2,0,1,Random Forest,Mordred
326,CC(CC1)=C[C@@]2([H])C1=C(C)CC[C@@H]2C(C)C,,2,1,1,Random Forest,Mordred
328,CC1=C[C@@]([C@@H](C(C)C)CC[C@]2(O)C)([H])[C@@]2([H])CC1,,2,1,1,Random Forest,Mordred
329,CC1=C[C@@]([C@@H](C(C)C)CC[C@@]2(O)C)([H])[C@]2([H])CC1,,2,1,1,Random Forest,Mordred
332,ClC1=CC(N2CCCN(C)C)=C(C=C1)SC3=C2C=CC=C3,,2,1,1,Random Forest,Mordred
339,COC1=C2O[C@@H]3[C@]45C2=C(C=C1)C[C@@H](N(CC5)C)[C@]4([H])C=C[C@@H]3O,,1,1,1,Random Forest,Mordred
360,O=S(CC1=NC=C(C(OC)=C1C)CO)C2=NC3=C(N2)C=CC(OC)=C3,,0,2,1,Random Forest,Mordred
386,O[C@@H]1C[C@H](C)CC[C@H]1C(C)=O,,0,0,1,Random Forest,Mordred
439,O=C1NC2=C(N1CCCN3CCC(CC3)N4C(NC5=CC(Cl)=CC=C54)=O)C=CC=C2,,0,0,1,Random Forest,Mordred
448,CO[C@H]1[C@@H](C[C@@H]2CN3CCC4=C([C@H]3C[C@@H]2[C@@H]1C(=O)OC)NC5=C4C=CC(=C5)OC)OC(=O)C6=CC(=C(C(=C6)OC)OC)OC,,0,0,1,Random Forest,Mordred
2,CC1=CC(C[C@@H](C)[C@]1(C2)CCC2=C(C)C)=O,,1,1,2,Random Forest,Mordred
4,O=C(CCCCCCCCCCC1)OCCOC1=O,,1,0,2,Random Forest,Mordred
13,C[C@@]1(O)[C@@H](Br)C[C@H](C(C)=C)CC1,,1,1,2,Random Forest,Mordred
16,CC1(C)[C@@H]2[C@H]1CC=C(C)C2,,1,1,2,Random Forest,Mordred
31,O=C1N(C)C(C(N(C)C=N2)=C2N1C)=O,,1,1,2,Random Forest,Mordred
35,CNCCC(OC1=CC=C(C(F)(F)F)C=C1)C2=CC=CC=C2,,1,2,2,Random Forest,Mordred
36,COC1=CC=C2C(NC(S(CC3=C(C)C(OC)=C(C)C=N3)=O)=N2)=C1,,2,2,2,Random Forest,Mordred
38,O=C(OCCN(C)C)C1=CC=C(NCCCC)C=C1,,2,1,2,Random Forest,Mordred
47,ClC1=CC=C(NC(O[C@]2(C#CC3CC3)C(F)(F)F)=O)C2=C1,,2,2,2,Random Forest,Mordred
49,CC1=C2C(C=C1)=C(C)C=CC(C(C)C)=C2,,1,1,2,Random Forest,Mordred
53,O=C(C(OC)=C(C1=CC(OC)=C(OC)C=C1)O2)C3=C2C(OC)=C(OC)C(OC)=C3OC,,1,1,2,Random Forest,Mordred
62,CC(C(C)(C)O1)(C)OB1C(B2OC(C)(C)C(C)(C)O2)CCC3=CC=CC=C3,,1,1,2,Random Forest,Mordred
65,O=C(C(C#N)=C1)C=C(C1(C#C)C2)C3=C2C=CC=C3,,1,1,2,Random Forest,Mordred
71,C1OOC(O1)c2ccccc2,,1,1,2,Random Forest,Mordred
73,O1O[C@H](O[C@@H]1c2ccccc2)c3ccccc3,,1,1,2,Random Forest,Mordred
75,c1ccccc1,,1,1,2,Random Forest,Mordred
81,Fc1ccc(F)cc1,,1,1,2,Random Forest,Mordred
82,CN1C[C@@](C)(c2ccccc2)[C@@]3(C)[C@@H]1N(C)c4ccccc34,,1,1,2,Random Forest,Mordred
83,C[C@@]12OC(=O)C(=C)[C@]1(C)CC(=O)C=C2,,1,1,2,Random Forest,Mordred
86,CCOC(=O)\C=C\1/C[C@@](N1S(=O)(=O)c2ccc(C)cc2)(C(=O)OCC)c3ccccc3C,,1,0,2,Random Forest,Mordred
90,C[C@]1(Cl)CC2O[C@@]3(C)C=C[C@@](C)(O)[C@]2(C[C@@H]1Br)C3(C)C,,1,1,2,Random Forest,Mordred
100,CC1(C)/C=C/C/C(C=O)=C\CC/C(C=O)=C\C1,,1,1,2,Random Forest,Mordred
110,N#CCC1=CC=CC=C1,,1,1,2,Random Forest,Mordred
115,[N-]=[N+]=NC1=CC=C(C(F)(F)F)C=C1,,2,1,2,Random Forest,Mordred
116,C[C@@](O1)(OO2)CC[C@]3([H])[C@]2([C@]1([H])O4)[C@](CC[C@H]3C)([H])[C@@H](C)C4=O,,2,1,2,Random Forest,Mordred
120,CC1=CC[C@H](C(C)=C)CC1,,1,1,2,Random Forest,Mordred
123,C[C@H](CC[C@H]1C(C)C)CC1=O,,1,1,2,Random Forest,Mordred
129,IC1=C(C(OSC(F)(F)F)(C)C)C=CC=C1,,1,1,2,Random Forest,Mordred
133,OC(C=C1)=CC=C1C2COC3=CC(O)=CC=C3C2=O,,0,2,2,Random Forest,Mordred
141,CN3[C@H]1CC[C@@H]3C[C@@H](C1)OC(=O)C(CO)c2ccccc2,,2,2,2,Random Forest,Mordred
146,CCOc2nc1cccc(C(=O)O)c1n2Cc5ccc(c3ccccc3c4nn[nH]n4)cc5,,0,0,2,Random Forest,Mordred
151,C[C@@H]1CC[C@H]([C@@H](C1)OC(=O)C)C(C)C,,2,1,2,Random Forest,Mordred
163,O[C@H](C1)CC[C@@]2(C)C1=CC[C@]3([H])[C@]2([H])CC[C@@]4([H])[C@@]3([H])C[C@H](O)[C@]4([H])[C@H](C)[C@@H](O)CCC(C)C,,2,2,2,Random Forest,Mordred
165,[H][C@@]1(CO2)[C@](CO[C@@H]1C3=CC(OCO4)=C4C=C3)([H])[C@@H]2C5=CC(OCO6)=C6C=C5,,1,1,2,Random Forest,Mordred
166,COC1=C(OC)C=C(OC)C(/C=C\C)=C1,,1,1,2,Random Forest,Mordred
173,CC(C(O)=O)C1=CC=C(CC(C)C)C=C1,,2,2,2,Random Forest,Mordred
174,O[C@@H]1CCCC[C@H]1NC2CC2,,2,2,2,Random Forest,Mordred
176,CN(C)C1CCCCC1,,2,0,2,Random Forest,Mordred
179,N=C(NC1=CC=CC=C1)NC2=CC=CC=C2,,2,2,2,Random Forest,Mordred
195,OC(=O)c1ccc(O)cc1,,2,1,2,Random Forest,Mordred
196,CC1=C(/C=C/C(C)=C/C=C/C(C)=C/C=C/C=C(C)/C=C/C=C(C)/C=C/C2=C(C)CCCC2(C)C)C(C)(C)CCC1,,0,0,2,Random Forest,Mordred
209,CC(C)C1CC[C@]2(C)[C@@]1([H])[C@]3([H])[C@@]2([H])CCC3=C,,0,1,2,Random Forest,Mordred
218,CC1=C(O)C=C(C)C(OCCCC(C)(C)C(O)=O)=C1,,2,2,2,Random Forest,Mordred
219,CC1=CC=C(C(O)=O)C=C1OCCCC(C)(C)C(O)=O,,0,2,2,Random Forest,Mordred
227,COC(=O)C1=C(C)[C@]2(C)C[C@H]3[C@@](C)(CC[C@H]4C(C)(C)[C@@H](O)CC[C@]34C)OC2=C(C)C1=O,,2,2,2,Random Forest,Mordred
231,COCC(=O)N([C@H](C)C(=O)OC)c1c(C)cccc1C,,2,2,2,Random Forest,Mordred
284,CC(C)NCC(O)COC1=CC=CC2=CC=CC=C12,,2,2,2,Random Forest,Mordred
288,O=C1C2=CC=CC=C2C(=O)C2=C1C=CC1=C2NC2=C(N1)C1=C(C=C2)C(=O)C2=C(C=CC=C2)C1=O,,0,0,2,Random Forest,Mordred
309,CC[C@H]1OC(=O)[C@H](C)[C@H](C[C@@H](O[C@@H]2O[C@H](C)C[C@@H]([C@H]2O)N(C)C)[C@](C)(O)C[C@@H](C)C(=O)[C@H](C)[C@@H](C)[C@]1(C)O)O[C@H]1C[C@@](C)(OC)[C@@H](O)[C@H](C)O1,,0,0,2,Random Forest,Mordred
318,O=C(CC(C(C)1C)CC2)C21CS(=O)(O)=O,,0,1,2,Random Forest,Mordred
324,C[C@@H]1[C@]2([C@@]3([H])[C@](C)(O)CC2)[C@@]3([H])[C@@H](C(C)C)CC1,,2,1,2,Random Forest,Mordred
345,COC1=C(C(C(C(O)=C([C@@H](O)C[C@@](C(CO)=O)(O)C2)C2=C3O)C3C4=O)=O)C4=CC=C1,,0,0,2,Random Forest,Mordred
366,COC1=C(C2=CC=C1)C(C(C3C2=O)C(O)=C4[C@H](C[C@@](O)(CC4=C3O)C(CO)=O)O[C@H]5C[C@H](N)[C@H](O)[C@H](C)O5)=O,,0,0,2,Random Forest,Mordred
372,NC(N1C2=C(C=CC=C2)C=CC3=C1C=CC=C3)=O,,2,1,2,Random Forest,Mordred
407,[H][C@@]12[C@](CC[C@@H](C(C)C)C2)(C)CCC[C@]1(O)C,,2,1,2,Random Forest,Mordred
417,C[C@@]12CC[C@@H](C(C)C)C[C@@]1([H])C(C)=CCC2,,0,0,2,Random Forest,Mordred
421,CC12C(CC(C(C)=C)CC2)=C(C)C(CC1)=O,,0,1,2,Random Forest,Mordred
432,C[C@@H]1CCCCCCCCCCCCC(=O)C1,,0,0,2,Random Forest,Mordred
436,CC(C)C1=CC=C([C@@]2(C)[C@@](CC3=O)([H])C(C)(C)[C@H](O)CC2)C3=C1,,2,2,2,Random Forest,Mordred
446,CC1=C(C2=C(CC[C@@](O2)(C)CCC[C@H](C)CCC[C@H](C)CCCC(C)C)C(=C1O)C)C,,0,2,2,Random Forest,Mordred
7,C=C1CC/C=C(C)/CC[C@@H]2[C@@H]1CC2(C)C,,1,0,3,Random Forest,Mordred
9,Br[C@@H](CO)[C@](CC[C@H](Br)C(Br)(C)C)(Br)C,,1,1,3,Random Forest,Mordred
17,CN1[C@H]2CC[C@@H]1C[C@H](OC(C(CO)C3=CC=CC=C3)=O)C2,,2,2,3,Random Forest,Mordred
39,ClC1=C(N)C=C(OC)C(C(NCCN(CC)CC)=O)=C1,,2,2,3,Random Forest,Mordred
45,OCC(C(OC1CC(N2C)CCC2C1)=O)C3=CC=CC=C3,,2,2,3,Random Forest,Mordred
50,O=C1[C@@H](C)[C@]([C@]2([H])O1)([H])CC[C@@](C2=C3C)(C)C=CC3=O,,1,2,3,Random Forest,Mordred
56,O=C/C=C/C1=CC=CC=C1,,1,1,3,Random Forest,Mordred
57,O=C([C@@]1(C2C34)[C@@H]3[C@H]5C4(C(OC)=O)C2[C@H]51)OC,,1,1,3,Random Forest,Mordred
68,O=C1CC[C@@]2(C)C(CCC([C@@](CC[C@@H]3O)([H])[C@]3(C)C4)[C@]2([H])C4=O)=C1,,1,2,3,Random Forest,Mordred
72,O1O[C@@H](O[C@@H]1c2ccccc2)c3ccccc3,,1,1,3,Random Forest,Mordred
76,Fc1ccc(C=O)cc1,,1,1,3,Random Forest,Mordred
79,O=CC1=CC=CC=C1,,1,1,3,Random Forest,Mordred
80,Fc1ccccc1,,1,1,3,Random Forest,Mordred
85,Cn1c2c(CC[C@@]2(C)C=C)c3ccccc13,,1,1,3,Random Forest,Mordred
92,CC1(Cl)CC[C@@]2(CC1Br)C(C)(C)C(=C[C@H]3O[C@@]23C)Br,,1,1,3,Random Forest,Mordred
101,CC[C@@H](O1)[C@@H](Br)C[C@]1([H])[C@@]2([H])O[C@@H](C/C=C\C#C)[C@H](Br)C2,,1,1,3,Random Forest,Mordred
107,C[C@@H](CC1)[C@@]2([H])[C@]1([H])[C@@]3(C)[C@]2([H])[C@@H](C(C)=C)CC3,,1,0,3,Random Forest,Mordred
108,O=C(C)C1=CC=CC=C1,,1,1,3,Random Forest,Mordred
112,C12=CC=CC=C1C=C3C(C=CC=C3)=C2,,1,1,3,Random Forest,Mordred
121,CC1=CC[C@@H]2C(C)(C)[C@H]1C2,,1,2,3,Random Forest,Mordred
127,C[C@H]1CC2=C(C(C)=CO2)CC1,,1,1,3,Random Forest,Mordred
131,BrC1=CC=CC2=C1C(N=CC=C3)=C3C4=C2C=CC=C4,,1,1,3,Random Forest,Mordred
132,COC(C=C1)=CC=C1C2COC3=CC(OC)=CC=C3C2=O,,2,2,3,Random Forest,Mordred
136,NC1=C(S(=O)(CC)=O)C=C(C(NCC2N(CC)CCC2)=O)C(OC)=C1,,2,2,3,Random Forest,Mordred
139,CN(C)CCCN1C2=C(C=CC=C2)CCC3=C1C=CC=C3,,2,2,3,Random Forest,Mordred
147,C[C@H]1[C@H]([C@H](C[C@@H](O1)O[C@H]2C[C@@](Cc3c2c(c4c(c3O)C(=O)c5cccc(c5C4=O)OC)O)(C(=O)CO)O)N)O,,0,0,3,Random Forest,Mordred
148,COc1ccccc1OCCNCC(O)COc3cccc4[nH]c2ccccc2c34,,0,0,3,Random Forest,Mordred
155,COc1ccc(C=O)cc1,,2,1,3,Random Forest,Mordred
156,C1=CC=CC2=C1C3C(CC2)[C@@H](C(O3)=O)C,,1,1,3,Random Forest,Mordred
177,NCCC1=CC=CC=C1,,2,1,3,Random Forest,Mordred
183,O[C@H]1CCCC[C@@H]1NCC2=CC=CC=C2,,2,2,3,Random Forest,Mordred
186,O[C@@H]1CCCCC[C@H]1NCC2=CC=CC=C2,,2,2,3,Random Forest,Mordred
189,CC1(C)C(C(CCC)=O)=C(C)CCC1,,0,1,3,Random Forest,Mordred
190,O=C(OC)C1=C(C)C(C)=C2O[C@]3(C)CC[C@@]4([H])C(C)(C)[C@@H](O)CC[C@]4(C)[C@@]3([H])C[C@]2(C)C1=O,,2,2,3,Random Forest,Mordred
192,CC1=C(C)C(C(OC)=O)=C2O[C@]3(C)CC[C@@]4([H])C(C)(C)[C@@H](O)CC[C@]4(C)[C@@]3([H])C[C@]2(C)C1=O,,2,2,3,Random Forest,Mordred
216,CC1=CC=C(C)C(OCCCC(C)(C)C(O)=O)=C1,,2,2,3,Random Forest,Mordred
222,O[C@@H](CCCl)C1=CC=CC=C1,,1,1,3,Random Forest,Mordred
234,CCC1=CC=CC(=C1N(C(C)COC)C(=O)CCl)C,,2,2,3,Random Forest,Mordred
239,[H][C@]12CN(CC(=O)N1C[C@@H](O)C1=CC=CC=C21)C(=O)C1CCCCC1,,1,1,3,Random Forest,Mordred
244,C/C(C(O)=O)=C(OC(C)=O)\C=C,,0,1,3,Random Forest,Mordred
260,C[C@H](CCCC(C)C)[C@@]1([H])CC[C@@]2([H])[C@]3([H])CC=C4C[C@@H](C)CC[C@]4(C)[C@@]3([H])CC[C@@]21C,,2,0,3,Random Forest,Mordred
277,O=C(C1=C2C=C(C)C=C1O)C3=C(C=CC=C3O)C2=O,,2,0,3,Random Forest,Mordred
282,CCOC(=O)[C@H](CC1=CNC2=CC=CC=C12)NC(C)=O,,2,2,3,Random Forest,Mordred
303,[H][C@@]12CCCC[C@]1([H])CN(C[C@@H](O)[C@H](CSC1=CC=CC=C1)NC(=O)C1=CC=CC(O)=C1C)[C@@H](C2)C(=O)NC(C)(C)C,,0,0,3,Random Forest,Mordred
305,COC1=CC(=CC=C1CC1=CN(C)C2=CC=C(NC(=O)OC3CCCC3)C=C12)C(=O)NS(=O)(=O)C1=CC=CC=C1C,,0,0,3,Random Forest,Mordred
307,CC(C)[C@H](NC(=O)N(C)CC1=CSC(=N1)C(C)C)C(=O)N[C@H](C[C@H](O)[C@H](CC1=CC=CC=C1)NC(=O)OCC1=CN=CS1)CC1=CC=CC=C1,,0,0,3,Random Forest,Mordred
308,OCCN(CCO)C1=NC2=C(N=C(N=C2N2CCCCC2)N(CCO)CCO)C(=N1)N1CCCCC1,,0,0,3,Random Forest,Mordred
325,C/C1=C\CC[C@@](C)(O)/C=C/[C@@H](C(C)C)CC1,,1,1,3,Random Forest,Mordred
327,CC1=C[C@@]([C@@H](C(C)C)CC[C@]2(O)C)([H])[C@]2([H])CC1,,1,2,3,Random Forest,Mordred
349,[H]N(C(C1=CC=C(O)C=C1)=O)/N=C/C2=CC=C([N+]([O-])=O)O2,,2,2,3,Random Forest,Mordred
369,O=C(NN)C1=CC=NC=C1,,0,1,3,Random Forest,Mordred
378,CC1=CCCC(C)(C)[C@@]12O[C@@H](C)CC2,,1,2,3,Random Forest,Mordred
380,O=C([C@@H]1CC[C@@H](C)C[C@H]1O)C,,0,0,3,Random Forest,Mordred
381,CC([C@@H]1CC[C@@H](C)C[C@H]1OC(C[C@@H](O)C)=O)C,,0,2,3,Random Forest,Mordred
382,CC([C@@H]1CC[C@@H](C)C[C@H]1OCCO)C,,0,2,3,Random Forest,Mordred
385,CC1(C)C[C@@H](C(O)=O)[C@H](C(C)C)CC1,,2,2,3,Random Forest,Mordred
390,[NH3+] [C@@H](CC([O-])=O)C(N[C@@H](CC1=CC=CC=C1)C(OC)=O)=O,,0,0,3,Random Forest,Mordred
425,O=C(SC(C)CC)CC(C)C,,0,1,3,Random Forest,Mordred
435,CC(C)C1=CC=C([C@]23[C@@](CC4=O)([H])C(C)(C)[C@@H](CC3)OC2=O)C4=C1,,2,2,3,Random Forest,Mordred
437,CC(C)C1=CC=C([C@@]2(C)[C@@](CC3=O)([H])C(C)(C)C(CC2)=O)C3=C1,,2,2,3,Random Forest,Mordred
5,CC1(C)CCC[C@@]2(C)[C@H]1CC[C@]3(C)[C@@H]2CCO3,,1,2,4,Random Forest,Mordred
8,CC1=CC(C(C)(C)[C@H](C)CC2(C)C)=C2C=C1C(C)=O,,1,1,4,Random Forest,Mordred
11,CCC[C@H](SC(C1=CC(Br)=CC=C1)=O)CCOC(C2=CC(Br)=CC=C2)=O,,1,2,4,Random Forest,Mordred
21,O[C@H](/C=C/C#CC#CC1=CN(CC2=CC=CC=C2)N=N1)[C@H](O3)[C@@H]3[C@H](O)[C@H]4OC(CC4)=O,,2,2,4,Random Forest,Mordred
22,IC1=C(C(C)(C)OSC(F)(F)F)C=CC=C1,,1,1,4,Random Forest,Mordred
24,C[C@H]1C[C@@H](OC(C)=O)[C@H](C(C)C)CC1,,2,1,4,Random Forest,Mordred
26,CC1=C(C)[C@@]([C@@]2=C(O)C=CC(C)=C2C)=C(O)C=C1,,1,1,4,Random Forest,Mordred
32,NC1=C2C(C=CC=N2)=CC=C1,,1,2,4,Random Forest,Mordred
41,O=C1C(C2CCC(NC2=O)=O)C(C3=CC=CC=C31)=O,,2,2,4,Random Forest,Mordred
42,CC1=C(C(OC)=O)C(C(C(OC)=O)=C(C)N1)C2=C([N+]([O-])=O)C=CC=C2,,2,1,4,Random Forest,Mordred
46,CN(C)CCCN1C(C=CC=C2)=C2CCC3=C1C=CC=C3,,2,0,4,Random Forest,Mordred
55,O=CC1=CC=C([N+]([O-])=O)C=C1,,1,1,4,Random Forest,Mordred
63,CC(C(C)(C)O1)(C)OB1[C@@H](CCCCC)[C@H](B2OC(C)(C)C(C)(C)O2)C,,1,1,4,Random Forest,Mordred
64,CC(C(C)(C)O1)(C)OB1[C@@H](CCCCC)[C@@H](B2OC(C)(C)C(C)(C)O2)C,,1,1,4,Random Forest,Mordred
67,O[C@H]1CCC2=C(OC)C=CC=C2[C@H]1C(OC)=O,,1,2,4,Random Forest,Mordred
91,CC1=C[C@H](O)C(Br)C(C)(C)[C@]12CCC(C)(Cl)C(Br)C2,,1,1,4,Random Forest,Mordred
102,CC[C@@H](O1)[C@@H](Br)C[C@]1([H])[C@@]2([H])O[C@@H](C/C=C\C3=CN(CC(NC4=CC=CC=C4)=O)N=N3)[C@H](Br)C2,,1,0,4,Random Forest,Mordred
104,BrC1=C[C@@]([H])(OC)[C@](O2)(C)[C@]3(C[C@]2([H])[C@](Cl)(C)CC3)C1(C)C,,1,1,4,Random Forest,Mordred
109,[H]C(/C=C/C1=CC=CC=C1)=O,,1,1,4,Random Forest,Mordred
111,C12=CC=CC=C1C=CC=C2,,1,1,4,Random Forest,Mordred
114,OC1=C(OC)C=C(C=O)C=C1,,2,1,4,Random Forest,Mordred
118,CN1C=NC(C(F)(F)F)=C1C(OC)=O,,1,1,4,Random Forest,Mordred
119,CN1C(C(F)(F)F)=C([N+]([O-])=O)C=C1C(OC)=O,,1,1,4,Random Forest,Mordred
122,C[C@H]1C[C@@H](O)[C@H](C(C)C)CC1,,1,0,4,Random Forest,Mordred
124,C[C@H]1C[C@H](O)[C@H](C(C)C)CC1,,1,0,4,Random Forest,Mordred
128,C[C@@]12CC[C@H](C(C)(C)O2)CC1,,1,1,4,Random Forest,Mordred
142,CCN(CC)CC(=O)NC1=C(C)C=CC=C1C,,2,2,4,Random Forest,Mordred
145,O=C7OCC=6C(=O)N2C(\c1nc5c(c(c1C2)CC)cc(OC(=O)N4CCC(N3CCCCC3)CC4)cc5)=C/C=6[C@@]7(O)CC,,0,0,4,Random Forest,Mordred
149,O2C1(CCC(CC1)C2(C)C)C,,2,1,4,Random Forest,Mordred
150,O[C@H]1[C@H](C(C)C)CC[C@@H](C)C1,,2,0,4,Random Forest,Mordred
152,O(c1ccc(\C=C\C)cc1)C,,2,1,4,Random Forest,Mordred
161,O=C1C(C)=C2O[C@]3(C)CCC4C(C)(C)[C@@H](O)CC[C@]4(C)[C@@]3([H])C[C@@]2(C)C(C)=C1C(OC)=O,,2,2,4,Random Forest,Mordred
164,CC1(C)CC[C@]2(C)C[C@@]34[C@@H](C)CC[C@@H](O)[C@]3(C)CC[C@H]4[C@@]21[H],,2,2,4,Random Forest,Mordred
181,O[C@@H]1[C@@H](NCC2=CC=CC=C2)CCC1,,2,2,4,Random Forest,Mordred
184,O[C@@H]1CCCC[C@H]1NCC2=CC=CC=C2,,2,2,4,Random Forest,Mordred
187,C/C(C)=C/CC/C(C)=C/CO,,0,0,4,Random Forest,Mordred
188,C/C(C)=C/CC/C(C)=C/CC/C(C)=C/CO,,0,0,4,Random Forest,Mordred
193,O=C1C(C(OC)=O)=C(C)C(C)=C2O[C@@]3(C)CC[C@@]4([H])C(C)(C)[C@@H](O)CC[C@]4(C)[C@]3([H])C[C@@]21C,,2,2,4,Random Forest,Mordred
194,O=C1C(C(OC)=O)=C(C)[C@]2(C)C(O[C@]([C@]3(C)[C@](CC[C@H](O)C4)(C)[C@@]4([H])CC3)([H])C2)=C1C,,2,2,4,Random Forest,Mordred
198,O=C1CCCCC/C=C/CCCCCCCCO1,,0,1,4,Random Forest,Mordred
199,O=C1CCCCC/C=C\CCCCCCCCO1,,0,1,4,Random Forest,Mordred
211,CC([C@H]12)=CC[C@]32[C@]1([H])[C@H](C(C)C)CC[C@H]3C,,0,1,4,Random Forest,Mordred
213,CC(C12)=CC[C@@]3([H])C1[C@H](C(C)C)CC[C@@]32C,,0,1,4,Random Forest,Mordred
217,CC1=CC=C(CO)C=C1OCCCC(C)(C)C(O)=O,,2,2,4,Random Forest,Mordred
236,[H][C@]12CN(CC(=O)N1CCC1=CC=CC=C21)C(=O)[C@H]1CC[C@H](O)CC1,,1,1,4,Random Forest,Mordred
237,[H][C@]12CN(CC(=O)N1CCC1=CC=CC=C21)C(=O)[C@@H]1CC[C@H](O)CC1,,1,1,4,Random Forest,Mordred
240,OC12CN(CC(=O)N1CCC1=CC=CC=C21)C(=O)C1CCCCC1,,1,1,4,Random Forest,Mordred
241,O[C@]12CN(CC(=O)N1CCC1=CC=CC=C21)C(=O)C1CCCCC1,,1,1,4,Random Forest,Mordred
242,OC1=CC=C(NC(C)=O)C=C1,,0,2,4,Random Forest,Mordred
251,O[C@@H]1[C@@H](O)[C@H](O)[C@@H](CO)O[C@H]1OC2=CC=CC=C2CO,,0,2,4,Random Forest,Mordred
275,O=C(C1=C2C=C(C)C=C1O)C3=C(C=C(O)C=C3O)C2=O,,0,2,4,Random Forest,Mordred
281,C[C@@H](C1=C2C[C@H](O)[C@H]3[C@@]4(C)CCC(C(C)(C)[C@@H]4CC[C@]3(C)[C@@]2(C)CC1)=O)C[C@H](O)[C@@H](O)C(C)(O)C,,0,0,4,Random Forest,Mordred
283,COC(=O)[C@@H](N)CC1=CNC2=CC=CC=C12,,2,2,4,Random Forest,Mordred
293,CN1C(C(=O)NC2=NC=C(C)S2)=C(O)C2=C(C=CC=C2)S1(=O)=O,,0,2,4,Random Forest,Mordred
312,BrC1(CC2(Br)C3)CC(C2)(Br)CC3(Br)C1,,2,1,4,Random Forest,Mordred
344,O=C1[C@@H](CCCCCC)[C@H](C[C@H](CCCCCCCCCCC)OC([C@H](CC(C)C)NC=O)=O)O1,,2,0,4,Random Forest,Mordred
356,FC1=CC2=C(C=C1)C(C3CCN(CCC4=C(C)N=C5N(CCCC5)C4=O)CC3)=NO2,,2,0,4,Random Forest,Mordred
357,CN1CCN(CC1)S(=O)(C2=CC(C3=NC4=C(C(N3)=O)N(N=C4CCC)C)=C(OCC)C=C2)=O,,1,0,4,Random Forest,Mordred
363,ClC1=C(NC2=CC=CC=C2CC(O)=O)C(Cl)=CC=C1,,0,2,4,Random Forest,Mordred
384,CC1(C)C[C@@H](C(NC2=CC=C(CC#N)C=C2)=O)[C@H](C(C)C)CC1,,0,2,4,Random Forest,Mordred
3,C[C@@H]1CCC=C(CC/2)[C@@]1(C)CC2=C(C)\CO,,2,1,5,Random Forest,Mordred
6,C[C@@]1(CC2)[C@]3(O)C(C)(C)[C@H]2C[C@H]1[C@@H](C)CC3,,2,1,5,Random Forest,Mordred
10,C[C@@](CC[C@H](Br)C(Br)(C)C)(Br)[C@H](Br)CO,,1,1,5,Random Forest,Mordred
14,CCCCNc1ccc(cc1)C(=O)OCCN(C)C,,1,2,5,Random Forest,Mordred
15,CCCCCC=CCC=CCC=CCC=CCCCC(=O)OCC,,2,0,5,Random Forest,Mordred
19,CC1=C(NC(CN(CC)CC)=O)C(C)=CC=C1,,2,2,5,Random Forest,Mordred
28,CC(C)C1=CC=C2C(C=CC=C2)=[C@]1[C@]3=CSC(C)=C3C,,1,1,5,Random Forest,Mordred
30,C12=CC=CC=C1N=C3N2CC/C=C/CCN4C5=C(C=CC=C5)N=C34,,1,1,5,Random Forest,Mordred
37,NC1=CC=C(S(C2=CC=C(N)C=C2)(=O)=O)C=C1,,2,1,5,Random Forest,Mordred
54,NC1=C(C(C)C)C=CC=C1C(C)C,,1,1,5,Random Forest,Mordred
60,COC1=CC=C(/C=C/C)C=C1,,1,2,5,Random Forest,Mordred
74,C1C[C@H]2OOC(C1)O2,,1,1,5,Random Forest,Mordred
77,Clc1cccc(Cl)c1,,1,1,5,Random Forest,Mordred
87,CC1(C)C(Br)C[C@H]2O[C@@]2(C)[C@]13CC(Br)C(C)(Cl)CC3O,,1,1,5,Random Forest,Mordred
89,C[C@]1(Cl)CC2O[C@@]3(Br)[C@H](O)[C@H]4O[C@@]4(C)[C@]2(C[C@@H]1Br)C3(C)C,,1,1,5,Random Forest,Mordred
93,C/C1=C\CC(C)(C)/C=C/C/C(C)=C/CC1,,1,1,5,Random Forest,Mordred
94,C/C1=C\CC(C)(C)/C=C/CC2(C)C(O2)CC1,,1,1,5,Random Forest,Mordred
97,CC12C(O2)CC(C)(C)/C=C/CC(C)(O3)C3CC1,,1,1,5,Random Forest,Mordred
105,O=C(C(O)=C1)C2=CC=CC3=CC=CC1=C32,,1,1,5,Random Forest,Mordred
106,O=C(C(C1=CC=CC=C1)=C2)C3=CC=CC4=CC=CC2=C43,,1,1,5,Random Forest,Mordred
113,C1(/C=C/C2=CC=CC=C2)=CC=CC=C1,,2,1,5,Random Forest,Mordred
117,CN1C=NC([N+]([O-])=O)=C1C(F)(F)F,,1,1,5,Random Forest,Mordred
125,C[C@H](CC[C@@H]1C(C)C)CC1=O,,1,1,5,Random Forest,Mordred
130,CC#[N][Pd]1(Br)C2=CC=CC3=C2C([N]1=CC=C4)=C4C5=CC=CC=C53,,1,1,5,Random Forest,Mordred
134,O=C1C=CC2(C)C(C(OC(C3C)=O)C3CC2)=C1C,,2,1,5,Random Forest,Mordred
153,C[C@@]12C(C)(C)[C@@H](CC1=O)CC2,,2,1,5,Random Forest,Mordred
154,CC1(C)[C@H]2C[C@@H]1CC=C2C,,2,1,5,Random Forest,Mordred
158,C1=CC=CC2=C1C3C(CC2)C(C(O3)=O)=C,,1,1,5,Random Forest,Mordred
160,O=C(N[C@H](CO)C1)[C@H](C(C)C)SC2=C1C3=CC=CC=C3N2,,2,2,5,Random Forest,Mordred
162,C/C([C@@H]1[C@@](CCCC2=C(C)OC(OC)=CC2=O)(O1)C)=C\C3=CC=C([N+]([O-])=O)C=C3,,2,2,5,Random Forest,Mordred
168,COC1=C(OC)C=C(OC)C(/C=C/C)=C1,,1,1,5,Random Forest,Mordred
171,COC1=CC=C2C(C(CC(O)=O)C(C)N2C(C3=CC=C(Cl)C=C3)=O)=C1,,2,2,5,Random Forest,Mordred
172,CC(OC1=CC=CC=C1C(NC2=NC=C([N+]([O-])=O)S2)=O)=O,,2,2,5,Random Forest,Mordred
182,O[C@H]1[C@H](NCC2=CC=CC=C2)CCC1,,2,2,5,Random Forest,Mordred
191,O=C(OC)C1=C(C)C(C)=C2O[C@]3(C)CC[C@@]4([H])C(C)(C)[C@@H](O)CC[C@]4(C)[C@@]3([H])C[C@@]2(C)C1=O,,2,2,5,Random Forest,Mordred
215,CCCC(S)CCO,,0,0,5,Random Forest,Mordred
220,CC1=CC=C(C)C(OCCCC(C)(C)C(OC2OC(C(O)=O)C(O)C(O)C2O)=O)=C1,,0,2,5,Random Forest,Mordred
235,[H][C@]12CN(CC(=O)N1CCC1=CC=CC=C21)C(=O)C1CCCCC1,,1,1,5,Random Forest,Mordred
238,[H][C@]12CN(CC(=O)N1CCC1=CC(O)=CC=C21)C(=O)C1CCCCC1,,1,1,5,Random Forest,Mordred
246,NC(C1=CC=CC=C1OCC)=O,,2,2,5,Random Forest,Mordred
248,CN1C(C)C(C(C)C)C(N1C2=CC=CC=C2)=O,,2,2,5,Random Forest,Mordred
256,O[C@@H]1[C@@H](O)[C@H](O)[C@@H](CO)O[C@H]1C2=C(OC=C(C3=CC=C(O)C=C3)C4=O)C4=CC=C2O,,0,0,5,Random Forest,Mordred
267,O=C1OC2=CC3=C(C=CO3)C(O/C=C/C(C)C)=C2C=C1,,0,2,5,Random Forest,Mordred
286,COC1=CC2=C(C=C1OC)C(=O)C(CC1CCN(CC3=CC=CC=C3)CC1)C2,,1,2,5,Random Forest,Mordred
289,COC1=CC=C2C=C3C4=C(CC[N+]3=CC2=C1OC)C=C1OCOC1=C4,,0,1,5,Random Forest,Mordred
297,CC(C)CN1C=NC2=C(N)N=C3C=CC=CC3=C12,,0,2,5,Random Forest,Mordred
298,CC1=CN=C(C=N1)C(=O)NCCC1=CC=C(C=C1)S(=O)(=O)NC(=O)NC1CCCCC1,,0,2,5,Random Forest,Mordred
299,CC(=O)N1CCN(CC1)C1=CC=C(OC[C@H]2CO[C@@](CN3C=CN=C3)(O2)C2=C(Cl)C=C(Cl)C=C2)C=C1,,0,0,5,Random Forest,Mordred
333,CC1=C(C(OC)=O)C(C2=C([N+]([O-])=O)C=CC=C2)=C(C(OC)=O)C(C)=N1,,1,2,5,Random Forest,Mordred
351,CN(C)CCCN(C(C=CC=C1)=C1CC2)C3=C2C=CC=C3,,0,2,5,Random Forest,Mordred
373,COC1=CC=C(C=C1)C2=COC3=C(C2=O)C=CC(=C3)OC,,2,2,5,Random Forest,Mordred
374,CC1OC2(C(C)=CCCC2(C)C)CC1,,2,1,5,Random Forest,Mordred
398,O=C1CCC(C1C/C=C\CC)CC(OC)=O,,2,2,5,Random Forest,Mordred
400,CC(C1CCC(C=O)=CC1)=C,,1,1,5,Random Forest,Mordred
403,CC(C)[C@@H]1CC[C@@]([C@@H](C1)C(=C)C)(C)C=C,,0,0,5,Random Forest,Mordred
409,CC1(C=C)C(C(C)C)CC(C(C)C)CC1,,0,1,5,Random Forest,Mordred
413,C[C@@]1(CCC2)CC[C@@H](C(C)C)C[C@@]1([H])C2=C,,0,0,5,Random Forest,Mordred
428,CC(S)CC(OCC)=O,,0,0,5,Random Forest,Mordred
434,CC(C)C1=CC=C([C@]23[C@@](C[C@@H]4O)([H])C(C)(C)[C@@](O)(CC3)OC2)C4=C1,,2,2,5,Random Forest,Mordred
440,CC1=C2C(C(OC2)=O)=C(C(C/C=C(C)/CCC(OCCN3CCOCC3)=O)=C1OC)O,,0,2,5,Random Forest,Mordred
1,O=C1C[C@@H](C)[C@]2(C)CC(CCC2=C1)=C(C)C,,1,0,1,kNN,Mordred
12,CC(C)[C@H]1[C@H]2[C@](CC1)(C)[C@H]3[C@@H]2C(CBr)=CC3,,1,0,1,kNN,Mordred
18,O=C(N[C@H](C(N[C@@H](C1=CC=CC=C1)C(OC(C)(C)C)=O)=O)C)CC2=CC(F)=CC(F)=C2,,2,0,1,kNN,Mordred
20,O[C@H](/C=C\C#CC#CC1=CN(CC2=CC=CC=C2)N=N1)[C@H](O3)[C@@H]3[C@H](O)[C@H]4OC(CC4)=O,,2,0,1,kNN,Mordred
25,CC1=C(C)[C@]([C@]2=C(O)C=CC(C)=C2C)=C(O)C=C1,,1,1,1,kNN,Mordred
27,CC(C)C1=CC=C2C(C=CC=C2)=[C@@]1[C@@]3=CSC(C)=C3C,,1,1,1,kNN,Mordred
29,C12=CC=CC=C1N3C(C4=NC5=C(C=CC=C5)N4CC/C=C/CC3)=N2,,1,0,1,kNN,Mordred
34,CC1=CC=CC(C)=C1NC(CN(CC)CC)=O,,1,2,1,kNN,Mordred
40,ClC1=CC=C2C(N(CCCN(C)C)C(C=CC=C3)=C3S2)=C1,,2,2,1,kNN,Mordred
43,ClC1=C([C@@H](C(OC)=O)N2CCC(SC=C3)=C3C2)C=CC=C1,,2,2,1,kNN,Mordred
44,O=C(C(C)=C1)NC(N1[C@@H]2O[C@H](CO)[C@@H](N=[N+]=[N-])C2)=O,,2,2,1,kNN,Mordred
48,CN(CCC1)[C@@H]1C2=CC=CN=C2,,0,2,1,kNN,Mordred
51,O=C(C=C(C1=CC(OC)=C(OC)C=C1)O2)C3=C2C(OC)=C(OC)C(OC)=C3OC,,1,0,1,kNN,Mordred
52,O=C(C=C(C1=CC=C(OC)C=C1)O2)C3=C2C(OC)=C(OC)C(OC)=C3OC,,1,0,1,kNN,Mordred
58,BrC1=CC2=CC=CC=C2C3=C1C=CC=C3,,1,1,1,kNN,Mordred
61,CC(O[C@H]1[C@H](C(C)C)CC[C@@H](C)C1)=O,,1,2,1,kNN,Mordred
69,CC1CCCC2(C1CC(CC2)C(C)C)C,,1,0,1,kNN,Mordred
78,N#Cc1ccccc1,,1,1,1,kNN,Mordred
84,C[C@]12OC(=O)C(=C)[C@H]1CC(=O)C=C2,,1,1,1,kNN,Mordred
88,Cc1cc(O)c(cc1Br)[C@]2(C)CC[C@@H]3C[C@]23C,,1,0,1,kNN,Mordred
95,CC12C(O2)CC(C)(C)/C=C/C/C(C)=C/CC1,,1,1,1,kNN,Mordred
96,C/C1=C\CC(C)(C)C(O2)C2C/C(C)=C/CC1,,1,1,1,kNN,Mordred
98,CC12C(O2)CC(C)(C)C(O3)C3CC(C)(O4)C4CC1,,1,1,1,kNN,Mordred
99,CC1(C)C/C=C(C)/CC/C=C(C=O)/C/C=C/1,,1,1,1,kNN,Mordred
103,BrC1=C[C@]([H])(OC)[C@](O2)(C)[C@]3(C[C@]2([H])[C@](Cl)(C)CC3)C1(C)C,,1,1,1,kNN,Mordred
135,O=C1C(N(C)C)=C(C)N(C)N1C2=CC=CC=C2,,2,2,1,kNN,Mordred
137,FC(F)(F)C1=CC=C(OC(C2=CC=CC=C2)CCNC)C=C1,,2,2,1,kNN,Mordred
138,O=C(OC)[C@@H](N1CCC(SC=C2)=C2C1)C3=C(Cl)C=CC=C3,,2,2,1,kNN,Mordred
140,O=C1C2=C(N=CC=C2)N(C3CC3)C4=C(C(C)=CC=N4)N1,,2,1,1,kNN,Mordred
143,Cc1ccc(cc1Nc2nccc(n2)c3cccnc3)NC(=O)c4ccc(cc4)CN5CCN(CC5)C,,0,0,1,kNN,Mordred
144,O=C1N(/N=C\N1c2ccc(cc2)N7CCN(c6ccc(OCC3C[C@@](OC3)(c4ccc(F)cc4F)Cn5ncnc5)cc6)CC7)[C@@H](CC)[C@@H](O)C,,0,0,1,kNN,Mordred
159,O=C(O)C1=C(OC(C)=O)C=CC=C1,,2,0,1,kNN,Mordred
178,N=C(N(C)C)N(C)C,,2,0,1,kNN,Mordred
180,C12=NCCCN1CCCCC2,,2,2,1,kNN,Mordred
185,O[C@H]1CCCCC[C@@H]1NCC2=CC=CC=C2,,2,2,1,kNN,Mordred
203,OC(=O)c1ccccc1Nc2cccc(c2)C(F)(F)F,,0,0,1,kNN,Mordred
204,C[C@@]1(C2(C)C)CC[C@H]2C[C@H]1O,,0,2,1,kNN,Mordred
206,O=C1O[C@H](CCCCC)CCC1,,0,2,1,kNN,Mordred
221,CCCC[C@@H](Br)[C@]1(C)CCCC=C1,,1,1,1,kNN,Mordred
223,COC([C@H](O)[C@@H](O)C(OC)=O)=O,,1,2,1,kNN,Mordred
224,CC1=CC=C(S(N)=O)C=C1,,1,2,1,kNN,Mordred
225,OC(C)C1=CC=C(Br)C=C1,,1,1,1,kNN,Mordred
226,CC(C)[C@@H]1Sc2[nH]c3ccccc3c2C[C@@H](CO)NC1=O,,2,2,1,kNN,Mordred
249,CCN(CC)C1=CC=C2C(OC(C(C3=NC4=C(C=CC=C4)S3)=C2)=O)=C1,,2,2,1,kNN,Mordred
278,O=C1C[C@@H](C2=CC=CC=C2)OC3=CC=CC=C31,,0,0,1,kNN,Mordred
285,C\C(\C=C1/SC(=S)N(CC(O)=O)C1=O)=C/C1=CC=CC=C1,,2,2,1,kNN,Mordred
287,ClC1=C(Cl)C(=CC=C1)N1CCN(CCCCOC2=CC3=C(CCC(=O)N3)C=C2)CC1,,1,0,1,kNN,Mordred
290,C\N=C(\NCCSCC1=C(C)NC=N1)NC#N,,0,2,1,kNN,Mordred
291,ClC1=C(NC2=NCCN2)C2=NSN=C2C=C1,,0,2,1,kNN,Mordred
296,CC1(C)SC2[C@H](NC(=O)CC3=CC=CC=C3)C(=O)N2[C@H]1C(O)=O,,0,1,1,kNN,Mordred
322,O=C(C1=C(S(=O)(NC(NC2=NC(OC)=CC(OC)=N2)=O)=O)N(C)N=C1Cl)OC,,2,0,1,kNN,Mordred
326,CC(CC1)=C[C@@]2([H])C1=C(C)CC[C@@H]2C(C)C,,2,0,1,kNN,Mordred
328,CC1=C[C@@]([C@@H](C(C)C)CC[C@]2(O)C)([H])[C@@]2([H])CC1,,2,0,1,kNN,Mordred
329,CC1=C[C@@]([C@@H](C(C)C)CC[C@@]2(O)C)([H])[C@]2([H])CC1,,2,0,1,kNN,Mordred
332,ClC1=CC(N2CCCN(C)C)=C(C=C1)SC3=C2C=CC=C3,,2,2,1,kNN,Mordred
339,COC1=C2O[C@@H]3[C@]45C2=C(C=C1)C[C@@H](N(CC5)C)[C@]4([H])C=C[C@@H]3O,,1,2,1,kNN,Mordred
360,O=S(CC1=NC=C(C(OC)=C1C)CO)C2=NC3=C(N2)C=CC(OC)=C3,,0,2,1,kNN,Mordred
386,O[C@@H]1C[C@H](C)CC[C@H]1C(C)=O,,0,1,1,kNN,Mordred
439,O=C1NC2=C(N1CCCN3CCC(CC3)N4C(NC5=CC(Cl)=CC=C54)=O)C=CC=C2,,0,0,1,kNN,Mordred
448,CO[C@H]1[C@@H](C[C@@H]2CN3CCC4=C([C@H]3C[C@@H]2[C@@H]1C(=O)OC)NC5=C4C=CC(=C5)OC)OC(=O)C6=CC(=C(C(=C6)OC)OC)OC,,0,0,1,kNN,Mordred
2,CC1=CC(C[C@@H](C)[C@]1(C2)CCC2=C(C)C)=O,,1,0,2,kNN,Mordred
4,O=C(CCCCCCCCCCC1)OCCOC1=O,,1,0,2,kNN,Mordred
13,C[C@@]1(O)[C@@H](Br)C[C@H](C(C)=C)CC1,,1,1,2,kNN,Mordred
16,CC1(C)[C@@H]2[C@H]1CC=C(C)C2,,1,0,2,kNN,Mordred
31,O=C1N(C)C(C(N(C)C=N2)=C2N1C)=O,,1,1,2,kNN,Mordred
35,CNCCC(OC1=CC=C(C(F)(F)F)C=C1)C2=CC=CC=C2,,1,2,2,kNN,Mordred
36,COC1=CC=C2C(NC(S(CC3=C(C)C(OC)=C(C)C=N3)=O)=N2)=C1,,2,2,2,kNN,Mordred
38,O=C(OCCN(C)C)C1=CC=C(NCCCC)C=C1,,2,1,2,kNN,Mordred
47,ClC1=CC=C(NC(O[C@]2(C#CC3CC3)C(F)(F)F)=O)C2=C1,,2,0,2,kNN,Mordred
49,CC1=C2C(C=C1)=C(C)C=CC(C(C)C)=C2,,1,1,2,kNN,Mordred
53,O=C(C(OC)=C(C1=CC(OC)=C(OC)C=C1)O2)C3=C2C(OC)=C(OC)C(OC)=C3OC,,1,1,2,kNN,Mordred
62,CC(C(C)(C)O1)(C)OB1C(B2OC(C)(C)C(C)(C)O2)CCC3=CC=CC=C3,,1,1,2,kNN,Mordred
65,O=C(C(C#N)=C1)C=C(C1(C#C)C2)C3=C2C=CC=C3,,1,1,2,kNN,Mordred
71,C1OOC(O1)c2ccccc2,,1,2,2,kNN,Mordred
73,O1O[C@H](O[C@@H]1c2ccccc2)c3ccccc3,,1,1,2,kNN,Mordred
75,c1ccccc1,,1,1,2,kNN,Mordred
81,Fc1ccc(F)cc1,,1,1,2,kNN,Mordred
82,CN1C[C@@](C)(c2ccccc2)[C@@]3(C)[C@@H]1N(C)c4ccccc34,,1,1,2,kNN,Mordred
83,C[C@@]12OC(=O)C(=C)[C@]1(C)CC(=O)C=C2,,1,1,2,kNN,Mordred
86,CCOC(=O)\C=C\1/C[C@@](N1S(=O)(=O)c2ccc(C)cc2)(C(=O)OCC)c3ccccc3C,,1,0,2,kNN,Mordred
90,C[C@]1(Cl)CC2O[C@@]3(C)C=C[C@@](C)(O)[C@]2(C[C@@H]1Br)C3(C)C,,1,1,2,kNN,Mordred
100,CC1(C)/C=C/C/C(C=O)=C\CC/C(C=O)=C\C1,,1,1,2,kNN,Mordred
110,N#CCC1=CC=CC=C1,,1,1,2,kNN,Mordred
115,[N-]=[N+]=NC1=CC=C(C(F)(F)F)C=C1,,2,1,2,kNN,Mordred
116,C[C@@](O1)(OO2)CC[C@]3([H])[C@]2([C@]1([H])O4)[C@](CC[C@H]3C)([H])[C@@H](C)C4=O,,2,2,2,kNN,Mordred
120,CC1=CC[C@H](C(C)=C)CC1,,1,1,2,kNN,Mordred
123,C[C@H](CC[C@H]1C(C)C)CC1=O,,1,1,2,kNN,Mordred
129,IC1=C(C(OSC(F)(F)F)(C)C)C=CC=C1,,1,1,2,kNN,Mordred
133,OC(C=C1)=CC=C1C2COC3=CC(O)=CC=C3C2=O,,0,2,2,kNN,Mordred
141,CN3[C@H]1CC[C@@H]3C[C@@H](C1)OC(=O)C(CO)c2ccccc2,,2,2,2,kNN,Mordred
146,CCOc2nc1cccc(C(=O)O)c1n2Cc5ccc(c3ccccc3c4nn[nH]n4)cc5,,0,0,2,kNN,Mordred
151,C[C@@H]1CC[C@H]([C@@H](C1)OC(=O)C)C(C)C,,2,0,2,kNN,Mordred
163,O[C@H](C1)CC[C@@]2(C)C1=CC[C@]3([H])[C@]2([H])CC[C@@]4([H])[C@@]3([H])C[C@H](O)[C@]4([H])[C@H](C)[C@@H](O)CCC(C)C,,2,2,2,kNN,Mordred
165,[H][C@@]1(CO2)[C@](CO[C@@H]1C3=CC(OCO4)=C4C=C3)([H])[C@@H]2C5=CC(OCO6)=C6C=C5,,1,0,2,kNN,Mordred
166,COC1=C(OC)C=C(OC)C(/C=C\C)=C1,,1,1,2,kNN,Mordred
173,CC(C(O)=O)C1=CC=C(CC(C)C)C=C1,,2,2,2,kNN,Mordred
174,O[C@@H]1CCCC[C@H]1NC2CC2,,2,2,2,kNN,Mordred
176,CN(C)C1CCCCC1,,2,1,2,kNN,Mordred
179,N=C(NC1=CC=CC=C1)NC2=CC=CC=C2,,2,2,2,kNN,Mordred
195,OC(=O)c1ccc(O)cc1,,2,2,2,kNN,Mordred
196,CC1=C(/C=C/C(C)=C/C=C/C(C)=C/C=C/C=C(C)/C=C/C=C(C)/C=C/C2=C(C)CCCC2(C)C)C(C)(C)CCC1,,0,0,2,kNN,Mordred
209,CC(C)C1CC[C@]2(C)[C@@]1([H])[C@]3([H])[C@@]2([H])CCC3=C,,0,0,2,kNN,Mordred
218,CC1=C(O)C=C(C)C(OCCCC(C)(C)C(O)=O)=C1,,2,2,2,kNN,Mordred
219,CC1=CC=C(C(O)=O)C=C1OCCCC(C)(C)C(O)=O,,0,2,2,kNN,Mordred
227,COC(=O)C1=C(C)[C@]2(C)C[C@H]3[C@@](C)(CC[C@H]4C(C)(C)[C@@H](O)CC[C@]34C)OC2=C(C)C1=O,,2,2,2,kNN,Mordred
231,COCC(=O)N([C@H](C)C(=O)OC)c1c(C)cccc1C,,2,2,2,kNN,Mordred
284,CC(C)NCC(O)COC1=CC=CC2=CC=CC=C12,,2,2,2,kNN,Mordred
288,O=C1C2=CC=CC=C2C(=O)C2=C1C=CC1=C2NC2=C(N1)C1=C(C=C2)C(=O)C2=C(C=CC=C2)C1=O,,0,0,2,kNN,Mordred
309,CC[C@H]1OC(=O)[C@H](C)[C@H](C[C@@H](O[C@@H]2O[C@H](C)C[C@@H]([C@H]2O)N(C)C)[C@](C)(O)C[C@@H](C)C(=O)[C@H](C)[C@@H](C)[C@]1(C)O)O[C@H]1C[C@@](C)(OC)[C@@H](O)[C@H](C)O1,,0,0,2,kNN,Mordred
318,O=C(CC(C(C)1C)CC2)C21CS(=O)(O)=O,,0,2,2,kNN,Mordred
324,C[C@@H]1[C@]2([C@@]3([H])[C@](C)(O)CC2)[C@@]3([H])[C@@H](C(C)C)CC1,,2,0,2,kNN,Mordred
345,COC1=C(C(C(C(O)=C([C@@H](O)C[C@@](C(CO)=O)(O)C2)C2=C3O)C3C4=O)=O)C4=CC=C1,,0,0,2,kNN,Mordred
366,COC1=C(C2=CC=C1)C(C(C3C2=O)C(O)=C4[C@H](C[C@@](O)(CC4=C3O)C(CO)=O)O[C@H]5C[C@H](N)[C@H](O)[C@H](C)O5)=O,,0,0,2,kNN,Mordred
372,NC(N1C2=C(C=CC=C2)C=CC3=C1C=CC=C3)=O,,2,1,2,kNN,Mordred
407,[H][C@@]12[C@](CC[C@@H](C(C)C)C2)(C)CCC[C@]1(O)C,,2,2,2,kNN,Mordred
417,C[C@@]12CC[C@@H](C(C)C)C[C@@]1([H])C(C)=CCC2,,0,0,2,kNN,Mordred
421,CC12C(CC(C(C)=C)CC2)=C(C)C(CC1)=O,,0,1,2,kNN,Mordred
432,C[C@@H]1CCCCCCCCCCCCC(=O)C1,,0,0,2,kNN,Mordred
436,CC(C)C1=CC=C([C@@]2(C)[C@@](CC3=O)([H])C(C)(C)[C@H](O)CC2)C3=C1,,2,2,2,kNN,Mordred
446,CC1=C(C2=C(CC[C@@](O2)(C)CCC[C@H](C)CCC[C@H](C)CCCC(C)C)C(=C1O)C)C,,0,2,2,kNN,Mordred
7,C=C1CC/C=C(C)/CC[C@@H]2[C@@H]1CC2(C)C,,1,0,3,kNN,Mordred
9,Br[C@@H](CO)[C@](CC[C@H](Br)C(Br)(C)C)(Br)C,,1,1,3,kNN,Mordred
17,CN1[C@H]2CC[C@@H]1C[C@H](OC(C(CO)C3=CC=CC=C3)=O)C2,,2,1,3,kNN,Mordred
39,ClC1=C(N)C=C(OC)C(C(NCCN(CC)CC)=O)=C1,,2,2,3,kNN,Mordred
45,OCC(C(OC1CC(N2C)CCC2C1)=O)C3=CC=CC=C3,,2,1,3,kNN,Mordred
50,O=C1[C@@H](C)[C@]([C@]2([H])O1)([H])CC[C@@](C2=C3C)(C)C=CC3=O,,1,1,3,kNN,Mordred
56,O=C/C=C/C1=CC=CC=C1,,1,1,3,kNN,Mordred
57,O=C([C@@]1(C2C34)[C@@H]3[C@H]5C4(C(OC)=O)C2[C@H]51)OC,,1,0,3,kNN,Mordred
68,O=C1CC[C@@]2(C)C(CCC([C@@](CC[C@@H]3O)([H])[C@]3(C)C4)[C@]2([H])C4=O)=C1,,1,2,3,kNN,Mordred
72,O1O[C@@H](O[C@@H]1c2ccccc2)c3ccccc3,,1,1,3,kNN,Mordred
76,Fc1ccc(C=O)cc1,,1,2,3,kNN,Mordred
79,O=CC1=CC=CC=C1,,1,1,3,kNN,Mordred
80,Fc1ccccc1,,1,1,3,kNN,Mordred
85,Cn1c2c(CC[C@@]2(C)C=C)c3ccccc13,,1,1,3,kNN,Mordred
92,CC1(Cl)CC[C@@]2(CC1Br)C(C)(C)C(=C[C@H]3O[C@@]23C)Br,,1,1,3,kNN,Mordred
101,CC[C@@H](O1)[C@@H](Br)C[C@]1([H])[C@@]2([H])O[C@@H](C/C=C\C#C)[C@H](Br)C2,,1,1,3,kNN,Mordred
107,C[C@@H](CC1)[C@@]2([H])[C@]1([H])[C@@]3(C)[C@]2([H])[C@@H](C(C)=C)CC3,,1,0,3,kNN,Mordred
108,O=C(C)C1=CC=CC=C1,,1,1,3,kNN,Mordred
112,C12=CC=CC=C1C=C3C(C=CC=C3)=C2,,1,1,3,kNN,Mordred
121,CC1=CC[C@@H]2C(C)(C)[C@H]1C2,,1,0,3,kNN,Mordred
127,C[C@H]1CC2=C(C(C)=CO2)CC1,,1,0,3,kNN,Mordred
131,BrC1=CC=CC2=C1C(N=CC=C3)=C3C4=C2C=CC=C4,,1,1,3,kNN,Mordred
132,COC(C=C1)=CC=C1C2COC3=CC(OC)=CC=C3C2=O,,2,0,3,kNN,Mordred
136,NC1=C(S(=O)(CC)=O)C=C(C(NCC2N(CC)CCC2)=O)C(OC)=C1,,2,1,3,kNN,Mordred
139,CN(C)CCCN1C2=C(C=CC=C2)CCC3=C1C=CC=C3,,2,2,3,kNN,Mordred
147,C[C@H]1[C@H]([C@H](C[C@@H](O1)O[C@H]2C[C@@](Cc3c2c(c4c(c3O)C(=O)c5cccc(c5C4=O)OC)O)(C(=O)CO)O)N)O,,0,0,3,kNN,Mordred
148,COc1ccccc1OCCNCC(O)COc3cccc4[nH]c2ccccc2c34,,0,0,3,kNN,Mordred
155,COc1ccc(C=O)cc1,,2,2,3,kNN,Mordred
156,C1=CC=CC2=C1C3C(CC2)[C@@H](C(O3)=O)C,,1,2,3,kNN,Mordred
177,NCCC1=CC=CC=C1,,2,1,3,kNN,Mordred
183,O[C@H]1CCCC[C@@H]1NCC2=CC=CC=C2,,2,2,3,kNN,Mordred
186,O[C@@H]1CCCCC[C@H]1NCC2=CC=CC=C2,,2,2,3,kNN,Mordred
189,CC1(C)C(C(CCC)=O)=C(C)CCC1,,0,2,3,kNN,Mordred
190,O=C(OC)C1=C(C)C(C)=C2O[C@]3(C)CC[C@@]4([H])C(C)(C)[C@@H](O)CC[C@]4(C)[C@@]3([H])C[C@]2(C)C1=O,,2,2,3,kNN,Mordred
192,CC1=C(C)C(C(OC)=O)=C2O[C@]3(C)CC[C@@]4([H])C(C)(C)[C@@H](O)CC[C@]4(C)[C@@]3([H])C[C@]2(C)C1=O,,2,2,3,kNN,Mordred
216,CC1=CC=C(C)C(OCCCC(C)(C)C(O)=O)=C1,,2,2,3,kNN,Mordred
222,O[C@@H](CCCl)C1=CC=CC=C1,,1,1,3,kNN,Mordred
234,CCC1=CC=CC(=C1N(C(C)COC)C(=O)CCl)C,,2,2,3,kNN,Mordred
239,[H][C@]12CN(CC(=O)N1C[C@@H](O)C1=CC=CC=C21)C(=O)C1CCCCC1,,1,1,3,kNN,Mordred
244,C/C(C(O)=O)=C(OC(C)=O)\C=C,,0,2,3,kNN,Mordred
260,C[C@H](CCCC(C)C)[C@@]1([H])CC[C@@]2([H])[C@]3([H])CC=C4C[C@@H](C)CC[C@]4(C)[C@@]3([H])CC[C@@]21C,,2,2,3,kNN,Mordred
277,O=C(C1=C2C=C(C)C=C1O)C3=C(C=CC=C3O)C2=O,,2,0,3,kNN,Mordred
282,CCOC(=O)[C@H](CC1=CNC2=CC=CC=C12)NC(C)=O,,2,2,3,kNN,Mordred
303,[H][C@@]12CCCC[C@]1([H])CN(C[C@@H](O)[C@H](CSC1=CC=CC=C1)NC(=O)C1=CC=CC(O)=C1C)[C@@H](C2)C(=O)NC(C)(C)C,,0,0,3,kNN,Mordred
305,COC1=CC(=CC=C1CC1=CN(C)C2=CC=C(NC(=O)OC3CCCC3)C=C12)C(=O)NS(=O)(=O)C1=CC=CC=C1C,,0,0,3,kNN,Mordred
307,CC(C)[C@H](NC(=O)N(C)CC1=CSC(=N1)C(C)C)C(=O)N[C@H](C[C@H](O)[C@H](CC1=CC=CC=C1)NC(=O)OCC1=CN=CS1)CC1=CC=CC=C1,,0,0,3,kNN,Mordred
308,OCCN(CCO)C1=NC2=C(N=C(N=C2N2CCCCC2)N(CCO)CCO)C(=N1)N1CCCCC1,,0,0,3,kNN,Mordred
325,C/C1=C\CC[C@@](C)(O)/C=C/[C@@H](C(C)C)CC1,,1,2,3,kNN,Mordred
327,CC1=C[C@@]([C@@H](C(C)C)CC[C@]2(O)C)([H])[C@]2([H])CC1,,1,2,3,kNN,Mordred
349,[H]N(C(C1=CC=C(O)C=C1)=O)/N=C/C2=CC=C([N+]([O-])=O)O2,,2,2,3,kNN,Mordred
369,O=C(NN)C1=CC=NC=C1,,0,2,3,kNN,Mordred
378,CC1=CCCC(C)(C)[C@@]12O[C@@H](C)CC2,,1,2,3,kNN,Mordred
380,O=C([C@@H]1CC[C@@H](C)C[C@H]1O)C,,0,1,3,kNN,Mordred
381,CC([C@@H]1CC[C@@H](C)C[C@H]1OC(C[C@@H](O)C)=O)C,,0,2,3,kNN,Mordred
382,CC([C@@H]1CC[C@@H](C)C[C@H]1OCCO)C,,0,2,3,kNN,Mordred
385,CC1(C)C[C@@H](C(O)=O)[C@H](C(C)C)CC1,,2,2,3,kNN,Mordred
390,[NH3+] [C@@H](CC([O-])=O)C(N[C@@H](CC1=CC=CC=C1)C(OC)=O)=O,,0,0,3,kNN,Mordred
425,O=C(SC(C)CC)CC(C)C,,0,1,3,kNN,Mordred
435,CC(C)C1=CC=C([C@]23[C@@](CC4=O)([H])C(C)(C)[C@@H](CC3)OC2=O)C4=C1,,2,2,3,kNN,Mordred
437,CC(C)C1=CC=C([C@@]2(C)[C@@](CC3=O)([H])C(C)(C)C(CC2)=O)C3=C1,,2,2,3,kNN,Mordred
5,CC1(C)CCC[C@@]2(C)[C@H]1CC[C@]3(C)[C@@H]2CCO3,,1,2,4,kNN,Mordred
8,CC1=CC(C(C)(C)[C@H](C)CC2(C)C)=C2C=C1C(C)=O,,1,2,4,kNN,Mordred
11,CCC[C@H](SC(C1=CC(Br)=CC=C1)=O)CCOC(C2=CC(Br)=CC=C2)=O,,1,2,4,kNN,Mordred
21,O[C@H](/C=C/C#CC#CC1=CN(CC2=CC=CC=C2)N=N1)[C@H](O3)[C@@H]3[C@H](O)[C@H]4OC(CC4)=O,,2,2,4,kNN,Mordred
22,IC1=C(C(C)(C)OSC(F)(F)F)C=CC=C1,,1,1,4,kNN,Mordred
24,C[C@H]1C[C@@H](OC(C)=O)[C@H](C(C)C)CC1,,2,0,4,kNN,Mordred
26,CC1=C(C)[C@@]([C@@]2=C(O)C=CC(C)=C2C)=C(O)C=C1,,1,1,4,kNN,Mordred
32,NC1=C2C(C=CC=N2)=CC=C1,,1,2,4,kNN,Mordred
41,O=C1C(C2CCC(NC2=O)=O)C(C3=CC=CC=C31)=O,,2,1,4,kNN,Mordred
42,CC1=C(C(OC)=O)C(C(C(OC)=O)=C(C)N1)C2=C([N+]([O-])=O)C=CC=C2,,2,2,4,kNN,Mordred
46,CN(C)CCCN1C(C=CC=C2)=C2CCC3=C1C=CC=C3,,2,2,4,kNN,Mordred
55,O=CC1=CC=C([N+]([O-])=O)C=C1,,1,1,4,kNN,Mordred
63,CC(C(C)(C)O1)(C)OB1[C@@H](CCCCC)[C@H](B2OC(C)(C)C(C)(C)O2)C,,1,2,4,kNN,Mordred
64,CC(C(C)(C)O1)(C)OB1[C@@H](CCCCC)[C@@H](B2OC(C)(C)C(C)(C)O2)C,,1,2,4,kNN,Mordred
67,O[C@H]1CCC2=C(OC)C=CC=C2[C@H]1C(OC)=O,,1,2,4,kNN,Mordred
91,CC1=C[C@H](O)C(Br)C(C)(C)[C@]12CCC(C)(Cl)C(Br)C2,,1,1,4,kNN,Mordred
102,CC[C@@H](O1)[C@@H](Br)C[C@]1([H])[C@@]2([H])O[C@@H](C/C=C\C3=CN(CC(NC4=CC=CC=C4)=O)N=N3)[C@H](Br)C2,,1,1,4,kNN,Mordred
104,BrC1=C[C@@]([H])(OC)[C@](O2)(C)[C@]3(C[C@]2([H])[C@](Cl)(C)CC3)C1(C)C,,1,1,4,kNN,Mordred
109,[H]C(/C=C/C1=CC=CC=C1)=O,,1,1,4,kNN,Mordred
111,C12=CC=CC=C1C=CC=C2,,1,1,4,kNN,Mordred
114,OC1=C(OC)C=C(C=O)C=C1,,2,2,4,kNN,Mordred
118,CN1C=NC(C(F)(F)F)=C1C(OC)=O,,1,0,4,kNN,Mordred
119,CN1C(C(F)(F)F)=C([N+]([O-])=O)C=C1C(OC)=O,,1,0,4,kNN,Mordred
122,C[C@H]1C[C@@H](O)[C@H](C(C)C)CC1,,1,1,4,kNN,Mordred
124,C[C@H]1C[C@H](O)[C@H](C(C)C)CC1,,1,1,4,kNN,Mordred
128,C[C@@]12CC[C@H](C(C)(C)O2)CC1,,1,1,4,kNN,Mordred
142,CCN(CC)CC(=O)NC1=C(C)C=CC=C1C,,2,2,4,kNN,Mordred
145,O=C7OCC=6C(=O)N2C(\c1nc5c(c(c1C2)CC)cc(OC(=O)N4CCC(N3CCCCC3)CC4)cc5)=C/C=6[C@@]7(O)CC,,0,0,4,kNN,Mordred
149,O2C1(CCC(CC1)C2(C)C)C,,2,1,4,kNN,Mordred
150,O[C@H]1[C@H](C(C)C)CC[C@@H](C)C1,,2,1,4,kNN,Mordred
152,O(c1ccc(\C=C\C)cc1)C,,2,1,4,kNN,Mordred
161,O=C1C(C)=C2O[C@]3(C)CCC4C(C)(C)[C@@H](O)CC[C@]4(C)[C@@]3([H])C[C@@]2(C)C(C)=C1C(OC)=O,,2,2,4,kNN,Mordred
164,CC1(C)CC[C@]2(C)C[C@@]34[C@@H](C)CC[C@@H](O)[C@]3(C)CC[C@H]4[C@@]21[H],,2,2,4,kNN,Mordred
181,O[C@@H]1[C@@H](NCC2=CC=CC=C2)CCC1,,2,2,4,kNN,Mordred
184,O[C@@H]1CCCC[C@H]1NCC2=CC=CC=C2,,2,2,4,kNN,Mordred
187,C/C(C)=C/CC/C(C)=C/CO,,0,1,4,kNN,Mordred
188,C/C(C)=C/CC/C(C)=C/CC/C(C)=C/CO,,0,0,4,kNN,Mordred
193,O=C1C(C(OC)=O)=C(C)C(C)=C2O[C@@]3(C)CC[C@@]4([H])C(C)(C)[C@@H](O)CC[C@]4(C)[C@]3([H])C[C@@]21C,,2,2,4,kNN,Mordred
194,O=C1C(C(OC)=O)=C(C)[C@]2(C)C(O[C@]([C@]3(C)[C@](CC[C@H](O)C4)(C)[C@@]4([H])CC3)([H])C2)=C1C,,2,2,4,kNN,Mordred
198,O=C1CCCCC/C=C/CCCCCCCCO1,,0,0,4,kNN,Mordred
199,O=C1CCCCC/C=C\CCCCCCCCO1,,0,0,4,kNN,Mordred
211,CC([C@H]12)=CC[C@]32[C@]1([H])[C@H](C(C)C)CC[C@H]3C,,0,0,4,kNN,Mordred
213,CC(C12)=CC[C@@]3([H])C1[C@H](C(C)C)CC[C@@]32C,,0,0,4,kNN,Mordred
217,CC1=CC=C(CO)C=C1OCCCC(C)(C)C(O)=O,,2,2,4,kNN,Mordred
236,[H][C@]12CN(CC(=O)N1CCC1=CC=CC=C21)C(=O)[C@H]1CC[C@H](O)CC1,,1,1,4,kNN,Mordred
237,[H][C@]12CN(CC(=O)N1CCC1=CC=CC=C21)C(=O)[C@@H]1CC[C@H](O)CC1,,1,1,4,kNN,Mordred
240,OC12CN(CC(=O)N1CCC1=CC=CC=C21)C(=O)C1CCCCC1,,1,1,4,kNN,Mordred
241,O[C@]12CN(CC(=O)N1CCC1=CC=CC=C21)C(=O)C1CCCCC1,,1,1,4,kNN,Mordred
242,OC1=CC=C(NC(C)=O)C=C1,,0,2,4,kNN,Mordred
251,O[C@@H]1[C@@H](O)[C@H](O)[C@@H](CO)O[C@H]1OC2=CC=CC=C2CO,,0,0,4,kNN,Mordred
275,O=C(C1=C2C=C(C)C=C1O)C3=C(C=C(O)C=C3O)C2=O,,0,0,4,kNN,Mordred
281,C[C@@H](C1=C2C[C@H](O)[C@H]3[C@@]4(C)CCC(C(C)(C)[C@@H]4CC[C@]3(C)[C@@]2(C)CC1)=O)C[C@H](O)[C@@H](O)C(C)(O)C,,0,2,4,kNN,Mordred
283,COC(=O)[C@@H](N)CC1=CNC2=CC=CC=C12,,2,2,4,kNN,Mordred
293,CN1C(C(=O)NC2=NC=C(C)S2)=C(O)C2=C(C=CC=C2)S1(=O)=O,,0,2,4,kNN,Mordred
312,BrC1(CC2(Br)C3)CC(C2)(Br)CC3(Br)C1,,2,1,4,kNN,Mordred
344,O=C1[C@@H](CCCCCC)[C@H](C[C@H](CCCCCCCCCCC)OC([C@H](CC(C)C)NC=O)=O)O1,,2,2,4,kNN,Mordred
356,FC1=CC2=C(C=C1)C(C3CCN(CCC4=C(C)N=C5N(CCCC5)C4=O)CC3)=NO2,,2,1,4,kNN,Mordred
357,CN1CCN(CC1)S(=O)(C2=CC(C3=NC4=C(C(N3)=O)N(N=C4CCC)C)=C(OCC)C=C2)=O,,1,0,4,kNN,Mordred
363,ClC1=C(NC2=CC=CC=C2CC(O)=O)C(Cl)=CC=C1,,0,2,4,kNN,Mordred
384,CC1(C)C[C@@H](C(NC2=CC=C(CC#N)C=C2)=O)[C@H](C(C)C)CC1,,0,2,4,kNN,Mordred
3,C[C@@H]1CCC=C(CC/2)[C@@]1(C)CC2=C(C)\CO,,2,1,5,kNN,Mordred
6,C[C@@]1(CC2)[C@]3(O)C(C)(C)[C@H]2C[C@H]1[C@@H](C)CC3,,2,0,5,kNN,Mordred
10,C[C@@](CC[C@H](Br)C(Br)(C)C)(Br)[C@H](Br)CO,,1,1,5,kNN,Mordred
14,CCCCNc1ccc(cc1)C(=O)OCCN(C)C,,1,2,5,kNN,Mordred
15,CCCCCC=CCC=CCC=CCC=CCCCC(=O)OCC,,2,0,5,kNN,Mordred
19,CC1=C(NC(CN(CC)CC)=O)C(C)=CC=C1,,2,2,5,kNN,Mordred
28,CC(C)C1=CC=C2C(C=CC=C2)=[C@]1[C@]3=CSC(C)=C3C,,1,1,5,kNN,Mordred
30,C12=CC=CC=C1N=C3N2CC/C=C/CCN4C5=C(C=CC=C5)N=C34,,1,1,5,kNN,Mordred
37,NC1=CC=C(S(C2=CC=C(N)C=C2)(=O)=O)C=C1,,2,2,5,kNN,Mordred
54,NC1=C(C(C)C)C=CC=C1C(C)C,,1,1,5,kNN,Mordred
60,COC1=CC=C(/C=C/C)C=C1,,1,2,5,kNN,Mordred
74,C1C[C@H]2OOC(C1)O2,,1,1,5,kNN,Mordred
77,Clc1cccc(Cl)c1,,1,1,5,kNN,Mordred
87,CC1(C)C(Br)C[C@H]2O[C@@]2(C)[C@]13CC(Br)C(C)(Cl)CC3O,,1,1,5,kNN,Mordred
89,C[C@]1(Cl)CC2O[C@@]3(Br)[C@H](O)[C@H]4O[C@@]4(C)[C@]2(C[C@@H]1Br)C3(C)C,,1,1,5,kNN,Mordred
93,C/C1=C\CC(C)(C)/C=C/C/C(C)=C/CC1,,1,1,5,kNN,Mordred
94,C/C1=C\CC(C)(C)/C=C/CC2(C)C(O2)CC1,,1,1,5,kNN,Mordred
97,CC12C(O2)CC(C)(C)/C=C/CC(C)(O3)C3CC1,,1,1,5,kNN,Mordred
105,O=C(C(O)=C1)C2=CC=CC3=CC=CC1=C32,,1,0,5,kNN,Mordred
106,O=C(C(C1=CC=CC=C1)=C2)C3=CC=CC4=CC=CC2=C43,,1,2,5,kNN,Mordred
113,C1(/C=C/C2=CC=CC=C2)=CC=CC=C1,,2,1,5,kNN,Mordred
117,CN1C=NC([N+]([O-])=O)=C1C(F)(F)F,,1,1,5,kNN,Mordred
125,C[C@H](CC[C@@H]1C(C)C)CC1=O,,1,1,5,kNN,Mordred
130,CC#[N][Pd]1(Br)C2=CC=CC3=C2C([N]1=CC=C4)=C4C5=CC=CC=C53,,1,1,5,kNN,Mordred
134,O=C1C=CC2(C)C(C(OC(C3C)=O)C3CC2)=C1C,,2,1,5,kNN,Mordred
153,C[C@@]12C(C)(C)[C@@H](CC1=O)CC2,,2,1,5,kNN,Mordred
154,CC1(C)[C@H]2C[C@@H]1CC=C2C,,2,1,5,kNN,Mordred
158,C1=CC=CC2=C1C3C(CC2)C(C(O3)=O)=C,,1,1,5,kNN,Mordred
160,O=C(N[C@H](CO)C1)[C@H](C(C)C)SC2=C1C3=CC=CC=C3N2,,2,2,5,kNN,Mordred
162,C/C([C@@H]1[C@@](CCCC2=C(C)OC(OC)=CC2=O)(O1)C)=C\C3=CC=C([N+]([O-])=O)C=C3,,2,2,5,kNN,Mordred
168,COC1=C(OC)C=C(OC)C(/C=C/C)=C1,,1,1,5,kNN,Mordred
171,COC1=CC=C2C(C(CC(O)=O)C(C)N2C(C3=CC=C(Cl)C=C3)=O)=C1,,2,2,5,kNN,Mordred
172,CC(OC1=CC=CC=C1C(NC2=NC=C([N+]([O-])=O)S2)=O)=O,,2,2,5,kNN,Mordred
182,O[C@H]1[C@H](NCC2=CC=CC=C2)CCC1,,2,2,5,kNN,Mordred
191,O=C(OC)C1=C(C)C(C)=C2O[C@]3(C)CC[C@@]4([H])C(C)(C)[C@@H](O)CC[C@]4(C)[C@@]3([H])C[C@@]2(C)C1=O,,2,2,5,kNN,Mordred
215,CCCC(S)CCO,,0,0,5,kNN,Mordred
220,CC1=CC=C(C)C(OCCCC(C)(C)C(OC2OC(C(O)=O)C(O)C(O)C2O)=O)=C1,,0,0,5,kNN,Mordred
235,[H][C@]12CN(CC(=O)N1CCC1=CC=CC=C21)C(=O)C1CCCCC1,,1,1,5,kNN,Mordred
238,[H][C@]12CN(CC(=O)N1CCC1=CC(O)=CC=C21)C(=O)C1CCCCC1,,1,1,5,kNN,Mordred
246,NC(C1=CC=CC=C1OCC)=O,,2,2,5,kNN,Mordred
248,CN1C(C)C(C(C)C)C(N1C2=CC=CC=C2)=O,,2,2,5,kNN,Mordred
256,O[C@@H]1[C@@H](O)[C@H](O)[C@@H](CO)O[C@H]1C2=C(OC=C(C3=CC=C(O)C=C3)C4=O)C4=CC=C2O,,0,0,5,kNN,Mordred
267,O=C1OC2=CC3=C(C=CO3)C(O/C=C/C(C)C)=C2C=C1,,0,2,5,kNN,Mordred
286,COC1=CC2=C(C=C1OC)C(=O)C(CC1CCN(CC3=CC=CC=C3)CC1)C2,,1,1,5,kNN,Mordred
289,COC1=CC=C2C=C3C4=C(CC[N+]3=CC2=C1OC)C=C1OCOC1=C4,,0,1,5,kNN,Mordred
297,CC(C)CN1C=NC2=C(N)N=C3C=CC=CC3=C12,,0,2,5,kNN,Mordred
298,CC1=CN=C(C=N1)C(=O)NCCC1=CC=C(C=C1)S(=O)(=O)NC(=O)NC1CCCCC1,,0,2,5,kNN,Mordred
299,CC(=O)N1CCN(CC1)C1=CC=C(OC[C@H]2CO[C@@](CN3C=CN=C3)(O2)C2=C(Cl)C=C(Cl)C=C2)C=C1,,0,1,5,kNN,Mordred
333,CC1=C(C(OC)=O)C(C2=C([N+]([O-])=O)C=CC=C2)=C(C(OC)=O)C(C)=N1,,1,2,5,kNN,Mordred
351,CN(C)CCCN(C(C=CC=C1)=C1CC2)C3=C2C=CC=C3,,0,2,5,kNN,Mordred
373,COC1=CC=C(C=C1)C2=COC3=C(C2=O)C=CC(=C3)OC,,2,2,5,kNN,Mordred
374,CC1OC2(C(C)=CCCC2(C)C)CC1,,2,1,5,kNN,Mordred
398,O=C1CCC(C1C/C=C\CC)CC(OC)=O,,2,0,5,kNN,Mordred
400,CC(C1CCC(C=O)=CC1)=C,,1,0,5,kNN,Mordred
403,CC(C)[C@@H]1CC[C@@]([C@@H](C1)C(=C)C)(C)C=C,,0,0,5,kNN,Mordred
409,CC1(C=C)C(C(C)C)CC(C(C)C)CC1,,0,0,5,kNN,Mordred
413,C[C@@]1(CCC2)CC[C@@H](C(C)C)C[C@@]1([H])C2=C,,0,0,5,kNN,Mordred
428,CC(S)CC(OCC)=O,,0,0,5,kNN,Mordred
434,CC(C)C1=CC=C([C@]23[C@@](C[C@@H]4O)([H])C(C)(C)[C@@](O)(CC3)OC2)C4=C1,,2,2,5,kNN,Mordred
440,CC1=C2C(C(OC2)=O)=C(C(C/C=C(C)/CCC(OCCN3CCOCC3)=O)=C1OC)O,,0,1,5,kNN,Mordred
1,O=C1C[C@@H](C)[C@]2(C)CC(CCC2=C1)=C(C)C,,1,1,1,MLP,Mordred
12,CC(C)[C@H]1[C@H]2[C@](CC1)(C)[C@H]3[C@@H]2C(CBr)=CC3,,1,1,1,MLP,Mordred
18,O=C(N[C@H](C(N[C@@H](C1=CC=CC=C1)C(OC(C)(C)C)=O)=O)C)CC2=CC(F)=CC(F)=C2,,2,0,1,MLP,Mordred
20,O[C@H](/C=C\C#CC#CC1=CN(CC2=CC=CC=C2)N=N1)[C@H](O3)[C@@H]3[C@H](O)[C@H]4OC(CC4)=O,,2,2,1,MLP,Mordred
25,CC1=C(C)[C@]([C@]2=C(O)C=CC(C)=C2C)=C(O)C=C1,,1,1,1,MLP,Mordred
27,CC(C)C1=CC=C2C(C=CC=C2)=[C@@]1[C@@]3=CSC(C)=C3C,,1,1,1,MLP,Mordred
29,C12=CC=CC=C1N3C(C4=NC5=C(C=CC=C5)N4CC/C=C/CC3)=N2,,1,1,1,MLP,Mordred
34,CC1=CC=CC(C)=C1NC(CN(CC)CC)=O,,1,2,1,MLP,Mordred
40,ClC1=CC=C2C(N(CCCN(C)C)C(C=CC=C3)=C3S2)=C1,,2,1,1,MLP,Mordred
43,ClC1=C([C@@H](C(OC)=O)N2CCC(SC=C3)=C3C2)C=CC=C1,,2,1,1,MLP,Mordred
44,O=C(C(C)=C1)NC(N1[C@@H]2O[C@H](CO)[C@@H](N=[N+]=[N-])C2)=O,,2,2,1,MLP,Mordred
48,CN(CCC1)[C@@H]1C2=CC=CN=C2,,0,1,1,MLP,Mordred
51,O=C(C=C(C1=CC(OC)=C(OC)C=C1)O2)C3=C2C(OC)=C(OC)C(OC)=C3OC,,1,1,1,MLP,Mordred
52,O=C(C=C(C1=CC=C(OC)C=C1)O2)C3=C2C(OC)=C(OC)C(OC)=C3OC,,1,1,1,MLP,Mordred
58,BrC1=CC2=CC=CC=C2C3=C1C=CC=C3,,1,1,1,MLP,Mordred
61,CC(O[C@H]1[C@H](C(C)C)CC[C@@H](C)C1)=O,,1,2,1,MLP,Mordred
69,CC1CCCC2(C1CC(CC2)C(C)C)C,,1,0,1,MLP,Mordred
78,N#Cc1ccccc1,,1,1,1,MLP,Mordred
84,C[C@]12OC(=O)C(=C)[C@H]1CC(=O)C=C2,,1,1,1,MLP,Mordred
88,Cc1cc(O)c(cc1Br)[C@]2(C)CC[C@@H]3C[C@]23C,,1,1,1,MLP,Mordred
95,CC12C(O2)CC(C)(C)/C=C/C/C(C)=C/CC1,,1,1,1,MLP,Mordred
96,C/C1=C\CC(C)(C)C(O2)C2C/C(C)=C/CC1,,1,1,1,MLP,Mordred
98,CC12C(O2)CC(C)(C)C(O3)C3CC(C)(O4)C4CC1,,1,1,1,MLP,Mordred
99,CC1(C)C/C=C(C)/CC/C=C(C=O)/C/C=C/1,,1,1,1,MLP,Mordred
103,BrC1=C[C@]([H])(OC)[C@](O2)(C)[C@]3(C[C@]2([H])[C@](Cl)(C)CC3)C1(C)C,,1,1,1,MLP,Mordred
135,O=C1C(N(C)C)=C(C)N(C)N1C2=CC=CC=C2,,2,1,1,MLP,Mordred
137,FC(F)(F)C1=CC=C(OC(C2=CC=CC=C2)CCNC)C=C1,,2,1,1,MLP,Mordred
138,O=C(OC)[C@@H](N1CCC(SC=C2)=C2C1)C3=C(Cl)C=CC=C3,,2,1,1,MLP,Mordred
140,O=C1C2=C(N=CC=C2)N(C3CC3)C4=C(C(C)=CC=N4)N1,,2,2,1,MLP,Mordred
143,Cc1ccc(cc1Nc2nccc(n2)c3cccnc3)NC(=O)c4ccc(cc4)CN5CCN(CC5)C,,0,0,1,MLP,Mordred
144,O=C1N(/N=C\N1c2ccc(cc2)N7CCN(c6ccc(OCC3C[C@@](OC3)(c4ccc(F)cc4F)Cn5ncnc5)cc6)CC7)[C@@H](CC)[C@@H](O)C,,0,0,1,MLP,Mordred
159,O=C(O)C1=C(OC(C)=O)C=CC=C1,,2,2,1,MLP,Mordred
178,N=C(N(C)C)N(C)C,,2,2,1,MLP,Mordred
180,C12=NCCCN1CCCCC2,,2,2,1,MLP,Mordred
185,O[C@H]1CCCCC[C@@H]1NCC2=CC=CC=C2,,2,2,1,MLP,Mordred
203,OC(=O)c1ccccc1Nc2cccc(c2)C(F)(F)F,,0,0,1,MLP,Mordred
204,C[C@@]1(C2(C)C)CC[C@H]2C[C@H]1O,,0,2,1,MLP,Mordred
206,O=C1O[C@H](CCCCC)CCC1,,0,2,1,MLP,Mordred
221,CCCC[C@@H](Br)[C@]1(C)CCCC=C1,,1,1,1,MLP,Mordred
223,COC([C@H](O)[C@@H](O)C(OC)=O)=O,,1,0,1,MLP,Mordred
224,CC1=CC=C(S(N)=O)C=C1,,1,2,1,MLP,Mordred
225,OC(C)C1=CC=C(Br)C=C1,,1,1,1,MLP,Mordred
226,CC(C)[C@@H]1Sc2[nH]c3ccccc3c2C[C@@H](CO)NC1=O,,2,2,1,MLP,Mordred
249,CCN(CC)C1=CC=C2C(OC(C(C3=NC4=C(C=CC=C4)S3)=C2)=O)=C1,,2,2,1,MLP,Mordred
278,O=C1C[C@@H](C2=CC=CC=C2)OC3=CC=CC=C31,,0,1,1,MLP,Mordred
285,C\C(\C=C1/SC(=S)N(CC(O)=O)C1=O)=C/C1=CC=CC=C1,,2,0,1,MLP,Mordred
287,ClC1=C(Cl)C(=CC=C1)N1CCN(CCCCOC2=CC3=C(CCC(=O)N3)C=C2)CC1,,1,0,1,MLP,Mordred
290,C\N=C(\NCCSCC1=C(C)NC=N1)NC#N,,0,0,1,MLP,Mordred
291,ClC1=C(NC2=NCCN2)C2=NSN=C2C=C1,,0,2,1,MLP,Mordred
296,CC1(C)SC2[C@H](NC(=O)CC3=CC=CC=C3)C(=O)N2[C@H]1C(O)=O,,0,0,1,MLP,Mordred
322,O=C(C1=C(S(=O)(NC(NC2=NC(OC)=CC(OC)=N2)=O)=O)N(C)N=C1Cl)OC,,2,0,1,MLP,Mordred
326,CC(CC1)=C[C@@]2([H])C1=C(C)CC[C@@H]2C(C)C,,2,0,1,MLP,Mordred
328,CC1=C[C@@]([C@@H](C(C)C)CC[C@]2(O)C)([H])[C@@]2([H])CC1,,2,1,1,MLP,Mordred
329,CC1=C[C@@]([C@@H](C(C)C)CC[C@@]2(O)C)([H])[C@]2([H])CC1,,2,1,1,MLP,Mordred
332,ClC1=CC(N2CCCN(C)C)=C(C=C1)SC3=C2C=CC=C3,,2,1,1,MLP,Mordred
339,COC1=C2O[C@@H]3[C@]45C2=C(C=C1)C[C@@H](N(CC5)C)[C@]4([H])C=C[C@@H]3O,,1,1,1,MLP,Mordred
360,O=S(CC1=NC=C(C(OC)=C1C)CO)C2=NC3=C(N2)C=CC(OC)=C3,,0,2,1,MLP,Mordred
386,O[C@@H]1C[C@H](C)CC[C@H]1C(C)=O,,0,0,1,MLP,Mordred
439,O=C1NC2=C(N1CCCN3CCC(CC3)N4C(NC5=CC(Cl)=CC=C54)=O)C=CC=C2,,0,2,1,MLP,Mordred
448,CO[C@H]1[C@@H](C[C@@H]2CN3CCC4=C([C@H]3C[C@@H]2[C@@H]1C(=O)OC)NC5=C4C=CC(=C5)OC)OC(=O)C6=CC(=C(C(=C6)OC)OC)OC,,0,0,1,MLP,Mordred
2,CC1=CC(C[C@@H](C)[C@]1(C2)CCC2=C(C)C)=O,,1,2,2,MLP,Mordred
4,O=C(CCCCCCCCCCC1)OCCOC1=O,,1,0,2,MLP,Mordred
13,C[C@@]1(O)[C@@H](Br)C[C@H](C(C)=C)CC1,,1,1,2,MLP,Mordred
16,CC1(C)[C@@H]2[C@H]1CC=C(C)C2,,1,1,2,MLP,Mordred
31,O=C1N(C)C(C(N(C)C=N2)=C2N1C)=O,,1,2,2,MLP,Mordred
35,CNCCC(OC1=CC=C(C(F)(F)F)C=C1)C2=CC=CC=C2,,1,2,2,MLP,Mordred
36,COC1=CC=C2C(NC(S(CC3=C(C)C(OC)=C(C)C=N3)=O)=N2)=C1,,2,0,2,MLP,Mordred
38,O=C(OCCN(C)C)C1=CC=C(NCCCC)C=C1,,2,1,2,MLP,Mordred
47,ClC1=CC=C(NC(O[C@]2(C#CC3CC3)C(F)(F)F)=O)C2=C1,,2,1,2,MLP,Mordred
49,CC1=C2C(C=C1)=C(C)C=CC(C(C)C)=C2,,1,1,2,MLP,Mordred
53,O=C(C(OC)=C(C1=CC(OC)=C(OC)C=C1)O2)C3=C2C(OC)=C(OC)C(OC)=C3OC,,1,1,2,MLP,Mordred
62,CC(C(C)(C)O1)(C)OB1C(B2OC(C)(C)C(C)(C)O2)CCC3=CC=CC=C3,,1,1,2,MLP,Mordred
65,O=C(C(C#N)=C1)C=C(C1(C#C)C2)C3=C2C=CC=C3,,1,1,2,MLP,Mordred
71,C1OOC(O1)c2ccccc2,,1,1,2,MLP,Mordred
73,O1O[C@H](O[C@@H]1c2ccccc2)c3ccccc3,,1,1,2,MLP,Mordred
75,c1ccccc1,,1,1,2,MLP,Mordred
81,Fc1ccc(F)cc1,,1,1,2,MLP,Mordred
82,CN1C[C@@](C)(c2ccccc2)[C@@]3(C)[C@@H]1N(C)c4ccccc34,,1,1,2,MLP,Mordred
83,C[C@@]12OC(=O)C(=C)[C@]1(C)CC(=O)C=C2,,1,1,2,MLP,Mordred
86,CCOC(=O)\C=C\1/C[C@@](N1S(=O)(=O)c2ccc(C)cc2)(C(=O)OCC)c3ccccc3C,,1,2,2,MLP,Mordred
90,C[C@]1(Cl)CC2O[C@@]3(C)C=C[C@@](C)(O)[C@]2(C[C@@H]1Br)C3(C)C,,1,1,2,MLP,Mordred
100,CC1(C)/C=C/C/C(C=O)=C\CC/C(C=O)=C\C1,,1,1,2,MLP,Mordred
110,N#CCC1=CC=CC=C1,,1,1,2,MLP,Mordred
115,[N-]=[N+]=NC1=CC=C(C(F)(F)F)C=C1,,2,1,2,MLP,Mordred
116,C[C@@](O1)(OO2)CC[C@]3([H])[C@]2([C@]1([H])O4)[C@](CC[C@H]3C)([H])[C@@H](C)C4=O,,2,2,2,MLP,Mordred
120,CC1=CC[C@H](C(C)=C)CC1,,1,1,2,MLP,Mordred
123,C[C@H](CC[C@H]1C(C)C)CC1=O,,1,1,2,MLP,Mordred
129,IC1=C(C(OSC(F)(F)F)(C)C)C=CC=C1,,1,1,2,MLP,Mordred
133,OC(C=C1)=CC=C1C2COC3=CC(O)=CC=C3C2=O,,0,0,2,MLP,Mordred
141,CN3[C@H]1CC[C@@H]3C[C@@H](C1)OC(=O)C(CO)c2ccccc2,,2,2,2,MLP,Mordred
146,CCOc2nc1cccc(C(=O)O)c1n2Cc5ccc(c3ccccc3c4nn[nH]n4)cc5,,0,0,2,MLP,Mordred
151,C[C@@H]1CC[C@H]([C@@H](C1)OC(=O)C)C(C)C,,2,2,2,MLP,Mordred
163,O[C@H](C1)CC[C@@]2(C)C1=CC[C@]3([H])[C@]2([H])CC[C@@]4([H])[C@@]3([H])C[C@H](O)[C@]4([H])[C@H](C)[C@@H](O)CCC(C)C,,2,2,2,MLP,Mordred
165,[H][C@@]1(CO2)[C@](CO[C@@H]1C3=CC(OCO4)=C4C=C3)([H])[C@@H]2C5=CC(OCO6)=C6C=C5,,1,2,2,MLP,Mordred
166,COC1=C(OC)C=C(OC)C(/C=C\C)=C1,,1,1,2,MLP,Mordred
173,CC(C(O)=O)C1=CC=C(CC(C)C)C=C1,,2,2,2,MLP,Mordred
174,O[C@@H]1CCCC[C@H]1NC2CC2,,2,0,2,MLP,Mordred
176,CN(C)C1CCCCC1,,2,2,2,MLP,Mordred
179,N=C(NC1=CC=CC=C1)NC2=CC=CC=C2,,2,2,2,MLP,Mordred
195,OC(=O)c1ccc(O)cc1,,2,0,2,MLP,Mordred
196,CC1=C(/C=C/C(C)=C/C=C/C(C)=C/C=C/C=C(C)/C=C/C=C(C)/C=C/C2=C(C)CCCC2(C)C)C(C)(C)CCC1,,0,0,2,MLP,Mordred
209,CC(C)C1CC[C@]2(C)[C@@]1([H])[C@]3([H])[C@@]2([H])CCC3=C,,0,1,2,MLP,Mordred
218,CC1=C(O)C=C(C)C(OCCCC(C)(C)C(O)=O)=C1,,2,2,2,MLP,Mordred
219,CC1=CC=C(C(O)=O)C=C1OCCCC(C)(C)C(O)=O,,0,2,2,MLP,Mordred
227,COC(=O)C1=C(C)[C@]2(C)C[C@H]3[C@@](C)(CC[C@H]4C(C)(C)[C@@H](O)CC[C@]34C)OC2=C(C)C1=O,,2,2,2,MLP,Mordred
231,COCC(=O)N([C@H](C)C(=O)OC)c1c(C)cccc1C,,2,2,2,MLP,Mordred
284,CC(C)NCC(O)COC1=CC=CC2=CC=CC=C12,,2,2,2,MLP,Mordred
288,O=C1C2=CC=CC=C2C(=O)C2=C1C=CC1=C2NC2=C(N1)C1=C(C=C2)C(=O)C2=C(C=CC=C2)C1=O,,0,0,2,MLP,Mordred
309,CC[C@H]1OC(=O)[C@H](C)[C@H](C[C@@H](O[C@@H]2O[C@H](C)C[C@@H]([C@H]2O)N(C)C)[C@](C)(O)C[C@@H](C)C(=O)[C@H](C)[C@@H](C)[C@]1(C)O)O[C@H]1C[C@@](C)(OC)[C@@H](O)[C@H](C)O1,,0,0,2,MLP,Mordred
318,O=C(CC(C(C)1C)CC2)C21CS(=O)(O)=O,,0,2,2,MLP,Mordred
324,C[C@@H]1[C@]2([C@@]3([H])[C@](C)(O)CC2)[C@@]3([H])[C@@H](C(C)C)CC1,,2,0,2,MLP,Mordred
345,COC1=C(C(C(C(O)=C([C@@H](O)C[C@@](C(CO)=O)(O)C2)C2=C3O)C3C4=O)=O)C4=CC=C1,,0,0,2,MLP,Mordred
366,COC1=C(C2=CC=C1)C(C(C3C2=O)C(O)=C4[C@H](C[C@@](O)(CC4=C3O)C(CO)=O)O[C@H]5C[C@H](N)[C@H](O)[C@H](C)O5)=O,,0,0,2,MLP,Mordred
372,NC(N1C2=C(C=CC=C2)C=CC3=C1C=CC=C3)=O,,2,1,2,MLP,Mordred
407,[H][C@@]12[C@](CC[C@@H](C(C)C)C2)(C)CCC[C@]1(O)C,,2,1,2,MLP,Mordred
417,C[C@@]12CC[C@@H](C(C)C)C[C@@]1([H])C(C)=CCC2,,0,1,2,MLP,Mordred
421,CC12C(CC(C(C)=C)CC2)=C(C)C(CC1)=O,,0,1,2,MLP,Mordred
432,C[C@@H]1CCCCCCCCCCCCC(=O)C1,,0,2,2,MLP,Mordred
436,CC(C)C1=CC=C([C@@]2(C)[C@@](CC3=O)([H])C(C)(C)[C@H](O)CC2)C3=C1,,2,2,2,MLP,Mordred
446,CC1=C(C2=C(CC[C@@](O2)(C)CCC[C@H](C)CCC[C@H](C)CCCC(C)C)C(=C1O)C)C,,0,2,2,MLP,Mordred
7,C=C1CC/C=C(C)/CC[C@@H]2[C@@H]1CC2(C)C,,1,0,3,MLP,Mordred
9,Br[C@@H](CO)[C@](CC[C@H](Br)C(Br)(C)C)(Br)C,,1,1,3,MLP,Mordred
17,CN1[C@H]2CC[C@@H]1C[C@H](OC(C(CO)C3=CC=CC=C3)=O)C2,,2,2,3,MLP,Mordred
39,ClC1=C(N)C=C(OC)C(C(NCCN(CC)CC)=O)=C1,,2,2,3,MLP,Mordred
45,OCC(C(OC1CC(N2C)CCC2C1)=O)C3=CC=CC=C3,,2,2,3,MLP,Mordred
50,O=C1[C@@H](C)[C@]([C@]2([H])O1)([H])CC[C@@](C2=C3C)(C)C=CC3=O,,1,2,3,MLP,Mordred
56,O=C/C=C/C1=CC=CC=C1,,1,1,3,MLP,Mordred
57,O=C([C@@]1(C2C34)[C@@H]3[C@H]5C4(C(OC)=O)C2[C@H]51)OC,,1,1,3,MLP,Mordred
68,O=C1CC[C@@]2(C)C(CCC([C@@](CC[C@@H]3O)([H])[C@]3(C)C4)[C@]2([H])C4=O)=C1,,1,2,3,MLP,Mordred
72,O1O[C@@H](O[C@@H]1c2ccccc2)c3ccccc3,,1,1,3,MLP,Mordred
76,Fc1ccc(C=O)cc1,,1,1,3,MLP,Mordred
79,O=CC1=CC=CC=C1,,1,1,3,MLP,Mordred
80,Fc1ccccc1,,1,1,3,MLP,Mordred
85,Cn1c2c(CC[C@@]2(C)C=C)c3ccccc13,,1,1,3,MLP,Mordred
92,CC1(Cl)CC[C@@]2(CC1Br)C(C)(C)C(=C[C@H]3O[C@@]23C)Br,,1,1,3,MLP,Mordred
101,CC[C@@H](O1)[C@@H](Br)C[C@]1([H])[C@@]2([H])O[C@@H](C/C=C\C#C)[C@H](Br)C2,,1,1,3,MLP,Mordred
107,C[C@@H](CC1)[C@@]2([H])[C@]1([H])[C@@]3(C)[C@]2([H])[C@@H](C(C)=C)CC3,,1,0,3,MLP,Mordred
108,O=C(C)C1=CC=CC=C1,,1,1,3,MLP,Mordred
112,C12=CC=CC=C1C=C3C(C=CC=C3)=C2,,1,1,3,MLP,Mordred
121,CC1=CC[C@@H]2C(C)(C)[C@H]1C2,,1,2,3,MLP,Mordred
127,C[C@H]1CC2=C(C(C)=CO2)CC1,,1,1,3,MLP,Mordred
131,BrC1=CC=CC2=C1C(N=CC=C3)=C3C4=C2C=CC=C4,,1,1,3,MLP,Mordred
132,COC(C=C1)=CC=C1C2COC3=CC(OC)=CC=C3C2=O,,2,0,3,MLP,Mordred
136,NC1=C(S(=O)(CC)=O)C=C(C(NCC2N(CC)CCC2)=O)C(OC)=C1,,2,1,3,MLP,Mordred
139,CN(C)CCCN1C2=C(C=CC=C2)CCC3=C1C=CC=C3,,2,0,3,MLP,Mordred
147,C[C@H]1[C@H]([C@H](C[C@@H](O1)O[C@H]2C[C@@](Cc3c2c(c4c(c3O)C(=O)c5cccc(c5C4=O)OC)O)(C(=O)CO)O)N)O,,0,0,3,MLP,Mordred
148,COc1ccccc1OCCNCC(O)COc3cccc4[nH]c2ccccc2c34,,0,0,3,MLP,Mordred
155,COc1ccc(C=O)cc1,,2,1,3,MLP,Mordred
156,C1=CC=CC2=C1C3C(CC2)[C@@H](C(O3)=O)C,,1,1,3,MLP,Mordred
177,NCCC1=CC=CC=C1,,2,2,3,MLP,Mordred
183,O[C@H]1CCCC[C@@H]1NCC2=CC=CC=C2,,2,2,3,MLP,Mordred
186,O[C@@H]1CCCCC[C@H]1NCC2=CC=CC=C2,,2,2,3,MLP,Mordred
189,CC1(C)C(C(CCC)=O)=C(C)CCC1,,0,1,3,MLP,Mordred
190,O=C(OC)C1=C(C)C(C)=C2O[C@]3(C)CC[C@@]4([H])C(C)(C)[C@@H](O)CC[C@]4(C)[C@@]3([H])C[C@]2(C)C1=O,,2,2,3,MLP,Mordred
192,CC1=C(C)C(C(OC)=O)=C2O[C@]3(C)CC[C@@]4([H])C(C)(C)[C@@H](O)CC[C@]4(C)[C@@]3([H])C[C@]2(C)C1=O,,2,2,3,MLP,Mordred
216,CC1=CC=C(C)C(OCCCC(C)(C)C(O)=O)=C1,,2,2,3,MLP,Mordred
222,O[C@@H](CCCl)C1=CC=CC=C1,,1,1,3,MLP,Mordred
234,CCC1=CC=CC(=C1N(C(C)COC)C(=O)CCl)C,,2,2,3,MLP,Mordred
239,[H][C@]12CN(CC(=O)N1C[C@@H](O)C1=CC=CC=C21)C(=O)C1CCCCC1,,1,1,3,MLP,Mordred
244,C/C(C(O)=O)=C(OC(C)=O)\C=C,,0,2,3,MLP,Mordred
260,C[C@H](CCCC(C)C)[C@@]1([H])CC[C@@]2([H])[C@]3([H])CC=C4C[C@@H](C)CC[C@]4(C)[C@@]3([H])CC[C@@]21C,,2,2,3,MLP,Mordred
277,O=C(C1=C2C=C(C)C=C1O)C3=C(C=CC=C3O)C2=O,,2,0,3,MLP,Mordred
282,CCOC(=O)[C@H](CC1=CNC2=CC=CC=C12)NC(C)=O,,2,2,3,MLP,Mordred
303,[H][C@@]12CCCC[C@]1([H])CN(C[C@@H](O)[C@H](CSC1=CC=CC=C1)NC(=O)C1=CC=CC(O)=C1C)[C@@H](C2)C(=O)NC(C)(C)C,,0,0,3,MLP,Mordred
305,COC1=CC(=CC=C1CC1=CN(C)C2=CC=C(NC(=O)OC3CCCC3)C=C12)C(=O)NS(=O)(=O)C1=CC=CC=C1C,,0,0,3,MLP,Mordred
307,CC(C)[C@H](NC(=O)N(C)CC1=CSC(=N1)C(C)C)C(=O)N[C@H](C[C@H](O)[C@H](CC1=CC=CC=C1)NC(=O)OCC1=CN=CS1)CC1=CC=CC=C1,,0,0,3,MLP,Mordred
308,OCCN(CCO)C1=NC2=C(N=C(N=C2N2CCCCC2)N(CCO)CCO)C(=N1)N1CCCCC1,,0,1,3,MLP,Mordred
325,C/C1=C\CC[C@@](C)(O)/C=C/[C@@H](C(C)C)CC1,,1,0,3,MLP,Mordred
327,CC1=C[C@@]([C@@H](C(C)C)CC[C@]2(O)C)([H])[C@]2([H])CC1,,1,2,3,MLP,Mordred
349,[H]N(C(C1=CC=C(O)C=C1)=O)/N=C/C2=CC=C([N+]([O-])=O)O2,,2,2,3,MLP,Mordred
369,O=C(NN)C1=CC=NC=C1,,0,2,3,MLP,Mordred
378,CC1=CCCC(C)(C)[C@@]12O[C@@H](C)CC2,,1,2,3,MLP,Mordred
380,O=C([C@@H]1CC[C@@H](C)C[C@H]1O)C,,0,0,3,MLP,Mordred
381,CC([C@@H]1CC[C@@H](C)C[C@H]1OC(C[C@@H](O)C)=O)C,,0,2,3,MLP,Mordred
382,CC([C@@H]1CC[C@@H](C)C[C@H]1OCCO)C,,0,2,3,MLP,Mordred
385,CC1(C)C[C@@H](C(O)=O)[C@H](C(C)C)CC1,,2,2,3,MLP,Mordred
390,[NH3+] [C@@H](CC([O-])=O)C(N[C@@H](CC1=CC=CC=C1)C(OC)=O)=O,,0,0,3,MLP,Mordred
425,O=C(SC(C)CC)CC(C)C,,0,1,3,MLP,Mordred
435,CC(C)C1=CC=C([C@]23[C@@](CC4=O)([H])C(C)(C)[C@@H](CC3)OC2=O)C4=C1,,2,2,3,MLP,Mordred
437,CC(C)C1=CC=C([C@@]2(C)[C@@](CC3=O)([H])C(C)(C)C(CC2)=O)C3=C1,,2,2,3,MLP,Mordred
5,CC1(C)CCC[C@@]2(C)[C@H]1CC[C@]3(C)[C@@H]2CCO3,,1,2,4,MLP,Mordred
8,CC1=CC(C(C)(C)[C@H](C)CC2(C)C)=C2C=C1C(C)=O,,1,1,4,MLP,Mordred
11,CCC[C@H](SC(C1=CC(Br)=CC=C1)=O)CCOC(C2=CC(Br)=CC=C2)=O,,1,1,4,MLP,Mordred
21,O[C@H](/C=C/C#CC#CC1=CN(CC2=CC=CC=C2)N=N1)[C@H](O3)[C@@H]3[C@H](O)[C@H]4OC(CC4)=O,,2,2,4,MLP,Mordred
22,IC1=C(C(C)(C)OSC(F)(F)F)C=CC=C1,,1,1,4,MLP,Mordred
24,C[C@H]1C[C@@H](OC(C)=O)[C@H](C(C)C)CC1,,2,1,4,MLP,Mordred
26,CC1=C(C)[C@@]([C@@]2=C(O)C=CC(C)=C2C)=C(O)C=C1,,1,1,4,MLP,Mordred
32,NC1=C2C(C=CC=N2)=CC=C1,,1,2,4,MLP,Mordred
41,O=C1C(C2CCC(NC2=O)=O)C(C3=CC=CC=C31)=O,,2,2,4,MLP,Mordred
42,CC1=C(C(OC)=O)C(C(C(OC)=O)=C(C)N1)C2=C([N+]([O-])=O)C=CC=C2,,2,1,4,MLP,Mordred
46,CN(C)CCCN1C(C=CC=C2)=C2CCC3=C1C=CC=C3,,2,0,4,MLP,Mordred
55,O=CC1=CC=C([N+]([O-])=O)C=C1,,1,1,4,MLP,Mordred
63,CC(C(C)(C)O1)(C)OB1[C@@H](CCCCC)[C@H](B2OC(C)(C)C(C)(C)O2)C,,1,1,4,MLP,Mordred
64,CC(C(C)(C)O1)(C)OB1[C@@H](CCCCC)[C@@H](B2OC(C)(C)C(C)(C)O2)C,,1,1,4,MLP,Mordred
67,O[C@H]1CCC2=C(OC)C=CC=C2[C@H]1C(OC)=O,,1,2,4,MLP,Mordred
91,CC1=C[C@H](O)C(Br)C(C)(C)[C@]12CCC(C)(Cl)C(Br)C2,,1,1,4,MLP,Mordred
102,CC[C@@H](O1)[C@@H](Br)C[C@]1([H])[C@@]2([H])O[C@@H](C/C=C\C3=CN(CC(NC4=CC=CC=C4)=O)N=N3)[C@H](Br)C2,,1,1,4,MLP,Mordred
104,BrC1=C[C@@]([H])(OC)[C@](O2)(C)[C@]3(C[C@]2([H])[C@](Cl)(C)CC3)C1(C)C,,1,1,4,MLP,Mordred
109,[H]C(/C=C/C1=CC=CC=C1)=O,,1,1,4,MLP,Mordred
111,C12=CC=CC=C1C=CC=C2,,1,1,4,MLP,Mordred
114,OC1=C(OC)C=C(C=O)C=C1,,2,2,4,MLP,Mordred
118,CN1C=NC(C(F)(F)F)=C1C(OC)=O,,1,1,4,MLP,Mordred
119,CN1C(C(F)(F)F)=C([N+]([O-])=O)C=C1C(OC)=O,,1,1,4,MLP,Mordred
122,C[C@H]1C[C@@H](O)[C@H](C(C)C)CC1,,1,1,4,MLP,Mordred
124,C[C@H]1C[C@H](O)[C@H](C(C)C)CC1,,1,1,4,MLP,Mordred
128,C[C@@]12CC[C@H](C(C)(C)O2)CC1,,1,1,4,MLP,Mordred
142,CCN(CC)CC(=O)NC1=C(C)C=CC=C1C,,2,2,4,MLP,Mordred
145,O=C7OCC=6C(=O)N2C(\c1nc5c(c(c1C2)CC)cc(OC(=O)N4CCC(N3CCCCC3)CC4)cc5)=C/C=6[C@@]7(O)CC,,0,0,4,MLP,Mordred
149,O2C1(CCC(CC1)C2(C)C)C,,2,1,4,MLP,Mordred
150,O[C@H]1[C@H](C(C)C)CC[C@@H](C)C1,,2,1,4,MLP,Mordred
152,O(c1ccc(\C=C\C)cc1)C,,2,1,4,MLP,Mordred
161,O=C1C(C)=C2O[C@]3(C)CCC4C(C)(C)[C@@H](O)CC[C@]4(C)[C@@]3([H])C[C@@]2(C)C(C)=C1C(OC)=O,,2,2,4,MLP,Mordred
164,CC1(C)CC[C@]2(C)C[C@@]34[C@@H](C)CC[C@@H](O)[C@]3(C)CC[C@H]4[C@@]21[H],,2,2,4,MLP,Mordred
181,O[C@@H]1[C@@H](NCC2=CC=CC=C2)CCC1,,2,2,4,MLP,Mordred
184,O[C@@H]1CCCC[C@H]1NCC2=CC=CC=C2,,2,2,4,MLP,Mordred
187,C/C(C)=C/CC/C(C)=C/CO,,0,1,4,MLP,Mordred
188,C/C(C)=C/CC/C(C)=C/CC/C(C)=C/CO,,0,1,4,MLP,Mordred
193,O=C1C(C(OC)=O)=C(C)C(C)=C2O[C@@]3(C)CC[C@@]4([H])C(C)(C)[C@@H](O)CC[C@]4(C)[C@]3([H])C[C@@]21C,,2,2,4,MLP,Mordred
194,O=C1C(C(OC)=O)=C(C)[C@]2(C)C(O[C@]([C@]3(C)[C@](CC[C@H](O)C4)(C)[C@@]4([H])CC3)([H])C2)=C1C,,2,2,4,MLP,Mordred
198,O=C1CCCCC/C=C/CCCCCCCCO1,,0,1,4,MLP,Mordred
199,O=C1CCCCC/C=C\CCCCCCCCO1,,0,1,4,MLP,Mordred
211,CC([C@H]12)=CC[C@]32[C@]1([H])[C@H](C(C)C)CC[C@H]3C,,0,1,4,MLP,Mordred
213,CC(C12)=CC[C@@]3([H])C1[C@H](C(C)C)CC[C@@]32C,,0,1,4,MLP,Mordred
217,CC1=CC=C(CO)C=C1OCCCC(C)(C)C(O)=O,,2,2,4,MLP,Mordred
236,[H][C@]12CN(CC(=O)N1CCC1=CC=CC=C21)C(=O)[C@H]1CC[C@H](O)CC1,,1,1,4,MLP,Mordred
237,[H][C@]12CN(CC(=O)N1CCC1=CC=CC=C21)C(=O)[C@@H]1CC[C@H](O)CC1,,1,1,4,MLP,Mordred
240,OC12CN(CC(=O)N1CCC1=CC=CC=C21)C(=O)C1CCCCC1,,1,1,4,MLP,Mordred
241,O[C@]12CN(CC(=O)N1CCC1=CC=CC=C21)C(=O)C1CCCCC1,,1,1,4,MLP,Mordred
242,OC1=CC=C(NC(C)=O)C=C1,,0,2,4,MLP,Mordred
251,O[C@@H]1[C@@H](O)[C@H](O)[C@@H](CO)O[C@H]1OC2=CC=CC=C2CO,,0,0,4,MLP,Mordred
275,O=C(C1=C2C=C(C)C=C1O)C3=C(C=C(O)C=C3O)C2=O,,0,2,4,MLP,Mordred
281,C[C@@H](C1=C2C[C@H](O)[C@H]3[C@@]4(C)CCC(C(C)(C)[C@@H]4CC[C@]3(C)[C@@]2(C)CC1)=O)C[C@H](O)[C@@H](O)C(C)(O)C,,0,2,4,MLP,Mordred
283,COC(=O)[C@@H](N)CC1=CNC2=CC=CC=C12,,2,2,4,MLP,Mordred
293,CN1C(C(=O)NC2=NC=C(C)S2)=C(O)C2=C(C=CC=C2)S1(=O)=O,,0,0,4,MLP,Mordred
312,BrC1(CC2(Br)C3)CC(C2)(Br)CC3(Br)C1,,2,1,4,MLP,Mordred
344,O=C1[C@@H](CCCCCC)[C@H](C[C@H](CCCCCCCCCCC)OC([C@H](CC(C)C)NC=O)=O)O1,,2,0,4,MLP,Mordred
356,FC1=CC2=C(C=C1)C(C3CCN(CCC4=C(C)N=C5N(CCCC5)C4=O)CC3)=NO2,,2,0,4,MLP,Mordred
357,CN1CCN(CC1)S(=O)(C2=CC(C3=NC4=C(C(N3)=O)N(N=C4CCC)C)=C(OCC)C=C2)=O,,1,0,4,MLP,Mordred
363,ClC1=C(NC2=CC=CC=C2CC(O)=O)C(Cl)=CC=C1,,0,2,4,MLP,Mordred
384,CC1(C)C[C@@H](C(NC2=CC=C(CC#N)C=C2)=O)[C@H](C(C)C)CC1,,0,1,4,MLP,Mordred
3,C[C@@H]1CCC=C(CC/2)[C@@]1(C)CC2=C(C)\CO,,2,0,5,MLP,Mordred
6,C[C@@]1(CC2)[C@]3(O)C(C)(C)[C@H]2C[C@H]1[C@@H](C)CC3,,2,2,5,MLP,Mordred
10,C[C@@](CC[C@H](Br)C(Br)(C)C)(Br)[C@H](Br)CO,,1,1,5,MLP,Mordred
14,CCCCNc1ccc(cc1)C(=O)OCCN(C)C,,1,2,5,MLP,Mordred
15,CCCCCC=CCC=CCC=CCC=CCCCC(=O)OCC,,2,0,5,MLP,Mordred
19,CC1=C(NC(CN(CC)CC)=O)C(C)=CC=C1,,2,2,5,MLP,Mordred
28,CC(C)C1=CC=C2C(C=CC=C2)=[C@]1[C@]3=CSC(C)=C3C,,1,1,5,MLP,Mordred
30,C12=CC=CC=C1N=C3N2CC/C=C/CCN4C5=C(C=CC=C5)N=C34,,1,1,5,MLP,Mordred
37,NC1=CC=C(S(C2=CC=C(N)C=C2)(=O)=O)C=C1,,2,2,5,MLP,Mordred
54,NC1=C(C(C)C)C=CC=C1C(C)C,,1,2,5,MLP,Mordred
60,COC1=CC=C(/C=C/C)C=C1,,1,2,5,MLP,Mordred
74,C1C[C@H]2OOC(C1)O2,,1,1,5,MLP,Mordred
77,Clc1cccc(Cl)c1,,1,1,5,MLP,Mordred
87,CC1(C)C(Br)C[C@H]2O[C@@]2(C)[C@]13CC(Br)C(C)(Cl)CC3O,,1,1,5,MLP,Mordred
89,C[C@]1(Cl)CC2O[C@@]3(Br)[C@H](O)[C@H]4O[C@@]4(C)[C@]2(C[C@@H]1Br)C3(C)C,,1,1,5,MLP,Mordred
93,C/C1=C\CC(C)(C)/C=C/C/C(C)=C/CC1,,1,1,5,MLP,Mordred
94,C/C1=C\CC(C)(C)/C=C/CC2(C)C(O2)CC1,,1,1,5,MLP,Mordred
97,CC12C(O2)CC(C)(C)/C=C/CC(C)(O3)C3CC1,,1,1,5,MLP,Mordred
105,O=C(C(O)=C1)C2=CC=CC3=CC=CC1=C32,,1,1,5,MLP,Mordred
106,O=C(C(C1=CC=CC=C1)=C2)C3=CC=CC4=CC=CC2=C43,,1,1,5,MLP,Mordred
113,C1(/C=C/C2=CC=CC=C2)=CC=CC=C1,,2,1,5,MLP,Mordred
117,CN1C=NC([N+]([O-])=O)=C1C(F)(F)F,,1,1,5,MLP,Mordred
125,C[C@H](CC[C@@H]1C(C)C)CC1=O,,1,1,5,MLP,Mordred
130,CC#[N][Pd]1(Br)C2=CC=CC3=C2C([N]1=CC=C4)=C4C5=CC=CC=C53,,1,1,5,MLP,Mordred
134,O=C1C=CC2(C)C(C(OC(C3C)=O)C3CC2)=C1C,,2,1,5,MLP,Mordred
153,C[C@@]12C(C)(C)[C@@H](CC1=O)CC2,,2,0,5,MLP,Mordred
154,CC1(C)[C@H]2C[C@@H]1CC=C2C,,2,1,5,MLP,Mordred
158,C1=CC=CC2=C1C3C(CC2)C(C(O3)=O)=C,,1,1,5,MLP,Mordred
160,O=C(N[C@H](CO)C1)[C@H](C(C)C)SC2=C1C3=CC=CC=C3N2,,2,2,5,MLP,Mordred
162,C/C([C@@H]1[C@@](CCCC2=C(C)OC(OC)=CC2=O)(O1)C)=C\C3=CC=C([N+]([O-])=O)C=C3,,2,2,5,MLP,Mordred
168,COC1=C(OC)C=C(OC)C(/C=C/C)=C1,,1,1,5,MLP,Mordred
171,COC1=CC=C2C(C(CC(O)=O)C(C)N2C(C3=CC=C(Cl)C=C3)=O)=C1,,2,2,5,MLP,Mordred
172,CC(OC1=CC=CC=C1C(NC2=NC=C([N+]([O-])=O)S2)=O)=O,,2,2,5,MLP,Mordred
182,O[C@H]1[C@H](NCC2=CC=CC=C2)CCC1,,2,2,5,MLP,Mordred
191,O=C(OC)C1=C(C)C(C)=C2O[C@]3(C)CC[C@@]4([H])C(C)(C)[C@@H](O)CC[C@]4(C)[C@@]3([H])C[C@@]2(C)C1=O,,2,2,5,MLP,Mordred
215,CCCC(S)CCO,,0,0,5,MLP,Mordred
220,CC1=CC=C(C)C(OCCCC(C)(C)C(OC2OC(C(O)=O)C(O)C(O)C2O)=O)=C1,,0,0,5,MLP,Mordred
235,[H][C@]12CN(CC(=O)N1CCC1=CC=CC=C21)C(=O)C1CCCCC1,,1,1,5,MLP,Mordred
238,[H][C@]12CN(CC(=O)N1CCC1=CC(O)=CC=C21)C(=O)C1CCCCC1,,1,1,5,MLP,Mordred
246,NC(C1=CC=CC=C1OCC)=O,,2,2,5,MLP,Mordred
248,CN1C(C)C(C(C)C)C(N1C2=CC=CC=C2)=O,,2,2,5,MLP,Mordred
256,O[C@@H]1[C@@H](O)[C@H](O)[C@@H](CO)O[C@H]1C2=C(OC=C(C3=CC=C(O)C=C3)C4=O)C4=CC=C2O,,0,0,5,MLP,Mordred
267,O=C1OC2=CC3=C(C=CO3)C(O/C=C/C(C)C)=C2C=C1,,0,2,5,MLP,Mordred
286,COC1=CC2=C(C=C1OC)C(=O)C(CC1CCN(CC3=CC=CC=C3)CC1)C2,,1,2,5,MLP,Mordred
289,COC1=CC=C2C=C3C4=C(CC[N+]3=CC2=C1OC)C=C1OCOC1=C4,,0,1,5,MLP,Mordred
297,CC(C)CN1C=NC2=C(N)N=C3C=CC=CC3=C12,,0,2,5,MLP,Mordred
298,CC1=CN=C(C=N1)C(=O)NCCC1=CC=C(C=C1)S(=O)(=O)NC(=O)NC1CCCCC1,,0,0,5,MLP,Mordred
299,CC(=O)N1CCN(CC1)C1=CC=C(OC[C@H]2CO[C@@](CN3C=CN=C3)(O2)C2=C(Cl)C=C(Cl)C=C2)C=C1,,0,1,5,MLP,Mordred
333,CC1=C(C(OC)=O)C(C2=C([N+]([O-])=O)C=CC=C2)=C(C(OC)=O)C(C)=N1,,1,2,5,MLP,Mordred
351,CN(C)CCCN(C(C=CC=C1)=C1CC2)C3=C2C=CC=C3,,0,2,5,MLP,Mordred
373,COC1=CC=C(C=C1)C2=COC3=C(C2=O)C=CC(=C3)OC,,2,2,5,MLP,Mordred
374,CC1OC2(C(C)=CCCC2(C)C)CC1,,2,1,5,MLP,Mordred
398,O=C1CCC(C1C/C=C\CC)CC(OC)=O,,2,0,5,MLP,Mordred
400,CC(C1CCC(C=O)=CC1)=C,,1,0,5,MLP,Mordred
403,CC(C)[C@@H]1CC[C@@]([C@@H](C1)C(=C)C)(C)C=C,,0,0,5,MLP,Mordred
409,CC1(C=C)C(C(C)C)CC(C(C)C)CC1,,0,1,5,MLP,Mordred
413,C[C@@]1(CCC2)CC[C@@H](C(C)C)C[C@@]1([H])C2=C,,0,0,5,MLP,Mordred
428,CC(S)CC(OCC)=O,,0,0,5,MLP,Mordred
434,CC(C)C1=CC=C([C@]23[C@@](C[C@@H]4O)([H])C(C)(C)[C@@](O)(CC3)OC2)C4=C1,,2,2,5,MLP,Mordred
440,CC1=C2C(C(OC2)=O)=C(C(C/C=C(C)/CCC(OCCN3CCOCC3)=O)=C1OC)O,,0,2,5,MLP,Mordred
1,O=C1C[C@@H](C)[C@]2(C)CC(CCC2=C1)=C(C)C,,1,2,1,Logistic Regression,Morgan
12,CC(C)[C@H]1[C@H]2[C@](CC1)(C)[C@H]3[C@@H]2C(CBr)=CC3,,1,0,1,Logistic Regression,Morgan
18,O=C(N[C@H](C(N[C@@H](C1=CC=CC=C1)C(OC(C)(C)C)=O)=O)C)CC2=CC(F)=CC(F)=C2,,2,2,1,Logistic Regression,Morgan
20,O[C@H](/C=C\C#CC#CC1=CN(CC2=CC=CC=C2)N=N1)[C@H](O3)[C@@H]3[C@H](O)[C@H]4OC(CC4)=O,,2,2,1,Logistic Regression,Morgan
25,CC1=C(C)[C@]([C@]2=C(O)C=CC(C)=C2C)=C(O)C=C1,,1,1,1,Logistic Regression,Morgan
27,CC(C)C1=CC=C2C(C=CC=C2)=[C@@]1[C@@]3=CSC(C)=C3C,,1,1,1,Logistic Regression,Morgan
29,C12=CC=CC=C1N3C(C4=NC5=C(C=CC=C5)N4CC/C=C/CC3)=N2,,1,1,1,Logistic Regression,Morgan
34,CC1=CC=CC(C)=C1NC(CN(CC)CC)=O,,1,2,1,Logistic Regression,Morgan
40,ClC1=CC=C2C(N(CCCN(C)C)C(C=CC=C3)=C3S2)=C1,,2,2,1,Logistic Regression,Morgan
43,ClC1=C([C@@H](C(OC)=O)N2CCC(SC=C3)=C3C2)C=CC=C1,,2,0,1,Logistic Regression,Morgan
44,O=C(C(C)=C1)NC(N1[C@@H]2O[C@H](CO)[C@@H](N=[N+]=[N-])C2)=O,,2,2,1,Logistic Regression,Morgan
48,CN(CCC1)[C@@H]1C2=CC=CN=C2,,0,1,1,Logistic Regression,Morgan
51,O=C(C=C(C1=CC(OC)=C(OC)C=C1)O2)C3=C2C(OC)=C(OC)C(OC)=C3OC,,1,1,1,Logistic Regression,Morgan
52,O=C(C=C(C1=CC=C(OC)C=C1)O2)C3=C2C(OC)=C(OC)C(OC)=C3OC,,1,1,1,Logistic Regression,Morgan
58,BrC1=CC2=CC=CC=C2C3=C1C=CC=C3,,1,1,1,Logistic Regression,Morgan
61,CC(O[C@H]1[C@H](C(C)C)CC[C@@H](C)C1)=O,,1,2,1,Logistic Regression,Morgan
69,CC1CCCC2(C1CC(CC2)C(C)C)C,,1,2,1,Logistic Regression,Morgan
78,N#Cc1ccccc1,,1,1,1,Logistic Regression,Morgan
84,C[C@]12OC(=O)C(=C)[C@H]1CC(=O)C=C2,,1,1,1,Logistic Regression,Morgan
88,Cc1cc(O)c(cc1Br)[C@]2(C)CC[C@@H]3C[C@]23C,,1,2,1,Logistic Regression,Morgan
95,CC12C(O2)CC(C)(C)/C=C/C/C(C)=C/CC1,,1,1,1,Logistic Regression,Morgan
96,C/C1=C\CC(C)(C)C(O2)C2C/C(C)=C/CC1,,1,1,1,Logistic Regression,Morgan
98,CC12C(O2)CC(C)(C)C(O3)C3CC(C)(O4)C4CC1,,1,1,1,Logistic Regression,Morgan
99,CC1(C)C/C=C(C)/CC/C=C(C=O)/C/C=C/1,,1,1,1,Logistic Regression,Morgan
103,BrC1=C[C@]([H])(OC)[C@](O2)(C)[C@]3(C[C@]2([H])[C@](Cl)(C)CC3)C1(C)C,,1,1,1,Logistic Regression,Morgan
135,O=C1C(N(C)C)=C(C)N(C)N1C2=CC=CC=C2,,2,1,1,Logistic Regression,Morgan
137,FC(F)(F)C1=CC=C(OC(C2=CC=CC=C2)CCNC)C=C1,,2,1,1,Logistic Regression,Morgan
138,O=C(OC)[C@@H](N1CCC(SC=C2)=C2C1)C3=C(Cl)C=CC=C3,,2,0,1,Logistic Regression,Morgan
140,O=C1C2=C(N=CC=C2)N(C3CC3)C4=C(C(C)=CC=N4)N1,,2,1,1,Logistic Regression,Morgan
143,Cc1ccc(cc1Nc2nccc(n2)c3cccnc3)NC(=O)c4ccc(cc4)CN5CCN(CC5)C,,0,0,1,Logistic Regression,Morgan
144,O=C1N(/N=C\N1c2ccc(cc2)N7CCN(c6ccc(OCC3C[C@@](OC3)(c4ccc(F)cc4F)Cn5ncnc5)cc6)CC7)[C@@H](CC)[C@@H](O)C,,0,0,1,Logistic Regression,Morgan
159,O=C(O)C1=C(OC(C)=O)C=CC=C1,,2,2,1,Logistic Regression,Morgan
178,N=C(N(C)C)N(C)C,,2,2,1,Logistic Regression,Morgan
180,C12=NCCCN1CCCCC2,,2,1,1,Logistic Regression,Morgan
185,O[C@H]1CCCCC[C@@H]1NCC2=CC=CC=C2,,2,2,1,Logistic Regression,Morgan
203,OC(=O)c1ccccc1Nc2cccc(c2)C(F)(F)F,,0,2,1,Logistic Regression,Morgan
204,C[C@@]1(C2(C)C)CC[C@H]2C[C@H]1O,,0,2,1,Logistic Regression,Morgan
206,O=C1O[C@H](CCCCC)CCC1,,0,2,1,Logistic Regression,Morgan
221,CCCC[C@@H](Br)[C@]1(C)CCCC=C1,,1,1,1,Logistic Regression,Morgan
223,COC([C@H](O)[C@@H](O)C(OC)=O)=O,,1,2,1,Logistic Regression,Morgan
224,CC1=CC=C(S(N)=O)C=C1,,1,1,1,Logistic Regression,Morgan
225,OC(C)C1=CC=C(Br)C=C1,,1,1,1,Logistic Regression,Morgan
226,CC(C)[C@@H]1Sc2[nH]c3ccccc3c2C[C@@H](CO)NC1=O,,2,2,1,Logistic Regression,Morgan
249,CCN(CC)C1=CC=C2C(OC(C(C3=NC4=C(C=CC=C4)S3)=C2)=O)=C1,,2,2,1,Logistic Regression,Morgan
278,O=C1C[C@@H](C2=CC=CC=C2)OC3=CC=CC=C31,,0,1,1,Logistic Regression,Morgan
285,C\C(\C=C1/SC(=S)N(CC(O)=O)C1=O)=C/C1=CC=CC=C1,,2,1,1,Logistic Regression,Morgan
287,ClC1=C(Cl)C(=CC=C1)N1CCN(CCCCOC2=CC3=C(CCC(=O)N3)C=C2)CC1,,1,2,1,Logistic Regression,Morgan
290,C\N=C(\NCCSCC1=C(C)NC=N1)NC#N,,0,1,1,Logistic Regression,Morgan
291,ClC1=C(NC2=NCCN2)C2=NSN=C2C=C1,,0,1,1,Logistic Regression,Morgan
296,CC1(C)SC2[C@H](NC(=O)CC3=CC=CC=C3)C(=O)N2[C@H]1C(O)=O,,0,2,1,Logistic Regression,Morgan
322,O=C(C1=C(S(=O)(NC(NC2=NC(OC)=CC(OC)=N2)=O)=O)N(C)N=C1Cl)OC,,2,1,1,Logistic Regression,Morgan
326,CC(CC1)=C[C@@]2([H])C1=C(C)CC[C@@H]2C(C)C,,2,1,1,Logistic Regression,Morgan
328,CC1=C[C@@]([C@@H](C(C)C)CC[C@]2(O)C)([H])[C@@]2([H])CC1,,2,1,1,Logistic Regression,Morgan
329,CC1=C[C@@]([C@@H](C(C)C)CC[C@@]2(O)C)([H])[C@]2([H])CC1,,2,1,1,Logistic Regression,Morgan
332,ClC1=CC(N2CCCN(C)C)=C(C=C1)SC3=C2C=CC=C3,,2,2,1,Logistic Regression,Morgan
339,COC1=C2O[C@@H]3[C@]45C2=C(C=C1)C[C@@H](N(CC5)C)[C@]4([H])C=C[C@@H]3O,,1,1,1,Logistic Regression,Morgan
360,O=S(CC1=NC=C(C(OC)=C1C)CO)C2=NC3=C(N2)C=CC(OC)=C3,,0,2,1,Logistic Regression,Morgan
386,O[C@@H]1C[C@H](C)CC[C@H]1C(C)=O,,0,0,1,Logistic Regression,Morgan
439,O=C1NC2=C(N1CCCN3CCC(CC3)N4C(NC5=CC(Cl)=CC=C54)=O)C=CC=C2,,0,1,1,Logistic Regression,Morgan
448,CO[C@H]1[C@@H](C[C@@H]2CN3CCC4=C([C@H]3C[C@@H]2[C@@H]1C(=O)OC)NC5=C4C=CC(=C5)OC)OC(=O)C6=CC(=C(C(=C6)OC)OC)OC,,0,0,1,Logistic Regression,Morgan
2,CC1=CC(C[C@@H](C)[C@]1(C2)CCC2=C(C)C)=O,,1,1,2,Logistic Regression,Morgan
4,O=C(CCCCCCCCCCC1)OCCOC1=O,,1,0,2,Logistic Regression,Morgan
13,C[C@@]1(O)[C@@H](Br)C[C@H](C(C)=C)CC1,,1,1,2,Logistic Regression,Morgan
16,CC1(C)[C@@H]2[C@H]1CC=C(C)C2,,1,1,2,Logistic Regression,Morgan
31,O=C1N(C)C(C(N(C)C=N2)=C2N1C)=O,,1,1,2,Logistic Regression,Morgan
35,CNCCC(OC1=CC=C(C(F)(F)F)C=C1)C2=CC=CC=C2,,1,2,2,Logistic Regression,Morgan
36,COC1=CC=C2C(NC(S(CC3=C(C)C(OC)=C(C)C=N3)=O)=N2)=C1,,2,2,2,Logistic Regression,Morgan
38,O=C(OCCN(C)C)C1=CC=C(NCCCC)C=C1,,2,1,2,Logistic Regression,Morgan
47,ClC1=CC=C(NC(O[C@]2(C#CC3CC3)C(F)(F)F)=O)C2=C1,,2,1,2,Logistic Regression,Morgan
49,CC1=C2C(C=C1)=C(C)C=CC(C(C)C)=C2,,1,2,2,Logistic Regression,Morgan
53,O=C(C(OC)=C(C1=CC(OC)=C(OC)C=C1)O2)C3=C2C(OC)=C(OC)C(OC)=C3OC,,1,1,2,Logistic Regression,Morgan
62,CC(C(C)(C)O1)(C)OB1C(B2OC(C)(C)C(C)(C)O2)CCC3=CC=CC=C3,,1,1,2,Logistic Regression,Morgan
65,O=C(C(C#N)=C1)C=C(C1(C#C)C2)C3=C2C=CC=C3,,1,1,2,Logistic Regression,Morgan
71,C1OOC(O1)c2ccccc2,,1,2,2,Logistic Regression,Morgan
73,O1O[C@H](O[C@@H]1c2ccccc2)c3ccccc3,,1,1,2,Logistic Regression,Morgan
75,c1ccccc1,,1,1,2,Logistic Regression,Morgan
81,Fc1ccc(F)cc1,,1,1,2,Logistic Regression,Morgan
82,CN1C[C@@](C)(c2ccccc2)[C@@]3(C)[C@@H]1N(C)c4ccccc34,,1,2,2,Logistic Regression,Morgan
83,C[C@@]12OC(=O)C(=C)[C@]1(C)CC(=O)C=C2,,1,1,2,Logistic Regression,Morgan
86,CCOC(=O)\C=C\1/C[C@@](N1S(=O)(=O)c2ccc(C)cc2)(C(=O)OCC)c3ccccc3C,,1,2,2,Logistic Regression,Morgan
90,C[C@]1(Cl)CC2O[C@@]3(C)C=C[C@@](C)(O)[C@]2(C[C@@H]1Br)C3(C)C,,1,1,2,Logistic Regression,Morgan
100,CC1(C)/C=C/C/C(C=O)=C\CC/C(C=O)=C\C1,,1,1,2,Logistic Regression,Morgan
110,N#CCC1=CC=CC=C1,,1,1,2,Logistic Regression,Morgan
115,[N-]=[N+]=NC1=CC=C(C(F)(F)F)C=C1,,2,2,2,Logistic Regression,Morgan
116,C[C@@](O1)(OO2)CC[C@]3([H])[C@]2([C@]1([H])O4)[C@](CC[C@H]3C)([H])[C@@H](C)C4=O,,2,1,2,Logistic Regression,Morgan
120,CC1=CC[C@H](C(C)=C)CC1,,1,1,2,Logistic Regression,Morgan
123,C[C@H](CC[C@H]1C(C)C)CC1=O,,1,1,2,Logistic Regression,Morgan
129,IC1=C(C(OSC(F)(F)F)(C)C)C=CC=C1,,1,1,2,Logistic Regression,Morgan
133,OC(C=C1)=CC=C1C2COC3=CC(O)=CC=C3C2=O,,0,2,2,Logistic Regression,Morgan
141,CN3[C@H]1CC[C@@H]3C[C@@H](C1)OC(=O)C(CO)c2ccccc2,,2,2,2,Logistic Regression,Morgan
146,CCOc2nc1cccc(C(=O)O)c1n2Cc5ccc(c3ccccc3c4nn[nH]n4)cc5,,0,2,2,Logistic Regression,Morgan
151,C[C@@H]1CC[C@H]([C@@H](C1)OC(=O)C)C(C)C,,2,2,2,Logistic Regression,Morgan
163,O[C@H](C1)CC[C@@]2(C)C1=CC[C@]3([H])[C@]2([H])CC[C@@]4([H])[C@@]3([H])C[C@H](O)[C@]4([H])[C@H](C)[C@@H](O)CCC(C)C,,2,0,2,Logistic Regression,Morgan
165,[H][C@@]1(CO2)[C@](CO[C@@H]1C3=CC(OCO4)=C4C=C3)([H])[C@@H]2C5=CC(OCO6)=C6C=C5,,1,0,2,Logistic Regression,Morgan
166,COC1=C(OC)C=C(OC)C(/C=C\C)=C1,,1,1,2,Logistic Regression,Morgan
173,CC(C(O)=O)C1=CC=C(CC(C)C)C=C1,,2,0,2,Logistic Regression,Morgan
174,O[C@@H]1CCCC[C@H]1NC2CC2,,2,2,2,Logistic Regression,Morgan
176,CN(C)C1CCCCC1,,2,1,2,Logistic Regression,Morgan
179,N=C(NC1=CC=CC=C1)NC2=CC=CC=C2,,2,1,2,Logistic Regression,Morgan
195,OC(=O)c1ccc(O)cc1,,2,1,2,Logistic Regression,Morgan
196,CC1=C(/C=C/C(C)=C/C=C/C(C)=C/C=C/C=C(C)/C=C/C=C(C)/C=C/C2=C(C)CCCC2(C)C)C(C)(C)CCC1,,0,1,2,Logistic Regression,Morgan
209,CC(C)C1CC[C@]2(C)[C@@]1([H])[C@]3([H])[C@@]2([H])CCC3=C,,0,1,2,Logistic Regression,Morgan
218,CC1=C(O)C=C(C)C(OCCCC(C)(C)C(O)=O)=C1,,2,2,2,Logistic Regression,Morgan
219,CC1=CC=C(C(O)=O)C=C1OCCCC(C)(C)C(O)=O,,0,2,2,Logistic Regression,Morgan
227,COC(=O)C1=C(C)[C@]2(C)C[C@H]3[C@@](C)(CC[C@H]4C(C)(C)[C@@H](O)CC[C@]34C)OC2=C(C)C1=O,,2,2,2,Logistic Regression,Morgan
231,COCC(=O)N([C@H](C)C(=O)OC)c1c(C)cccc1C,,2,2,2,Logistic Regression,Morgan
284,CC(C)NCC(O)COC1=CC=CC2=CC=CC=C12,,2,2,2,Logistic Regression,Morgan
288,O=C1C2=CC=CC=C2C(=O)C2=C1C=CC1=C2NC2=C(N1)C1=C(C=C2)C(=O)C2=C(C=CC=C2)C1=O,,0,1,2,Logistic Regression,Morgan
309,CC[C@H]1OC(=O)[C@H](C)[C@H](C[C@@H](O[C@@H]2O[C@H](C)C[C@@H]([C@H]2O)N(C)C)[C@](C)(O)C[C@@H](C)C(=O)[C@H](C)[C@@H](C)[C@]1(C)O)O[C@H]1C[C@@](C)(OC)[C@@H](O)[C@H](C)O1,,0,1,2,Logistic Regression,Morgan
318,O=C(CC(C(C)1C)CC2)C21CS(=O)(O)=O,,0,0,2,Logistic Regression,Morgan
324,C[C@@H]1[C@]2([C@@]3([H])[C@](C)(O)CC2)[C@@]3([H])[C@@H](C(C)C)CC1,,2,2,2,Logistic Regression,Morgan
345,COC1=C(C(C(C(O)=C([C@@H](O)C[C@@](C(CO)=O)(O)C2)C2=C3O)C3C4=O)=O)C4=CC=C1,,0,0,2,Logistic Regression,Morgan
366,COC1=C(C2=CC=C1)C(C(C3C2=O)C(O)=C4[C@H](C[C@@](O)(CC4=C3O)C(CO)=O)O[C@H]5C[C@H](N)[C@H](O)[C@H](C)O5)=O,,0,0,2,Logistic Regression,Morgan
372,NC(N1C2=C(C=CC=C2)C=CC3=C1C=CC=C3)=O,,2,1,2,Logistic Regression,Morgan
407,[H][C@@]12[C@](CC[C@@H](C(C)C)C2)(C)CCC[C@]1(O)C,,2,0,2,Logistic Regression,Morgan
417,C[C@@]12CC[C@@H](C(C)C)C[C@@]1([H])C(C)=CCC2,,0,0,2,Logistic Regression,Morgan
421,CC12C(CC(C(C)=C)CC2)=C(C)C(CC1)=O,,0,1,2,Logistic Regression,Morgan
432,C[C@@H]1CCCCCCCCCCCCC(=O)C1,,0,1,2,Logistic Regression,Morgan
436,CC(C)C1=CC=C([C@@]2(C)[C@@](CC3=O)([H])C(C)(C)[C@H](O)CC2)C3=C1,,2,2,2,Logistic Regression,Morgan
446,CC1=C(C2=C(CC[C@@](O2)(C)CCC[C@H](C)CCC[C@H](C)CCCC(C)C)C(=C1O)C)C,,0,0,2,Logistic Regression,Morgan
7,C=C1CC/C=C(C)/CC[C@@H]2[C@@H]1CC2(C)C,,1,1,3,Logistic Regression,Morgan
9,Br[C@@H](CO)[C@](CC[C@H](Br)C(Br)(C)C)(Br)C,,1,1,3,Logistic Regression,Morgan
17,CN1[C@H]2CC[C@@H]1C[C@H](OC(C(CO)C3=CC=CC=C3)=O)C2,,2,2,3,Logistic Regression,Morgan
39,ClC1=C(N)C=C(OC)C(C(NCCN(CC)CC)=O)=C1,,2,2,3,Logistic Regression,Morgan
45,OCC(C(OC1CC(N2C)CCC2C1)=O)C3=CC=CC=C3,,2,2,3,Logistic Regression,Morgan
50,O=C1[C@@H](C)[C@]([C@]2([H])O1)([H])CC[C@@](C2=C3C)(C)C=CC3=O,,1,2,3,Logistic Regression,Morgan
56,O=C/C=C/C1=CC=CC=C1,,1,1,3,Logistic Regression,Morgan
57,O=C([C@@]1(C2C34)[C@@H]3[C@H]5C4(C(OC)=O)C2[C@H]51)OC,,1,2,3,Logistic Regression,Morgan
68,O=C1CC[C@@]2(C)C(CCC([C@@](CC[C@@H]3O)([H])[C@]3(C)C4)[C@]2([H])C4=O)=C1,,1,0,3,Logistic Regression,Morgan
72,O1O[C@@H](O[C@@H]1c2ccccc2)c3ccccc3,,1,1,3,Logistic Regression,Morgan
76,Fc1ccc(C=O)cc1,,1,1,3,Logistic Regression,Morgan
79,O=CC1=CC=CC=C1,,1,1,3,Logistic Regression,Morgan
80,Fc1ccccc1,,1,1,3,Logistic Regression,Morgan
85,Cn1c2c(CC[C@@]2(C)C=C)c3ccccc13,,1,1,3,Logistic Regression,Morgan
92,CC1(Cl)CC[C@@]2(CC1Br)C(C)(C)C(=C[C@H]3O[C@@]23C)Br,,1,1,3,Logistic Regression,Morgan
101,CC[C@@H](O1)[C@@H](Br)C[C@]1([H])[C@@]2([H])O[C@@H](C/C=C\C#C)[C@H](Br)C2,,1,1,3,Logistic Regression,Morgan
107,C[C@@H](CC1)[C@@]2([H])[C@]1([H])[C@@]3(C)[C@]2([H])[C@@H](C(C)=C)CC3,,1,1,3,Logistic Regression,Morgan
108,O=C(C)C1=CC=CC=C1,,1,1,3,Logistic Regression,Morgan
112,C12=CC=CC=C1C=C3C(C=CC=C3)=C2,,1,1,3,Logistic Regression,Morgan
121,CC1=CC[C@@H]2C(C)(C)[C@H]1C2,,1,2,3,Logistic Regression,Morgan
127,C[C@H]1CC2=C(C(C)=CO2)CC1,,1,1,3,Logistic Regression,Morgan
131,BrC1=CC=CC2=C1C(N=CC=C3)=C3C4=C2C=CC=C4,,1,1,3,Logistic Regression,Morgan
132,COC(C=C1)=CC=C1C2COC3=CC(OC)=CC=C3C2=O,,2,0,3,Logistic Regression,Morgan
136,NC1=C(S(=O)(CC)=O)C=C(C(NCC2N(CC)CCC2)=O)C(OC)=C1,,2,2,3,Logistic Regression,Morgan
139,CN(C)CCCN1C2=C(C=CC=C2)CCC3=C1C=CC=C3,,2,2,3,Logistic Regression,Morgan
147,C[C@H]1[C@H]([C@H](C[C@@H](O1)O[C@H]2C[C@@](Cc3c2c(c4c(c3O)C(=O)c5cccc(c5C4=O)OC)O)(C(=O)CO)O)N)O,,0,0,3,Logistic Regression,Morgan
148,COc1ccccc1OCCNCC(O)COc3cccc4[nH]c2ccccc2c34,,0,2,3,Logistic Regression,Morgan
155,COc1ccc(C=O)cc1,,2,1,3,Logistic Regression,Morgan
156,C1=CC=CC2=C1C3C(CC2)[C@@H](C(O3)=O)C,,1,2,3,Logistic Regression,Morgan
177,NCCC1=CC=CC=C1,,2,1,3,Logistic Regression,Morgan
183,O[C@H]1CCCC[C@@H]1NCC2=CC=CC=C2,,2,2,3,Logistic Regression,Morgan
186,O[C@@H]1CCCCC[C@H]1NCC2=CC=CC=C2,,2,2,3,Logistic Regression,Morgan
189,CC1(C)C(C(CCC)=O)=C(C)CCC1,,0,0,3,Logistic Regression,Morgan
190,O=C(OC)C1=C(C)C(C)=C2O[C@]3(C)CC[C@@]4([H])C(C)(C)[C@@H](O)CC[C@]4(C)[C@@]3([H])C[C@]2(C)C1=O,,2,2,3,Logistic Regression,Morgan
192,CC1=C(C)C(C(OC)=O)=C2O[C@]3(C)CC[C@@]4([H])C(C)(C)[C@@H](O)CC[C@]4(C)[C@@]3([H])C[C@]2(C)C1=O,,2,2,3,Logistic Regression,Morgan
216,CC1=CC=C(C)C(OCCCC(C)(C)C(O)=O)=C1,,2,2,3,Logistic Regression,Morgan
222,O[C@@H](CCCl)C1=CC=CC=C1,,1,1,3,Logistic Regression,Morgan
234,CCC1=CC=CC(=C1N(C(C)COC)C(=O)CCl)C,,2,2,3,Logistic Regression,Morgan
239,[H][C@]12CN(CC(=O)N1C[C@@H](O)C1=CC=CC=C21)C(=O)C1CCCCC1,,1,1,3,Logistic Regression,Morgan
244,C/C(C(O)=O)=C(OC(C)=O)\C=C,,0,0,3,Logistic Regression,Morgan
260,C[C@H](CCCC(C)C)[C@@]1([H])CC[C@@]2([H])[C@]3([H])CC=C4C[C@@H](C)CC[C@]4(C)[C@@]3([H])CC[C@@]21C,,2,2,3,Logistic Regression,Morgan
277,O=C(C1=C2C=C(C)C=C1O)C3=C(C=CC=C3O)C2=O,,2,1,3,Logistic Regression,Morgan
282,CCOC(=O)[C@H](CC1=CNC2=CC=CC=C12)NC(C)=O,,2,2,3,Logistic Regression,Morgan
303,[H][C@@]12CCCC[C@]1([H])CN(C[C@@H](O)[C@H](CSC1=CC=CC=C1)NC(=O)C1=CC=CC(O)=C1C)[C@@H](C2)C(=O)NC(C)(C)C,,0,2,3,Logistic Regression,Morgan
305,COC1=CC(=CC=C1CC1=CN(C)C2=CC=C(NC(=O)OC3CCCC3)C=C12)C(=O)NS(=O)(=O)C1=CC=CC=C1C,,0,2,3,Logistic Regression,Morgan
307,CC(C)[C@H](NC(=O)N(C)CC1=CSC(=N1)C(C)C)C(=O)N[C@H](C[C@H](O)[C@H](CC1=CC=CC=C1)NC(=O)OCC1=CN=CS1)CC1=CC=CC=C1,,0,2,3,Logistic Regression,Morgan
308,OCCN(CCO)C1=NC2=C(N=C(N=C2N2CCCCC2)N(CCO)CCO)C(=N1)N1CCCCC1,,0,2,3,Logistic Regression,Morgan
325,C/C1=C\CC[C@@](C)(O)/C=C/[C@@H](C(C)C)CC1,,1,1,3,Logistic Regression,Morgan
327,CC1=C[C@@]([C@@H](C(C)C)CC[C@]2(O)C)([H])[C@]2([H])CC1,,1,2,3,Logistic Regression,Morgan
349,[H]N(C(C1=CC=C(O)C=C1)=O)/N=C/C2=CC=C([N+]([O-])=O)O2,,2,2,3,Logistic Regression,Morgan
369,O=C(NN)C1=CC=NC=C1,,0,2,3,Logistic Regression,Morgan
378,CC1=CCCC(C)(C)[C@@]12O[C@@H](C)CC2,,1,2,3,Logistic Regression,Morgan
380,O=C([C@@H]1CC[C@@H](C)C[C@H]1O)C,,0,0,3,Logistic Regression,Morgan
381,CC([C@@H]1CC[C@@H](C)C[C@H]1OC(C[C@@H](O)C)=O)C,,0,2,3,Logistic Regression,Morgan
382,CC([C@@H]1CC[C@@H](C)C[C@H]1OCCO)C,,0,2,3,Logistic Regression,Morgan
385,CC1(C)C[C@@H](C(O)=O)[C@H](C(C)C)CC1,,2,2,3,Logistic Regression,Morgan
390,[NH3+] [C@@H](CC([O-])=O)C(N[C@@H](CC1=CC=CC=C1)C(OC)=O)=O,,0,1,3,Logistic Regression,Morgan
425,O=C(SC(C)CC)CC(C)C,,0,2,3,Logistic Regression,Morgan
435,CC(C)C1=CC=C([C@]23[C@@](CC4=O)([H])C(C)(C)[C@@H](CC3)OC2=O)C4=C1,,2,2,3,Logistic Regression,Morgan
437,CC(C)C1=CC=C([C@@]2(C)[C@@](CC3=O)([H])C(C)(C)C(CC2)=O)C3=C1,,2,2,3,Logistic Regression,Morgan
5,CC1(C)CCC[C@@]2(C)[C@H]1CC[C@]3(C)[C@@H]2CCO3,,1,2,4,Logistic Regression,Morgan
8,CC1=CC(C(C)(C)[C@H](C)CC2(C)C)=C2C=C1C(C)=O,,1,2,4,Logistic Regression,Morgan
11,CCC[C@H](SC(C1=CC(Br)=CC=C1)=O)CCOC(C2=CC(Br)=CC=C2)=O,,1,2,4,Logistic Regression,Morgan
21,O[C@H](/C=C/C#CC#CC1=CN(CC2=CC=CC=C2)N=N1)[C@H](O3)[C@@H]3[C@H](O)[C@H]4OC(CC4)=O,,2,2,4,Logistic Regression,Morgan
22,IC1=C(C(C)(C)OSC(F)(F)F)C=CC=C1,,1,1,4,Logistic Regression,Morgan
24,C[C@H]1C[C@@H](OC(C)=O)[C@H](C(C)C)CC1,,2,2,4,Logistic Regression,Morgan
26,CC1=C(C)[C@@]([C@@]2=C(O)C=CC(C)=C2C)=C(O)C=C1,,1,1,4,Logistic Regression,Morgan
32,NC1=C2C(C=CC=N2)=CC=C1,,1,1,4,Logistic Regression,Morgan
41,O=C1C(C2CCC(NC2=O)=O)C(C3=CC=CC=C31)=O,,2,1,4,Logistic Regression,Morgan
42,CC1=C(C(OC)=O)C(C(C(OC)=O)=C(C)N1)C2=C([N+]([O-])=O)C=CC=C2,,2,1,4,Logistic Regression,Morgan
46,CN(C)CCCN1C(C=CC=C2)=C2CCC3=C1C=CC=C3,,2,2,4,Logistic Regression,Morgan
55,O=CC1=CC=C([N+]([O-])=O)C=C1,,1,1,4,Logistic Regression,Morgan
63,CC(C(C)(C)O1)(C)OB1[C@@H](CCCCC)[C@H](B2OC(C)(C)C(C)(C)O2)C,,1,1,4,Logistic Regression,Morgan
64,CC(C(C)(C)O1)(C)OB1[C@@H](CCCCC)[C@@H](B2OC(C)(C)C(C)(C)O2)C,,1,1,4,Logistic Regression,Morgan
67,O[C@H]1CCC2=C(OC)C=CC=C2[C@H]1C(OC)=O,,1,0,4,Logistic Regression,Morgan
91,CC1=C[C@H](O)C(Br)C(C)(C)[C@]12CCC(C)(Cl)C(Br)C2,,1,1,4,Logistic Regression,Morgan
102,CC[C@@H](O1)[C@@H](Br)C[C@]1([H])[C@@]2([H])O[C@@H](C/C=C\C3=CN(CC(NC4=CC=CC=C4)=O)N=N3)[C@H](Br)C2,,1,2,4,Logistic Regression,Morgan
104,BrC1=C[C@@]([H])(OC)[C@](O2)(C)[C@]3(C[C@]2([H])[C@](Cl)(C)CC3)C1(C)C,,1,1,4,Logistic Regression,Morgan
109,[H]C(/C=C/C1=CC=CC=C1)=O,,1,1,4,Logistic Regression,Morgan
111,C12=CC=CC=C1C=CC=C2,,1,1,4,Logistic Regression,Morgan
114,OC1=C(OC)C=C(C=O)C=C1,,2,2,4,Logistic Regression,Morgan
118,CN1C=NC(C(F)(F)F)=C1C(OC)=O,,1,2,4,Logistic Regression,Morgan
119,CN1C(C(F)(F)F)=C([N+]([O-])=O)C=C1C(OC)=O,,1,1,4,Logistic Regression,Morgan
122,C[C@H]1C[C@@H](O)[C@H](C(C)C)CC1,,1,1,4,Logistic Regression,Morgan
124,C[C@H]1C[C@H](O)[C@H](C(C)C)CC1,,1,1,4,Logistic Regression,Morgan
128,C[C@@]12CC[C@H](C(C)(C)O2)CC1,,1,2,4,Logistic Regression,Morgan
142,CCN(CC)CC(=O)NC1=C(C)C=CC=C1C,,2,2,4,Logistic Regression,Morgan
145,O=C7OCC=6C(=O)N2C(\c1nc5c(c(c1C2)CC)cc(OC(=O)N4CCC(N3CCCCC3)CC4)cc5)=C/C=6[C@@]7(O)CC,,0,2,4,Logistic Regression,Morgan
149,O2C1(CCC(CC1)C2(C)C)C,,2,2,4,Logistic Regression,Morgan
150,O[C@H]1[C@H](C(C)C)CC[C@@H](C)C1,,2,1,4,Logistic Regression,Morgan
152,O(c1ccc(\C=C\C)cc1)C,,2,1,4,Logistic Regression,Morgan
161,O=C1C(C)=C2O[C@]3(C)CCC4C(C)(C)[C@@H](O)CC[C@]4(C)[C@@]3([H])C[C@@]2(C)C(C)=C1C(OC)=O,,2,2,4,Logistic Regression,Morgan
164,CC1(C)CC[C@]2(C)C[C@@]34[C@@H](C)CC[C@@H](O)[C@]3(C)CC[C@H]4[C@@]21[H],,2,0,4,Logistic Regression,Morgan
181,O[C@@H]1[C@@H](NCC2=CC=CC=C2)CCC1,,2,2,4,Logistic Regression,Morgan
184,O[C@@H]1CCCC[C@H]1NCC2=CC=CC=C2,,2,2,4,Logistic Regression,Morgan
187,C/C(C)=C/CC/C(C)=C/CO,,0,0,4,Logistic Regression,Morgan
188,C/C(C)=C/CC/C(C)=C/CC/C(C)=C/CO,,0,0,4,Logistic Regression,Morgan
193,O=C1C(C(OC)=O)=C(C)C(C)=C2O[C@@]3(C)CC[C@@]4([H])C(C)(C)[C@@H](O)CC[C@]4(C)[C@]3([H])C[C@@]21C,,2,2,4,Logistic Regression,Morgan
194,O=C1C(C(OC)=O)=C(C)[C@]2(C)C(O[C@]([C@]3(C)[C@](CC[C@H](O)C4)(C)[C@@]4([H])CC3)([H])C2)=C1C,,2,0,4,Logistic Regression,Morgan
198,O=C1CCCCC/C=C/CCCCCCCCO1,,0,1,4,Logistic Regression,Morgan
199,O=C1CCCCC/C=C\CCCCCCCCO1,,0,1,4,Logistic Regression,Morgan
211,CC([C@H]12)=CC[C@]32[C@]1([H])[C@H](C(C)C)CC[C@H]3C,,0,1,4,Logistic Regression,Morgan
213,CC(C12)=CC[C@@]3([H])C1[C@H](C(C)C)CC[C@@]32C,,0,1,4,Logistic Regression,Morgan
217,CC1=CC=C(CO)C=C1OCCCC(C)(C)C(O)=O,,2,0,4,Logistic Regression,Morgan
236,[H][C@]12CN(CC(=O)N1CCC1=CC=CC=C21)C(=O)[C@H]1CC[C@H](O)CC1,,1,1,4,Logistic Regression,Morgan
237,[H][C@]12CN(CC(=O)N1CCC1=CC=CC=C21)C(=O)[C@@H]1CC[C@H](O)CC1,,1,1,4,Logistic Regression,Morgan
240,OC12CN(CC(=O)N1CCC1=CC=CC=C21)C(=O)C1CCCCC1,,1,1,4,Logistic Regression,Morgan
241,O[C@]12CN(CC(=O)N1CCC1=CC=CC=C21)C(=O)C1CCCCC1,,1,1,4,Logistic Regression,Morgan
242,OC1=CC=C(NC(C)=O)C=C1,,0,2,4,Logistic Regression,Morgan
251,O[C@@H]1[C@@H](O)[C@H](O)[C@@H](CO)O[C@H]1OC2=CC=CC=C2CO,,0,0,4,Logistic Regression,Morgan
275,O=C(C1=C2C=C(C)C=C1O)C3=C(C=C(O)C=C3O)C2=O,,0,2,4,Logistic Regression,Morgan
281,C[C@@H](C1=C2C[C@H](O)[C@H]3[C@@]4(C)CCC(C(C)(C)[C@@H]4CC[C@]3(C)[C@@]2(C)CC1)=O)C[C@H](O)[C@@H](O)C(C)(O)C,,0,2,4,Logistic Regression,Morgan
283,COC(=O)[C@@H](N)CC1=CNC2=CC=CC=C12,,2,2,4,Logistic Regression,Morgan
293,CN1C(C(=O)NC2=NC=C(C)S2)=C(O)C2=C(C=CC=C2)S1(=O)=O,,0,2,4,Logistic Regression,Morgan
312,BrC1(CC2(Br)C3)CC(C2)(Br)CC3(Br)C1,,2,1,4,Logistic Regression,Morgan
344,O=C1[C@@H](CCCCCC)[C@H](C[C@H](CCCCCCCCCCC)OC([C@H](CC(C)C)NC=O)=O)O1,,2,0,4,Logistic Regression,Morgan
356,FC1=CC2=C(C=C1)C(C3CCN(CCC4=C(C)N=C5N(CCCC5)C4=O)CC3)=NO2,,2,0,4,Logistic Regression,Morgan
357,CN1CCN(CC1)S(=O)(C2=CC(C3=NC4=C(C(N3)=O)N(N=C4CCC)C)=C(OCC)C=C2)=O,,1,2,4,Logistic Regression,Morgan
363,ClC1=C(NC2=CC=CC=C2CC(O)=O)C(Cl)=CC=C1,,0,1,4,Logistic Regression,Morgan
384,CC1(C)C[C@@H](C(NC2=CC=C(CC#N)C=C2)=O)[C@H](C(C)C)CC1,,0,2,4,Logistic Regression,Morgan
3,C[C@@H]1CCC=C(CC/2)[C@@]1(C)CC2=C(C)\CO,,2,1,5,Logistic Regression,Morgan
6,C[C@@]1(CC2)[C@]3(O)C(C)(C)[C@H]2C[C@H]1[C@@H](C)CC3,,2,1,5,Logistic Regression,Morgan
10,C[C@@](CC[C@H](Br)C(Br)(C)C)(Br)[C@H](Br)CO,,1,1,5,Logistic Regression,Morgan
14,CCCCNc1ccc(cc1)C(=O)OCCN(C)C,,1,2,5,Logistic Regression,Morgan
15,CCCCCC=CCC=CCC=CCC=CCCCC(=O)OCC,,2,0,5,Logistic Regression,Morgan
19,CC1=C(NC(CN(CC)CC)=O)C(C)=CC=C1,,2,2,5,Logistic Regression,Morgan
28,CC(C)C1=CC=C2C(C=CC=C2)=[C@]1[C@]3=CSC(C)=C3C,,1,1,5,Logistic Regression,Morgan
30,C12=CC=CC=C1N=C3N2CC/C=C/CCN4C5=C(C=CC=C5)N=C34,,1,1,5,Logistic Regression,Morgan
37,NC1=CC=C(S(C2=CC=C(N)C=C2)(=O)=O)C=C1,,2,1,5,Logistic Regression,Morgan
54,NC1=C(C(C)C)C=CC=C1C(C)C,,1,1,5,Logistic Regression,Morgan
60,COC1=CC=C(/C=C/C)C=C1,,1,2,5,Logistic Regression,Morgan
74,C1C[C@H]2OOC(C1)O2,,1,0,5,Logistic Regression,Morgan
77,Clc1cccc(Cl)c1,,1,1,5,Logistic Regression,Morgan
87,CC1(C)C(Br)C[C@H]2O[C@@]2(C)[C@]13CC(Br)C(C)(Cl)CC3O,,1,1,5,Logistic Regression,Morgan
89,C[C@]1(Cl)CC2O[C@@]3(Br)[C@H](O)[C@H]4O[C@@]4(C)[C@]2(C[C@@H]1Br)C3(C)C,,1,2,5,Logistic Regression,Morgan
93,C/C1=C\CC(C)(C)/C=C/C/C(C)=C/CC1,,1,1,5,Logistic Regression,Morgan
94,C/C1=C\CC(C)(C)/C=C/CC2(C)C(O2)CC1,,1,1,5,Logistic Regression,Morgan
97,CC12C(O2)CC(C)(C)/C=C/CC(C)(O3)C3CC1,,1,1,5,Logistic Regression,Morgan
105,O=C(C(O)=C1)C2=CC=CC3=CC=CC1=C32,,1,2,5,Logistic Regression,Morgan
106,O=C(C(C1=CC=CC=C1)=C2)C3=CC=CC4=CC=CC2=C43,,1,2,5,Logistic Regression,Morgan
113,C1(/C=C/C2=CC=CC=C2)=CC=CC=C1,,2,1,5,Logistic Regression,Morgan
117,CN1C=NC([N+]([O-])=O)=C1C(F)(F)F,,1,1,5,Logistic Regression,Morgan
125,C[C@H](CC[C@@H]1C(C)C)CC1=O,,1,1,5,Logistic Regression,Morgan
130,CC#[N][Pd]1(Br)C2=CC=CC3=C2C([N]1=CC=C4)=C4C5=CC=CC=C53,,1,1,5,Logistic Regression,Morgan
134,O=C1C=CC2(C)C(C(OC(C3C)=O)C3CC2)=C1C,,2,1,5,Logistic Regression,Morgan
153,C[C@@]12C(C)(C)[C@@H](CC1=O)CC2,,2,1,5,Logistic Regression,Morgan
154,CC1(C)[C@H]2C[C@@H]1CC=C2C,,2,1,5,Logistic Regression,Morgan
158,C1=CC=CC2=C1C3C(CC2)C(C(O3)=O)=C,,1,1,5,Logistic Regression,Morgan
160,O=C(N[C@H](CO)C1)[C@H](C(C)C)SC2=C1C3=CC=CC=C3N2,,2,2,5,Logistic Regression,Morgan
162,C/C([C@@H]1[C@@](CCCC2=C(C)OC(OC)=CC2=O)(O1)C)=C\C3=CC=C([N+]([O-])=O)C=C3,,2,1,5,Logistic Regression,Morgan
168,COC1=C(OC)C=C(OC)C(/C=C/C)=C1,,1,1,5,Logistic Regression,Morgan
171,COC1=CC=C2C(C(CC(O)=O)C(C)N2C(C3=CC=C(Cl)C=C3)=O)=C1,,2,2,5,Logistic Regression,Morgan
172,CC(OC1=CC=CC=C1C(NC2=NC=C([N+]([O-])=O)S2)=O)=O,,2,2,5,Logistic Regression,Morgan
182,O[C@H]1[C@H](NCC2=CC=CC=C2)CCC1,,2,2,5,Logistic Regression,Morgan
191,O=C(OC)C1=C(C)C(C)=C2O[C@]3(C)CC[C@@]4([H])C(C)(C)[C@@H](O)CC[C@]4(C)[C@@]3([H])C[C@@]2(C)C1=O,,2,2,5,Logistic Regression,Morgan
215,CCCC(S)CCO,,0,1,5,Logistic Regression,Morgan
220,CC1=CC=C(C)C(OCCCC(C)(C)C(OC2OC(C(O)=O)C(O)C(O)C2O)=O)=C1,,0,0,5,Logistic Regression,Morgan
235,[H][C@]12CN(CC(=O)N1CCC1=CC=CC=C21)C(=O)C1CCCCC1,,1,1,5,Logistic Regression,Morgan
238,[H][C@]12CN(CC(=O)N1CCC1=CC(O)=CC=C21)C(=O)C1CCCCC1,,1,1,5,Logistic Regression,Morgan
246,NC(C1=CC=CC=C1OCC)=O,,2,0,5,Logistic Regression,Morgan
248,CN1C(C)C(C(C)C)C(N1C2=CC=CC=C2)=O,,2,1,5,Logistic Regression,Morgan
256,O[C@@H]1[C@@H](O)[C@H](O)[C@@H](CO)O[C@H]1C2=C(OC=C(C3=CC=C(O)C=C3)C4=O)C4=CC=C2O,,0,0,5,Logistic Regression,Morgan
267,O=C1OC2=CC3=C(C=CO3)C(O/C=C/C(C)C)=C2C=C1,,0,2,5,Logistic Regression,Morgan
286,COC1=CC2=C(C=C1OC)C(=O)C(CC1CCN(CC3=CC=CC=C3)CC1)C2,,1,2,5,Logistic Regression,Morgan
289,COC1=CC=C2C=C3C4=C(CC[N+]3=CC2=C1OC)C=C1OCOC1=C4,,0,1,5,Logistic Regression,Morgan
297,CC(C)CN1C=NC2=C(N)N=C3C=CC=CC3=C12,,0,2,5,Logistic Regression,Morgan
298,CC1=CN=C(C=N1)C(=O)NCCC1=CC=C(C=C1)S(=O)(=O)NC(=O)NC1CCCCC1,,0,0,5,Logistic Regression,Morgan
299,CC(=O)N1CCN(CC1)C1=CC=C(OC[C@H]2CO[C@@](CN3C=CN=C3)(O2)C2=C(Cl)C=C(Cl)C=C2)C=C1,,0,0,5,Logistic Regression,Morgan
333,CC1=C(C(OC)=O)C(C2=C([N+]([O-])=O)C=CC=C2)=C(C(OC)=O)C(C)=N1,,1,1,5,Logistic Regression,Morgan
351,CN(C)CCCN(C(C=CC=C1)=C1CC2)C3=C2C=CC=C3,,0,2,5,Logistic Regression,Morgan
373,COC1=CC=C(C=C1)C2=COC3=C(C2=O)C=CC(=C3)OC,,2,2,5,Logistic Regression,Morgan
374,CC1OC2(C(C)=CCCC2(C)C)CC1,,2,1,5,Logistic Regression,Morgan
398,O=C1CCC(C1C/C=C\CC)CC(OC)=O,,2,2,5,Logistic Regression,Morgan
400,CC(C1CCC(C=O)=CC1)=C,,1,1,5,Logistic Regression,Morgan
403,CC(C)[C@@H]1CC[C@@]([C@@H](C1)C(=C)C)(C)C=C,,0,0,5,Logistic Regression,Morgan
409,CC1(C=C)C(C(C)C)CC(C(C)C)CC1,,0,0,5,Logistic Regression,Morgan
413,C[C@@]1(CCC2)CC[C@@H](C(C)C)C[C@@]1([H])C2=C,,0,0,5,Logistic Regression,Morgan
428,CC(S)CC(OCC)=O,,0,2,5,Logistic Regression,Morgan
434,CC(C)C1=CC=C([C@]23[C@@](C[C@@H]4O)([H])C(C)(C)[C@@](O)(CC3)OC2)C4=C1,,2,1,5,Logistic Regression,Morgan
440,CC1=C2C(C(OC2)=O)=C(C(C/C=C(C)/CCC(OCCN3CCOCC3)=O)=C1OC)O,,0,0,5,Logistic Regression,Morgan
1,O=C1C[C@@H](C)[C@]2(C)CC(CCC2=C1)=C(C)C,,1,2,1,SVM,Morgan
12,CC(C)[C@H]1[C@H]2[C@](CC1)(C)[C@H]3[C@@H]2C(CBr)=CC3,,1,0,1,SVM,Morgan
18,O=C(N[C@H](C(N[C@@H](C1=CC=CC=C1)C(OC(C)(C)C)=O)=O)C)CC2=CC(F)=CC(F)=C2,,2,2,1,SVM,Morgan
20,O[C@H](/C=C\C#CC#CC1=CN(CC2=CC=CC=C2)N=N1)[C@H](O3)[C@@H]3[C@H](O)[C@H]4OC(CC4)=O,,2,2,1,SVM,Morgan
25,CC1=C(C)[C@]([C@]2=C(O)C=CC(C)=C2C)=C(O)C=C1,,1,1,1,SVM,Morgan
27,CC(C)C1=CC=C2C(C=CC=C2)=[C@@]1[C@@]3=CSC(C)=C3C,,1,1,1,SVM,Morgan
29,C12=CC=CC=C1N3C(C4=NC5=C(C=CC=C5)N4CC/C=C/CC3)=N2,,1,1,1,SVM,Morgan
34,CC1=CC=CC(C)=C1NC(CN(CC)CC)=O,,1,2,1,SVM,Morgan
40,ClC1=CC=C2C(N(CCCN(C)C)C(C=CC=C3)=C3S2)=C1,,2,2,1,SVM,Morgan
43,ClC1=C([C@@H](C(OC)=O)N2CCC(SC=C3)=C3C2)C=CC=C1,,2,2,1,SVM,Morgan
44,O=C(C(C)=C1)NC(N1[C@@H]2O[C@H](CO)[C@@H](N=[N+]=[N-])C2)=O,,2,2,1,SVM,Morgan
48,CN(CCC1)[C@@H]1C2=CC=CN=C2,,0,1,1,SVM,Morgan
51,O=C(C=C(C1=CC(OC)=C(OC)C=C1)O2)C3=C2C(OC)=C(OC)C(OC)=C3OC,,1,1,1,SVM,Morgan
52,O=C(C=C(C1=CC=C(OC)C=C1)O2)C3=C2C(OC)=C(OC)C(OC)=C3OC,,1,1,1,SVM,Morgan
58,BrC1=CC2=CC=CC=C2C3=C1C=CC=C3,,1,1,1,SVM,Morgan
61,CC(O[C@H]1[C@H](C(C)C)CC[C@@H](C)C1)=O,,1,2,1,SVM,Morgan
69,CC1CCCC2(C1CC(CC2)C(C)C)C,,1,2,1,SVM,Morgan
78,N#Cc1ccccc1,,1,1,1,SVM,Morgan
84,C[C@]12OC(=O)C(=C)[C@H]1CC(=O)C=C2,,1,1,1,SVM,Morgan
88,Cc1cc(O)c(cc1Br)[C@]2(C)CC[C@@H]3C[C@]23C,,1,2,1,SVM,Morgan
95,CC12C(O2)CC(C)(C)/C=C/C/C(C)=C/CC1,,1,1,1,SVM,Morgan
96,C/C1=C\CC(C)(C)C(O2)C2C/C(C)=C/CC1,,1,1,1,SVM,Morgan
98,CC12C(O2)CC(C)(C)C(O3)C3CC(C)(O4)C4CC1,,1,1,1,SVM,Morgan
99,CC1(C)C/C=C(C)/CC/C=C(C=O)/C/C=C/1,,1,1,1,SVM,Morgan
103,BrC1=C[C@]([H])(OC)[C@](O2)(C)[C@]3(C[C@]2([H])[C@](Cl)(C)CC3)C1(C)C,,1,1,1,SVM,Morgan
135,O=C1C(N(C)C)=C(C)N(C)N1C2=CC=CC=C2,,2,2,1,SVM,Morgan
137,FC(F)(F)C1=CC=C(OC(C2=CC=CC=C2)CCNC)C=C1,,2,1,1,SVM,Morgan
138,O=C(OC)[C@@H](N1CCC(SC=C2)=C2C1)C3=C(Cl)C=CC=C3,,2,2,1,SVM,Morgan
140,O=C1C2=C(N=CC=C2)N(C3CC3)C4=C(C(C)=CC=N4)N1,,2,1,1,SVM,Morgan
143,Cc1ccc(cc1Nc2nccc(n2)c3cccnc3)NC(=O)c4ccc(cc4)CN5CCN(CC5)C,,0,0,1,SVM,Morgan
144,O=C1N(/N=C\N1c2ccc(cc2)N7CCN(c6ccc(OCC3C[C@@](OC3)(c4ccc(F)cc4F)Cn5ncnc5)cc6)CC7)[C@@H](CC)[C@@H](O)C,,0,0,1,SVM,Morgan
159,O=C(O)C1=C(OC(C)=O)C=CC=C1,,2,2,1,SVM,Morgan
178,N=C(N(C)C)N(C)C,,2,1,1,SVM,Morgan
180,C12=NCCCN1CCCCC2,,2,1,1,SVM,Morgan
185,O[C@H]1CCCCC[C@@H]1NCC2=CC=CC=C2,,2,2,1,SVM,Morgan
203,OC(=O)c1ccccc1Nc2cccc(c2)C(F)(F)F,,0,2,1,SVM,Morgan
204,C[C@@]1(C2(C)C)CC[C@H]2C[C@H]1O,,0,2,1,SVM,Morgan
206,O=C1O[C@H](CCCCC)CCC1,,0,2,1,SVM,Morgan
221,CCCC[C@@H](Br)[C@]1(C)CCCC=C1,,1,1,1,SVM,Morgan
223,COC([C@H](O)[C@@H](O)C(OC)=O)=O,,1,0,1,SVM,Morgan
224,CC1=CC=C(S(N)=O)C=C1,,1,1,1,SVM,Morgan
225,OC(C)C1=CC=C(Br)C=C1,,1,1,1,SVM,Morgan
226,CC(C)[C@@H]1Sc2[nH]c3ccccc3c2C[C@@H](CO)NC1=O,,2,2,1,SVM,Morgan
249,CCN(CC)C1=CC=C2C(OC(C(C3=NC4=C(C=CC=C4)S3)=C2)=O)=C1,,2,2,1,SVM,Morgan
278,O=C1C[C@@H](C2=CC=CC=C2)OC3=CC=CC=C31,,0,1,1,SVM,Morgan
285,C\C(\C=C1/SC(=S)N(CC(O)=O)C1=O)=C/C1=CC=CC=C1,,2,2,1,SVM,Morgan
287,ClC1=C(Cl)C(=CC=C1)N1CCN(CCCCOC2=CC3=C(CCC(=O)N3)C=C2)CC1,,1,2,1,SVM,Morgan
290,C\N=C(\NCCSCC1=C(C)NC=N1)NC#N,,0,1,1,SVM,Morgan
291,ClC1=C(NC2=NCCN2)C2=NSN=C2C=C1,,0,0,1,SVM,Morgan
296,CC1(C)SC2[C@H](NC(=O)CC3=CC=CC=C3)C(=O)N2[C@H]1C(O)=O,,0,2,1,SVM,Morgan
322,O=C(C1=C(S(=O)(NC(NC2=NC(OC)=CC(OC)=N2)=O)=O)N(C)N=C1Cl)OC,,2,0,1,SVM,Morgan
326,CC(CC1)=C[C@@]2([H])C1=C(C)CC[C@@H]2C(C)C,,2,1,1,SVM,Morgan
328,CC1=C[C@@]([C@@H](C(C)C)CC[C@]2(O)C)([H])[C@@]2([H])CC1,,2,1,1,SVM,Morgan
329,CC1=C[C@@]([C@@H](C(C)C)CC[C@@]2(O)C)([H])[C@]2([H])CC1,,2,1,1,SVM,Morgan
332,ClC1=CC(N2CCCN(C)C)=C(C=C1)SC3=C2C=CC=C3,,2,2,1,SVM,Morgan
339,COC1=C2O[C@@H]3[C@]45C2=C(C=C1)C[C@@H](N(CC5)C)[C@]4([H])C=C[C@@H]3O,,1,1,1,SVM,Morgan
360,O=S(CC1=NC=C(C(OC)=C1C)CO)C2=NC3=C(N2)C=CC(OC)=C3,,0,2,1,SVM,Morgan
386,O[C@@H]1C[C@H](C)CC[C@H]1C(C)=O,,0,0,1,SVM,Morgan
439,O=C1NC2=C(N1CCCN3CCC(CC3)N4C(NC5=CC(Cl)=CC=C54)=O)C=CC=C2,,0,0,1,SVM,Morgan
448,CO[C@H]1[C@@H](C[C@@H]2CN3CCC4=C([C@H]3C[C@@H]2[C@@H]1C(=O)OC)NC5=C4C=CC(=C5)OC)OC(=O)C6=CC(=C(C(=C6)OC)OC)OC,,0,2,1,SVM,Morgan
2,CC1=CC(C[C@@H](C)[C@]1(C2)CCC2=C(C)C)=O,,1,1,2,SVM,Morgan
4,O=C(CCCCCCCCCCC1)OCCOC1=O,,1,0,2,SVM,Morgan
13,C[C@@]1(O)[C@@H](Br)C[C@H](C(C)=C)CC1,,1,1,2,SVM,Morgan
16,CC1(C)[C@@H]2[C@H]1CC=C(C)C2,,1,1,2,SVM,Morgan
31,O=C1N(C)C(C(N(C)C=N2)=C2N1C)=O,,1,0,2,SVM,Morgan
35,CNCCC(OC1=CC=C(C(F)(F)F)C=C1)C2=CC=CC=C2,,1,2,2,SVM,Morgan
36,COC1=CC=C2C(NC(S(CC3=C(C)C(OC)=C(C)C=N3)=O)=N2)=C1,,2,0,2,SVM,Morgan
38,O=C(OCCN(C)C)C1=CC=C(NCCCC)C=C1,,2,1,2,SVM,Morgan
47,ClC1=CC=C(NC(O[C@]2(C#CC3CC3)C(F)(F)F)=O)C2=C1,,2,1,2,SVM,Morgan
49,CC1=C2C(C=C1)=C(C)C=CC(C(C)C)=C2,,1,1,2,SVM,Morgan
53,O=C(C(OC)=C(C1=CC(OC)=C(OC)C=C1)O2)C3=C2C(OC)=C(OC)C(OC)=C3OC,,1,1,2,SVM,Morgan
62,CC(C(C)(C)O1)(C)OB1C(B2OC(C)(C)C(C)(C)O2)CCC3=CC=CC=C3,,1,1,2,SVM,Morgan
65,O=C(C(C#N)=C1)C=C(C1(C#C)C2)C3=C2C=CC=C3,,1,1,2,SVM,Morgan
71,C1OOC(O1)c2ccccc2,,1,1,2,SVM,Morgan
73,O1O[C@H](O[C@@H]1c2ccccc2)c3ccccc3,,1,1,2,SVM,Morgan
75,c1ccccc1,,1,1,2,SVM,Morgan
81,Fc1ccc(F)cc1,,1,1,2,SVM,Morgan
82,CN1C[C@@](C)(c2ccccc2)[C@@]3(C)[C@@H]1N(C)c4ccccc34,,1,2,2,SVM,Morgan
83,C[C@@]12OC(=O)C(=C)[C@]1(C)CC(=O)C=C2,,1,1,2,SVM,Morgan
86,CCOC(=O)\C=C\1/C[C@@](N1S(=O)(=O)c2ccc(C)cc2)(C(=O)OCC)c3ccccc3C,,1,2,2,SVM,Morgan
90,C[C@]1(Cl)CC2O[C@@]3(C)C=C[C@@](C)(O)[C@]2(C[C@@H]1Br)C3(C)C,,1,1,2,SVM,Morgan
100,CC1(C)/C=C/C/C(C=O)=C\CC/C(C=O)=C\C1,,1,1,2,SVM,Morgan
110,N#CCC1=CC=CC=C1,,1,0,2,SVM,Morgan
115,[N-]=[N+]=NC1=CC=C(C(F)(F)F)C=C1,,2,2,2,SVM,Morgan
116,C[C@@](O1)(OO2)CC[C@]3([H])[C@]2([C@]1([H])O4)[C@](CC[C@H]3C)([H])[C@@H](C)C4=O,,2,1,2,SVM,Morgan
120,CC1=CC[C@H](C(C)=C)CC1,,1,1,2,SVM,Morgan
123,C[C@H](CC[C@H]1C(C)C)CC1=O,,1,1,2,SVM,Morgan
129,IC1=C(C(OSC(F)(F)F)(C)C)C=CC=C1,,1,1,2,SVM,Morgan
133,OC(C=C1)=CC=C1C2COC3=CC(O)=CC=C3C2=O,,0,2,2,SVM,Morgan
141,CN3[C@H]1CC[C@@H]3C[C@@H](C1)OC(=O)C(CO)c2ccccc2,,2,2,2,SVM,Morgan
146,CCOc2nc1cccc(C(=O)O)c1n2Cc5ccc(c3ccccc3c4nn[nH]n4)cc5,,0,2,2,SVM,Morgan
151,C[C@@H]1CC[C@H]([C@@H](C1)OC(=O)C)C(C)C,,2,1,2,SVM,Morgan
163,O[C@H](C1)CC[C@@]2(C)C1=CC[C@]3([H])[C@]2([H])CC[C@@]4([H])[C@@]3([H])C[C@H](O)[C@]4([H])[C@H](C)[C@@H](O)CCC(C)C,,2,0,2,SVM,Morgan
165,[H][C@@]1(CO2)[C@](CO[C@@H]1C3=CC(OCO4)=C4C=C3)([H])[C@@H]2C5=CC(OCO6)=C6C=C5,,1,2,2,SVM,Morgan
166,COC1=C(OC)C=C(OC)C(/C=C\C)=C1,,1,1,2,SVM,Morgan
173,CC(C(O)=O)C1=CC=C(CC(C)C)C=C1,,2,0,2,SVM,Morgan
174,O[C@@H]1CCCC[C@H]1NC2CC2,,2,2,2,SVM,Morgan
176,CN(C)C1CCCCC1,,2,1,2,SVM,Morgan
179,N=C(NC1=CC=CC=C1)NC2=CC=CC=C2,,2,1,2,SVM,Morgan
195,OC(=O)c1ccc(O)cc1,,2,1,2,SVM,Morgan
196,CC1=C(/C=C/C(C)=C/C=C/C(C)=C/C=C/C=C(C)/C=C/C=C(C)/C=C/C2=C(C)CCCC2(C)C)C(C)(C)CCC1,,0,1,2,SVM,Morgan
209,CC(C)C1CC[C@]2(C)[C@@]1([H])[C@]3([H])[C@@]2([H])CCC3=C,,0,1,2,SVM,Morgan
218,CC1=C(O)C=C(C)C(OCCCC(C)(C)C(O)=O)=C1,,2,2,2,SVM,Morgan
219,CC1=CC=C(C(O)=O)C=C1OCCCC(C)(C)C(O)=O,,0,2,2,SVM,Morgan
227,COC(=O)C1=C(C)[C@]2(C)C[C@H]3[C@@](C)(CC[C@H]4C(C)(C)[C@@H](O)CC[C@]34C)OC2=C(C)C1=O,,2,2,2,SVM,Morgan
231,COCC(=O)N([C@H](C)C(=O)OC)c1c(C)cccc1C,,2,2,2,SVM,Morgan
284,CC(C)NCC(O)COC1=CC=CC2=CC=CC=C12,,2,1,2,SVM,Morgan
288,O=C1C2=CC=CC=C2C(=O)C2=C1C=CC1=C2NC2=C(N1)C1=C(C=C2)C(=O)C2=C(C=CC=C2)C1=O,,0,1,2,SVM,Morgan
309,CC[C@H]1OC(=O)[C@H](C)[C@H](C[C@@H](O[C@@H]2O[C@H](C)C[C@@H]([C@H]2O)N(C)C)[C@](C)(O)C[C@@H](C)C(=O)[C@H](C)[C@@H](C)[C@]1(C)O)O[C@H]1C[C@@](C)(OC)[C@@H](O)[C@H](C)O1,,0,0,2,SVM,Morgan
318,O=C(CC(C(C)1C)CC2)C21CS(=O)(O)=O,,0,0,2,SVM,Morgan
324,C[C@@H]1[C@]2([C@@]3([H])[C@](C)(O)CC2)[C@@]3([H])[C@@H](C(C)C)CC1,,2,2,2,SVM,Morgan
345,COC1=C(C(C(C(O)=C([C@@H](O)C[C@@](C(CO)=O)(O)C2)C2=C3O)C3C4=O)=O)C4=CC=C1,,0,2,2,SVM,Morgan
366,COC1=C(C2=CC=C1)C(C(C3C2=O)C(O)=C4[C@H](C[C@@](O)(CC4=C3O)C(CO)=O)O[C@H]5C[C@H](N)[C@H](O)[C@H](C)O5)=O,,0,0,2,SVM,Morgan
372,NC(N1C2=C(C=CC=C2)C=CC3=C1C=CC=C3)=O,,2,1,2,SVM,Morgan
407,[H][C@@]12[C@](CC[C@@H](C(C)C)C2)(C)CCC[C@]1(O)C,,2,1,2,SVM,Morgan
417,C[C@@]12CC[C@@H](C(C)C)C[C@@]1([H])C(C)=CCC2,,0,0,2,SVM,Morgan
421,CC12C(CC(C(C)=C)CC2)=C(C)C(CC1)=O,,0,1,2,SVM,Morgan
432,C[C@@H]1CCCCCCCCCCCCC(=O)C1,,0,1,2,SVM,Morgan
436,CC(C)C1=CC=C([C@@]2(C)[C@@](CC3=O)([H])C(C)(C)[C@H](O)CC2)C3=C1,,2,2,2,SVM,Morgan
446,CC1=C(C2=C(CC[C@@](O2)(C)CCC[C@H](C)CCC[C@H](C)CCCC(C)C)C(=C1O)C)C,,0,0,2,SVM,Morgan
7,C=C1CC/C=C(C)/CC[C@@H]2[C@@H]1CC2(C)C,,1,2,3,SVM,Morgan
9,Br[C@@H](CO)[C@](CC[C@H](Br)C(Br)(C)C)(Br)C,,1,1,3,SVM,Morgan
17,CN1[C@H]2CC[C@@H]1C[C@H](OC(C(CO)C3=CC=CC=C3)=O)C2,,2,2,3,SVM,Morgan
39,ClC1=C(N)C=C(OC)C(C(NCCN(CC)CC)=O)=C1,,2,2,3,SVM,Morgan
45,OCC(C(OC1CC(N2C)CCC2C1)=O)C3=CC=CC=C3,,2,2,3,SVM,Morgan
50,O=C1[C@@H](C)[C@]([C@]2([H])O1)([H])CC[C@@](C2=C3C)(C)C=CC3=O,,1,2,3,SVM,Morgan
56,O=C/C=C/C1=CC=CC=C1,,1,1,3,SVM,Morgan
57,O=C([C@@]1(C2C34)[C@@H]3[C@H]5C4(C(OC)=O)C2[C@H]51)OC,,1,2,3,SVM,Morgan
68,O=C1CC[C@@]2(C)C(CCC([C@@](CC[C@@H]3O)([H])[C@]3(C)C4)[C@]2([H])C4=O)=C1,,1,0,3,SVM,Morgan
72,O1O[C@@H](O[C@@H]1c2ccccc2)c3ccccc3,,1,1,3,SVM,Morgan
76,Fc1ccc(C=O)cc1,,1,1,3,SVM,Morgan
79,O=CC1=CC=CC=C1,,1,1,3,SVM,Morgan
80,Fc1ccccc1,,1,1,3,SVM,Morgan
85,Cn1c2c(CC[C@@]2(C)C=C)c3ccccc13,,1,0,3,SVM,Morgan
92,CC1(Cl)CC[C@@]2(CC1Br)C(C)(C)C(=C[C@H]3O[C@@]23C)Br,,1,1,3,SVM,Morgan
101,CC[C@@H](O1)[C@@H](Br)C[C@]1([H])[C@@]2([H])O[C@@H](C/C=C\C#C)[C@H](Br)C2,,1,1,3,SVM,Morgan
107,C[C@@H](CC1)[C@@]2([H])[C@]1([H])[C@@]3(C)[C@]2([H])[C@@H](C(C)=C)CC3,,1,1,3,SVM,Morgan
108,O=C(C)C1=CC=CC=C1,,1,1,3,SVM,Morgan
112,C12=CC=CC=C1C=C3C(C=CC=C3)=C2,,1,1,3,SVM,Morgan
121,CC1=CC[C@@H]2C(C)(C)[C@H]1C2,,1,2,3,SVM,Morgan
127,C[C@H]1CC2=C(C(C)=CO2)CC1,,1,1,3,SVM,Morgan
131,BrC1=CC=CC2=C1C(N=CC=C3)=C3C4=C2C=CC=C4,,1,1,3,SVM,Morgan
132,COC(C=C1)=CC=C1C2COC3=CC(OC)=CC=C3C2=O,,2,0,3,SVM,Morgan
136,NC1=C(S(=O)(CC)=O)C=C(C(NCC2N(CC)CCC2)=O)C(OC)=C1,,2,2,3,SVM,Morgan
139,CN(C)CCCN1C2=C(C=CC=C2)CCC3=C1C=CC=C3,,2,2,3,SVM,Morgan
147,C[C@H]1[C@H]([C@H](C[C@@H](O1)O[C@H]2C[C@@](Cc3c2c(c4c(c3O)C(=O)c5cccc(c5C4=O)OC)O)(C(=O)CO)O)N)O,,0,0,3,SVM,Morgan
148,COc1ccccc1OCCNCC(O)COc3cccc4[nH]c2ccccc2c34,,0,0,3,SVM,Morgan
155,COc1ccc(C=O)cc1,,2,1,3,SVM,Morgan
156,C1=CC=CC2=C1C3C(CC2)[C@@H](C(O3)=O)C,,1,1,3,SVM,Morgan
177,NCCC1=CC=CC=C1,,2,1,3,SVM,Morgan
183,O[C@H]1CCCC[C@@H]1NCC2=CC=CC=C2,,2,2,3,SVM,Morgan
186,O[C@@H]1CCCCC[C@H]1NCC2=CC=CC=C2,,2,2,3,SVM,Morgan
189,CC1(C)C(C(CCC)=O)=C(C)CCC1,,0,0,3,SVM,Morgan
190,O=C(OC)C1=C(C)C(C)=C2O[C@]3(C)CC[C@@]4([H])C(C)(C)[C@@H](O)CC[C@]4(C)[C@@]3([H])C[C@]2(C)C1=O,,2,2,3,SVM,Morgan
192,CC1=C(C)C(C(OC)=O)=C2O[C@]3(C)CC[C@@]4([H])C(C)(C)[C@@H](O)CC[C@]4(C)[C@@]3([H])C[C@]2(C)C1=O,,2,2,3,SVM,Morgan
216,CC1=CC=C(C)C(OCCCC(C)(C)C(O)=O)=C1,,2,0,3,SVM,Morgan
222,O[C@@H](CCCl)C1=CC=CC=C1,,1,1,3,SVM,Morgan
234,CCC1=CC=CC(=C1N(C(C)COC)C(=O)CCl)C,,2,2,3,SVM,Morgan
239,[H][C@]12CN(CC(=O)N1C[C@@H](O)C1=CC=CC=C21)C(=O)C1CCCCC1,,1,1,3,SVM,Morgan
244,C/C(C(O)=O)=C(OC(C)=O)\C=C,,0,1,3,SVM,Morgan
260,C[C@H](CCCC(C)C)[C@@]1([H])CC[C@@]2([H])[C@]3([H])CC=C4C[C@@H](C)CC[C@]4(C)[C@@]3([H])CC[C@@]21C,,2,0,3,SVM,Morgan
277,O=C(C1=C2C=C(C)C=C1O)C3=C(C=CC=C3O)C2=O,,2,0,3,SVM,Morgan
282,CCOC(=O)[C@H](CC1=CNC2=CC=CC=C12)NC(C)=O,,2,2,3,SVM,Morgan
303,[H][C@@]12CCCC[C@]1([H])CN(C[C@@H](O)[C@H](CSC1=CC=CC=C1)NC(=O)C1=CC=CC(O)=C1C)[C@@H](C2)C(=O)NC(C)(C)C,,0,0,3,SVM,Morgan
305,COC1=CC(=CC=C1CC1=CN(C)C2=CC=C(NC(=O)OC3CCCC3)C=C12)C(=O)NS(=O)(=O)C1=CC=CC=C1C,,0,0,3,SVM,Morgan
307,CC(C)[C@H](NC(=O)N(C)CC1=CSC(=N1)C(C)C)C(=O)N[C@H](C[C@H](O)[C@H](CC1=CC=CC=C1)NC(=O)OCC1=CN=CS1)CC1=CC=CC=C1,,0,0,3,SVM,Morgan
308,OCCN(CCO)C1=NC2=C(N=C(N=C2N2CCCCC2)N(CCO)CCO)C(=N1)N1CCCCC1,,0,2,3,SVM,Morgan
325,C/C1=C\CC[C@@](C)(O)/C=C/[C@@H](C(C)C)CC1,,1,0,3,SVM,Morgan
327,CC1=C[C@@]([C@@H](C(C)C)CC[C@]2(O)C)([H])[C@]2([H])CC1,,1,2,3,SVM,Morgan
349,[H]N(C(C1=CC=C(O)C=C1)=O)/N=C/C2=CC=C([N+]([O-])=O)O2,,2,2,3,SVM,Morgan
369,O=C(NN)C1=CC=NC=C1,,0,2,3,SVM,Morgan
378,CC1=CCCC(C)(C)[C@@]12O[C@@H](C)CC2,,1,2,3,SVM,Morgan
380,O=C([C@@H]1CC[C@@H](C)C[C@H]1O)C,,0,0,3,SVM,Morgan
381,CC([C@@H]1CC[C@@H](C)C[C@H]1OC(C[C@@H](O)C)=O)C,,0,2,3,SVM,Morgan
382,CC([C@@H]1CC[C@@H](C)C[C@H]1OCCO)C,,0,2,3,SVM,Morgan
385,CC1(C)C[C@@H](C(O)=O)[C@H](C(C)C)CC1,,2,1,3,SVM,Morgan
390,[NH3+] [C@@H](CC([O-])=O)C(N[C@@H](CC1=CC=CC=C1)C(OC)=O)=O,,0,1,3,SVM,Morgan
425,O=C(SC(C)CC)CC(C)C,,0,2,3,SVM,Morgan
435,CC(C)C1=CC=C([C@]23[C@@](CC4=O)([H])C(C)(C)[C@@H](CC3)OC2=O)C4=C1,,2,2,3,SVM,Morgan
437,CC(C)C1=CC=C([C@@]2(C)[C@@](CC3=O)([H])C(C)(C)C(CC2)=O)C3=C1,,2,2,3,SVM,Morgan
5,CC1(C)CCC[C@@]2(C)[C@H]1CC[C@]3(C)[C@@H]2CCO3,,1,2,4,SVM,Morgan
8,CC1=CC(C(C)(C)[C@H](C)CC2(C)C)=C2C=C1C(C)=O,,1,2,4,SVM,Morgan
11,CCC[C@H](SC(C1=CC(Br)=CC=C1)=O)CCOC(C2=CC(Br)=CC=C2)=O,,1,2,4,SVM,Morgan
21,O[C@H](/C=C/C#CC#CC1=CN(CC2=CC=CC=C2)N=N1)[C@H](O3)[C@@H]3[C@H](O)[C@H]4OC(CC4)=O,,2,2,4,SVM,Morgan
22,IC1=C(C(C)(C)OSC(F)(F)F)C=CC=C1,,1,1,4,SVM,Morgan
24,C[C@H]1C[C@@H](OC(C)=O)[C@H](C(C)C)CC1,,2,2,4,SVM,Morgan
26,CC1=C(C)[C@@]([C@@]2=C(O)C=CC(C)=C2C)=C(O)C=C1,,1,1,4,SVM,Morgan
32,NC1=C2C(C=CC=N2)=CC=C1,,1,1,4,SVM,Morgan
41,O=C1C(C2CCC(NC2=O)=O)C(C3=CC=CC=C31)=O,,2,1,4,SVM,Morgan
42,CC1=C(C(OC)=O)C(C(C(OC)=O)=C(C)N1)C2=C([N+]([O-])=O)C=CC=C2,,2,1,4,SVM,Morgan
46,CN(C)CCCN1C(C=CC=C2)=C2CCC3=C1C=CC=C3,,2,2,4,SVM,Morgan
55,O=CC1=CC=C([N+]([O-])=O)C=C1,,1,1,4,SVM,Morgan
63,CC(C(C)(C)O1)(C)OB1[C@@H](CCCCC)[C@H](B2OC(C)(C)C(C)(C)O2)C,,1,1,4,SVM,Morgan
64,CC(C(C)(C)O1)(C)OB1[C@@H](CCCCC)[C@@H](B2OC(C)(C)C(C)(C)O2)C,,1,1,4,SVM,Morgan
67,O[C@H]1CCC2=C(OC)C=CC=C2[C@H]1C(OC)=O,,1,2,4,SVM,Morgan
91,CC1=C[C@H](O)C(Br)C(C)(C)[C@]12CCC(C)(Cl)C(Br)C2,,1,1,4,SVM,Morgan
102,CC[C@@H](O1)[C@@H](Br)C[C@]1([H])[C@@]2([H])O[C@@H](C/C=C\C3=CN(CC(NC4=CC=CC=C4)=O)N=N3)[C@H](Br)C2,,1,2,4,SVM,Morgan
104,BrC1=C[C@@]([H])(OC)[C@](O2)(C)[C@]3(C[C@]2([H])[C@](Cl)(C)CC3)C1(C)C,,1,1,4,SVM,Morgan
109,[H]C(/C=C/C1=CC=CC=C1)=O,,1,1,4,SVM,Morgan
111,C12=CC=CC=C1C=CC=C2,,1,1,4,SVM,Morgan
114,OC1=C(OC)C=C(C=O)C=C1,,2,2,4,SVM,Morgan
118,CN1C=NC(C(F)(F)F)=C1C(OC)=O,,1,1,4,SVM,Morgan
119,CN1C(C(F)(F)F)=C([N+]([O-])=O)C=C1C(OC)=O,,1,1,4,SVM,Morgan
122,C[C@H]1C[C@@H](O)[C@H](C(C)C)CC1,,1,1,4,SVM,Morgan
124,C[C@H]1C[C@H](O)[C@H](C(C)C)CC1,,1,1,4,SVM,Morgan
128,C[C@@]12CC[C@H](C(C)(C)O2)CC1,,1,1,4,SVM,Morgan
142,CCN(CC)CC(=O)NC1=C(C)C=CC=C1C,,2,2,4,SVM,Morgan
145,O=C7OCC=6C(=O)N2C(\c1nc5c(c(c1C2)CC)cc(OC(=O)N4CCC(N3CCCCC3)CC4)cc5)=C/C=6[C@@]7(O)CC,,0,0,4,SVM,Morgan
149,O2C1(CCC(CC1)C2(C)C)C,,2,1,4,SVM,Morgan
150,O[C@H]1[C@H](C(C)C)CC[C@@H](C)C1,,2,1,4,SVM,Morgan
152,O(c1ccc(\C=C\C)cc1)C,,2,1,4,SVM,Morgan
161,O=C1C(C)=C2O[C@]3(C)CCC4C(C)(C)[C@@H](O)CC[C@]4(C)[C@@]3([H])C[C@@]2(C)C(C)=C1C(OC)=O,,2,2,4,SVM,Morgan
164,CC1(C)CC[C@]2(C)C[C@@]34[C@@H](C)CC[C@@H](O)[C@]3(C)CC[C@H]4[C@@]21[H],,2,0,4,SVM,Morgan
181,O[C@@H]1[C@@H](NCC2=CC=CC=C2)CCC1,,2,2,4,SVM,Morgan
184,O[C@@H]1CCCC[C@H]1NCC2=CC=CC=C2,,2,2,4,SVM,Morgan
187,C/C(C)=C/CC/C(C)=C/CO,,0,0,4,SVM,Morgan
188,C/C(C)=C/CC/C(C)=C/CC/C(C)=C/CO,,0,0,4,SVM,Morgan
193,O=C1C(C(OC)=O)=C(C)C(C)=C2O[C@@]3(C)CC[C@@]4([H])C(C)(C)[C@@H](O)CC[C@]4(C)[C@]3([H])C[C@@]21C,,2,2,4,SVM,Morgan
194,O=C1C(C(OC)=O)=C(C)[C@]2(C)C(O[C@]([C@]3(C)[C@](CC[C@H](O)C4)(C)[C@@]4([H])CC3)([H])C2)=C1C,,2,0,4,SVM,Morgan
198,O=C1CCCCC/C=C/CCCCCCCCO1,,0,1,4,SVM,Morgan
199,O=C1CCCCC/C=C\CCCCCCCCO1,,0,1,4,SVM,Morgan
211,CC([C@H]12)=CC[C@]32[C@]1([H])[C@H](C(C)C)CC[C@H]3C,,0,2,4,SVM,Morgan
213,CC(C12)=CC[C@@]3([H])C1[C@H](C(C)C)CC[C@@]32C,,0,1,4,SVM,Morgan
217,CC1=CC=C(CO)C=C1OCCCC(C)(C)C(O)=O,,2,0,4,SVM,Morgan
236,[H][C@]12CN(CC(=O)N1CCC1=CC=CC=C21)C(=O)[C@H]1CC[C@H](O)CC1,,1,1,4,SVM,Morgan
237,[H][C@]12CN(CC(=O)N1CCC1=CC=CC=C21)C(=O)[C@@H]1CC[C@H](O)CC1,,1,1,4,SVM,Morgan
240,OC12CN(CC(=O)N1CCC1=CC=CC=C21)C(=O)C1CCCCC1,,1,1,4,SVM,Morgan
241,O[C@]12CN(CC(=O)N1CCC1=CC=CC=C21)C(=O)C1CCCCC1,,1,1,4,SVM,Morgan
242,OC1=CC=C(NC(C)=O)C=C1,,0,2,4,SVM,Morgan
251,O[C@@H]1[C@@H](O)[C@H](O)[C@@H](CO)O[C@H]1OC2=CC=CC=C2CO,,0,0,4,SVM,Morgan
275,O=C(C1=C2C=C(C)C=C1O)C3=C(C=C(O)C=C3O)C2=O,,0,2,4,SVM,Morgan
281,C[C@@H](C1=C2C[C@H](O)[C@H]3[C@@]4(C)CCC(C(C)(C)[C@@H]4CC[C@]3(C)[C@@]2(C)CC1)=O)C[C@H](O)[C@@H](O)C(C)(O)C,,0,0,4,SVM,Morgan
283,COC(=O)[C@@H](N)CC1=CNC2=CC=CC=C12,,2,2,4,SVM,Morgan
293,CN1C(C(=O)NC2=NC=C(C)S2)=C(O)C2=C(C=CC=C2)S1(=O)=O,,0,2,4,SVM,Morgan
312,BrC1(CC2(Br)C3)CC(C2)(Br)CC3(Br)C1,,2,1,4,SVM,Morgan
344,O=C1[C@@H](CCCCCC)[C@H](C[C@H](CCCCCCCCCCC)OC([C@H](CC(C)C)NC=O)=O)O1,,2,0,4,SVM,Morgan
356,FC1=CC2=C(C=C1)C(C3CCN(CCC4=C(C)N=C5N(CCCC5)C4=O)CC3)=NO2,,2,0,4,SVM,Morgan
357,CN1CCN(CC1)S(=O)(C2=CC(C3=NC4=C(C(N3)=O)N(N=C4CCC)C)=C(OCC)C=C2)=O,,1,2,4,SVM,Morgan
363,ClC1=C(NC2=CC=CC=C2CC(O)=O)C(Cl)=CC=C1,,0,1,4,SVM,Morgan
384,CC1(C)C[C@@H](C(NC2=CC=C(CC#N)C=C2)=O)[C@H](C(C)C)CC1,,0,2,4,SVM,Morgan
3,C[C@@H]1CCC=C(CC/2)[C@@]1(C)CC2=C(C)\CO,,2,1,5,SVM,Morgan
6,C[C@@]1(CC2)[C@]3(O)C(C)(C)[C@H]2C[C@H]1[C@@H](C)CC3,,2,0,5,SVM,Morgan
10,C[C@@](CC[C@H](Br)C(Br)(C)C)(Br)[C@H](Br)CO,,1,1,5,SVM,Morgan
14,CCCCNc1ccc(cc1)C(=O)OCCN(C)C,,1,2,5,SVM,Morgan
15,CCCCCC=CCC=CCC=CCC=CCCCC(=O)OCC,,2,0,5,SVM,Morgan
19,CC1=C(NC(CN(CC)CC)=O)C(C)=CC=C1,,2,2,5,SVM,Morgan
28,CC(C)C1=CC=C2C(C=CC=C2)=[C@]1[C@]3=CSC(C)=C3C,,1,1,5,SVM,Morgan
30,C12=CC=CC=C1N=C3N2CC/C=C/CCN4C5=C(C=CC=C5)N=C34,,1,1,5,SVM,Morgan
37,NC1=CC=C(S(C2=CC=C(N)C=C2)(=O)=O)C=C1,,2,1,5,SVM,Morgan
54,NC1=C(C(C)C)C=CC=C1C(C)C,,1,1,5,SVM,Morgan
60,COC1=CC=C(/C=C/C)C=C1,,1,2,5,SVM,Morgan
74,C1C[C@H]2OOC(C1)O2,,1,1,5,SVM,Morgan
77,Clc1cccc(Cl)c1,,1,1,5,SVM,Morgan
87,CC1(C)C(Br)C[C@H]2O[C@@]2(C)[C@]13CC(Br)C(C)(Cl)CC3O,,1,1,5,SVM,Morgan
89,C[C@]1(Cl)CC2O[C@@]3(Br)[C@H](O)[C@H]4O[C@@]4(C)[C@]2(C[C@@H]1Br)C3(C)C,,1,2,5,SVM,Morgan
93,C/C1=C\CC(C)(C)/C=C/C/C(C)=C/CC1,,1,1,5,SVM,Morgan
94,C/C1=C\CC(C)(C)/C=C/CC2(C)C(O2)CC1,,1,1,5,SVM,Morgan
97,CC12C(O2)CC(C)(C)/C=C/CC(C)(O3)C3CC1,,1,1,5,SVM,Morgan
105,O=C(C(O)=C1)C2=CC=CC3=CC=CC1=C32,,1,2,5,SVM,Morgan
106,O=C(C(C1=CC=CC=C1)=C2)C3=CC=CC4=CC=CC2=C43,,1,2,5,SVM,Morgan
113,C1(/C=C/C2=CC=CC=C2)=CC=CC=C1,,2,1,5,SVM,Morgan
117,CN1C=NC([N+]([O-])=O)=C1C(F)(F)F,,1,1,5,SVM,Morgan
125,C[C@H](CC[C@@H]1C(C)C)CC1=O,,1,1,5,SVM,Morgan
130,CC#[N][Pd]1(Br)C2=CC=CC3=C2C([N]1=CC=C4)=C4C5=CC=CC=C53,,1,1,5,SVM,Morgan
134,O=C1C=CC2(C)C(C(OC(C3C)=O)C3CC2)=C1C,,2,1,5,SVM,Morgan
153,C[C@@]12C(C)(C)[C@@H](CC1=O)CC2,,2,1,5,SVM,Morgan
154,CC1(C)[C@H]2C[C@@H]1CC=C2C,,2,1,5,SVM,Morgan
158,C1=CC=CC2=C1C3C(CC2)C(C(O3)=O)=C,,1,1,5,SVM,Morgan
160,O=C(N[C@H](CO)C1)[C@H](C(C)C)SC2=C1C3=CC=CC=C3N2,,2,2,5,SVM,Morgan
162,C/C([C@@H]1[C@@](CCCC2=C(C)OC(OC)=CC2=O)(O1)C)=C\C3=CC=C([N+]([O-])=O)C=C3,,2,2,5,SVM,Morgan
168,COC1=C(OC)C=C(OC)C(/C=C/C)=C1,,1,1,5,SVM,Morgan
171,COC1=CC=C2C(C(CC(O)=O)C(C)N2C(C3=CC=C(Cl)C=C3)=O)=C1,,2,2,5,SVM,Morgan
172,CC(OC1=CC=CC=C1C(NC2=NC=C([N+]([O-])=O)S2)=O)=O,,2,2,5,SVM,Morgan
182,O[C@H]1[C@H](NCC2=CC=CC=C2)CCC1,,2,2,5,SVM,Morgan
191,O=C(OC)C1=C(C)C(C)=C2O[C@]3(C)CC[C@@]4([H])C(C)(C)[C@@H](O)CC[C@]4(C)[C@@]3([H])C[C@@]2(C)C1=O,,2,2,5,SVM,Morgan
215,CCCC(S)CCO,,0,1,5,SVM,Morgan
220,CC1=CC=C(C)C(OCCCC(C)(C)C(OC2OC(C(O)=O)C(O)C(O)C2O)=O)=C1,,0,2,5,SVM,Morgan
235,[H][C@]12CN(CC(=O)N1CCC1=CC=CC=C21)C(=O)C1CCCCC1,,1,1,5,SVM,Morgan
238,[H][C@]12CN(CC(=O)N1CCC1=CC(O)=CC=C21)C(=O)C1CCCCC1,,1,1,5,SVM,Morgan
246,NC(C1=CC=CC=C1OCC)=O,,2,2,5,SVM,Morgan
248,CN1C(C)C(C(C)C)C(N1C2=CC=CC=C2)=O,,2,1,5,SVM,Morgan
256,O[C@@H]1[C@@H](O)[C@H](O)[C@@H](CO)O[C@H]1C2=C(OC=C(C3=CC=C(O)C=C3)C4=O)C4=CC=C2O,,0,0,5,SVM,Morgan
267,O=C1OC2=CC3=C(C=CO3)C(O/C=C/C(C)C)=C2C=C1,,0,2,5,SVM,Morgan
286,COC1=CC2=C(C=C1OC)C(=O)C(CC1CCN(CC3=CC=CC=C3)CC1)C2,,1,2,5,SVM,Morgan
289,COC1=CC=C2C=C3C4=C(CC[N+]3=CC2=C1OC)C=C1OCOC1=C4,,0,2,5,SVM,Morgan
297,CC(C)CN1C=NC2=C(N)N=C3C=CC=CC3=C12,,0,2,5,SVM,Morgan
298,CC1=CN=C(C=N1)C(=O)NCCC1=CC=C(C=C1)S(=O)(=O)NC(=O)NC1CCCCC1,,0,0,5,SVM,Morgan
299,CC(=O)N1CCN(CC1)C1=CC=C(OC[C@H]2CO[C@@](CN3C=CN=C3)(O2)C2=C(Cl)C=C(Cl)C=C2)C=C1,,0,0,5,SVM,Morgan
333,CC1=C(C(OC)=O)C(C2=C([N+]([O-])=O)C=CC=C2)=C(C(OC)=O)C(C)=N1,,1,1,5,SVM,Morgan
351,CN(C)CCCN(C(C=CC=C1)=C1CC2)C3=C2C=CC=C3,,0,2,5,SVM,Morgan
373,COC1=CC=C(C=C1)C2=COC3=C(C2=O)C=CC(=C3)OC,,2,2,5,SVM,Morgan
374,CC1OC2(C(C)=CCCC2(C)C)CC1,,2,1,5,SVM,Morgan
398,O=C1CCC(C1C/C=C\CC)CC(OC)=O,,2,2,5,SVM,Morgan
400,CC(C1CCC(C=O)=CC1)=C,,1,1,5,SVM,Morgan
403,CC(C)[C@@H]1CC[C@@]([C@@H](C1)C(=C)C)(C)C=C,,0,0,5,SVM,Morgan
409,CC1(C=C)C(C(C)C)CC(C(C)C)CC1,,0,0,5,SVM,Morgan
413,C[C@@]1(CCC2)CC[C@@H](C(C)C)C[C@@]1([H])C2=C,,0,0,5,SVM,Morgan
428,CC(S)CC(OCC)=O,,0,2,5,SVM,Morgan
434,CC(C)C1=CC=C([C@]23[C@@](C[C@@H]4O)([H])C(C)(C)[C@@](O)(CC3)OC2)C4=C1,,2,1,5,SVM,Morgan
440,CC1=C2C(C(OC2)=O)=C(C(C/C=C(C)/CCC(OCCN3CCOCC3)=O)=C1OC)O,,0,0,5,SVM,Morgan
1,O=C1C[C@@H](C)[C@]2(C)CC(CCC2=C1)=C(C)C,,1,1,1,Random Forest,Morgan
12,CC(C)[C@H]1[C@H]2[C@](CC1)(C)[C@H]3[C@@H]2C(CBr)=CC3,,1,0,1,Random Forest,Morgan
18,O=C(N[C@H](C(N[C@@H](C1=CC=CC=C1)C(OC(C)(C)C)=O)=O)C)CC2=CC(F)=CC(F)=C2,,2,2,1,Random Forest,Morgan
20,O[C@H](/C=C\C#CC#CC1=CN(CC2=CC=CC=C2)N=N1)[C@H](O3)[C@@H]3[C@H](O)[C@H]4OC(CC4)=O,,2,2,1,Random Forest,Morgan
25,CC1=C(C)[C@]([C@]2=C(O)C=CC(C)=C2C)=C(O)C=C1,,1,1,1,Random Forest,Morgan
27,CC(C)C1=CC=C2C(C=CC=C2)=[C@@]1[C@@]3=CSC(C)=C3C,,1,1,1,Random Forest,Morgan
29,C12=CC=CC=C1N3C(C4=NC5=C(C=CC=C5)N4CC/C=C/CC3)=N2,,1,1,1,Random Forest,Morgan
34,CC1=CC=CC(C)=C1NC(CN(CC)CC)=O,,1,2,1,Random Forest,Morgan
40,ClC1=CC=C2C(N(CCCN(C)C)C(C=CC=C3)=C3S2)=C1,,2,2,1,Random Forest,Morgan
43,ClC1=C([C@@H](C(OC)=O)N2CCC(SC=C3)=C3C2)C=CC=C1,,2,1,1,Random Forest,Morgan
44,O=C(C(C)=C1)NC(N1[C@@H]2O[C@H](CO)[C@@H](N=[N+]=[N-])C2)=O,,2,0,1,Random Forest,Morgan
48,CN(CCC1)[C@@H]1C2=CC=CN=C2,,0,1,1,Random Forest,Morgan
51,O=C(C=C(C1=CC(OC)=C(OC)C=C1)O2)C3=C2C(OC)=C(OC)C(OC)=C3OC,,1,1,1,Random Forest,Morgan
52,O=C(C=C(C1=CC=C(OC)C=C1)O2)C3=C2C(OC)=C(OC)C(OC)=C3OC,,1,2,1,Random Forest,Morgan
58,BrC1=CC2=CC=CC=C2C3=C1C=CC=C3,,1,1,1,Random Forest,Morgan
61,CC(O[C@H]1[C@H](C(C)C)CC[C@@H](C)C1)=O,,1,2,1,Random Forest,Morgan
69,CC1CCCC2(C1CC(CC2)C(C)C)C,,1,0,1,Random Forest,Morgan
78,N#Cc1ccccc1,,1,1,1,Random Forest,Morgan
84,C[C@]12OC(=O)C(=C)[C@H]1CC(=O)C=C2,,1,1,1,Random Forest,Morgan
88,Cc1cc(O)c(cc1Br)[C@]2(C)CC[C@@H]3C[C@]23C,,1,2,1,Random Forest,Morgan
95,CC12C(O2)CC(C)(C)/C=C/C/C(C)=C/CC1,,1,1,1,Random Forest,Morgan
96,C/C1=C\CC(C)(C)C(O2)C2C/C(C)=C/CC1,,1,1,1,Random Forest,Morgan
98,CC12C(O2)CC(C)(C)C(O3)C3CC(C)(O4)C4CC1,,1,1,1,Random Forest,Morgan
99,CC1(C)C/C=C(C)/CC/C=C(C=O)/C/C=C/1,,1,1,1,Random Forest,Morgan
103,BrC1=C[C@]([H])(OC)[C@](O2)(C)[C@]3(C[C@]2([H])[C@](Cl)(C)CC3)C1(C)C,,1,1,1,Random Forest,Morgan
135,O=C1C(N(C)C)=C(C)N(C)N1C2=CC=CC=C2,,2,1,1,Random Forest,Morgan
137,FC(F)(F)C1=CC=C(OC(C2=CC=CC=C2)CCNC)C=C1,,2,1,1,Random Forest,Morgan
138,O=C(OC)[C@@H](N1CCC(SC=C2)=C2C1)C3=C(Cl)C=CC=C3,,2,1,1,Random Forest,Morgan
140,O=C1C2=C(N=CC=C2)N(C3CC3)C4=C(C(C)=CC=N4)N1,,2,1,1,Random Forest,Morgan
143,Cc1ccc(cc1Nc2nccc(n2)c3cccnc3)NC(=O)c4ccc(cc4)CN5CCN(CC5)C,,0,0,1,Random Forest,Morgan
144,O=C1N(/N=C\N1c2ccc(cc2)N7CCN(c6ccc(OCC3C[C@@](OC3)(c4ccc(F)cc4F)Cn5ncnc5)cc6)CC7)[C@@H](CC)[C@@H](O)C,,0,0,1,Random Forest,Morgan
159,O=C(O)C1=C(OC(C)=O)C=CC=C1,,2,2,1,Random Forest,Morgan
178,N=C(N(C)C)N(C)C,,2,0,1,Random Forest,Morgan
180,C12=NCCCN1CCCCC2,,2,1,1,Random Forest,Morgan
185,O[C@H]1CCCCC[C@@H]1NCC2=CC=CC=C2,,2,2,1,Random Forest,Morgan
203,OC(=O)c1ccccc1Nc2cccc(c2)C(F)(F)F,,0,1,1,Random Forest,Morgan
204,C[C@@]1(C2(C)C)CC[C@H]2C[C@H]1O,,0,2,1,Random Forest,Morgan
206,O=C1O[C@H](CCCCC)CCC1,,0,1,1,Random Forest,Morgan
221,CCCC[C@@H](Br)[C@]1(C)CCCC=C1,,1,1,1,Random Forest,Morgan
223,COC([C@H](O)[C@@H](O)C(OC)=O)=O,,1,2,1,Random Forest,Morgan
224,CC1=CC=C(S(N)=O)C=C1,,1,1,1,Random Forest,Morgan
225,OC(C)C1=CC=C(Br)C=C1,,1,1,1,Random Forest,Morgan
226,CC(C)[C@@H]1Sc2[nH]c3ccccc3c2C[C@@H](CO)NC1=O,,2,2,1,Random Forest,Morgan
249,CCN(CC)C1=CC=C2C(OC(C(C3=NC4=C(C=CC=C4)S3)=C2)=O)=C1,,2,1,1,Random Forest,Morgan
278,O=C1C[C@@H](C2=CC=CC=C2)OC3=CC=CC=C31,,0,1,1,Random Forest,Morgan
285,C\C(\C=C1/SC(=S)N(CC(O)=O)C1=O)=C/C1=CC=CC=C1,,2,2,1,Random Forest,Morgan
287,ClC1=C(Cl)C(=CC=C1)N1CCN(CCCCOC2=CC3=C(CCC(=O)N3)C=C2)CC1,,1,2,1,Random Forest,Morgan
290,C\N=C(\NCCSCC1=C(C)NC=N1)NC#N,,0,2,1,Random Forest,Morgan
291,ClC1=C(NC2=NCCN2)C2=NSN=C2C=C1,,0,1,1,Random Forest,Morgan
296,CC1(C)SC2[C@H](NC(=O)CC3=CC=CC=C3)C(=O)N2[C@H]1C(O)=O,,0,2,1,Random Forest,Morgan
322,O=C(C1=C(S(=O)(NC(NC2=NC(OC)=CC(OC)=N2)=O)=O)N(C)N=C1Cl)OC,,2,1,1,Random Forest,Morgan
326,CC(CC1)=C[C@@]2([H])C1=C(C)CC[C@@H]2C(C)C,,2,1,1,Random Forest,Morgan
328,CC1=C[C@@]([C@@H](C(C)C)CC[C@]2(O)C)([H])[C@@]2([H])CC1,,2,1,1,Random Forest,Morgan
329,CC1=C[C@@]([C@@H](C(C)C)CC[C@@]2(O)C)([H])[C@]2([H])CC1,,2,1,1,Random Forest,Morgan
332,ClC1=CC(N2CCCN(C)C)=C(C=C1)SC3=C2C=CC=C3,,2,2,1,Random Forest,Morgan
339,COC1=C2O[C@@H]3[C@]45C2=C(C=C1)C[C@@H](N(CC5)C)[C@]4([H])C=C[C@@H]3O,,1,1,1,Random Forest,Morgan
360,O=S(CC1=NC=C(C(OC)=C1C)CO)C2=NC3=C(N2)C=CC(OC)=C3,,0,2,1,Random Forest,Morgan
386,O[C@@H]1C[C@H](C)CC[C@H]1C(C)=O,,0,0,1,Random Forest,Morgan
439,O=C1NC2=C(N1CCCN3CCC(CC3)N4C(NC5=CC(Cl)=CC=C54)=O)C=CC=C2,,0,2,1,Random Forest,Morgan
448,CO[C@H]1[C@@H](C[C@@H]2CN3CCC4=C([C@H]3C[C@@H]2[C@@H]1C(=O)OC)NC5=C4C=CC(=C5)OC)OC(=O)C6=CC(=C(C(=C6)OC)OC)OC,,0,2,1,Random Forest,Morgan
2,CC1=CC(C[C@@H](C)[C@]1(C2)CCC2=C(C)C)=O,,1,1,2,Random Forest,Morgan
4,O=C(CCCCCCCCCCC1)OCCOC1=O,,1,0,2,Random Forest,Morgan
13,C[C@@]1(O)[C@@H](Br)C[C@H](C(C)=C)CC1,,1,1,2,Random Forest,Morgan
16,CC1(C)[C@@H]2[C@H]1CC=C(C)C2,,1,1,2,Random Forest,Morgan
31,O=C1N(C)C(C(N(C)C=N2)=C2N1C)=O,,1,1,2,Random Forest,Morgan
35,CNCCC(OC1=CC=C(C(F)(F)F)C=C1)C2=CC=CC=C2,,1,2,2,Random Forest,Morgan
36,COC1=CC=C2C(NC(S(CC3=C(C)C(OC)=C(C)C=N3)=O)=N2)=C1,,2,0,2,Random Forest,Morgan
38,O=C(OCCN(C)C)C1=CC=C(NCCCC)C=C1,,2,1,2,Random Forest,Morgan
47,ClC1=CC=C(NC(O[C@]2(C#CC3CC3)C(F)(F)F)=O)C2=C1,,2,2,2,Random Forest,Morgan
49,CC1=C2C(C=C1)=C(C)C=CC(C(C)C)=C2,,1,1,2,Random Forest,Morgan
53,O=C(C(OC)=C(C1=CC(OC)=C(OC)C=C1)O2)C3=C2C(OC)=C(OC)C(OC)=C3OC,,1,1,2,Random Forest,Morgan
62,CC(C(C)(C)O1)(C)OB1C(B2OC(C)(C)C(C)(C)O2)CCC3=CC=CC=C3,,1,2,2,Random Forest,Morgan
65,O=C(C(C#N)=C1)C=C(C1(C#C)C2)C3=C2C=CC=C3,,1,1,2,Random Forest,Morgan
71,C1OOC(O1)c2ccccc2,,1,1,2,Random Forest,Morgan
73,O1O[C@H](O[C@@H]1c2ccccc2)c3ccccc3,,1,1,2,Random Forest,Morgan
75,c1ccccc1,,1,1,2,Random Forest,Morgan
81,Fc1ccc(F)cc1,,1,1,2,Random Forest,Morgan
82,CN1C[C@@](C)(c2ccccc2)[C@@]3(C)[C@@H]1N(C)c4ccccc34,,1,1,2,Random Forest,Morgan
83,C[C@@]12OC(=O)C(=C)[C@]1(C)CC(=O)C=C2,,1,1,2,Random Forest,Morgan
86,CCOC(=O)\C=C\1/C[C@@](N1S(=O)(=O)c2ccc(C)cc2)(C(=O)OCC)c3ccccc3C,,1,2,2,Random Forest,Morgan
90,C[C@]1(Cl)CC2O[C@@]3(C)C=C[C@@](C)(O)[C@]2(C[C@@H]1Br)C3(C)C,,1,1,2,Random Forest,Morgan
100,CC1(C)/C=C/C/C(C=O)=C\CC/C(C=O)=C\C1,,1,1,2,Random Forest,Morgan
110,N#CCC1=CC=CC=C1,,1,2,2,Random Forest,Morgan
115,[N-]=[N+]=NC1=CC=C(C(F)(F)F)C=C1,,2,1,2,Random Forest,Morgan
116,C[C@@](O1)(OO2)CC[C@]3([H])[C@]2([C@]1([H])O4)[C@](CC[C@H]3C)([H])[C@@H](C)C4=O,,2,1,2,Random Forest,Morgan
120,CC1=CC[C@H](C(C)=C)CC1,,1,1,2,Random Forest,Morgan
123,C[C@H](CC[C@H]1C(C)C)CC1=O,,1,1,2,Random Forest,Morgan
129,IC1=C(C(OSC(F)(F)F)(C)C)C=CC=C1,,1,1,2,Random Forest,Morgan
133,OC(C=C1)=CC=C1C2COC3=CC(O)=CC=C3C2=O,,0,2,2,Random Forest,Morgan
141,CN3[C@H]1CC[C@@H]3C[C@@H](C1)OC(=O)C(CO)c2ccccc2,,2,2,2,Random Forest,Morgan
146,CCOc2nc1cccc(C(=O)O)c1n2Cc5ccc(c3ccccc3c4nn[nH]n4)cc5,,0,2,2,Random Forest,Morgan
151,C[C@@H]1CC[C@H]([C@@H](C1)OC(=O)C)C(C)C,,2,1,2,Random Forest,Morgan
163,O[C@H](C1)CC[C@@]2(C)C1=CC[C@]3([H])[C@]2([H])CC[C@@]4([H])[C@@]3([H])C[C@H](O)[C@]4([H])[C@H](C)[C@@H](O)CCC(C)C,,2,0,2,Random Forest,Morgan
165,[H][C@@]1(CO2)[C@](CO[C@@H]1C3=CC(OCO4)=C4C=C3)([H])[C@@H]2C5=CC(OCO6)=C6C=C5,,1,2,2,Random Forest,Morgan
166,COC1=C(OC)C=C(OC)C(/C=C\C)=C1,,1,1,2,Random Forest,Morgan
173,CC(C(O)=O)C1=CC=C(CC(C)C)C=C1,,2,2,2,Random Forest,Morgan
174,O[C@@H]1CCCC[C@H]1NC2CC2,,2,2,2,Random Forest,Morgan
176,CN(C)C1CCCCC1,,2,2,2,Random Forest,Morgan
179,N=C(NC1=CC=CC=C1)NC2=CC=CC=C2,,2,1,2,Random Forest,Morgan
195,OC(=O)c1ccc(O)cc1,,2,1,2,Random Forest,Morgan
196,CC1=C(/C=C/C(C)=C/C=C/C(C)=C/C=C/C=C(C)/C=C/C=C(C)/C=C/C2=C(C)CCCC2(C)C)C(C)(C)CCC1,,0,1,2,Random Forest,Morgan
209,CC(C)C1CC[C@]2(C)[C@@]1([H])[C@]3([H])[C@@]2([H])CCC3=C,,0,1,2,Random Forest,Morgan
218,CC1=C(O)C=C(C)C(OCCCC(C)(C)C(O)=O)=C1,,2,2,2,Random Forest,Morgan
219,CC1=CC=C(C(O)=O)C=C1OCCCC(C)(C)C(O)=O,,0,2,2,Random Forest,Morgan
227,COC(=O)C1=C(C)[C@]2(C)C[C@H]3[C@@](C)(CC[C@H]4C(C)(C)[C@@H](O)CC[C@]34C)OC2=C(C)C1=O,,2,2,2,Random Forest,Morgan
231,COCC(=O)N([C@H](C)C(=O)OC)c1c(C)cccc1C,,2,2,2,Random Forest,Morgan
284,CC(C)NCC(O)COC1=CC=CC2=CC=CC=C12,,2,0,2,Random Forest,Morgan
288,O=C1C2=CC=CC=C2C(=O)C2=C1C=CC1=C2NC2=C(N1)C1=C(C=C2)C(=O)C2=C(C=CC=C2)C1=O,,0,1,2,Random Forest,Morgan
309,CC[C@H]1OC(=O)[C@H](C)[C@H](C[C@@H](O[C@@H]2O[C@H](C)C[C@@H]([C@H]2O)N(C)C)[C@](C)(O)C[C@@H](C)C(=O)[C@H](C)[C@@H](C)[C@]1(C)O)O[C@H]1C[C@@](C)(OC)[C@@H](O)[C@H](C)O1,,0,2,2,Random Forest,Morgan
318,O=C(CC(C(C)1C)CC2)C21CS(=O)(O)=O,,0,2,2,Random Forest,Morgan
324,C[C@@H]1[C@]2([C@@]3([H])[C@](C)(O)CC2)[C@@]3([H])[C@@H](C(C)C)CC1,,2,2,2,Random Forest,Morgan
345,COC1=C(C(C(C(O)=C([C@@H](O)C[C@@](C(CO)=O)(O)C2)C2=C3O)C3C4=O)=O)C4=CC=C1,,0,0,2,Random Forest,Morgan
366,COC1=C(C2=CC=C1)C(C(C3C2=O)C(O)=C4[C@H](C[C@@](O)(CC4=C3O)C(CO)=O)O[C@H]5C[C@H](N)[C@H](O)[C@H](C)O5)=O,,0,0,2,Random Forest,Morgan
372,NC(N1C2=C(C=CC=C2)C=CC3=C1C=CC=C3)=O,,2,1,2,Random Forest,Morgan
407,[H][C@@]12[C@](CC[C@@H](C(C)C)C2)(C)CCC[C@]1(O)C,,2,1,2,Random Forest,Morgan
417,C[C@@]12CC[C@@H](C(C)C)C[C@@]1([H])C(C)=CCC2,,0,1,2,Random Forest,Morgan
421,CC12C(CC(C(C)=C)CC2)=C(C)C(CC1)=O,,0,1,2,Random Forest,Morgan
432,C[C@@H]1CCCCCCCCCCCCC(=O)C1,,0,1,2,Random Forest,Morgan
436,CC(C)C1=CC=C([C@@]2(C)[C@@](CC3=O)([H])C(C)(C)[C@H](O)CC2)C3=C1,,2,2,2,Random Forest,Morgan
446,CC1=C(C2=C(CC[C@@](O2)(C)CCC[C@H](C)CCC[C@H](C)CCCC(C)C)C(=C1O)C)C,,0,0,2,Random Forest,Morgan
7,C=C1CC/C=C(C)/CC[C@@H]2[C@@H]1CC2(C)C,,1,1,3,Random Forest,Morgan
9,Br[C@@H](CO)[C@](CC[C@H](Br)C(Br)(C)C)(Br)C,,1,1,3,Random Forest,Morgan
17,CN1[C@H]2CC[C@@H]1C[C@H](OC(C(CO)C3=CC=CC=C3)=O)C2,,2,2,3,Random Forest,Morgan
39,ClC1=C(N)C=C(OC)C(C(NCCN(CC)CC)=O)=C1,,2,2,3,Random Forest,Morgan
45,OCC(C(OC1CC(N2C)CCC2C1)=O)C3=CC=CC=C3,,2,2,3,Random Forest,Morgan
50,O=C1[C@@H](C)[C@]([C@]2([H])O1)([H])CC[C@@](C2=C3C)(C)C=CC3=O,,1,2,3,Random Forest,Morgan
56,O=C/C=C/C1=CC=CC=C1,,1,1,3,Random Forest,Morgan
57,O=C([C@@]1(C2C34)[C@@H]3[C@H]5C4(C(OC)=O)C2[C@H]51)OC,,1,1,3,Random Forest,Morgan
68,O=C1CC[C@@]2(C)C(CCC([C@@](CC[C@@H]3O)([H])[C@]3(C)C4)[C@]2([H])C4=O)=C1,,1,0,3,Random Forest,Morgan
72,O1O[C@@H](O[C@@H]1c2ccccc2)c3ccccc3,,1,1,3,Random Forest,Morgan
76,Fc1ccc(C=O)cc1,,1,1,3,Random Forest,Morgan
79,O=CC1=CC=CC=C1,,1,1,3,Random Forest,Morgan
80,Fc1ccccc1,,1,1,3,Random Forest,Morgan
85,Cn1c2c(CC[C@@]2(C)C=C)c3ccccc13,,1,1,3,Random Forest,Morgan
92,CC1(Cl)CC[C@@]2(CC1Br)C(C)(C)C(=C[C@H]3O[C@@]23C)Br,,1,1,3,Random Forest,Morgan
101,CC[C@@H](O1)[C@@H](Br)C[C@]1([H])[C@@]2([H])O[C@@H](C/C=C\C#C)[C@H](Br)C2,,1,1,3,Random Forest,Morgan
107,C[C@@H](CC1)[C@@]2([H])[C@]1([H])[C@@]3(C)[C@]2([H])[C@@H](C(C)=C)CC3,,1,1,3,Random Forest,Morgan
108,O=C(C)C1=CC=CC=C1,,1,1,3,Random Forest,Morgan
112,C12=CC=CC=C1C=C3C(C=CC=C3)=C2,,1,1,3,Random Forest,Morgan
121,CC1=CC[C@@H]2C(C)(C)[C@H]1C2,,1,2,3,Random Forest,Morgan
127,C[C@H]1CC2=C(C(C)=CO2)CC1,,1,1,3,Random Forest,Morgan
131,BrC1=CC=CC2=C1C(N=CC=C3)=C3C4=C2C=CC=C4,,1,1,3,Random Forest,Morgan
132,COC(C=C1)=CC=C1C2COC3=CC(OC)=CC=C3C2=O,,2,0,3,Random Forest,Morgan
136,NC1=C(S(=O)(CC)=O)C=C(C(NCC2N(CC)CCC2)=O)C(OC)=C1,,2,2,3,Random Forest,Morgan
139,CN(C)CCCN1C2=C(C=CC=C2)CCC3=C1C=CC=C3,,2,2,3,Random Forest,Morgan
147,C[C@H]1[C@H]([C@H](C[C@@H](O1)O[C@H]2C[C@@](Cc3c2c(c4c(c3O)C(=O)c5cccc(c5C4=O)OC)O)(C(=O)CO)O)N)O,,0,0,3,Random Forest,Morgan
148,COc1ccccc1OCCNCC(O)COc3cccc4[nH]c2ccccc2c34,,0,2,3,Random Forest,Morgan
155,COc1ccc(C=O)cc1,,2,1,3,Random Forest,Morgan
156,C1=CC=CC2=C1C3C(CC2)[C@@H](C(O3)=O)C,,1,2,3,Random Forest,Morgan
177,NCCC1=CC=CC=C1,,2,1,3,Random Forest,Morgan
183,O[C@H]1CCCC[C@@H]1NCC2=CC=CC=C2,,2,2,3,Random Forest,Morgan
186,O[C@@H]1CCCCC[C@H]1NCC2=CC=CC=C2,,2,2,3,Random Forest,Morgan
189,CC1(C)C(C(CCC)=O)=C(C)CCC1,,0,2,3,Random Forest,Morgan
190,O=C(OC)C1=C(C)C(C)=C2O[C@]3(C)CC[C@@]4([H])C(C)(C)[C@@H](O)CC[C@]4(C)[C@@]3([H])C[C@]2(C)C1=O,,2,2,3,Random Forest,Morgan
192,CC1=C(C)C(C(OC)=O)=C2O[C@]3(C)CC[C@@]4([H])C(C)(C)[C@@H](O)CC[C@]4(C)[C@@]3([H])C[C@]2(C)C1=O,,2,2,3,Random Forest,Morgan
216,CC1=CC=C(C)C(OCCCC(C)(C)C(O)=O)=C1,,2,0,3,Random Forest,Morgan
222,O[C@@H](CCCl)C1=CC=CC=C1,,1,1,3,Random Forest,Morgan
234,CCC1=CC=CC(=C1N(C(C)COC)C(=O)CCl)C,,2,2,3,Random Forest,Morgan
239,[H][C@]12CN(CC(=O)N1C[C@@H](O)C1=CC=CC=C21)C(=O)C1CCCCC1,,1,1,3,Random Forest,Morgan
244,C/C(C(O)=O)=C(OC(C)=O)\C=C,,0,2,3,Random Forest,Morgan
260,C[C@H](CCCC(C)C)[C@@]1([H])CC[C@@]2([H])[C@]3([H])CC=C4C[C@@H](C)CC[C@]4(C)[C@@]3([H])CC[C@@]21C,,2,0,3,Random Forest,Morgan
277,O=C(C1=C2C=C(C)C=C1O)C3=C(C=CC=C3O)C2=O,,2,1,3,Random Forest,Morgan
282,CCOC(=O)[C@H](CC1=CNC2=CC=CC=C12)NC(C)=O,,2,2,3,Random Forest,Morgan
303,[H][C@@]12CCCC[C@]1([H])CN(C[C@@H](O)[C@H](CSC1=CC=CC=C1)NC(=O)C1=CC=CC(O)=C1C)[C@@H](C2)C(=O)NC(C)(C)C,,0,2,3,Random Forest,Morgan
305,COC1=CC(=CC=C1CC1=CN(C)C2=CC=C(NC(=O)OC3CCCC3)C=C12)C(=O)NS(=O)(=O)C1=CC=CC=C1C,,0,2,3,Random Forest,Morgan
307,CC(C)[C@H](NC(=O)N(C)CC1=CSC(=N1)C(C)C)C(=O)N[C@H](C[C@H](O)[C@H](CC1=CC=CC=C1)NC(=O)OCC1=CN=CS1)CC1=CC=CC=C1,,0,2,3,Random Forest,Morgan
308,OCCN(CCO)C1=NC2=C(N=C(N=C2N2CCCCC2)N(CCO)CCO)C(=N1)N1CCCCC1,,0,2,3,Random Forest,Morgan
325,C/C1=C\CC[C@@](C)(O)/C=C/[C@@H](C(C)C)CC1,,1,1,3,Random Forest,Morgan
327,CC1=C[C@@]([C@@H](C(C)C)CC[C@]2(O)C)([H])[C@]2([H])CC1,,1,2,3,Random Forest,Morgan
349,[H]N(C(C1=CC=C(O)C=C1)=O)/N=C/C2=CC=C([N+]([O-])=O)O2,,2,0,3,Random Forest,Morgan
369,O=C(NN)C1=CC=NC=C1,,0,2,3,Random Forest,Morgan
378,CC1=CCCC(C)(C)[C@@]12O[C@@H](C)CC2,,1,2,3,Random Forest,Morgan
380,O=C([C@@H]1CC[C@@H](C)C[C@H]1O)C,,0,0,3,Random Forest,Morgan
381,CC([C@@H]1CC[C@@H](C)C[C@H]1OC(C[C@@H](O)C)=O)C,,0,2,3,Random Forest,Morgan
382,CC([C@@H]1CC[C@@H](C)C[C@H]1OCCO)C,,0,2,3,Random Forest,Morgan
385,CC1(C)C[C@@H](C(O)=O)[C@H](C(C)C)CC1,,2,2,3,Random Forest,Morgan
390,[NH3+] [C@@H](CC([O-])=O)C(N[C@@H](CC1=CC=CC=C1)C(OC)=O)=O,,0,1,3,Random Forest,Morgan
425,O=C(SC(C)CC)CC(C)C,,0,2,3,Random Forest,Morgan
435,CC(C)C1=CC=C([C@]23[C@@](CC4=O)([H])C(C)(C)[C@@H](CC3)OC2=O)C4=C1,,2,1,3,Random Forest,Morgan
437,CC(C)C1=CC=C([C@@]2(C)[C@@](CC3=O)([H])C(C)(C)C(CC2)=O)C3=C1,,2,1,3,Random Forest,Morgan
5,CC1(C)CCC[C@@]2(C)[C@H]1CC[C@]3(C)[C@@H]2CCO3,,1,1,4,Random Forest,Morgan
8,CC1=CC(C(C)(C)[C@H](C)CC2(C)C)=C2C=C1C(C)=O,,1,2,4,Random Forest,Morgan
11,CCC[C@H](SC(C1=CC(Br)=CC=C1)=O)CCOC(C2=CC(Br)=CC=C2)=O,,1,2,4,Random Forest,Morgan
21,O[C@H](/C=C/C#CC#CC1=CN(CC2=CC=CC=C2)N=N1)[C@H](O3)[C@@H]3[C@H](O)[C@H]4OC(CC4)=O,,2,2,4,Random Forest,Morgan
22,IC1=C(C(C)(C)OSC(F)(F)F)C=CC=C1,,1,1,4,Random Forest,Morgan
24,C[C@H]1C[C@@H](OC(C)=O)[C@H](C(C)C)CC1,,2,1,4,Random Forest,Morgan
26,CC1=C(C)[C@@]([C@@]2=C(O)C=CC(C)=C2C)=C(O)C=C1,,1,1,4,Random Forest,Morgan
32,NC1=C2C(C=CC=N2)=CC=C1,,1,1,4,Random Forest,Morgan
41,O=C1C(C2CCC(NC2=O)=O)C(C3=CC=CC=C31)=O,,2,1,4,Random Forest,Morgan
42,CC1=C(C(OC)=O)C(C(C(OC)=O)=C(C)N1)C2=C([N+]([O-])=O)C=CC=C2,,2,1,4,Random Forest,Morgan
46,CN(C)CCCN1C(C=CC=C2)=C2CCC3=C1C=CC=C3,,2,2,4,Random Forest,Morgan
55,O=CC1=CC=C([N+]([O-])=O)C=C1,,1,1,4,Random Forest,Morgan
63,CC(C(C)(C)O1)(C)OB1[C@@H](CCCCC)[C@H](B2OC(C)(C)C(C)(C)O2)C,,1,1,4,Random Forest,Morgan
64,CC(C(C)(C)O1)(C)OB1[C@@H](CCCCC)[C@@H](B2OC(C)(C)C(C)(C)O2)C,,1,1,4,Random Forest,Morgan
67,O[C@H]1CCC2=C(OC)C=CC=C2[C@H]1C(OC)=O,,1,2,4,Random Forest,Morgan
91,CC1=C[C@H](O)C(Br)C(C)(C)[C@]12CCC(C)(Cl)C(Br)C2,,1,1,4,Random Forest,Morgan
102,CC[C@@H](O1)[C@@H](Br)C[C@]1([H])[C@@]2([H])O[C@@H](C/C=C\C3=CN(CC(NC4=CC=CC=C4)=O)N=N3)[C@H](Br)C2,,1,2,4,Random Forest,Morgan
104,BrC1=C[C@@]([H])(OC)[C@](O2)(C)[C@]3(C[C@]2([H])[C@](Cl)(C)CC3)C1(C)C,,1,1,4,Random Forest,Morgan
109,[H]C(/C=C/C1=CC=CC=C1)=O,,1,1,4,Random Forest,Morgan
111,C12=CC=CC=C1C=CC=C2,,1,1,4,Random Forest,Morgan
114,OC1=C(OC)C=C(C=O)C=C1,,2,1,4,Random Forest,Morgan
118,CN1C=NC(C(F)(F)F)=C1C(OC)=O,,1,2,4,Random Forest,Morgan
119,CN1C(C(F)(F)F)=C([N+]([O-])=O)C=C1C(OC)=O,,1,2,4,Random Forest,Morgan
122,C[C@H]1C[C@@H](O)[C@H](C(C)C)CC1,,1,1,4,Random Forest,Morgan
124,C[C@H]1C[C@H](O)[C@H](C(C)C)CC1,,1,1,4,Random Forest,Morgan
128,C[C@@]12CC[C@H](C(C)(C)O2)CC1,,1,1,4,Random Forest,Morgan
142,CCN(CC)CC(=O)NC1=C(C)C=CC=C1C,,2,2,4,Random Forest,Morgan
145,O=C7OCC=6C(=O)N2C(\c1nc5c(c(c1C2)CC)cc(OC(=O)N4CCC(N3CCCCC3)CC4)cc5)=C/C=6[C@@]7(O)CC,,0,0,4,Random Forest,Morgan
149,O2C1(CCC(CC1)C2(C)C)C,,2,1,4,Random Forest,Morgan
150,O[C@H]1[C@H](C(C)C)CC[C@@H](C)C1,,2,1,4,Random Forest,Morgan
152,O(c1ccc(\C=C\C)cc1)C,,2,1,4,Random Forest,Morgan
161,O=C1C(C)=C2O[C@]3(C)CCC4C(C)(C)[C@@H](O)CC[C@]4(C)[C@@]3([H])C[C@@]2(C)C(C)=C1C(OC)=O,,2,2,4,Random Forest,Morgan
164,CC1(C)CC[C@]2(C)C[C@@]34[C@@H](C)CC[C@@H](O)[C@]3(C)CC[C@H]4[C@@]21[H],,2,2,4,Random Forest,Morgan
181,O[C@@H]1[C@@H](NCC2=CC=CC=C2)CCC1,,2,2,4,Random Forest,Morgan
184,O[C@@H]1CCCC[C@H]1NCC2=CC=CC=C2,,2,2,4,Random Forest,Morgan
187,C/C(C)=C/CC/C(C)=C/CO,,0,1,4,Random Forest,Morgan
188,C/C(C)=C/CC/C(C)=C/CC/C(C)=C/CO,,0,1,4,Random Forest,Morgan
193,O=C1C(C(OC)=O)=C(C)C(C)=C2O[C@@]3(C)CC[C@@]4([H])C(C)(C)[C@@H](O)CC[C@]4(C)[C@]3([H])C[C@@]21C,,2,2,4,Random Forest,Morgan
194,O=C1C(C(OC)=O)=C(C)[C@]2(C)C(O[C@]([C@]3(C)[C@](CC[C@H](O)C4)(C)[C@@]4([H])CC3)([H])C2)=C1C,,2,2,4,Random Forest,Morgan
198,O=C1CCCCC/C=C/CCCCCCCCO1,,0,1,4,Random Forest,Morgan
199,O=C1CCCCC/C=C\CCCCCCCCO1,,0,1,4,Random Forest,Morgan
211,CC([C@H]12)=CC[C@]32[C@]1([H])[C@H](C(C)C)CC[C@H]3C,,0,1,4,Random Forest,Morgan
213,CC(C12)=CC[C@@]3([H])C1[C@H](C(C)C)CC[C@@]32C,,0,1,4,Random Forest,Morgan
217,CC1=CC=C(CO)C=C1OCCCC(C)(C)C(O)=O,,2,2,4,Random Forest,Morgan
236,[H][C@]12CN(CC(=O)N1CCC1=CC=CC=C21)C(=O)[C@H]1CC[C@H](O)CC1,,1,1,4,Random Forest,Morgan
237,[H][C@]12CN(CC(=O)N1CCC1=CC=CC=C21)C(=O)[C@@H]1CC[C@H](O)CC1,,1,1,4,Random Forest,Morgan
240,OC12CN(CC(=O)N1CCC1=CC=CC=C21)C(=O)C1CCCCC1,,1,1,4,Random Forest,Morgan
241,O[C@]12CN(CC(=O)N1CCC1=CC=CC=C21)C(=O)C1CCCCC1,,1,1,4,Random Forest,Morgan
242,OC1=CC=C(NC(C)=O)C=C1,,0,2,4,Random Forest,Morgan
251,O[C@@H]1[C@@H](O)[C@H](O)[C@@H](CO)O[C@H]1OC2=CC=CC=C2CO,,0,0,4,Random Forest,Morgan
275,O=C(C1=C2C=C(C)C=C1O)C3=C(C=C(O)C=C3O)C2=O,,0,2,4,Random Forest,Morgan
281,C[C@@H](C1=C2C[C@H](O)[C@H]3[C@@]4(C)CCC(C(C)(C)[C@@H]4CC[C@]3(C)[C@@]2(C)CC1)=O)C[C@H](O)[C@@H](O)C(C)(O)C,,0,2,4,Random Forest,Morgan
283,COC(=O)[C@@H](N)CC1=CNC2=CC=CC=C12,,2,2,4,Random Forest,Morgan
293,CN1C(C(=O)NC2=NC=C(C)S2)=C(O)C2=C(C=CC=C2)S1(=O)=O,,0,2,4,Random Forest,Morgan
312,BrC1(CC2(Br)C3)CC(C2)(Br)CC3(Br)C1,,2,1,4,Random Forest,Morgan
344,O=C1[C@@H](CCCCCC)[C@H](C[C@H](CCCCCCCCCCC)OC([C@H](CC(C)C)NC=O)=O)O1,,2,2,4,Random Forest,Morgan
356,FC1=CC2=C(C=C1)C(C3CCN(CCC4=C(C)N=C5N(CCCC5)C4=O)CC3)=NO2,,2,2,4,Random Forest,Morgan
357,CN1CCN(CC1)S(=O)(C2=CC(C3=NC4=C(C(N3)=O)N(N=C4CCC)C)=C(OCC)C=C2)=O,,1,2,4,Random Forest,Morgan
363,ClC1=C(NC2=CC=CC=C2CC(O)=O)C(Cl)=CC=C1,,0,2,4,Random Forest,Morgan
384,CC1(C)C[C@@H](C(NC2=CC=C(CC#N)C=C2)=O)[C@H](C(C)C)CC1,,0,2,4,Random Forest,Morgan
3,C[C@@H]1CCC=C(CC/2)[C@@]1(C)CC2=C(C)\CO,,2,1,5,Random Forest,Morgan
6,C[C@@]1(CC2)[C@]3(O)C(C)(C)[C@H]2C[C@H]1[C@@H](C)CC3,,2,1,5,Random Forest,Morgan
10,C[C@@](CC[C@H](Br)C(Br)(C)C)(Br)[C@H](Br)CO,,1,1,5,Random Forest,Morgan
14,CCCCNc1ccc(cc1)C(=O)OCCN(C)C,,1,2,5,Random Forest,Morgan
15,CCCCCC=CCC=CCC=CCC=CCCCC(=O)OCC,,2,2,5,Random Forest,Morgan
19,CC1=C(NC(CN(CC)CC)=O)C(C)=CC=C1,,2,2,5,Random Forest,Morgan
28,CC(C)C1=CC=C2C(C=CC=C2)=[C@]1[C@]3=CSC(C)=C3C,,1,1,5,Random Forest,Morgan
30,C12=CC=CC=C1N=C3N2CC/C=C/CCN4C5=C(C=CC=C5)N=C34,,1,1,5,Random Forest,Morgan
37,NC1=CC=C(S(C2=CC=C(N)C=C2)(=O)=O)C=C1,,2,1,5,Random Forest,Morgan
54,NC1=C(C(C)C)C=CC=C1C(C)C,,1,1,5,Random Forest,Morgan
60,COC1=CC=C(/C=C/C)C=C1,,1,2,5,Random Forest,Morgan
74,C1C[C@H]2OOC(C1)O2,,1,1,5,Random Forest,Morgan
77,Clc1cccc(Cl)c1,,1,1,5,Random Forest,Morgan
87,CC1(C)C(Br)C[C@H]2O[C@@]2(C)[C@]13CC(Br)C(C)(Cl)CC3O,,1,1,5,Random Forest,Morgan
89,C[C@]1(Cl)CC2O[C@@]3(Br)[C@H](O)[C@H]4O[C@@]4(C)[C@]2(C[C@@H]1Br)C3(C)C,,1,1,5,Random Forest,Morgan
93,C/C1=C\CC(C)(C)/C=C/C/C(C)=C/CC1,,1,1,5,Random Forest,Morgan
94,C/C1=C\CC(C)(C)/C=C/CC2(C)C(O2)CC1,,1,1,5,Random Forest,Morgan
97,CC12C(O2)CC(C)(C)/C=C/CC(C)(O3)C3CC1,,1,1,5,Random Forest,Morgan
105,O=C(C(O)=C1)C2=CC=CC3=CC=CC1=C32,,1,1,5,Random Forest,Morgan
106,O=C(C(C1=CC=CC=C1)=C2)C3=CC=CC4=CC=CC2=C43,,1,1,5,Random Forest,Morgan
113,C1(/C=C/C2=CC=CC=C2)=CC=CC=C1,,2,1,5,Random Forest,Morgan
117,CN1C=NC([N+]([O-])=O)=C1C(F)(F)F,,1,1,5,Random Forest,Morgan
125,C[C@H](CC[C@@H]1C(C)C)CC1=O,,1,1,5,Random Forest,Morgan
130,CC#[N][Pd]1(Br)C2=CC=CC3=C2C([N]1=CC=C4)=C4C5=CC=CC=C53,,1,1,5,Random Forest,Morgan
134,O=C1C=CC2(C)C(C(OC(C3C)=O)C3CC2)=C1C,,2,1,5,Random Forest,Morgan
153,C[C@@]12C(C)(C)[C@@H](CC1=O)CC2,,2,1,5,Random Forest,Morgan
154,CC1(C)[C@H]2C[C@@H]1CC=C2C,,2,1,5,Random Forest,Morgan
158,C1=CC=CC2=C1C3C(CC2)C(C(O3)=O)=C,,1,1,5,Random Forest,Morgan
160,O=C(N[C@H](CO)C1)[C@H](C(C)C)SC2=C1C3=CC=CC=C3N2,,2,2,5,Random Forest,Morgan
162,C/C([C@@H]1[C@@](CCCC2=C(C)OC(OC)=CC2=O)(O1)C)=C\C3=CC=C([N+]([O-])=O)C=C3,,2,0,5,Random Forest,Morgan
168,COC1=C(OC)C=C(OC)C(/C=C/C)=C1,,1,1,5,Random Forest,Morgan
171,COC1=CC=C2C(C(CC(O)=O)C(C)N2C(C3=CC=C(Cl)C=C3)=O)=C1,,2,2,5,Random Forest,Morgan
172,CC(OC1=CC=CC=C1C(NC2=NC=C([N+]([O-])=O)S2)=O)=O,,2,0,5,Random Forest,Morgan
182,O[C@H]1[C@H](NCC2=CC=CC=C2)CCC1,,2,2,5,Random Forest,Morgan
191,O=C(OC)C1=C(C)C(C)=C2O[C@]3(C)CC[C@@]4([H])C(C)(C)[C@@H](O)CC[C@]4(C)[C@@]3([H])C[C@@]2(C)C1=O,,2,2,5,Random Forest,Morgan
215,CCCC(S)CCO,,0,0,5,Random Forest,Morgan
220,CC1=CC=C(C)C(OCCCC(C)(C)C(OC2OC(C(O)=O)C(O)C(O)C2O)=O)=C1,,0,2,5,Random Forest,Morgan
235,[H][C@]12CN(CC(=O)N1CCC1=CC=CC=C21)C(=O)C1CCCCC1,,1,1,5,Random Forest,Morgan
238,[H][C@]12CN(CC(=O)N1CCC1=CC(O)=CC=C21)C(=O)C1CCCCC1,,1,1,5,Random Forest,Morgan
246,NC(C1=CC=CC=C1OCC)=O,,2,2,5,Random Forest,Morgan
248,CN1C(C)C(C(C)C)C(N1C2=CC=CC=C2)=O,,2,1,5,Random Forest,Morgan
256,O[C@@H]1[C@@H](O)[C@H](O)[C@@H](CO)O[C@H]1C2=C(OC=C(C3=CC=C(O)C=C3)C4=O)C4=CC=C2O,,0,0,5,Random Forest,Morgan
267,O=C1OC2=CC3=C(C=CO3)C(O/C=C/C(C)C)=C2C=C1,,0,2,5,Random Forest,Morgan
286,COC1=CC2=C(C=C1OC)C(=O)C(CC1CCN(CC3=CC=CC=C3)CC1)C2,,1,2,5,Random Forest,Morgan
289,COC1=CC=C2C=C3C4=C(CC[N+]3=CC2=C1OC)C=C1OCOC1=C4,,0,2,5,Random Forest,Morgan
297,CC(C)CN1C=NC2=C(N)N=C3C=CC=CC3=C12,,0,2,5,Random Forest,Morgan
298,CC1=CN=C(C=N1)C(=O)NCCC1=CC=C(C=C1)S(=O)(=O)NC(=O)NC1CCCCC1,,0,2,5,Random Forest,Morgan
299,CC(=O)N1CCN(CC1)C1=CC=C(OC[C@H]2CO[C@@](CN3C=CN=C3)(O2)C2=C(Cl)C=C(Cl)C=C2)C=C1,,0,0,5,Random Forest,Morgan
333,CC1=C(C(OC)=O)C(C2=C([N+]([O-])=O)C=CC=C2)=C(C(OC)=O)C(C)=N1,,1,2,5,Random Forest,Morgan
351,CN(C)CCCN(C(C=CC=C1)=C1CC2)C3=C2C=CC=C3,,0,2,5,Random Forest,Morgan
373,COC1=CC=C(C=C1)C2=COC3=C(C2=O)C=CC(=C3)OC,,2,2,5,Random Forest,Morgan
374,CC1OC2(C(C)=CCCC2(C)C)CC1,,2,1,5,Random Forest,Morgan
398,O=C1CCC(C1C/C=C\CC)CC(OC)=O,,2,2,5,Random Forest,Morgan
400,CC(C1CCC(C=O)=CC1)=C,,1,1,5,Random Forest,Morgan
403,CC(C)[C@@H]1CC[C@@]([C@@H](C1)C(=C)C)(C)C=C,,0,1,5,Random Forest,Morgan
409,CC1(C=C)C(C(C)C)CC(C(C)C)CC1,,0,1,5,Random Forest,Morgan
413,C[C@@]1(CCC2)CC[C@@H](C(C)C)C[C@@]1([H])C2=C,,0,1,5,Random Forest,Morgan
428,CC(S)CC(OCC)=O,,0,2,5,Random Forest,Morgan
434,CC(C)C1=CC=C([C@]23[C@@](C[C@@H]4O)([H])C(C)(C)[C@@](O)(CC3)OC2)C4=C1,,2,1,5,Random Forest,Morgan
440,CC1=C2C(C(OC2)=O)=C(C(C/C=C(C)/CCC(OCCN3CCOCC3)=O)=C1OC)O,,0,0,5,Random Forest,Morgan
1,O=C1C[C@@H](C)[C@]2(C)CC(CCC2=C1)=C(C)C,,1,1,1,kNN,Morgan
12,CC(C)[C@H]1[C@H]2[C@](CC1)(C)[C@H]3[C@@H]2C(CBr)=CC3,,1,0,1,kNN,Morgan
18,O=C(N[C@H](C(N[C@@H](C1=CC=CC=C1)C(OC(C)(C)C)=O)=O)C)CC2=CC(F)=CC(F)=C2,,2,1,1,kNN,Morgan
20,O[C@H](/C=C\C#CC#CC1=CN(CC2=CC=CC=C2)N=N1)[C@H](O3)[C@@H]3[C@H](O)[C@H]4OC(CC4)=O,,2,2,1,kNN,Morgan
25,CC1=C(C)[C@]([C@]2=C(O)C=CC(C)=C2C)=C(O)C=C1,,1,1,1,kNN,Morgan
27,CC(C)C1=CC=C2C(C=CC=C2)=[C@@]1[C@@]3=CSC(C)=C3C,,1,1,1,kNN,Morgan
29,C12=CC=CC=C1N3C(C4=NC5=C(C=CC=C5)N4CC/C=C/CC3)=N2,,1,1,1,kNN,Morgan
34,CC1=CC=CC(C)=C1NC(CN(CC)CC)=O,,1,2,1,kNN,Morgan
40,ClC1=CC=C2C(N(CCCN(C)C)C(C=CC=C3)=C3S2)=C1,,2,2,1,kNN,Morgan
43,ClC1=C([C@@H](C(OC)=O)N2CCC(SC=C3)=C3C2)C=CC=C1,,2,1,1,kNN,Morgan
44,O=C(C(C)=C1)NC(N1[C@@H]2O[C@H](CO)[C@@H](N=[N+]=[N-])C2)=O,,2,1,1,kNN,Morgan
48,CN(CCC1)[C@@H]1C2=CC=CN=C2,,0,1,1,kNN,Morgan
51,O=C(C=C(C1=CC(OC)=C(OC)C=C1)O2)C3=C2C(OC)=C(OC)C(OC)=C3OC,,1,1,1,kNN,Morgan
52,O=C(C=C(C1=CC=C(OC)C=C1)O2)C3=C2C(OC)=C(OC)C(OC)=C3OC,,1,1,1,kNN,Morgan
58,BrC1=CC2=CC=CC=C2C3=C1C=CC=C3,,1,1,1,kNN,Morgan
61,CC(O[C@H]1[C@H](C(C)C)CC[C@@H](C)C1)=O,,1,2,1,kNN,Morgan
69,CC1CCCC2(C1CC(CC2)C(C)C)C,,1,0,1,kNN,Morgan
78,N#Cc1ccccc1,,1,1,1,kNN,Morgan
84,C[C@]12OC(=O)C(=C)[C@H]1CC(=O)C=C2,,1,1,1,kNN,Morgan
88,Cc1cc(O)c(cc1Br)[C@]2(C)CC[C@@H]3C[C@]23C,,1,1,1,kNN,Morgan
95,CC12C(O2)CC(C)(C)/C=C/C/C(C)=C/CC1,,1,1,1,kNN,Morgan
96,C/C1=C\CC(C)(C)C(O2)C2C/C(C)=C/CC1,,1,1,1,kNN,Morgan
98,CC12C(O2)CC(C)(C)C(O3)C3CC(C)(O4)C4CC1,,1,1,1,kNN,Morgan
99,CC1(C)C/C=C(C)/CC/C=C(C=O)/C/C=C/1,,1,1,1,kNN,Morgan
103,BrC1=C[C@]([H])(OC)[C@](O2)(C)[C@]3(C[C@]2([H])[C@](Cl)(C)CC3)C1(C)C,,1,1,1,kNN,Morgan
135,O=C1C(N(C)C)=C(C)N(C)N1C2=CC=CC=C2,,2,1,1,kNN,Morgan
137,FC(F)(F)C1=CC=C(OC(C2=CC=CC=C2)CCNC)C=C1,,2,1,1,kNN,Morgan
138,O=C(OC)[C@@H](N1CCC(SC=C2)=C2C1)C3=C(Cl)C=CC=C3,,2,1,1,kNN,Morgan
140,O=C1C2=C(N=CC=C2)N(C3CC3)C4=C(C(C)=CC=N4)N1,,2,1,1,kNN,Morgan
143,Cc1ccc(cc1Nc2nccc(n2)c3cccnc3)NC(=O)c4ccc(cc4)CN5CCN(CC5)C,,0,1,1,kNN,Morgan
144,O=C1N(/N=C\N1c2ccc(cc2)N7CCN(c6ccc(OCC3C[C@@](OC3)(c4ccc(F)cc4F)Cn5ncnc5)cc6)CC7)[C@@H](CC)[C@@H](O)C,,0,1,1,kNN,Morgan
159,O=C(O)C1=C(OC(C)=O)C=CC=C1,,2,1,1,kNN,Morgan
178,N=C(N(C)C)N(C)C,,2,1,1,kNN,Morgan
180,C12=NCCCN1CCCCC2,,2,1,1,kNN,Morgan
185,O[C@H]1CCCCC[C@@H]1NCC2=CC=CC=C2,,2,2,1,kNN,Morgan
203,OC(=O)c1ccccc1Nc2cccc(c2)C(F)(F)F,,0,1,1,kNN,Morgan
204,C[C@@]1(C2(C)C)CC[C@H]2C[C@H]1O,,0,1,1,kNN,Morgan
206,O=C1O[C@H](CCCCC)CCC1,,0,1,1,kNN,Morgan
221,CCCC[C@@H](Br)[C@]1(C)CCCC=C1,,1,1,1,kNN,Morgan
223,COC([C@H](O)[C@@H](O)C(OC)=O)=O,,1,1,1,kNN,Morgan
224,CC1=CC=C(S(N)=O)C=C1,,1,1,1,kNN,Morgan
225,OC(C)C1=CC=C(Br)C=C1,,1,1,1,kNN,Morgan
226,CC(C)[C@@H]1Sc2[nH]c3ccccc3c2C[C@@H](CO)NC1=O,,2,1,1,kNN,Morgan
249,CCN(CC)C1=CC=C2C(OC(C(C3=NC4=C(C=CC=C4)S3)=C2)=O)=C1,,2,1,1,kNN,Morgan
278,O=C1C[C@@H](C2=CC=CC=C2)OC3=CC=CC=C31,,0,1,1,kNN,Morgan
285,C\C(\C=C1/SC(=S)N(CC(O)=O)C1=O)=C/C1=CC=CC=C1,,2,1,1,kNN,Morgan
287,ClC1=C(Cl)C(=CC=C1)N1CCN(CCCCOC2=CC3=C(CCC(=O)N3)C=C2)CC1,,1,1,1,kNN,Morgan
290,C\N=C(\NCCSCC1=C(C)NC=N1)NC#N,,0,1,1,kNN,Morgan
291,ClC1=C(NC2=NCCN2)C2=NSN=C2C=C1,,0,1,1,kNN,Morgan
296,CC1(C)SC2[C@H](NC(=O)CC3=CC=CC=C3)C(=O)N2[C@H]1C(O)=O,,0,1,1,kNN,Morgan
322,O=C(C1=C(S(=O)(NC(NC2=NC(OC)=CC(OC)=N2)=O)=O)N(C)N=C1Cl)OC,,2,1,1,kNN,Morgan
326,CC(CC1)=C[C@@]2([H])C1=C(C)CC[C@@H]2C(C)C,,2,1,1,kNN,Morgan
328,CC1=C[C@@]([C@@H](C(C)C)CC[C@]2(O)C)([H])[C@@]2([H])CC1,,2,1,1,kNN,Morgan
329,CC1=C[C@@]([C@@H](C(C)C)CC[C@@]2(O)C)([H])[C@]2([H])CC1,,2,1,1,kNN,Morgan
332,ClC1=CC(N2CCCN(C)C)=C(C=C1)SC3=C2C=CC=C3,,2,2,1,kNN,Morgan
339,COC1=C2O[C@@H]3[C@]45C2=C(C=C1)C[C@@H](N(CC5)C)[C@]4([H])C=C[C@@H]3O,,1,1,1,kNN,Morgan
360,O=S(CC1=NC=C(C(OC)=C1C)CO)C2=NC3=C(N2)C=CC(OC)=C3,,0,1,1,kNN,Morgan
386,O[C@@H]1C[C@H](C)CC[C@H]1C(C)=O,,0,1,1,kNN,Morgan
439,O=C1NC2=C(N1CCCN3CCC(CC3)N4C(NC5=CC(Cl)=CC=C54)=O)C=CC=C2,,0,1,1,kNN,Morgan
448,CO[C@H]1[C@@H](C[C@@H]2CN3CCC4=C([C@H]3C[C@@H]2[C@@H]1C(=O)OC)NC5=C4C=CC(=C5)OC)OC(=O)C6=CC(=C(C(=C6)OC)OC)OC,,0,1,1,kNN,Morgan
2,CC1=CC(C[C@@H](C)[C@]1(C2)CCC2=C(C)C)=O,,1,1,2,kNN,Morgan
4,O=C(CCCCCCCCCCC1)OCCOC1=O,,1,0,2,kNN,Morgan
13,C[C@@]1(O)[C@@H](Br)C[C@H](C(C)=C)CC1,,1,1,2,kNN,Morgan
16,CC1(C)[C@@H]2[C@H]1CC=C(C)C2,,1,1,2,kNN,Morgan
31,O=C1N(C)C(C(N(C)C=N2)=C2N1C)=O,,1,1,2,kNN,Morgan
35,CNCCC(OC1=CC=C(C(F)(F)F)C=C1)C2=CC=CC=C2,,1,1,2,kNN,Morgan
36,COC1=CC=C2C(NC(S(CC3=C(C)C(OC)=C(C)C=N3)=O)=N2)=C1,,2,0,2,kNN,Morgan
38,O=C(OCCN(C)C)C1=CC=C(NCCCC)C=C1,,2,1,2,kNN,Morgan
47,ClC1=CC=C(NC(O[C@]2(C#CC3CC3)C(F)(F)F)=O)C2=C1,,2,1,2,kNN,Morgan
49,CC1=C2C(C=C1)=C(C)C=CC(C(C)C)=C2,,1,1,2,kNN,Morgan
53,O=C(C(OC)=C(C1=CC(OC)=C(OC)C=C1)O2)C3=C2C(OC)=C(OC)C(OC)=C3OC,,1,1,2,kNN,Morgan
62,CC(C(C)(C)O1)(C)OB1C(B2OC(C)(C)C(C)(C)O2)CCC3=CC=CC=C3,,1,1,2,kNN,Morgan
65,O=C(C(C#N)=C1)C=C(C1(C#C)C2)C3=C2C=CC=C3,,1,1,2,kNN,Morgan
71,C1OOC(O1)c2ccccc2,,1,1,2,kNN,Morgan
73,O1O[C@H](O[C@@H]1c2ccccc2)c3ccccc3,,1,1,2,kNN,Morgan
75,c1ccccc1,,1,1,2,kNN,Morgan
81,Fc1ccc(F)cc1,,1,1,2,kNN,Morgan
82,CN1C[C@@](C)(c2ccccc2)[C@@]3(C)[C@@H]1N(C)c4ccccc34,,1,1,2,kNN,Morgan
83,C[C@@]12OC(=O)C(=C)[C@]1(C)CC(=O)C=C2,,1,1,2,kNN,Morgan
86,CCOC(=O)\C=C\1/C[C@@](N1S(=O)(=O)c2ccc(C)cc2)(C(=O)OCC)c3ccccc3C,,1,1,2,kNN,Morgan
90,C[C@]1(Cl)CC2O[C@@]3(C)C=C[C@@](C)(O)[C@]2(C[C@@H]1Br)C3(C)C,,1,1,2,kNN,Morgan
100,CC1(C)/C=C/C/C(C=O)=C\CC/C(C=O)=C\C1,,1,1,2,kNN,Morgan
110,N#CCC1=CC=CC=C1,,1,1,2,kNN,Morgan
115,[N-]=[N+]=NC1=CC=C(C(F)(F)F)C=C1,,2,1,2,kNN,Morgan
116,C[C@@](O1)(OO2)CC[C@]3([H])[C@]2([C@]1([H])O4)[C@](CC[C@H]3C)([H])[C@@H](C)C4=O,,2,1,2,kNN,Morgan
120,CC1=CC[C@H](C(C)=C)CC1,,1,1,2,kNN,Morgan
123,C[C@H](CC[C@H]1C(C)C)CC1=O,,1,1,2,kNN,Morgan
129,IC1=C(C(OSC(F)(F)F)(C)C)C=CC=C1,,1,1,2,kNN,Morgan
133,OC(C=C1)=CC=C1C2COC3=CC(O)=CC=C3C2=O,,0,1,2,kNN,Morgan
141,CN3[C@H]1CC[C@@H]3C[C@@H](C1)OC(=O)C(CO)c2ccccc2,,2,1,2,kNN,Morgan
146,CCOc2nc1cccc(C(=O)O)c1n2Cc5ccc(c3ccccc3c4nn[nH]n4)cc5,,0,1,2,kNN,Morgan
151,C[C@@H]1CC[C@H]([C@@H](C1)OC(=O)C)C(C)C,,2,1,2,kNN,Morgan
163,O[C@H](C1)CC[C@@]2(C)C1=CC[C@]3([H])[C@]2([H])CC[C@@]4([H])[C@@]3([H])C[C@H](O)[C@]4([H])[C@H](C)[C@@H](O)CCC(C)C,,2,1,2,kNN,Morgan
165,[H][C@@]1(CO2)[C@](CO[C@@H]1C3=CC(OCO4)=C4C=C3)([H])[C@@H]2C5=CC(OCO6)=C6C=C5,,1,1,2,kNN,Morgan
166,COC1=C(OC)C=C(OC)C(/C=C\C)=C1,,1,1,2,kNN,Morgan
173,CC(C(O)=O)C1=CC=C(CC(C)C)C=C1,,2,1,2,kNN,Morgan
174,O[C@@H]1CCCC[C@H]1NC2CC2,,2,2,2,kNN,Morgan
176,CN(C)C1CCCCC1,,2,1,2,kNN,Morgan
179,N=C(NC1=CC=CC=C1)NC2=CC=CC=C2,,2,1,2,kNN,Morgan
195,OC(=O)c1ccc(O)cc1,,2,1,2,kNN,Morgan
196,CC1=C(/C=C/C(C)=C/C=C/C(C)=C/C=C/C=C(C)/C=C/C=C(C)/C=C/C2=C(C)CCCC2(C)C)C(C)(C)CCC1,,0,1,2,kNN,Morgan
209,CC(C)C1CC[C@]2(C)[C@@]1([H])[C@]3([H])[C@@]2([H])CCC3=C,,0,0,2,kNN,Morgan
218,CC1=C(O)C=C(C)C(OCCCC(C)(C)C(O)=O)=C1,,2,2,2,kNN,Morgan
219,CC1=CC=C(C(O)=O)C=C1OCCCC(C)(C)C(O)=O,,0,1,2,kNN,Morgan
227,COC(=O)C1=C(C)[C@]2(C)C[C@H]3[C@@](C)(CC[C@H]4C(C)(C)[C@@H](O)CC[C@]34C)OC2=C(C)C1=O,,2,2,2,kNN,Morgan
231,COCC(=O)N([C@H](C)C(=O)OC)c1c(C)cccc1C,,2,1,2,kNN,Morgan
284,CC(C)NCC(O)COC1=CC=CC2=CC=CC=C12,,2,1,2,kNN,Morgan
288,O=C1C2=CC=CC=C2C(=O)C2=C1C=CC1=C2NC2=C(N1)C1=C(C=C2)C(=O)C2=C(C=CC=C2)C1=O,,0,1,2,kNN,Morgan
309,CC[C@H]1OC(=O)[C@H](C)[C@H](C[C@@H](O[C@@H]2O[C@H](C)C[C@@H]([C@H]2O)N(C)C)[C@](C)(O)C[C@@H](C)C(=O)[C@H](C)[C@@H](C)[C@]1(C)O)O[C@H]1C[C@@](C)(OC)[C@@H](O)[C@H](C)O1,,0,1,2,kNN,Morgan
318,O=C(CC(C(C)1C)CC2)C21CS(=O)(O)=O,,0,0,2,kNN,Morgan
324,C[C@@H]1[C@]2([C@@]3([H])[C@](C)(O)CC2)[C@@]3([H])[C@@H](C(C)C)CC1,,2,0,2,kNN,Morgan
345,COC1=C(C(C(C(O)=C([C@@H](O)C[C@@](C(CO)=O)(O)C2)C2=C3O)C3C4=O)=O)C4=CC=C1,,0,0,2,kNN,Morgan
366,COC1=C(C2=CC=C1)C(C(C3C2=O)C(O)=C4[C@H](C[C@@](O)(CC4=C3O)C(CO)=O)O[C@H]5C[C@H](N)[C@H](O)[C@H](C)O5)=O,,0,0,2,kNN,Morgan
372,NC(N1C2=C(C=CC=C2)C=CC3=C1C=CC=C3)=O,,2,1,2,kNN,Morgan
407,[H][C@@]12[C@](CC[C@@H](C(C)C)C2)(C)CCC[C@]1(O)C,,2,1,2,kNN,Morgan
417,C[C@@]12CC[C@@H](C(C)C)C[C@@]1([H])C(C)=CCC2,,0,1,2,kNN,Morgan
421,CC12C(CC(C(C)=C)CC2)=C(C)C(CC1)=O,,0,1,2,kNN,Morgan
432,C[C@@H]1CCCCCCCCCCCCC(=O)C1,,0,1,2,kNN,Morgan
436,CC(C)C1=CC=C([C@@]2(C)[C@@](CC3=O)([H])C(C)(C)[C@H](O)CC2)C3=C1,,2,1,2,kNN,Morgan
446,CC1=C(C2=C(CC[C@@](O2)(C)CCC[C@H](C)CCC[C@H](C)CCCC(C)C)C(=C1O)C)C,,0,1,2,kNN,Morgan
7,C=C1CC/C=C(C)/CC[C@@H]2[C@@H]1CC2(C)C,,1,1,3,kNN,Morgan
9,Br[C@@H](CO)[C@](CC[C@H](Br)C(Br)(C)C)(Br)C,,1,1,3,kNN,Morgan
17,CN1[C@H]2CC[C@@H]1C[C@H](OC(C(CO)C3=CC=CC=C3)=O)C2,,2,1,3,kNN,Morgan
39,ClC1=C(N)C=C(OC)C(C(NCCN(CC)CC)=O)=C1,,2,1,3,kNN,Morgan
45,OCC(C(OC1CC(N2C)CCC2C1)=O)C3=CC=CC=C3,,2,1,3,kNN,Morgan
50,O=C1[C@@H](C)[C@]([C@]2([H])O1)([H])CC[C@@](C2=C3C)(C)C=CC3=O,,1,1,3,kNN,Morgan
56,O=C/C=C/C1=CC=CC=C1,,1,1,3,kNN,Morgan
57,O=C([C@@]1(C2C34)[C@@H]3[C@H]5C4(C(OC)=O)C2[C@H]51)OC,,1,1,3,kNN,Morgan
68,O=C1CC[C@@]2(C)C(CCC([C@@](CC[C@@H]3O)([H])[C@]3(C)C4)[C@]2([H])C4=O)=C1,,1,1,3,kNN,Morgan
72,O1O[C@@H](O[C@@H]1c2ccccc2)c3ccccc3,,1,1,3,kNN,Morgan
76,Fc1ccc(C=O)cc1,,1,1,3,kNN,Morgan
79,O=CC1=CC=CC=C1,,1,1,3,kNN,Morgan
80,Fc1ccccc1,,1,1,3,kNN,Morgan
85,Cn1c2c(CC[C@@]2(C)C=C)c3ccccc13,,1,1,3,kNN,Morgan
92,CC1(Cl)CC[C@@]2(CC1Br)C(C)(C)C(=C[C@H]3O[C@@]23C)Br,,1,1,3,kNN,Morgan
101,CC[C@@H](O1)[C@@H](Br)C[C@]1([H])[C@@]2([H])O[C@@H](C/C=C\C#C)[C@H](Br)C2,,1,1,3,kNN,Morgan
107,C[C@@H](CC1)[C@@]2([H])[C@]1([H])[C@@]3(C)[C@]2([H])[C@@H](C(C)=C)CC3,,1,1,3,kNN,Morgan
108,O=C(C)C1=CC=CC=C1,,1,1,3,kNN,Morgan
112,C12=CC=CC=C1C=C3C(C=CC=C3)=C2,,1,1,3,kNN,Morgan
121,CC1=CC[C@@H]2C(C)(C)[C@H]1C2,,1,1,3,kNN,Morgan
127,C[C@H]1CC2=C(C(C)=CO2)CC1,,1,1,3,kNN,Morgan
131,BrC1=CC=CC2=C1C(N=CC=C3)=C3C4=C2C=CC=C4,,1,1,3,kNN,Morgan
132,COC(C=C1)=CC=C1C2COC3=CC(OC)=CC=C3C2=O,,2,1,3,kNN,Morgan
136,NC1=C(S(=O)(CC)=O)C=C(C(NCC2N(CC)CCC2)=O)C(OC)=C1,,2,1,3,kNN,Morgan
139,CN(C)CCCN1C2=C(C=CC=C2)CCC3=C1C=CC=C3,,2,0,3,kNN,Morgan
147,C[C@H]1[C@H]([C@H](C[C@@H](O1)O[C@H]2C[C@@](Cc3c2c(c4c(c3O)C(=O)c5cccc(c5C4=O)OC)O)(C(=O)CO)O)N)O,,0,0,3,kNN,Morgan
148,COc1ccccc1OCCNCC(O)COc3cccc4[nH]c2ccccc2c34,,0,1,3,kNN,Morgan
155,COc1ccc(C=O)cc1,,2,1,3,kNN,Morgan
156,C1=CC=CC2=C1C3C(CC2)[C@@H](C(O3)=O)C,,1,1,3,kNN,Morgan
177,NCCC1=CC=CC=C1,,2,1,3,kNN,Morgan
183,O[C@H]1CCCC[C@@H]1NCC2=CC=CC=C2,,2,2,3,kNN,Morgan
186,O[C@@H]1CCCCC[C@H]1NCC2=CC=CC=C2,,2,2,3,kNN,Morgan
189,CC1(C)C(C(CCC)=O)=C(C)CCC1,,0,1,3,kNN,Morgan
190,O=C(OC)C1=C(C)C(C)=C2O[C@]3(C)CC[C@@]4([H])C(C)(C)[C@@H](O)CC[C@]4(C)[C@@]3([H])C[C@]2(C)C1=O,,2,2,3,kNN,Morgan
192,CC1=C(C)C(C(OC)=O)=C2O[C@]3(C)CC[C@@]4([H])C(C)(C)[C@@H](O)CC[C@]4(C)[C@@]3([H])C[C@]2(C)C1=O,,2,2,3,kNN,Morgan
216,CC1=CC=C(C)C(OCCCC(C)(C)C(O)=O)=C1,,2,2,3,kNN,Morgan
222,O[C@@H](CCCl)C1=CC=CC=C1,,1,1,3,kNN,Morgan
234,CCC1=CC=CC(=C1N(C(C)COC)C(=O)CCl)C,,2,1,3,kNN,Morgan
239,[H][C@]12CN(CC(=O)N1C[C@@H](O)C1=CC=CC=C21)C(=O)C1CCCCC1,,1,1,3,kNN,Morgan
244,C/C(C(O)=O)=C(OC(C)=O)\C=C,,0,1,3,kNN,Morgan
260,C[C@H](CCCC(C)C)[C@@]1([H])CC[C@@]2([H])[C@]3([H])CC=C4C[C@@H](C)CC[C@]4(C)[C@@]3([H])CC[C@@]21C,,2,1,3,kNN,Morgan
277,O=C(C1=C2C=C(C)C=C1O)C3=C(C=CC=C3O)C2=O,,2,1,3,kNN,Morgan
282,CCOC(=O)[C@H](CC1=CNC2=CC=CC=C12)NC(C)=O,,2,1,3,kNN,Morgan
303,[H][C@@]12CCCC[C@]1([H])CN(C[C@@H](O)[C@H](CSC1=CC=CC=C1)NC(=O)C1=CC=CC(O)=C1C)[C@@H](C2)C(=O)NC(C)(C)C,,0,1,3,kNN,Morgan
305,COC1=CC(=CC=C1CC1=CN(C)C2=CC=C(NC(=O)OC3CCCC3)C=C12)C(=O)NS(=O)(=O)C1=CC=CC=C1C,,0,1,3,kNN,Morgan
307,CC(C)[C@H](NC(=O)N(C)CC1=CSC(=N1)C(C)C)C(=O)N[C@H](C[C@H](O)[C@H](CC1=CC=CC=C1)NC(=O)OCC1=CN=CS1)CC1=CC=CC=C1,,0,1,3,kNN,Morgan
308,OCCN(CCO)C1=NC2=C(N=C(N=C2N2CCCCC2)N(CCO)CCO)C(=N1)N1CCCCC1,,0,1,3,kNN,Morgan
325,C/C1=C\CC[C@@](C)(O)/C=C/[C@@H](C(C)C)CC1,,1,1,3,kNN,Morgan
327,CC1=C[C@@]([C@@H](C(C)C)CC[C@]2(O)C)([H])[C@]2([H])CC1,,1,2,3,kNN,Morgan
349,[H]N(C(C1=CC=C(O)C=C1)=O)/N=C/C2=CC=C([N+]([O-])=O)O2,,2,1,3,kNN,Morgan
369,O=C(NN)C1=CC=NC=C1,,0,1,3,kNN,Morgan
378,CC1=CCCC(C)(C)[C@@]12O[C@@H](C)CC2,,1,1,3,kNN,Morgan
380,O=C([C@@H]1CC[C@@H](C)C[C@H]1O)C,,0,1,3,kNN,Morgan
381,CC([C@@H]1CC[C@@H](C)C[C@H]1OC(C[C@@H](O)C)=O)C,,0,2,3,kNN,Morgan
382,CC([C@@H]1CC[C@@H](C)C[C@H]1OCCO)C,,0,2,3,kNN,Morgan
385,CC1(C)C[C@@H](C(O)=O)[C@H](C(C)C)CC1,,2,1,3,kNN,Morgan
390,[NH3+] [C@@H](CC([O-])=O)C(N[C@@H](CC1=CC=CC=C1)C(OC)=O)=O,,0,1,3,kNN,Morgan
425,O=C(SC(C)CC)CC(C)C,,0,1,3,kNN,Morgan
435,CC(C)C1=CC=C([C@]23[C@@](CC4=O)([H])C(C)(C)[C@@H](CC3)OC2=O)C4=C1,,2,1,3,kNN,Morgan
437,CC(C)C1=CC=C([C@@]2(C)[C@@](CC3=O)([H])C(C)(C)C(CC2)=O)C3=C1,,2,1,3,kNN,Morgan
5,CC1(C)CCC[C@@]2(C)[C@H]1CC[C@]3(C)[C@@H]2CCO3,,1,0,4,kNN,Morgan
8,CC1=CC(C(C)(C)[C@H](C)CC2(C)C)=C2C=C1C(C)=O,,1,1,4,kNN,Morgan
11,CCC[C@H](SC(C1=CC(Br)=CC=C1)=O)CCOC(C2=CC(Br)=CC=C2)=O,,1,1,4,kNN,Morgan
21,O[C@H](/C=C/C#CC#CC1=CN(CC2=CC=CC=C2)N=N1)[C@H](O3)[C@@H]3[C@H](O)[C@H]4OC(CC4)=O,,2,2,4,kNN,Morgan
22,IC1=C(C(C)(C)OSC(F)(F)F)C=CC=C1,,1,1,4,kNN,Morgan
24,C[C@H]1C[C@@H](OC(C)=O)[C@H](C(C)C)CC1,,2,0,4,kNN,Morgan
26,CC1=C(C)[C@@]([C@@]2=C(O)C=CC(C)=C2C)=C(O)C=C1,,1,1,4,kNN,Morgan
32,NC1=C2C(C=CC=N2)=CC=C1,,1,1,4,kNN,Morgan
41,O=C1C(C2CCC(NC2=O)=O)C(C3=CC=CC=C31)=O,,2,1,4,kNN,Morgan
42,CC1=C(C(OC)=O)C(C(C(OC)=O)=C(C)N1)C2=C([N+]([O-])=O)C=CC=C2,,2,1,4,kNN,Morgan
46,CN(C)CCCN1C(C=CC=C2)=C2CCC3=C1C=CC=C3,,2,0,4,kNN,Morgan
55,O=CC1=CC=C([N+]([O-])=O)C=C1,,1,1,4,kNN,Morgan
63,CC(C(C)(C)O1)(C)OB1[C@@H](CCCCC)[C@H](B2OC(C)(C)C(C)(C)O2)C,,1,1,4,kNN,Morgan
64,CC(C(C)(C)O1)(C)OB1[C@@H](CCCCC)[C@@H](B2OC(C)(C)C(C)(C)O2)C,,1,1,4,kNN,Morgan
67,O[C@H]1CCC2=C(OC)C=CC=C2[C@H]1C(OC)=O,,1,1,4,kNN,Morgan
91,CC1=C[C@H](O)C(Br)C(C)(C)[C@]12CCC(C)(Cl)C(Br)C2,,1,1,4,kNN,Morgan
102,CC[C@@H](O1)[C@@H](Br)C[C@]1([H])[C@@]2([H])O[C@@H](C/C=C\C3=CN(CC(NC4=CC=CC=C4)=O)N=N3)[C@H](Br)C2,,1,1,4,kNN,Morgan
104,BrC1=C[C@@]([H])(OC)[C@](O2)(C)[C@]3(C[C@]2([H])[C@](Cl)(C)CC3)C1(C)C,,1,1,4,kNN,Morgan
109,[H]C(/C=C/C1=CC=CC=C1)=O,,1,1,4,kNN,Morgan
111,C12=CC=CC=C1C=CC=C2,,1,1,4,kNN,Morgan
114,OC1=C(OC)C=C(C=O)C=C1,,2,1,4,kNN,Morgan
118,CN1C=NC(C(F)(F)F)=C1C(OC)=O,,1,1,4,kNN,Morgan
119,CN1C(C(F)(F)F)=C([N+]([O-])=O)C=C1C(OC)=O,,1,1,4,kNN,Morgan
122,C[C@H]1C[C@@H](O)[C@H](C(C)C)CC1,,1,0,4,kNN,Morgan
124,C[C@H]1C[C@H](O)[C@H](C(C)C)CC1,,1,0,4,kNN,Morgan
128,C[C@@]12CC[C@H](C(C)(C)O2)CC1,,1,0,4,kNN,Morgan
142,CCN(CC)CC(=O)NC1=C(C)C=CC=C1C,,2,1,4,kNN,Morgan
145,O=C7OCC=6C(=O)N2C(\c1nc5c(c(c1C2)CC)cc(OC(=O)N4CCC(N3CCCCC3)CC4)cc5)=C/C=6[C@@]7(O)CC,,0,1,4,kNN,Morgan
149,O2C1(CCC(CC1)C2(C)C)C,,2,0,4,kNN,Morgan
150,O[C@H]1[C@H](C(C)C)CC[C@@H](C)C1,,2,0,4,kNN,Morgan
152,O(c1ccc(\C=C\C)cc1)C,,2,2,4,kNN,Morgan
161,O=C1C(C)=C2O[C@]3(C)CCC4C(C)(C)[C@@H](O)CC[C@]4(C)[C@@]3([H])C[C@@]2(C)C(C)=C1C(OC)=O,,2,2,4,kNN,Morgan
164,CC1(C)CC[C@]2(C)C[C@@]34[C@@H](C)CC[C@@H](O)[C@]3(C)CC[C@H]4[C@@]21[H],,2,0,4,kNN,Morgan
181,O[C@@H]1[C@@H](NCC2=CC=CC=C2)CCC1,,2,2,4,kNN,Morgan
184,O[C@@H]1CCCC[C@H]1NCC2=CC=CC=C2,,2,2,4,kNN,Morgan
187,C/C(C)=C/CC/C(C)=C/CO,,0,1,4,kNN,Morgan
188,C/C(C)=C/CC/C(C)=C/CC/C(C)=C/CO,,0,1,4,kNN,Morgan
193,O=C1C(C(OC)=O)=C(C)C(C)=C2O[C@@]3(C)CC[C@@]4([H])C(C)(C)[C@@H](O)CC[C@]4(C)[C@]3([H])C[C@@]21C,,2,2,4,kNN,Morgan
194,O=C1C(C(OC)=O)=C(C)[C@]2(C)C(O[C@]([C@]3(C)[C@](CC[C@H](O)C4)(C)[C@@]4([H])CC3)([H])C2)=C1C,,2,0,4,kNN,Morgan
198,O=C1CCCCC/C=C/CCCCCCCCO1,,0,1,4,kNN,Morgan
199,O=C1CCCCC/C=C\CCCCCCCCO1,,0,1,4,kNN,Morgan
211,CC([C@H]12)=CC[C@]32[C@]1([H])[C@H](C(C)C)CC[C@H]3C,,0,0,4,kNN,Morgan
213,CC(C12)=CC[C@@]3([H])C1[C@H](C(C)C)CC[C@@]32C,,0,1,4,kNN,Morgan
217,CC1=CC=C(CO)C=C1OCCCC(C)(C)C(O)=O,,2,2,4,kNN,Morgan
236,[H][C@]12CN(CC(=O)N1CCC1=CC=CC=C21)C(=O)[C@H]1CC[C@H](O)CC1,,1,1,4,kNN,Morgan
237,[H][C@]12CN(CC(=O)N1CCC1=CC=CC=C21)C(=O)[C@@H]1CC[C@H](O)CC1,,1,1,4,kNN,Morgan
240,OC12CN(CC(=O)N1CCC1=CC=CC=C21)C(=O)C1CCCCC1,,1,1,4,kNN,Morgan
241,O[C@]12CN(CC(=O)N1CCC1=CC=CC=C21)C(=O)C1CCCCC1,,1,1,4,kNN,Morgan
242,OC1=CC=C(NC(C)=O)C=C1,,0,2,4,kNN,Morgan
251,O[C@@H]1[C@@H](O)[C@H](O)[C@@H](CO)O[C@H]1OC2=CC=CC=C2CO,,0,1,4,kNN,Morgan
275,O=C(C1=C2C=C(C)C=C1O)C3=C(C=C(O)C=C3O)C2=O,,0,0,4,kNN,Morgan
281,C[C@@H](C1=C2C[C@H](O)[C@H]3[C@@]4(C)CCC(C(C)(C)[C@@H]4CC[C@]3(C)[C@@]2(C)CC1)=O)C[C@H](O)[C@@H](O)C(C)(O)C,,0,0,4,kNN,Morgan
283,COC(=O)[C@@H](N)CC1=CNC2=CC=CC=C12,,2,1,4,kNN,Morgan
293,CN1C(C(=O)NC2=NC=C(C)S2)=C(O)C2=C(C=CC=C2)S1(=O)=O,,0,1,4,kNN,Morgan
312,BrC1(CC2(Br)C3)CC(C2)(Br)CC3(Br)C1,,2,1,4,kNN,Morgan
344,O=C1[C@@H](CCCCCC)[C@H](C[C@H](CCCCCCCCCCC)OC([C@H](CC(C)C)NC=O)=O)O1,,2,1,4,kNN,Morgan
356,FC1=CC2=C(C=C1)C(C3CCN(CCC4=C(C)N=C5N(CCCC5)C4=O)CC3)=NO2,,2,1,4,kNN,Morgan
357,CN1CCN(CC1)S(=O)(C2=CC(C3=NC4=C(C(N3)=O)N(N=C4CCC)C)=C(OCC)C=C2)=O,,1,0,4,kNN,Morgan
363,ClC1=C(NC2=CC=CC=C2CC(O)=O)C(Cl)=CC=C1,,0,1,4,kNN,Morgan
384,CC1(C)C[C@@H](C(NC2=CC=C(CC#N)C=C2)=O)[C@H](C(C)C)CC1,,0,2,4,kNN,Morgan
3,C[C@@H]1CCC=C(CC/2)[C@@]1(C)CC2=C(C)\CO,,2,1,5,kNN,Morgan
6,C[C@@]1(CC2)[C@]3(O)C(C)(C)[C@H]2C[C@H]1[C@@H](C)CC3,,2,0,5,kNN,Morgan
10,C[C@@](CC[C@H](Br)C(Br)(C)C)(Br)[C@H](Br)CO,,1,1,5,kNN,Morgan
14,CCCCNc1ccc(cc1)C(=O)OCCN(C)C,,1,0,5,kNN,Morgan
15,CCCCCC=CCC=CCC=CCC=CCCCC(=O)OCC,,2,1,5,kNN,Morgan
19,CC1=C(NC(CN(CC)CC)=O)C(C)=CC=C1,,2,1,5,kNN,Morgan
28,CC(C)C1=CC=C2C(C=CC=C2)=[C@]1[C@]3=CSC(C)=C3C,,1,1,5,kNN,Morgan
30,C12=CC=CC=C1N=C3N2CC/C=C/CCN4C5=C(C=CC=C5)N=C34,,1,1,5,kNN,Morgan
37,NC1=CC=C(S(C2=CC=C(N)C=C2)(=O)=O)C=C1,,2,1,5,kNN,Morgan
54,NC1=C(C(C)C)C=CC=C1C(C)C,,1,1,5,kNN,Morgan
60,COC1=CC=C(/C=C/C)C=C1,,1,2,5,kNN,Morgan
74,C1C[C@H]2OOC(C1)O2,,1,1,5,kNN,Morgan
77,Clc1cccc(Cl)c1,,1,1,5,kNN,Morgan
87,CC1(C)C(Br)C[C@H]2O[C@@]2(C)[C@]13CC(Br)C(C)(Cl)CC3O,,1,0,5,kNN,Morgan
89,C[C@]1(Cl)CC2O[C@@]3(Br)[C@H](O)[C@H]4O[C@@]4(C)[C@]2(C[C@@H]1Br)C3(C)C,,1,1,5,kNN,Morgan
93,C/C1=C\CC(C)(C)/C=C/C/C(C)=C/CC1,,1,1,5,kNN,Morgan
94,C/C1=C\CC(C)(C)/C=C/CC2(C)C(O2)CC1,,1,1,5,kNN,Morgan
97,CC12C(O2)CC(C)(C)/C=C/CC(C)(O3)C3CC1,,1,1,5,kNN,Morgan
105,O=C(C(O)=C1)C2=CC=CC3=CC=CC1=C32,,1,1,5,kNN,Morgan
106,O=C(C(C1=CC=CC=C1)=C2)C3=CC=CC4=CC=CC2=C43,,1,1,5,kNN,Morgan
113,C1(/C=C/C2=CC=CC=C2)=CC=CC=C1,,2,1,5,kNN,Morgan
117,CN1C=NC([N+]([O-])=O)=C1C(F)(F)F,,1,1,5,kNN,Morgan
125,C[C@H](CC[C@@H]1C(C)C)CC1=O,,1,1,5,kNN,Morgan
130,CC#[N][Pd]1(Br)C2=CC=CC3=C2C([N]1=CC=C4)=C4C5=CC=CC=C53,,1,1,5,kNN,Morgan
134,O=C1C=CC2(C)C(C(OC(C3C)=O)C3CC2)=C1C,,2,1,5,kNN,Morgan
153,C[C@@]12C(C)(C)[C@@H](CC1=O)CC2,,2,1,5,kNN,Morgan
154,CC1(C)[C@H]2C[C@@H]1CC=C2C,,2,1,5,kNN,Morgan
158,C1=CC=CC2=C1C3C(CC2)C(C(O3)=O)=C,,1,1,5,kNN,Morgan
160,O=C(N[C@H](CO)C1)[C@H](C(C)C)SC2=C1C3=CC=CC=C3N2,,2,1,5,kNN,Morgan
162,C/C([C@@H]1[C@@](CCCC2=C(C)OC(OC)=CC2=O)(O1)C)=C\C3=CC=C([N+]([O-])=O)C=C3,,2,1,5,kNN,Morgan
168,COC1=C(OC)C=C(OC)C(/C=C/C)=C1,,1,1,5,kNN,Morgan
171,COC1=CC=C2C(C(CC(O)=O)C(C)N2C(C3=CC=C(Cl)C=C3)=O)=C1,,2,0,5,kNN,Morgan
172,CC(OC1=CC=CC=C1C(NC2=NC=C([N+]([O-])=O)S2)=O)=O,,2,1,5,kNN,Morgan
182,O[C@H]1[C@H](NCC2=CC=CC=C2)CCC1,,2,2,5,kNN,Morgan
191,O=C(OC)C1=C(C)C(C)=C2O[C@]3(C)CC[C@@]4([H])C(C)(C)[C@@H](O)CC[C@]4(C)[C@@]3([H])C[C@@]2(C)C1=O,,2,2,5,kNN,Morgan
215,CCCC(S)CCO,,0,1,5,kNN,Morgan
220,CC1=CC=C(C)C(OCCCC(C)(C)C(OC2OC(C(O)=O)C(O)C(O)C2O)=O)=C1,,0,2,5,kNN,Morgan
235,[H][C@]12CN(CC(=O)N1CCC1=CC=CC=C21)C(=O)C1CCCCC1,,1,1,5,kNN,Morgan
238,[H][C@]12CN(CC(=O)N1CCC1=CC(O)=CC=C21)C(=O)C1CCCCC1,,1,1,5,kNN,Morgan
246,NC(C1=CC=CC=C1OCC)=O,,2,1,5,kNN,Morgan
248,CN1C(C)C(C(C)C)C(N1C2=CC=CC=C2)=O,,2,1,5,kNN,Morgan
256,O[C@@H]1[C@@H](O)[C@H](O)[C@@H](CO)O[C@H]1C2=C(OC=C(C3=CC=C(O)C=C3)C4=O)C4=CC=C2O,,0,1,5,kNN,Morgan
267,O=C1OC2=CC3=C(C=CO3)C(O/C=C/C(C)C)=C2C=C1,,0,1,5,kNN,Morgan
286,COC1=CC2=C(C=C1OC)C(=O)C(CC1CCN(CC3=CC=CC=C3)CC1)C2,,1,1,5,kNN,Morgan
289,COC1=CC=C2C=C3C4=C(CC[N+]3=CC2=C1OC)C=C1OCOC1=C4,,0,1,5,kNN,Morgan
297,CC(C)CN1C=NC2=C(N)N=C3C=CC=CC3=C12,,0,1,5,kNN,Morgan
298,CC1=CN=C(C=N1)C(=O)NCCC1=CC=C(C=C1)S(=O)(=O)NC(=O)NC1CCCCC1,,0,1,5,kNN,Morgan
299,CC(=O)N1CCN(CC1)C1=CC=C(OC[C@H]2CO[C@@](CN3C=CN=C3)(O2)C2=C(Cl)C=C(Cl)C=C2)C=C1,,0,1,5,kNN,Morgan
333,CC1=C(C(OC)=O)C(C2=C([N+]([O-])=O)C=CC=C2)=C(C(OC)=O)C(C)=N1,,1,1,5,kNN,Morgan
351,CN(C)CCCN(C(C=CC=C1)=C1CC2)C3=C2C=CC=C3,,0,2,5,kNN,Morgan
373,COC1=CC=C(C=C1)C2=COC3=C(C2=O)C=CC(=C3)OC,,2,1,5,kNN,Morgan
374,CC1OC2(C(C)=CCCC2(C)C)CC1,,2,1,5,kNN,Morgan
398,O=C1CCC(C1C/C=C\CC)CC(OC)=O,,2,1,5,kNN,Morgan
400,CC(C1CCC(C=O)=CC1)=C,,1,1,5,kNN,Morgan
403,CC(C)[C@@H]1CC[C@@]([C@@H](C1)C(=C)C)(C)C=C,,0,0,5,kNN,Morgan
409,CC1(C=C)C(C(C)C)CC(C(C)C)CC1,,0,0,5,kNN,Morgan
413,C[C@@]1(CCC2)CC[C@@H](C(C)C)C[C@@]1([H])C2=C,,0,0,5,kNN,Morgan
428,CC(S)CC(OCC)=O,,0,1,5,kNN,Morgan
434,CC(C)C1=CC=C([C@]23[C@@](C[C@@H]4O)([H])C(C)(C)[C@@](O)(CC3)OC2)C4=C1,,2,1,5,kNN,Morgan
440,CC1=C2C(C(OC2)=O)=C(C(C/C=C(C)/CCC(OCCN3CCOCC3)=O)=C1OC)O,,0,1,5,kNN,Morgan
1,O=C1C[C@@H](C)[C@]2(C)CC(CCC2=C1)=C(C)C,,1,2,1,MLP,Morgan
12,CC(C)[C@H]1[C@H]2[C@](CC1)(C)[C@H]3[C@@H]2C(CBr)=CC3,,1,0,1,MLP,Morgan
18,O=C(N[C@H](C(N[C@@H](C1=CC=CC=C1)C(OC(C)(C)C)=O)=O)C)CC2=CC(F)=CC(F)=C2,,2,2,1,MLP,Morgan
20,O[C@H](/C=C\C#CC#CC1=CN(CC2=CC=CC=C2)N=N1)[C@H](O3)[C@@H]3[C@H](O)[C@H]4OC(CC4)=O,,2,2,1,MLP,Morgan
25,CC1=C(C)[C@]([C@]2=C(O)C=CC(C)=C2C)=C(O)C=C1,,1,1,1,MLP,Morgan
27,CC(C)C1=CC=C2C(C=CC=C2)=[C@@]1[C@@]3=CSC(C)=C3C,,1,1,1,MLP,Morgan
29,C12=CC=CC=C1N3C(C4=NC5=C(C=CC=C5)N4CC/C=C/CC3)=N2,,1,1,1,MLP,Morgan
34,CC1=CC=CC(C)=C1NC(CN(CC)CC)=O,,1,2,1,MLP,Morgan
40,ClC1=CC=C2C(N(CCCN(C)C)C(C=CC=C3)=C3S2)=C1,,2,2,1,MLP,Morgan
43,ClC1=C([C@@H](C(OC)=O)N2CCC(SC=C3)=C3C2)C=CC=C1,,2,0,1,MLP,Morgan
44,O=C(C(C)=C1)NC(N1[C@@H]2O[C@H](CO)[C@@H](N=[N+]=[N-])C2)=O,,2,2,1,MLP,Morgan
48,CN(CCC1)[C@@H]1C2=CC=CN=C2,,0,1,1,MLP,Morgan
51,O=C(C=C(C1=CC(OC)=C(OC)C=C1)O2)C3=C2C(OC)=C(OC)C(OC)=C3OC,,1,1,1,MLP,Morgan
52,O=C(C=C(C1=CC=C(OC)C=C1)O2)C3=C2C(OC)=C(OC)C(OC)=C3OC,,1,0,1,MLP,Morgan
58,BrC1=CC2=CC=CC=C2C3=C1C=CC=C3,,1,1,1,MLP,Morgan
61,CC(O[C@H]1[C@H](C(C)C)CC[C@@H](C)C1)=O,,1,2,1,MLP,Morgan
69,CC1CCCC2(C1CC(CC2)C(C)C)C,,1,2,1,MLP,Morgan
78,N#Cc1ccccc1,,1,1,1,MLP,Morgan
84,C[C@]12OC(=O)C(=C)[C@H]1CC(=O)C=C2,,1,0,1,MLP,Morgan
88,Cc1cc(O)c(cc1Br)[C@]2(C)CC[C@@H]3C[C@]23C,,1,1,1,MLP,Morgan
95,CC12C(O2)CC(C)(C)/C=C/C/C(C)=C/CC1,,1,1,1,MLP,Morgan
96,C/C1=C\CC(C)(C)C(O2)C2C/C(C)=C/CC1,,1,1,1,MLP,Morgan
98,CC12C(O2)CC(C)(C)C(O3)C3CC(C)(O4)C4CC1,,1,1,1,MLP,Morgan
99,CC1(C)C/C=C(C)/CC/C=C(C=O)/C/C=C/1,,1,1,1,MLP,Morgan
103,BrC1=C[C@]([H])(OC)[C@](O2)(C)[C@]3(C[C@]2([H])[C@](Cl)(C)CC3)C1(C)C,,1,1,1,MLP,Morgan
135,O=C1C(N(C)C)=C(C)N(C)N1C2=CC=CC=C2,,2,1,1,MLP,Morgan
137,FC(F)(F)C1=CC=C(OC(C2=CC=CC=C2)CCNC)C=C1,,2,1,1,MLP,Morgan
138,O=C(OC)[C@@H](N1CCC(SC=C2)=C2C1)C3=C(Cl)C=CC=C3,,2,0,1,MLP,Morgan
140,O=C1C2=C(N=CC=C2)N(C3CC3)C4=C(C(C)=CC=N4)N1,,2,1,1,MLP,Morgan
143,Cc1ccc(cc1Nc2nccc(n2)c3cccnc3)NC(=O)c4ccc(cc4)CN5CCN(CC5)C,,0,1,1,MLP,Morgan
144,O=C1N(/N=C\N1c2ccc(cc2)N7CCN(c6ccc(OCC3C[C@@](OC3)(c4ccc(F)cc4F)Cn5ncnc5)cc6)CC7)[C@@H](CC)[C@@H](O)C,,0,0,1,MLP,Morgan
159,O=C(O)C1=C(OC(C)=O)C=CC=C1,,2,2,1,MLP,Morgan
178,N=C(N(C)C)N(C)C,,2,0,1,MLP,Morgan
180,C12=NCCCN1CCCCC2,,2,1,1,MLP,Morgan
185,O[C@H]1CCCCC[C@@H]1NCC2=CC=CC=C2,,2,2,1,MLP,Morgan
203,OC(=O)c1ccccc1Nc2cccc(c2)C(F)(F)F,,0,1,1,MLP,Morgan
204,C[C@@]1(C2(C)C)CC[C@H]2C[C@H]1O,,0,2,1,MLP,Morgan
206,O=C1O[C@H](CCCCC)CCC1,,0,2,1,MLP,Morgan
221,CCCC[C@@H](Br)[C@]1(C)CCCC=C1,,1,1,1,MLP,Morgan
223,COC([C@H](O)[C@@H](O)C(OC)=O)=O,,1,0,1,MLP,Morgan
224,CC1=CC=C(S(N)=O)C=C1,,1,1,1,MLP,Morgan
225,OC(C)C1=CC=C(Br)C=C1,,1,1,1,MLP,Morgan
226,CC(C)[C@@H]1Sc2[nH]c3ccccc3c2C[C@@H](CO)NC1=O,,2,2,1,MLP,Morgan
249,CCN(CC)C1=CC=C2C(OC(C(C3=NC4=C(C=CC=C4)S3)=C2)=O)=C1,,2,1,1,MLP,Morgan
278,O=C1C[C@@H](C2=CC=CC=C2)OC3=CC=CC=C31,,0,0,1,MLP,Morgan
285,C\C(\C=C1/SC(=S)N(CC(O)=O)C1=O)=C/C1=CC=CC=C1,,2,0,1,MLP,Morgan
287,ClC1=C(Cl)C(=CC=C1)N1CCN(CCCCOC2=CC3=C(CCC(=O)N3)C=C2)CC1,,1,1,1,MLP,Morgan
290,C\N=C(\NCCSCC1=C(C)NC=N1)NC#N,,0,1,1,MLP,Morgan
291,ClC1=C(NC2=NCCN2)C2=NSN=C2C=C1,,0,1,1,MLP,Morgan
296,CC1(C)SC2[C@H](NC(=O)CC3=CC=CC=C3)C(=O)N2[C@H]1C(O)=O,,0,2,1,MLP,Morgan
322,O=C(C1=C(S(=O)(NC(NC2=NC(OC)=CC(OC)=N2)=O)=O)N(C)N=C1Cl)OC,,2,0,1,MLP,Morgan
326,CC(CC1)=C[C@@]2([H])C1=C(C)CC[C@@H]2C(C)C,,2,1,1,MLP,Morgan
328,CC1=C[C@@]([C@@H](C(C)C)CC[C@]2(O)C)([H])[C@@]2([H])CC1,,2,1,1,MLP,Morgan
329,CC1=C[C@@]([C@@H](C(C)C)CC[C@@]2(O)C)([H])[C@]2([H])CC1,,2,1,1,MLP,Morgan
332,ClC1=CC(N2CCCN(C)C)=C(C=C1)SC3=C2C=CC=C3,,2,2,1,MLP,Morgan
339,COC1=C2O[C@@H]3[C@]45C2=C(C=C1)C[C@@H](N(CC5)C)[C@]4([H])C=C[C@@H]3O,,1,1,1,MLP,Morgan
360,O=S(CC1=NC=C(C(OC)=C1C)CO)C2=NC3=C(N2)C=CC(OC)=C3,,0,2,1,MLP,Morgan
386,O[C@@H]1C[C@H](C)CC[C@H]1C(C)=O,,0,0,1,MLP,Morgan
439,O=C1NC2=C(N1CCCN3CCC(CC3)N4C(NC5=CC(Cl)=CC=C54)=O)C=CC=C2,,0,1,1,MLP,Morgan
448,CO[C@H]1[C@@H](C[C@@H]2CN3CCC4=C([C@H]3C[C@@H]2[C@@H]1C(=O)OC)NC5=C4C=CC(=C5)OC)OC(=O)C6=CC(=C(C(=C6)OC)OC)OC,,0,2,1,MLP,Morgan
2,CC1=CC(C[C@@H](C)[C@]1(C2)CCC2=C(C)C)=O,,1,1,2,MLP,Morgan
4,O=C(CCCCCCCCCCC1)OCCOC1=O,,1,0,2,MLP,Morgan
13,C[C@@]1(O)[C@@H](Br)C[C@H](C(C)=C)CC1,,1,1,2,MLP,Morgan
16,CC1(C)[C@@H]2[C@H]1CC=C(C)C2,,1,1,2,MLP,Morgan
31,O=C1N(C)C(C(N(C)C=N2)=C2N1C)=O,,1,1,2,MLP,Morgan
35,CNCCC(OC1=CC=C(C(F)(F)F)C=C1)C2=CC=CC=C2,,1,2,2,MLP,Morgan
36,COC1=CC=C2C(NC(S(CC3=C(C)C(OC)=C(C)C=N3)=O)=N2)=C1,,2,0,2,MLP,Morgan
38,O=C(OCCN(C)C)C1=CC=C(NCCCC)C=C1,,2,1,2,MLP,Morgan
47,ClC1=CC=C(NC(O[C@]2(C#CC3CC3)C(F)(F)F)=O)C2=C1,,2,2,2,MLP,Morgan
49,CC1=C2C(C=C1)=C(C)C=CC(C(C)C)=C2,,1,0,2,MLP,Morgan
53,O=C(C(OC)=C(C1=CC(OC)=C(OC)C=C1)O2)C3=C2C(OC)=C(OC)C(OC)=C3OC,,1,1,2,MLP,Morgan
62,CC(C(C)(C)O1)(C)OB1C(B2OC(C)(C)C(C)(C)O2)CCC3=CC=CC=C3,,1,1,2,MLP,Morgan
65,O=C(C(C#N)=C1)C=C(C1(C#C)C2)C3=C2C=CC=C3,,1,1,2,MLP,Morgan
71,C1OOC(O1)c2ccccc2,,1,2,2,MLP,Morgan
73,O1O[C@H](O[C@@H]1c2ccccc2)c3ccccc3,,1,1,2,MLP,Morgan
75,c1ccccc1,,1,1,2,MLP,Morgan
81,Fc1ccc(F)cc1,,1,1,2,MLP,Morgan
82,CN1C[C@@](C)(c2ccccc2)[C@@]3(C)[C@@H]1N(C)c4ccccc34,,1,2,2,MLP,Morgan
83,C[C@@]12OC(=O)C(=C)[C@]1(C)CC(=O)C=C2,,1,1,2,MLP,Morgan
86,CCOC(=O)\C=C\1/C[C@@](N1S(=O)(=O)c2ccc(C)cc2)(C(=O)OCC)c3ccccc3C,,1,2,2,MLP,Morgan
90,C[C@]1(Cl)CC2O[C@@]3(C)C=C[C@@](C)(O)[C@]2(C[C@@H]1Br)C3(C)C,,1,1,2,MLP,Morgan
100,CC1(C)/C=C/C/C(C=O)=C\CC/C(C=O)=C\C1,,1,1,2,MLP,Morgan
110,N#CCC1=CC=CC=C1,,1,1,2,MLP,Morgan
115,[N-]=[N+]=NC1=CC=C(C(F)(F)F)C=C1,,2,2,2,MLP,Morgan
116,C[C@@](O1)(OO2)CC[C@]3([H])[C@]2([C@]1([H])O4)[C@](CC[C@H]3C)([H])[C@@H](C)C4=O,,2,1,2,MLP,Morgan
120,CC1=CC[C@H](C(C)=C)CC1,,1,1,2,MLP,Morgan
123,C[C@H](CC[C@H]1C(C)C)CC1=O,,1,1,2,MLP,Morgan
129,IC1=C(C(OSC(F)(F)F)(C)C)C=CC=C1,,1,1,2,MLP,Morgan
133,OC(C=C1)=CC=C1C2COC3=CC(O)=CC=C3C2=O,,0,0,2,MLP,Morgan
141,CN3[C@H]1CC[C@@H]3C[C@@H](C1)OC(=O)C(CO)c2ccccc2,,2,2,2,MLP,Morgan
146,CCOc2nc1cccc(C(=O)O)c1n2Cc5ccc(c3ccccc3c4nn[nH]n4)cc5,,0,2,2,MLP,Morgan
151,C[C@@H]1CC[C@H]([C@@H](C1)OC(=O)C)C(C)C,,2,1,2,MLP,Morgan
163,O[C@H](C1)CC[C@@]2(C)C1=CC[C@]3([H])[C@]2([H])CC[C@@]4([H])[C@@]3([H])C[C@H](O)[C@]4([H])[C@H](C)[C@@H](O)CCC(C)C,,2,1,2,MLP,Morgan
165,[H][C@@]1(CO2)[C@](CO[C@@H]1C3=CC(OCO4)=C4C=C3)([H])[C@@H]2C5=CC(OCO6)=C6C=C5,,1,2,2,MLP,Morgan
166,COC1=C(OC)C=C(OC)C(/C=C\C)=C1,,1,1,2,MLP,Morgan
173,CC(C(O)=O)C1=CC=C(CC(C)C)C=C1,,2,0,2,MLP,Morgan
174,O[C@@H]1CCCC[C@H]1NC2CC2,,2,2,2,MLP,Morgan
176,CN(C)C1CCCCC1,,2,0,2,MLP,Morgan
179,N=C(NC1=CC=CC=C1)NC2=CC=CC=C2,,2,1,2,MLP,Morgan
195,OC(=O)c1ccc(O)cc1,,2,1,2,MLP,Morgan
196,CC1=C(/C=C/C(C)=C/C=C/C(C)=C/C=C/C=C(C)/C=C/C=C(C)/C=C/C2=C(C)CCCC2(C)C)C(C)(C)CCC1,,0,1,2,MLP,Morgan
209,CC(C)C1CC[C@]2(C)[C@@]1([H])[C@]3([H])[C@@]2([H])CCC3=C,,0,1,2,MLP,Morgan
218,CC1=C(O)C=C(C)C(OCCCC(C)(C)C(O)=O)=C1,,2,2,2,MLP,Morgan
219,CC1=CC=C(C(O)=O)C=C1OCCCC(C)(C)C(O)=O,,0,2,2,MLP,Morgan
227,COC(=O)C1=C(C)[C@]2(C)C[C@H]3[C@@](C)(CC[C@H]4C(C)(C)[C@@H](O)CC[C@]34C)OC2=C(C)C1=O,,2,2,2,MLP,Morgan
231,COCC(=O)N([C@H](C)C(=O)OC)c1c(C)cccc1C,,2,2,2,MLP,Morgan
284,CC(C)NCC(O)COC1=CC=CC2=CC=CC=C12,,2,0,2,MLP,Morgan
288,O=C1C2=CC=CC=C2C(=O)C2=C1C=CC1=C2NC2=C(N1)C1=C(C=C2)C(=O)C2=C(C=CC=C2)C1=O,,0,1,2,MLP,Morgan
309,CC[C@H]1OC(=O)[C@H](C)[C@H](C[C@@H](O[C@@H]2O[C@H](C)C[C@@H]([C@H]2O)N(C)C)[C@](C)(O)C[C@@H](C)C(=O)[C@H](C)[C@@H](C)[C@]1(C)O)O[C@H]1C[C@@](C)(OC)[C@@H](O)[C@H](C)O1,,0,1,2,MLP,Morgan
318,O=C(CC(C(C)1C)CC2)C21CS(=O)(O)=O,,0,1,2,MLP,Morgan
324,C[C@@H]1[C@]2([C@@]3([H])[C@](C)(O)CC2)[C@@]3([H])[C@@H](C(C)C)CC1,,2,2,2,MLP,Morgan
345,COC1=C(C(C(C(O)=C([C@@H](O)C[C@@](C(CO)=O)(O)C2)C2=C3O)C3C4=O)=O)C4=CC=C1,,0,0,2,MLP,Morgan
366,COC1=C(C2=CC=C1)C(C(C3C2=O)C(O)=C4[C@H](C[C@@](O)(CC4=C3O)C(CO)=O)O[C@H]5C[C@H](N)[C@H](O)[C@H](C)O5)=O,,0,0,2,MLP,Morgan
372,NC(N1C2=C(C=CC=C2)C=CC3=C1C=CC=C3)=O,,2,1,2,MLP,Morgan
407,[H][C@@]12[C@](CC[C@@H](C(C)C)C2)(C)CCC[C@]1(O)C,,2,0,2,MLP,Morgan
417,C[C@@]12CC[C@@H](C(C)C)C[C@@]1([H])C(C)=CCC2,,0,0,2,MLP,Morgan
421,CC12C(CC(C(C)=C)CC2)=C(C)C(CC1)=O,,0,0,2,MLP,Morgan
432,C[C@@H]1CCCCCCCCCCCCC(=O)C1,,0,1,2,MLP,Morgan
436,CC(C)C1=CC=C([C@@]2(C)[C@@](CC3=O)([H])C(C)(C)[C@H](O)CC2)C3=C1,,2,2,2,MLP,Morgan
446,CC1=C(C2=C(CC[C@@](O2)(C)CCC[C@H](C)CCC[C@H](C)CCCC(C)C)C(=C1O)C)C,,0,0,2,MLP,Morgan
7,C=C1CC/C=C(C)/CC[C@@H]2[C@@H]1CC2(C)C,,1,2,3,MLP,Morgan
9,Br[C@@H](CO)[C@](CC[C@H](Br)C(Br)(C)C)(Br)C,,1,1,3,MLP,Morgan
17,CN1[C@H]2CC[C@@H]1C[C@H](OC(C(CO)C3=CC=CC=C3)=O)C2,,2,2,3,MLP,Morgan
39,ClC1=C(N)C=C(OC)C(C(NCCN(CC)CC)=O)=C1,,2,2,3,MLP,Morgan
45,OCC(C(OC1CC(N2C)CCC2C1)=O)C3=CC=CC=C3,,2,2,3,MLP,Morgan
50,O=C1[C@@H](C)[C@]([C@]2([H])O1)([H])CC[C@@](C2=C3C)(C)C=CC3=O,,1,2,3,MLP,Morgan
56,O=C/C=C/C1=CC=CC=C1,,1,1,3,MLP,Morgan
57,O=C([C@@]1(C2C34)[C@@H]3[C@H]5C4(C(OC)=O)C2[C@H]51)OC,,1,2,3,MLP,Morgan
68,O=C1CC[C@@]2(C)C(CCC([C@@](CC[C@@H]3O)([H])[C@]3(C)C4)[C@]2([H])C4=O)=C1,,1,0,3,MLP,Morgan
72,O1O[C@@H](O[C@@H]1c2ccccc2)c3ccccc3,,1,1,3,MLP,Morgan
76,Fc1ccc(C=O)cc1,,1,1,3,MLP,Morgan
79,O=CC1=CC=CC=C1,,1,1,3,MLP,Morgan
80,Fc1ccccc1,,1,1,3,MLP,Morgan
85,Cn1c2c(CC[C@@]2(C)C=C)c3ccccc13,,1,1,3,MLP,Morgan
92,CC1(Cl)CC[C@@]2(CC1Br)C(C)(C)C(=C[C@H]3O[C@@]23C)Br,,1,1,3,MLP,Morgan
101,CC[C@@H](O1)[C@@H](Br)C[C@]1([H])[C@@]2([H])O[C@@H](C/C=C\C#C)[C@H](Br)C2,,1,1,3,MLP,Morgan
107,C[C@@H](CC1)[C@@]2([H])[C@]1([H])[C@@]3(C)[C@]2([H])[C@@H](C(C)=C)CC3,,1,1,3,MLP,Morgan
108,O=C(C)C1=CC=CC=C1,,1,1,3,MLP,Morgan
112,C12=CC=CC=C1C=C3C(C=CC=C3)=C2,,1,1,3,MLP,Morgan
121,CC1=CC[C@@H]2C(C)(C)[C@H]1C2,,1,2,3,MLP,Morgan
127,C[C@H]1CC2=C(C(C)=CO2)CC1,,1,1,3,MLP,Morgan
131,BrC1=CC=CC2=C1C(N=CC=C3)=C3C4=C2C=CC=C4,,1,1,3,MLP,Morgan
132,COC(C=C1)=CC=C1C2COC3=CC(OC)=CC=C3C2=O,,2,0,3,MLP,Morgan
136,NC1=C(S(=O)(CC)=O)C=C(C(NCC2N(CC)CCC2)=O)C(OC)=C1,,2,2,3,MLP,Morgan
139,CN(C)CCCN1C2=C(C=CC=C2)CCC3=C1C=CC=C3,,2,0,3,MLP,Morgan
147,C[C@H]1[C@H]([C@H](C[C@@H](O1)O[C@H]2C[C@@](Cc3c2c(c4c(c3O)C(=O)c5cccc(c5C4=O)OC)O)(C(=O)CO)O)N)O,,0,0,3,MLP,Morgan
148,COc1ccccc1OCCNCC(O)COc3cccc4[nH]c2ccccc2c34,,0,0,3,MLP,Morgan
155,COc1ccc(C=O)cc1,,2,2,3,MLP,Morgan
156,C1=CC=CC2=C1C3C(CC2)[C@@H](C(O3)=O)C,,1,1,3,MLP,Morgan
177,NCCC1=CC=CC=C1,,2,1,3,MLP,Morgan
183,O[C@H]1CCCC[C@@H]1NCC2=CC=CC=C2,,2,2,3,MLP,Morgan
186,O[C@@H]1CCCCC[C@H]1NCC2=CC=CC=C2,,2,2,3,MLP,Morgan
189,CC1(C)C(C(CCC)=O)=C(C)CCC1,,0,1,3,MLP,Morgan
190,O=C(OC)C1=C(C)C(C)=C2O[C@]3(C)CC[C@@]4([H])C(C)(C)[C@@H](O)CC[C@]4(C)[C@@]3([H])C[C@]2(C)C1=O,,2,2,3,MLP,Morgan
192,CC1=C(C)C(C(OC)=O)=C2O[C@]3(C)CC[C@@]4([H])C(C)(C)[C@@H](O)CC[C@]4(C)[C@@]3([H])C[C@]2(C)C1=O,,2,2,3,MLP,Morgan
216,CC1=CC=C(C)C(OCCCC(C)(C)C(O)=O)=C1,,2,2,3,MLP,Morgan
222,O[C@@H](CCCl)C1=CC=CC=C1,,1,2,3,MLP,Morgan
234,CCC1=CC=CC(=C1N(C(C)COC)C(=O)CCl)C,,2,0,3,MLP,Morgan
239,[H][C@]12CN(CC(=O)N1C[C@@H](O)C1=CC=CC=C21)C(=O)C1CCCCC1,,1,1,3,MLP,Morgan
244,C/C(C(O)=O)=C(OC(C)=O)\C=C,,0,2,3,MLP,Morgan
260,C[C@H](CCCC(C)C)[C@@]1([H])CC[C@@]2([H])[C@]3([H])CC=C4C[C@@H](C)CC[C@]4(C)[C@@]3([H])CC[C@@]21C,,2,0,3,MLP,Morgan
277,O=C(C1=C2C=C(C)C=C1O)C3=C(C=CC=C3O)C2=O,,2,0,3,MLP,Morgan
282,CCOC(=O)[C@H](CC1=CNC2=CC=CC=C12)NC(C)=O,,2,0,3,MLP,Morgan
303,[H][C@@]12CCCC[C@]1([H])CN(C[C@@H](O)[C@H](CSC1=CC=CC=C1)NC(=O)C1=CC=CC(O)=C1C)[C@@H](C2)C(=O)NC(C)(C)C,,0,2,3,MLP,Morgan
305,COC1=CC(=CC=C1CC1=CN(C)C2=CC=C(NC(=O)OC3CCCC3)C=C12)C(=O)NS(=O)(=O)C1=CC=CC=C1C,,0,0,3,MLP,Morgan
307,CC(C)[C@H](NC(=O)N(C)CC1=CSC(=N1)C(C)C)C(=O)N[C@H](C[C@H](O)[C@H](CC1=CC=CC=C1)NC(=O)OCC1=CN=CS1)CC1=CC=CC=C1,,0,2,3,MLP,Morgan
308,OCCN(CCO)C1=NC2=C(N=C(N=C2N2CCCCC2)N(CCO)CCO)C(=N1)N1CCCCC1,,0,2,3,MLP,Morgan
325,C/C1=C\CC[C@@](C)(O)/C=C/[C@@H](C(C)C)CC1,,1,1,3,MLP,Morgan
327,CC1=C[C@@]([C@@H](C(C)C)CC[C@]2(O)C)([H])[C@]2([H])CC1,,1,2,3,MLP,Morgan
349,[H]N(C(C1=CC=C(O)C=C1)=O)/N=C/C2=CC=C([N+]([O-])=O)O2,,2,1,3,MLP,Morgan
369,O=C(NN)C1=CC=NC=C1,,0,1,3,MLP,Morgan
378,CC1=CCCC(C)(C)[C@@]12O[C@@H](C)CC2,,1,2,3,MLP,Morgan
380,O=C([C@@H]1CC[C@@H](C)C[C@H]1O)C,,0,0,3,MLP,Morgan
381,CC([C@@H]1CC[C@@H](C)C[C@H]1OC(C[C@@H](O)C)=O)C,,0,2,3,MLP,Morgan
382,CC([C@@H]1CC[C@@H](C)C[C@H]1OCCO)C,,0,2,3,MLP,Morgan
385,CC1(C)C[C@@H](C(O)=O)[C@H](C(C)C)CC1,,2,0,3,MLP,Morgan
390,[NH3+] [C@@H](CC([O-])=O)C(N[C@@H](CC1=CC=CC=C1)C(OC)=O)=O,,0,1,3,MLP,Morgan
425,O=C(SC(C)CC)CC(C)C,,0,2,3,MLP,Morgan
435,CC(C)C1=CC=C([C@]23[C@@](CC4=O)([H])C(C)(C)[C@@H](CC3)OC2=O)C4=C1,,2,2,3,MLP,Morgan
437,CC(C)C1=CC=C([C@@]2(C)[C@@](CC3=O)([H])C(C)(C)C(CC2)=O)C3=C1,,2,2,3,MLP,Morgan
5,CC1(C)CCC[C@@]2(C)[C@H]1CC[C@]3(C)[C@@H]2CCO3,,1,2,4,MLP,Morgan
8,CC1=CC(C(C)(C)[C@H](C)CC2(C)C)=C2C=C1C(C)=O,,1,0,4,MLP,Morgan
11,CCC[C@H](SC(C1=CC(Br)=CC=C1)=O)CCOC(C2=CC(Br)=CC=C2)=O,,1,0,4,MLP,Morgan
21,O[C@H](/C=C/C#CC#CC1=CN(CC2=CC=CC=C2)N=N1)[C@H](O3)[C@@H]3[C@H](O)[C@H]4OC(CC4)=O,,2,2,4,MLP,Morgan
22,IC1=C(C(C)(C)OSC(F)(F)F)C=CC=C1,,1,1,4,MLP,Morgan
24,C[C@H]1C[C@@H](OC(C)=O)[C@H](C(C)C)CC1,,2,2,4,MLP,Morgan
26,CC1=C(C)[C@@]([C@@]2=C(O)C=CC(C)=C2C)=C(O)C=C1,,1,1,4,MLP,Morgan
32,NC1=C2C(C=CC=N2)=CC=C1,,1,1,4,MLP,Morgan
41,O=C1C(C2CCC(NC2=O)=O)C(C3=CC=CC=C31)=O,,2,1,4,MLP,Morgan
42,CC1=C(C(OC)=O)C(C(C(OC)=O)=C(C)N1)C2=C([N+]([O-])=O)C=CC=C2,,2,1,4,MLP,Morgan
46,CN(C)CCCN1C(C=CC=C2)=C2CCC3=C1C=CC=C3,,2,2,4,MLP,Morgan
55,O=CC1=CC=C([N+]([O-])=O)C=C1,,1,2,4,MLP,Morgan
63,CC(C(C)(C)O1)(C)OB1[C@@H](CCCCC)[C@H](B2OC(C)(C)C(C)(C)O2)C,,1,0,4,MLP,Morgan
64,CC(C(C)(C)O1)(C)OB1[C@@H](CCCCC)[C@@H](B2OC(C)(C)C(C)(C)O2)C,,1,0,4,MLP,Morgan
67,O[C@H]1CCC2=C(OC)C=CC=C2[C@H]1C(OC)=O,,1,0,4,MLP,Morgan
91,CC1=C[C@H](O)C(Br)C(C)(C)[C@]12CCC(C)(Cl)C(Br)C2,,1,1,4,MLP,Morgan
102,CC[C@@H](O1)[C@@H](Br)C[C@]1([H])[C@@]2([H])O[C@@H](C/C=C\C3=CN(CC(NC4=CC=CC=C4)=O)N=N3)[C@H](Br)C2,,1,1,4,MLP,Morgan
104,BrC1=C[C@@]([H])(OC)[C@](O2)(C)[C@]3(C[C@]2([H])[C@](Cl)(C)CC3)C1(C)C,,1,1,4,MLP,Morgan
109,[H]C(/C=C/C1=CC=CC=C1)=O,,1,1,4,MLP,Morgan
111,C12=CC=CC=C1C=CC=C2,,1,1,4,MLP,Morgan
114,OC1=C(OC)C=C(C=O)C=C1,,2,2,4,MLP,Morgan
118,CN1C=NC(C(F)(F)F)=C1C(OC)=O,,1,2,4,MLP,Morgan
119,CN1C(C(F)(F)F)=C([N+]([O-])=O)C=C1C(OC)=O,,1,1,4,MLP,Morgan
122,C[C@H]1C[C@@H](O)[C@H](C(C)C)CC1,,1,0,4,MLP,Morgan
124,C[C@H]1C[C@H](O)[C@H](C(C)C)CC1,,1,0,4,MLP,Morgan
128,C[C@@]12CC[C@H](C(C)(C)O2)CC1,,1,2,4,MLP,Morgan
142,CCN(CC)CC(=O)NC1=C(C)C=CC=C1C,,2,2,4,MLP,Morgan
145,O=C7OCC=6C(=O)N2C(\c1nc5c(c(c1C2)CC)cc(OC(=O)N4CCC(N3CCCCC3)CC4)cc5)=C/C=6[C@@]7(O)CC,,0,0,4,MLP,Morgan
149,O2C1(CCC(CC1)C2(C)C)C,,2,2,4,MLP,Morgan
150,O[C@H]1[C@H](C(C)C)CC[C@@H](C)C1,,2,0,4,MLP,Morgan
152,O(c1ccc(\C=C\C)cc1)C,,2,1,4,MLP,Morgan
161,O=C1C(C)=C2O[C@]3(C)CCC4C(C)(C)[C@@H](O)CC[C@]4(C)[C@@]3([H])C[C@@]2(C)C(C)=C1C(OC)=O,,2,2,4,MLP,Morgan
164,CC1(C)CC[C@]2(C)C[C@@]34[C@@H](C)CC[C@@H](O)[C@]3(C)CC[C@H]4[C@@]21[H],,2,2,4,MLP,Morgan
181,O[C@@H]1[C@@H](NCC2=CC=CC=C2)CCC1,,2,2,4,MLP,Morgan
184,O[C@@H]1CCCC[C@H]1NCC2=CC=CC=C2,,2,2,4,MLP,Morgan
187,C/C(C)=C/CC/C(C)=C/CO,,0,0,4,MLP,Morgan
188,C/C(C)=C/CC/C(C)=C/CC/C(C)=C/CO,,0,0,4,MLP,Morgan
193,O=C1C(C(OC)=O)=C(C)C(C)=C2O[C@@]3(C)CC[C@@]4([H])C(C)(C)[C@@H](O)CC[C@]4(C)[C@]3([H])C[C@@]21C,,2,2,4,MLP,Morgan
194,O=C1C(C(OC)=O)=C(C)[C@]2(C)C(O[C@]([C@]3(C)[C@](CC[C@H](O)C4)(C)[C@@]4([H])CC3)([H])C2)=C1C,,2,0,4,MLP,Morgan
198,O=C1CCCCC/C=C/CCCCCCCCO1,,0,1,4,MLP,Morgan
199,O=C1CCCCC/C=C\CCCCCCCCO1,,0,1,4,MLP,Morgan
211,CC([C@H]12)=CC[C@]32[C@]1([H])[C@H](C(C)C)CC[C@H]3C,,0,2,4,MLP,Morgan
213,CC(C12)=CC[C@@]3([H])C1[C@H](C(C)C)CC[C@@]32C,,0,1,4,MLP,Morgan
217,CC1=CC=C(CO)C=C1OCCCC(C)(C)C(O)=O,,2,2,4,MLP,Morgan
236,[H][C@]12CN(CC(=O)N1CCC1=CC=CC=C21)C(=O)[C@H]1CC[C@H](O)CC1,,1,1,4,MLP,Morgan
237,[H][C@]12CN(CC(=O)N1CCC1=CC=CC=C21)C(=O)[C@@H]1CC[C@H](O)CC1,,1,1,4,MLP,Morgan
240,OC12CN(CC(=O)N1CCC1=CC=CC=C21)C(=O)C1CCCCC1,,1,1,4,MLP,Morgan
241,O[C@]12CN(CC(=O)N1CCC1=CC=CC=C21)C(=O)C1CCCCC1,,1,1,4,MLP,Morgan
242,OC1=CC=C(NC(C)=O)C=C1,,0,2,4,MLP,Morgan
251,O[C@@H]1[C@@H](O)[C@H](O)[C@@H](CO)O[C@H]1OC2=CC=CC=C2CO,,0,2,4,MLP,Morgan
275,O=C(C1=C2C=C(C)C=C1O)C3=C(C=C(O)C=C3O)C2=O,,0,2,4,MLP,Morgan
281,C[C@@H](C1=C2C[C@H](O)[C@H]3[C@@]4(C)CCC(C(C)(C)[C@@H]4CC[C@]3(C)[C@@]2(C)CC1)=O)C[C@H](O)[C@@H](O)C(C)(O)C,,0,2,4,MLP,Morgan
283,COC(=O)[C@@H](N)CC1=CNC2=CC=CC=C12,,2,2,4,MLP,Morgan
293,CN1C(C(=O)NC2=NC=C(C)S2)=C(O)C2=C(C=CC=C2)S1(=O)=O,,0,2,4,MLP,Morgan
312,BrC1(CC2(Br)C3)CC(C2)(Br)CC3(Br)C1,,2,1,4,MLP,Morgan
344,O=C1[C@@H](CCCCCC)[C@H](C[C@H](CCCCCCCCCCC)OC([C@H](CC(C)C)NC=O)=O)O1,,2,0,4,MLP,Morgan
356,FC1=CC2=C(C=C1)C(C3CCN(CCC4=C(C)N=C5N(CCCC5)C4=O)CC3)=NO2,,2,1,4,MLP,Morgan
357,CN1CCN(CC1)S(=O)(C2=CC(C3=NC4=C(C(N3)=O)N(N=C4CCC)C)=C(OCC)C=C2)=O,,1,2,4,MLP,Morgan
363,ClC1=C(NC2=CC=CC=C2CC(O)=O)C(Cl)=CC=C1,,0,1,4,MLP,Morgan
384,CC1(C)C[C@@H](C(NC2=CC=C(CC#N)C=C2)=O)[C@H](C(C)C)CC1,,0,2,4,MLP,Morgan
3,C[C@@H]1CCC=C(CC/2)[C@@]1(C)CC2=C(C)\CO,,2,1,5,MLP,Morgan
6,C[C@@]1(CC2)[C@]3(O)C(C)(C)[C@H]2C[C@H]1[C@@H](C)CC3,,2,1,5,MLP,Morgan
10,C[C@@](CC[C@H](Br)C(Br)(C)C)(Br)[C@H](Br)CO,,1,1,5,MLP,Morgan
14,CCCCNc1ccc(cc1)C(=O)OCCN(C)C,,1,2,5,MLP,Morgan
15,CCCCCC=CCC=CCC=CCC=CCCCC(=O)OCC,,2,1,5,MLP,Morgan
19,CC1=C(NC(CN(CC)CC)=O)C(C)=CC=C1,,2,1,5,MLP,Morgan
28,CC(C)C1=CC=C2C(C=CC=C2)=[C@]1[C@]3=CSC(C)=C3C,,1,1,5,MLP,Morgan
30,C12=CC=CC=C1N=C3N2CC/C=C/CCN4C5=C(C=CC=C5)N=C34,,1,1,5,MLP,Morgan
37,NC1=CC=C(S(C2=CC=C(N)C=C2)(=O)=O)C=C1,,2,1,5,MLP,Morgan
54,NC1=C(C(C)C)C=CC=C1C(C)C,,1,1,5,MLP,Morgan
60,COC1=CC=C(/C=C/C)C=C1,,1,2,5,MLP,Morgan
74,C1C[C@H]2OOC(C1)O2,,1,1,5,MLP,Morgan
77,Clc1cccc(Cl)c1,,1,1,5,MLP,Morgan
87,CC1(C)C(Br)C[C@H]2O[C@@]2(C)[C@]13CC(Br)C(C)(Cl)CC3O,,1,1,5,MLP,Morgan
89,C[C@]1(Cl)CC2O[C@@]3(Br)[C@H](O)[C@H]4O[C@@]4(C)[C@]2(C[C@@H]1Br)C3(C)C,,1,1,5,MLP,Morgan
93,C/C1=C\CC(C)(C)/C=C/C/C(C)=C/CC1,,1,1,5,MLP,Morgan
94,C/C1=C\CC(C)(C)/C=C/CC2(C)C(O2)CC1,,1,1,5,MLP,Morgan
97,CC12C(O2)CC(C)(C)/C=C/CC(C)(O3)C3CC1,,1,1,5,MLP,Morgan
105,O=C(C(O)=C1)C2=CC=CC3=CC=CC1=C32,,1,2,5,MLP,Morgan
106,O=C(C(C1=CC=CC=C1)=C2)C3=CC=CC4=CC=CC2=C43,,1,2,5,MLP,Morgan
113,C1(/C=C/C2=CC=CC=C2)=CC=CC=C1,,2,1,5,MLP,Morgan
117,CN1C=NC([N+]([O-])=O)=C1C(F)(F)F,,1,1,5,MLP,Morgan
125,C[C@H](CC[C@@H]1C(C)C)CC1=O,,1,1,5,MLP,Morgan
130,CC#[N][Pd]1(Br)C2=CC=CC3=C2C([N]1=CC=C4)=C4C5=CC=CC=C53,,1,1,5,MLP,Morgan
134,O=C1C=CC2(C)C(C(OC(C3C)=O)C3CC2)=C1C,,2,1,5,MLP,Morgan
153,C[C@@]12C(C)(C)[C@@H](CC1=O)CC2,,2,1,5,MLP,Morgan
154,CC1(C)[C@H]2C[C@@H]1CC=C2C,,2,1,5,MLP,Morgan
158,C1=CC=CC2=C1C3C(CC2)C(C(O3)=O)=C,,1,1,5,MLP,Morgan
160,O=C(N[C@H](CO)C1)[C@H](C(C)C)SC2=C1C3=CC=CC=C3N2,,2,2,5,MLP,Morgan
162,C/C([C@@H]1[C@@](CCCC2=C(C)OC(OC)=CC2=O)(O1)C)=C\C3=CC=C([N+]([O-])=O)C=C3,,2,1,5,MLP,Morgan
168,COC1=C(OC)C=C(OC)C(/C=C/C)=C1,,1,1,5,MLP,Morgan
171,COC1=CC=C2C(C(CC(O)=O)C(C)N2C(C3=CC=C(Cl)C=C3)=O)=C1,,2,2,5,MLP,Morgan
172,CC(OC1=CC=CC=C1C(NC2=NC=C([N+]([O-])=O)S2)=O)=O,,2,0,5,MLP,Morgan
182,O[C@H]1[C@H](NCC2=CC=CC=C2)CCC1,,2,2,5,MLP,Morgan
191,O=C(OC)C1=C(C)C(C)=C2O[C@]3(C)CC[C@@]4([H])C(C)(C)[C@@H](O)CC[C@]4(C)[C@@]3([H])C[C@@]2(C)C1=O,,2,2,5,MLP,Morgan
215,CCCC(S)CCO,,0,1,5,MLP,Morgan
220,CC1=CC=C(C)C(OCCCC(C)(C)C(OC2OC(C(O)=O)C(O)C(O)C2O)=O)=C1,,0,2,5,MLP,Morgan
235,[H][C@]12CN(CC(=O)N1CCC1=CC=CC=C21)C(=O)C1CCCCC1,,1,1,5,MLP,Morgan
238,[H][C@]12CN(CC(=O)N1CCC1=CC(O)=CC=C21)C(=O)C1CCCCC1,,1,1,5,MLP,Morgan
246,NC(C1=CC=CC=C1OCC)=O,,2,2,5,MLP,Morgan
248,CN1C(C)C(C(C)C)C(N1C2=CC=CC=C2)=O,,2,2,5,MLP,Morgan
256,O[C@@H]1[C@@H](O)[C@H](O)[C@@H](CO)O[C@H]1C2=C(OC=C(C3=CC=C(O)C=C3)C4=O)C4=CC=C2O,,0,1,5,MLP,Morgan
267,O=C1OC2=CC3=C(C=CO3)C(O/C=C/C(C)C)=C2C=C1,,0,1,5,MLP,Morgan
286,COC1=CC2=C(C=C1OC)C(=O)C(CC1CCN(CC3=CC=CC=C3)CC1)C2,,1,0,5,MLP,Morgan
289,COC1=CC=C2C=C3C4=C(CC[N+]3=CC2=C1OC)C=C1OCOC1=C4,,0,1,5,MLP,Morgan
297,CC(C)CN1C=NC2=C(N)N=C3C=CC=CC3=C12,,0,2,5,MLP,Morgan
298,CC1=CN=C(C=N1)C(=O)NCCC1=CC=C(C=C1)S(=O)(=O)NC(=O)NC1CCCCC1,,0,2,5,MLP,Morgan
299,CC(=O)N1CCN(CC1)C1=CC=C(OC[C@H]2CO[C@@](CN3C=CN=C3)(O2)C2=C(Cl)C=C(Cl)C=C2)C=C1,,0,1,5,MLP,Morgan
333,CC1=C(C(OC)=O)C(C2=C([N+]([O-])=O)C=CC=C2)=C(C(OC)=O)C(C)=N1,,1,1,5,MLP,Morgan
351,CN(C)CCCN(C(C=CC=C1)=C1CC2)C3=C2C=CC=C3,,0,2,5,MLP,Morgan
373,COC1=CC=C(C=C1)C2=COC3=C(C2=O)C=CC(=C3)OC,,2,2,5,MLP,Morgan
374,CC1OC2(C(C)=CCCC2(C)C)CC1,,2,1,5,MLP,Morgan
398,O=C1CCC(C1C/C=C\CC)CC(OC)=O,,2,1,5,MLP,Morgan
400,CC(C1CCC(C=O)=CC1)=C,,1,1,5,MLP,Morgan
403,CC(C)[C@@H]1CC[C@@]([C@@H](C1)C(=C)C)(C)C=C,,0,1,5,MLP,Morgan
409,CC1(C=C)C(C(C)C)CC(C(C)C)CC1,,0,0,5,MLP,Morgan
413,C[C@@]1(CCC2)CC[C@@H](C(C)C)C[C@@]1([H])C2=C,,0,1,5,MLP,Morgan
428,CC(S)CC(OCC)=O,,0,0,5,MLP,Morgan
434,CC(C)C1=CC=C([C@]23[C@@](C[C@@H]4O)([H])C(C)(C)[C@@](O)(CC3)OC2)C4=C1,,2,1,5,MLP,Morgan
440,CC1=C2C(C(OC2)=O)=C(C(C/C=C(C)/CCC(OCCN3CCOCC3)=O)=C1OC)O,,0,0,5,MLP,Morgan
1,O=C1C[C@@H](C)[C@]2(C)CC(CCC2=C1)=C(C)C,,1,1,1,Logistic Regression,Avalon
12,CC(C)[C@H]1[C@H]2[C@](CC1)(C)[C@H]3[C@@H]2C(CBr)=CC3,,1,1,1,Logistic Regression,Avalon
18,O=C(N[C@H](C(N[C@@H](C1=CC=CC=C1)C(OC(C)(C)C)=O)=O)C)CC2=CC(F)=CC(F)=C2,,2,2,1,Logistic Regression,Avalon
20,O[C@H](/C=C\C#CC#CC1=CN(CC2=CC=CC=C2)N=N1)[C@H](O3)[C@@H]3[C@H](O)[C@H]4OC(CC4)=O,,2,2,1,Logistic Regression,Avalon
25,CC1=C(C)[C@]([C@]2=C(O)C=CC(C)=C2C)=C(O)C=C1,,1,1,1,Logistic Regression,Avalon
27,CC(C)C1=CC=C2C(C=CC=C2)=[C@@]1[C@@]3=CSC(C)=C3C,,1,1,1,Logistic Regression,Avalon
29,C12=CC=CC=C1N3C(C4=NC5=C(C=CC=C5)N4CC/C=C/CC3)=N2,,1,1,1,Logistic Regression,Avalon
34,CC1=CC=CC(C)=C1NC(CN(CC)CC)=O,,1,2,1,Logistic Regression,Avalon
40,ClC1=CC=C2C(N(CCCN(C)C)C(C=CC=C3)=C3S2)=C1,,2,0,1,Logistic Regression,Avalon
43,ClC1=C([C@@H](C(OC)=O)N2CCC(SC=C3)=C3C2)C=CC=C1,,2,1,1,Logistic Regression,Avalon
44,O=C(C(C)=C1)NC(N1[C@@H]2O[C@H](CO)[C@@H](N=[N+]=[N-])C2)=O,,2,0,1,Logistic Regression,Avalon
48,CN(CCC1)[C@@H]1C2=CC=CN=C2,,0,1,1,Logistic Regression,Avalon
51,O=C(C=C(C1=CC(OC)=C(OC)C=C1)O2)C3=C2C(OC)=C(OC)C(OC)=C3OC,,1,1,1,Logistic Regression,Avalon
52,O=C(C=C(C1=CC=C(OC)C=C1)O2)C3=C2C(OC)=C(OC)C(OC)=C3OC,,1,1,1,Logistic Regression,Avalon
58,BrC1=CC2=CC=CC=C2C3=C1C=CC=C3,,1,1,1,Logistic Regression,Avalon
61,CC(O[C@H]1[C@H](C(C)C)CC[C@@H](C)C1)=O,,1,2,1,Logistic Regression,Avalon
69,CC1CCCC2(C1CC(CC2)C(C)C)C,,1,0,1,Logistic Regression,Avalon
78,N#Cc1ccccc1,,1,1,1,Logistic Regression,Avalon
84,C[C@]12OC(=O)C(=C)[C@H]1CC(=O)C=C2,,1,1,1,Logistic Regression,Avalon
88,Cc1cc(O)c(cc1Br)[C@]2(C)CC[C@@H]3C[C@]23C,,1,1,1,Logistic Regression,Avalon
95,CC12C(O2)CC(C)(C)/C=C/C/C(C)=C/CC1,,1,1,1,Logistic Regression,Avalon
96,C/C1=C\CC(C)(C)C(O2)C2C/C(C)=C/CC1,,1,1,1,Logistic Regression,Avalon
98,CC12C(O2)CC(C)(C)C(O3)C3CC(C)(O4)C4CC1,,1,1,1,Logistic Regression,Avalon
99,CC1(C)C/C=C(C)/CC/C=C(C=O)/C/C=C/1,,1,1,1,Logistic Regression,Avalon
103,BrC1=C[C@]([H])(OC)[C@](O2)(C)[C@]3(C[C@]2([H])[C@](Cl)(C)CC3)C1(C)C,,1,1,1,Logistic Regression,Avalon
135,O=C1C(N(C)C)=C(C)N(C)N1C2=CC=CC=C2,,2,0,1,Logistic Regression,Avalon
137,FC(F)(F)C1=CC=C(OC(C2=CC=CC=C2)CCNC)C=C1,,2,1,1,Logistic Regression,Avalon
138,O=C(OC)[C@@H](N1CCC(SC=C2)=C2C1)C3=C(Cl)C=CC=C3,,2,1,1,Logistic Regression,Avalon
140,O=C1C2=C(N=CC=C2)N(C3CC3)C4=C(C(C)=CC=N4)N1,,2,2,1,Logistic Regression,Avalon
143,Cc1ccc(cc1Nc2nccc(n2)c3cccnc3)NC(=O)c4ccc(cc4)CN5CCN(CC5)C,,0,0,1,Logistic Regression,Avalon
144,O=C1N(/N=C\N1c2ccc(cc2)N7CCN(c6ccc(OCC3C[C@@](OC3)(c4ccc(F)cc4F)Cn5ncnc5)cc6)CC7)[C@@H](CC)[C@@H](O)C,,0,1,1,Logistic Regression,Avalon
159,O=C(O)C1=C(OC(C)=O)C=CC=C1,,2,2,1,Logistic Regression,Avalon
178,N=C(N(C)C)N(C)C,,2,0,1,Logistic Regression,Avalon
180,C12=NCCCN1CCCCC2,,2,1,1,Logistic Regression,Avalon
185,O[C@H]1CCCCC[C@@H]1NCC2=CC=CC=C2,,2,2,1,Logistic Regression,Avalon
203,OC(=O)c1ccccc1Nc2cccc(c2)C(F)(F)F,,0,1,1,Logistic Regression,Avalon
204,C[C@@]1(C2(C)C)CC[C@H]2C[C@H]1O,,0,2,1,Logistic Regression,Avalon
206,O=C1O[C@H](CCCCC)CCC1,,0,0,1,Logistic Regression,Avalon
221,CCCC[C@@H](Br)[C@]1(C)CCCC=C1,,1,1,1,Logistic Regression,Avalon
223,COC([C@H](O)[C@@H](O)C(OC)=O)=O,,1,0,1,Logistic Regression,Avalon
224,CC1=CC=C(S(N)=O)C=C1,,1,2,1,Logistic Regression,Avalon
225,OC(C)C1=CC=C(Br)C=C1,,1,1,1,Logistic Regression,Avalon
226,CC(C)[C@@H]1Sc2[nH]c3ccccc3c2C[C@@H](CO)NC1=O,,2,2,1,Logistic Regression,Avalon
249,CCN(CC)C1=CC=C2C(OC(C(C3=NC4=C(C=CC=C4)S3)=C2)=O)=C1,,2,2,1,Logistic Regression,Avalon
278,O=C1C[C@@H](C2=CC=CC=C2)OC3=CC=CC=C31,,0,1,1,Logistic Regression,Avalon
285,C\C(\C=C1/SC(=S)N(CC(O)=O)C1=O)=C/C1=CC=CC=C1,,2,1,1,Logistic Regression,Avalon
287,ClC1=C(Cl)C(=CC=C1)N1CCN(CCCCOC2=CC3=C(CCC(=O)N3)C=C2)CC1,,1,2,1,Logistic Regression,Avalon
290,C\N=C(\NCCSCC1=C(C)NC=N1)NC#N,,0,1,1,Logistic Regression,Avalon
291,ClC1=C(NC2=NCCN2)C2=NSN=C2C=C1,,0,1,1,Logistic Regression,Avalon
296,CC1(C)SC2[C@H](NC(=O)CC3=CC=CC=C3)C(=O)N2[C@H]1C(O)=O,,0,0,1,Logistic Regression,Avalon
322,O=C(C1=C(S(=O)(NC(NC2=NC(OC)=CC(OC)=N2)=O)=O)N(C)N=C1Cl)OC,,2,0,1,Logistic Regression,Avalon
326,CC(CC1)=C[C@@]2([H])C1=C(C)CC[C@@H]2C(C)C,,2,1,1,Logistic Regression,Avalon
328,CC1=C[C@@]([C@@H](C(C)C)CC[C@]2(O)C)([H])[C@@]2([H])CC1,,2,1,1,Logistic Regression,Avalon
329,CC1=C[C@@]([C@@H](C(C)C)CC[C@@]2(O)C)([H])[C@]2([H])CC1,,2,1,1,Logistic Regression,Avalon
332,ClC1=CC(N2CCCN(C)C)=C(C=C1)SC3=C2C=CC=C3,,2,0,1,Logistic Regression,Avalon
339,COC1=C2O[C@@H]3[C@]45C2=C(C=C1)C[C@@H](N(CC5)C)[C@]4([H])C=C[C@@H]3O,,1,1,1,Logistic Regression,Avalon
360,O=S(CC1=NC=C(C(OC)=C1C)CO)C2=NC3=C(N2)C=CC(OC)=C3,,0,2,1,Logistic Regression,Avalon
386,O[C@@H]1C[C@H](C)CC[C@H]1C(C)=O,,0,0,1,Logistic Regression,Avalon
439,O=C1NC2=C(N1CCCN3CCC(CC3)N4C(NC5=CC(Cl)=CC=C54)=O)C=CC=C2,,0,0,1,Logistic Regression,Avalon
448,CO[C@H]1[C@@H](C[C@@H]2CN3CCC4=C([C@H]3C[C@@H]2[C@@H]1C(=O)OC)NC5=C4C=CC(=C5)OC)OC(=O)C6=CC(=C(C(=C6)OC)OC)OC,,0,1,1,Logistic Regression,Avalon
2,CC1=CC(C[C@@H](C)[C@]1(C2)CCC2=C(C)C)=O,,1,1,2,Logistic Regression,Avalon
4,O=C(CCCCCCCCCCC1)OCCOC1=O,,1,0,2,Logistic Regression,Avalon
13,C[C@@]1(O)[C@@H](Br)C[C@H](C(C)=C)CC1,,1,1,2,Logistic Regression,Avalon
16,CC1(C)[C@@H]2[C@H]1CC=C(C)C2,,1,1,2,Logistic Regression,Avalon
31,O=C1N(C)C(C(N(C)C=N2)=C2N1C)=O,,1,2,2,Logistic Regression,Avalon
35,CNCCC(OC1=CC=C(C(F)(F)F)C=C1)C2=CC=CC=C2,,1,2,2,Logistic Regression,Avalon
36,COC1=CC=C2C(NC(S(CC3=C(C)C(OC)=C(C)C=N3)=O)=N2)=C1,,2,0,2,Logistic Regression,Avalon
38,O=C(OCCN(C)C)C1=CC=C(NCCCC)C=C1,,2,2,2,Logistic Regression,Avalon
47,ClC1=CC=C(NC(O[C@]2(C#CC3CC3)C(F)(F)F)=O)C2=C1,,2,1,2,Logistic Regression,Avalon
49,CC1=C2C(C=C1)=C(C)C=CC(C(C)C)=C2,,1,1,2,Logistic Regression,Avalon
53,O=C(C(OC)=C(C1=CC(OC)=C(OC)C=C1)O2)C3=C2C(OC)=C(OC)C(OC)=C3OC,,1,1,2,Logistic Regression,Avalon
62,CC(C(C)(C)O1)(C)OB1C(B2OC(C)(C)C(C)(C)O2)CCC3=CC=CC=C3,,1,1,2,Logistic Regression,Avalon
65,O=C(C(C#N)=C1)C=C(C1(C#C)C2)C3=C2C=CC=C3,,1,1,2,Logistic Regression,Avalon
71,C1OOC(O1)c2ccccc2,,1,1,2,Logistic Regression,Avalon
73,O1O[C@H](O[C@@H]1c2ccccc2)c3ccccc3,,1,1,2,Logistic Regression,Avalon
75,c1ccccc1,,1,1,2,Logistic Regression,Avalon
81,Fc1ccc(F)cc1,,1,1,2,Logistic Regression,Avalon
82,CN1C[C@@](C)(c2ccccc2)[C@@]3(C)[C@@H]1N(C)c4ccccc34,,1,2,2,Logistic Regression,Avalon
83,C[C@@]12OC(=O)C(=C)[C@]1(C)CC(=O)C=C2,,1,1,2,Logistic Regression,Avalon
86,CCOC(=O)\C=C\1/C[C@@](N1S(=O)(=O)c2ccc(C)cc2)(C(=O)OCC)c3ccccc3C,,1,0,2,Logistic Regression,Avalon
90,C[C@]1(Cl)CC2O[C@@]3(C)C=C[C@@](C)(O)[C@]2(C[C@@H]1Br)C3(C)C,,1,1,2,Logistic Regression,Avalon
100,CC1(C)/C=C/C/C(C=O)=C\CC/C(C=O)=C\C1,,1,1,2,Logistic Regression,Avalon
110,N#CCC1=CC=CC=C1,,1,1,2,Logistic Regression,Avalon
115,[N-]=[N+]=NC1=CC=C(C(F)(F)F)C=C1,,2,1,2,Logistic Regression,Avalon
116,C[C@@](O1)(OO2)CC[C@]3([H])[C@]2([C@]1([H])O4)[C@](CC[C@H]3C)([H])[C@@H](C)C4=O,,2,1,2,Logistic Regression,Avalon
120,CC1=CC[C@H](C(C)=C)CC1,,1,1,2,Logistic Regression,Avalon
123,C[C@H](CC[C@H]1C(C)C)CC1=O,,1,1,2,Logistic Regression,Avalon
129,IC1=C(C(OSC(F)(F)F)(C)C)C=CC=C1,,1,1,2,Logistic Regression,Avalon
133,OC(C=C1)=CC=C1C2COC3=CC(O)=CC=C3C2=O,,0,2,2,Logistic Regression,Avalon
141,CN3[C@H]1CC[C@@H]3C[C@@H](C1)OC(=O)C(CO)c2ccccc2,,2,2,2,Logistic Regression,Avalon
146,CCOc2nc1cccc(C(=O)O)c1n2Cc5ccc(c3ccccc3c4nn[nH]n4)cc5,,0,0,2,Logistic Regression,Avalon
151,C[C@@H]1CC[C@H]([C@@H](C1)OC(=O)C)C(C)C,,2,1,2,Logistic Regression,Avalon
163,O[C@H](C1)CC[C@@]2(C)C1=CC[C@]3([H])[C@]2([H])CC[C@@]4([H])[C@@]3([H])C[C@H](O)[C@]4([H])[C@H](C)[C@@H](O)CCC(C)C,,2,1,2,Logistic Regression,Avalon
165,[H][C@@]1(CO2)[C@](CO[C@@H]1C3=CC(OCO4)=C4C=C3)([H])[C@@H]2C5=CC(OCO6)=C6C=C5,,1,1,2,Logistic Regression,Avalon
166,COC1=C(OC)C=C(OC)C(/C=C\C)=C1,,1,1,2,Logistic Regression,Avalon
173,CC(C(O)=O)C1=CC=C(CC(C)C)C=C1,,2,2,2,Logistic Regression,Avalon
174,O[C@@H]1CCCC[C@H]1NC2CC2,,2,2,2,Logistic Regression,Avalon
176,CN(C)C1CCCCC1,,2,1,2,Logistic Regression,Avalon
179,N=C(NC1=CC=CC=C1)NC2=CC=CC=C2,,2,0,2,Logistic Regression,Avalon
195,OC(=O)c1ccc(O)cc1,,2,1,2,Logistic Regression,Avalon
196,CC1=C(/C=C/C(C)=C/C=C/C(C)=C/C=C/C=C(C)/C=C/C=C(C)/C=C/C2=C(C)CCCC2(C)C)C(C)(C)CCC1,,0,1,2,Logistic Regression,Avalon
209,CC(C)C1CC[C@]2(C)[C@@]1([H])[C@]3([H])[C@@]2([H])CCC3=C,,0,1,2,Logistic Regression,Avalon
218,CC1=C(O)C=C(C)C(OCCCC(C)(C)C(O)=O)=C1,,2,2,2,Logistic Regression,Avalon
219,CC1=CC=C(C(O)=O)C=C1OCCCC(C)(C)C(O)=O,,0,2,2,Logistic Regression,Avalon
227,COC(=O)C1=C(C)[C@]2(C)C[C@H]3[C@@](C)(CC[C@H]4C(C)(C)[C@@H](O)CC[C@]34C)OC2=C(C)C1=O,,2,2,2,Logistic Regression,Avalon
231,COCC(=O)N([C@H](C)C(=O)OC)c1c(C)cccc1C,,2,2,2,Logistic Regression,Avalon
284,CC(C)NCC(O)COC1=CC=CC2=CC=CC=C12,,2,2,2,Logistic Regression,Avalon
288,O=C1C2=CC=CC=C2C(=O)C2=C1C=CC1=C2NC2=C(N1)C1=C(C=C2)C(=O)C2=C(C=CC=C2)C1=O,,0,0,2,Logistic Regression,Avalon
309,CC[C@H]1OC(=O)[C@H](C)[C@H](C[C@@H](O[C@@H]2O[C@H](C)C[C@@H]([C@H]2O)N(C)C)[C@](C)(O)C[C@@H](C)C(=O)[C@H](C)[C@@H](C)[C@]1(C)O)O[C@H]1C[C@@](C)(OC)[C@@H](O)[C@H](C)O1,,0,0,2,Logistic Regression,Avalon
318,O=C(CC(C(C)1C)CC2)C21CS(=O)(O)=O,,0,0,2,Logistic Regression,Avalon
324,C[C@@H]1[C@]2([C@@]3([H])[C@](C)(O)CC2)[C@@]3([H])[C@@H](C(C)C)CC1,,2,1,2,Logistic Regression,Avalon
345,COC1=C(C(C(C(O)=C([C@@H](O)C[C@@](C(CO)=O)(O)C2)C2=C3O)C3C4=O)=O)C4=CC=C1,,0,2,2,Logistic Regression,Avalon
366,COC1=C(C2=CC=C1)C(C(C3C2=O)C(O)=C4[C@H](C[C@@](O)(CC4=C3O)C(CO)=O)O[C@H]5C[C@H](N)[C@H](O)[C@H](C)O5)=O,,0,2,2,Logistic Regression,Avalon
372,NC(N1C2=C(C=CC=C2)C=CC3=C1C=CC=C3)=O,,2,2,2,Logistic Regression,Avalon
407,[H][C@@]12[C@](CC[C@@H](C(C)C)C2)(C)CCC[C@]1(O)C,,2,1,2,Logistic Regression,Avalon
417,C[C@@]12CC[C@@H](C(C)C)C[C@@]1([H])C(C)=CCC2,,0,2,2,Logistic Regression,Avalon
421,CC12C(CC(C(C)=C)CC2)=C(C)C(CC1)=O,,0,1,2,Logistic Regression,Avalon
432,C[C@@H]1CCCCCCCCCCCCC(=O)C1,,0,0,2,Logistic Regression,Avalon
436,CC(C)C1=CC=C([C@@]2(C)[C@@](CC3=O)([H])C(C)(C)[C@H](O)CC2)C3=C1,,2,2,2,Logistic Regression,Avalon
446,CC1=C(C2=C(CC[C@@](O2)(C)CCC[C@H](C)CCC[C@H](C)CCCC(C)C)C(=C1O)C)C,,0,1,2,Logistic Regression,Avalon
7,C=C1CC/C=C(C)/CC[C@@H]2[C@@H]1CC2(C)C,,1,0,3,Logistic Regression,Avalon
9,Br[C@@H](CO)[C@](CC[C@H](Br)C(Br)(C)C)(Br)C,,1,1,3,Logistic Regression,Avalon
17,CN1[C@H]2CC[C@@H]1C[C@H](OC(C(CO)C3=CC=CC=C3)=O)C2,,2,2,3,Logistic Regression,Avalon
39,ClC1=C(N)C=C(OC)C(C(NCCN(CC)CC)=O)=C1,,2,0,3,Logistic Regression,Avalon
45,OCC(C(OC1CC(N2C)CCC2C1)=O)C3=CC=CC=C3,,2,2,3,Logistic Regression,Avalon
50,O=C1[C@@H](C)[C@]([C@]2([H])O1)([H])CC[C@@](C2=C3C)(C)C=CC3=O,,1,2,3,Logistic Regression,Avalon
56,O=C/C=C/C1=CC=CC=C1,,1,1,3,Logistic Regression,Avalon
57,O=C([C@@]1(C2C34)[C@@H]3[C@H]5C4(C(OC)=O)C2[C@H]51)OC,,1,2,3,Logistic Regression,Avalon
68,O=C1CC[C@@]2(C)C(CCC([C@@](CC[C@@H]3O)([H])[C@]3(C)C4)[C@]2([H])C4=O)=C1,,1,2,3,Logistic Regression,Avalon
72,O1O[C@@H](O[C@@H]1c2ccccc2)c3ccccc3,,1,1,3,Logistic Regression,Avalon
76,Fc1ccc(C=O)cc1,,1,1,3,Logistic Regression,Avalon
79,O=CC1=CC=CC=C1,,1,1,3,Logistic Regression,Avalon
80,Fc1ccccc1,,1,1,3,Logistic Regression,Avalon
85,Cn1c2c(CC[C@@]2(C)C=C)c3ccccc13,,1,0,3,Logistic Regression,Avalon
92,CC1(Cl)CC[C@@]2(CC1Br)C(C)(C)C(=C[C@H]3O[C@@]23C)Br,,1,1,3,Logistic Regression,Avalon
101,CC[C@@H](O1)[C@@H](Br)C[C@]1([H])[C@@]2([H])O[C@@H](C/C=C\C#C)[C@H](Br)C2,,1,1,3,Logistic Regression,Avalon
107,C[C@@H](CC1)[C@@]2([H])[C@]1([H])[C@@]3(C)[C@]2([H])[C@@H](C(C)=C)CC3,,1,0,3,Logistic Regression,Avalon
108,O=C(C)C1=CC=CC=C1,,1,2,3,Logistic Regression,Avalon
112,C12=CC=CC=C1C=C3C(C=CC=C3)=C2,,1,1,3,Logistic Regression,Avalon
121,CC1=CC[C@@H]2C(C)(C)[C@H]1C2,,1,2,3,Logistic Regression,Avalon
127,C[C@H]1CC2=C(C(C)=CO2)CC1,,1,0,3,Logistic Regression,Avalon
131,BrC1=CC=CC2=C1C(N=CC=C3)=C3C4=C2C=CC=C4,,1,1,3,Logistic Regression,Avalon
132,COC(C=C1)=CC=C1C2COC3=CC(OC)=CC=C3C2=O,,2,0,3,Logistic Regression,Avalon
136,NC1=C(S(=O)(CC)=O)C=C(C(NCC2N(CC)CCC2)=O)C(OC)=C1,,2,2,3,Logistic Regression,Avalon
139,CN(C)CCCN1C2=C(C=CC=C2)CCC3=C1C=CC=C3,,2,2,3,Logistic Regression,Avalon
147,C[C@H]1[C@H]([C@H](C[C@@H](O1)O[C@H]2C[C@@](Cc3c2c(c4c(c3O)C(=O)c5cccc(c5C4=O)OC)O)(C(=O)CO)O)N)O,,0,0,3,Logistic Regression,Avalon
148,COc1ccccc1OCCNCC(O)COc3cccc4[nH]c2ccccc2c34,,0,0,3,Logistic Regression,Avalon
155,COc1ccc(C=O)cc1,,2,1,3,Logistic Regression,Avalon
156,C1=CC=CC2=C1C3C(CC2)[C@@H](C(O3)=O)C,,1,1,3,Logistic Regression,Avalon
177,NCCC1=CC=CC=C1,,2,2,3,Logistic Regression,Avalon
183,O[C@H]1CCCC[C@@H]1NCC2=CC=CC=C2,,2,2,3,Logistic Regression,Avalon
186,O[C@@H]1CCCCC[C@H]1NCC2=CC=CC=C2,,2,2,3,Logistic Regression,Avalon
189,CC1(C)C(C(CCC)=O)=C(C)CCC1,,0,0,3,Logistic Regression,Avalon
190,O=C(OC)C1=C(C)C(C)=C2O[C@]3(C)CC[C@@]4([H])C(C)(C)[C@@H](O)CC[C@]4(C)[C@@]3([H])C[C@]2(C)C1=O,,2,2,3,Logistic Regression,Avalon
192,CC1=C(C)C(C(OC)=O)=C2O[C@]3(C)CC[C@@]4([H])C(C)(C)[C@@H](O)CC[C@]4(C)[C@@]3([H])C[C@]2(C)C1=O,,2,2,3,Logistic Regression,Avalon
216,CC1=CC=C(C)C(OCCCC(C)(C)C(O)=O)=C1,,2,2,3,Logistic Regression,Avalon
222,O[C@@H](CCCl)C1=CC=CC=C1,,1,1,3,Logistic Regression,Avalon
234,CCC1=CC=CC(=C1N(C(C)COC)C(=O)CCl)C,,2,2,3,Logistic Regression,Avalon
239,[H][C@]12CN(CC(=O)N1C[C@@H](O)C1=CC=CC=C21)C(=O)C1CCCCC1,,1,1,3,Logistic Regression,Avalon
244,C/C(C(O)=O)=C(OC(C)=O)\C=C,,0,2,3,Logistic Regression,Avalon
260,C[C@H](CCCC(C)C)[C@@]1([H])CC[C@@]2([H])[C@]3([H])CC=C4C[C@@H](C)CC[C@]4(C)[C@@]3([H])CC[C@@]21C,,2,2,3,Logistic Regression,Avalon
277,O=C(C1=C2C=C(C)C=C1O)C3=C(C=CC=C3O)C2=O,,2,0,3,Logistic Regression,Avalon
282,CCOC(=O)[C@H](CC1=CNC2=CC=CC=C12)NC(C)=O,,2,2,3,Logistic Regression,Avalon
303,[H][C@@]12CCCC[C@]1([H])CN(C[C@@H](O)[C@H](CSC1=CC=CC=C1)NC(=O)C1=CC=CC(O)=C1C)[C@@H](C2)C(=O)NC(C)(C)C,,0,0,3,Logistic Regression,Avalon
305,COC1=CC(=CC=C1CC1=CN(C)C2=CC=C(NC(=O)OC3CCCC3)C=C12)C(=O)NS(=O)(=O)C1=CC=CC=C1C,,0,0,3,Logistic Regression,Avalon
307,CC(C)[C@H](NC(=O)N(C)CC1=CSC(=N1)C(C)C)C(=O)N[C@H](C[C@H](O)[C@H](CC1=CC=CC=C1)NC(=O)OCC1=CN=CS1)CC1=CC=CC=C1,,0,2,3,Logistic Regression,Avalon
308,OCCN(CCO)C1=NC2=C(N=C(N=C2N2CCCCC2)N(CCO)CCO)C(=N1)N1CCCCC1,,0,0,3,Logistic Regression,Avalon
325,C/C1=C\CC[C@@](C)(O)/C=C/[C@@H](C(C)C)CC1,,1,0,3,Logistic Regression,Avalon
327,CC1=C[C@@]([C@@H](C(C)C)CC[C@]2(O)C)([H])[C@]2([H])CC1,,1,2,3,Logistic Regression,Avalon
349,[H]N(C(C1=CC=C(O)C=C1)=O)/N=C/C2=CC=C([N+]([O-])=O)O2,,2,2,3,Logistic Regression,Avalon
369,O=C(NN)C1=CC=NC=C1,,0,2,3,Logistic Regression,Avalon
378,CC1=CCCC(C)(C)[C@@]12O[C@@H](C)CC2,,1,2,3,Logistic Regression,Avalon
380,O=C([C@@H]1CC[C@@H](C)C[C@H]1O)C,,0,0,3,Logistic Regression,Avalon
381,CC([C@@H]1CC[C@@H](C)C[C@H]1OC(C[C@@H](O)C)=O)C,,0,2,3,Logistic Regression,Avalon
382,CC([C@@H]1CC[C@@H](C)C[C@H]1OCCO)C,,0,1,3,Logistic Regression,Avalon
385,CC1(C)C[C@@H](C(O)=O)[C@H](C(C)C)CC1,,2,2,3,Logistic Regression,Avalon
390,[NH3+] [C@@H](CC([O-])=O)C(N[C@@H](CC1=CC=CC=C1)C(OC)=O)=O,,0,1,3,Logistic Regression,Avalon
425,O=C(SC(C)CC)CC(C)C,,0,1,3,Logistic Regression,Avalon
435,CC(C)C1=CC=C([C@]23[C@@](CC4=O)([H])C(C)(C)[C@@H](CC3)OC2=O)C4=C1,,2,2,3,Logistic Regression,Avalon
437,CC(C)C1=CC=C([C@@]2(C)[C@@](CC3=O)([H])C(C)(C)C(CC2)=O)C3=C1,,2,2,3,Logistic Regression,Avalon
5,CC1(C)CCC[C@@]2(C)[C@H]1CC[C@]3(C)[C@@H]2CCO3,,1,2,4,Logistic Regression,Avalon
8,CC1=CC(C(C)(C)[C@H](C)CC2(C)C)=C2C=C1C(C)=O,,1,1,4,Logistic Regression,Avalon
11,CCC[C@H](SC(C1=CC(Br)=CC=C1)=O)CCOC(C2=CC(Br)=CC=C2)=O,,1,1,4,Logistic Regression,Avalon
21,O[C@H](/C=C/C#CC#CC1=CN(CC2=CC=CC=C2)N=N1)[C@H](O3)[C@@H]3[C@H](O)[C@H]4OC(CC4)=O,,2,2,4,Logistic Regression,Avalon
22,IC1=C(C(C)(C)OSC(F)(F)F)C=CC=C1,,1,1,4,Logistic Regression,Avalon
24,C[C@H]1C[C@@H](OC(C)=O)[C@H](C(C)C)CC1,,2,1,4,Logistic Regression,Avalon
26,CC1=C(C)[C@@]([C@@]2=C(O)C=CC(C)=C2C)=C(O)C=C1,,1,1,4,Logistic Regression,Avalon
32,NC1=C2C(C=CC=N2)=CC=C1,,1,0,4,Logistic Regression,Avalon
41,O=C1C(C2CCC(NC2=O)=O)C(C3=CC=CC=C31)=O,,2,1,4,Logistic Regression,Avalon
42,CC1=C(C(OC)=O)C(C(C(OC)=O)=C(C)N1)C2=C([N+]([O-])=O)C=CC=C2,,2,2,4,Logistic Regression,Avalon
46,CN(C)CCCN1C(C=CC=C2)=C2CCC3=C1C=CC=C3,,2,0,4,Logistic Regression,Avalon
55,O=CC1=CC=C([N+]([O-])=O)C=C1,,1,2,4,Logistic Regression,Avalon
63,CC(C(C)(C)O1)(C)OB1[C@@H](CCCCC)[C@H](B2OC(C)(C)C(C)(C)O2)C,,1,1,4,Logistic Regression,Avalon
64,CC(C(C)(C)O1)(C)OB1[C@@H](CCCCC)[C@@H](B2OC(C)(C)C(C)(C)O2)C,,1,1,4,Logistic Regression,Avalon
67,O[C@H]1CCC2=C(OC)C=CC=C2[C@H]1C(OC)=O,,1,2,4,Logistic Regression,Avalon
91,CC1=C[C@H](O)C(Br)C(C)(C)[C@]12CCC(C)(Cl)C(Br)C2,,1,1,4,Logistic Regression,Avalon
102,CC[C@@H](O1)[C@@H](Br)C[C@]1([H])[C@@]2([H])O[C@@H](C/C=C\C3=CN(CC(NC4=CC=CC=C4)=O)N=N3)[C@H](Br)C2,,1,1,4,Logistic Regression,Avalon
104,BrC1=C[C@@]([H])(OC)[C@](O2)(C)[C@]3(C[C@]2([H])[C@](Cl)(C)CC3)C1(C)C,,1,1,4,Logistic Regression,Avalon
109,[H]C(/C=C/C1=CC=CC=C1)=O,,1,1,4,Logistic Regression,Avalon
111,C12=CC=CC=C1C=CC=C2,,1,1,4,Logistic Regression,Avalon
114,OC1=C(OC)C=C(C=O)C=C1,,2,1,4,Logistic Regression,Avalon
118,CN1C=NC(C(F)(F)F)=C1C(OC)=O,,1,1,4,Logistic Regression,Avalon
119,CN1C(C(F)(F)F)=C([N+]([O-])=O)C=C1C(OC)=O,,1,1,4,Logistic Regression,Avalon
122,C[C@H]1C[C@@H](O)[C@H](C(C)C)CC1,,1,0,4,Logistic Regression,Avalon
124,C[C@H]1C[C@H](O)[C@H](C(C)C)CC1,,1,0,4,Logistic Regression,Avalon
128,C[C@@]12CC[C@H](C(C)(C)O2)CC1,,1,2,4,Logistic Regression,Avalon
142,CCN(CC)CC(=O)NC1=C(C)C=CC=C1C,,2,1,4,Logistic Regression,Avalon
145,O=C7OCC=6C(=O)N2C(\c1nc5c(c(c1C2)CC)cc(OC(=O)N4CCC(N3CCCCC3)CC4)cc5)=C/C=6[C@@]7(O)CC,,0,0,4,Logistic Regression,Avalon
149,O2C1(CCC(CC1)C2(C)C)C,,2,2,4,Logistic Regression,Avalon
150,O[C@H]1[C@H](C(C)C)CC[C@@H](C)C1,,2,0,4,Logistic Regression,Avalon
152,O(c1ccc(\C=C\C)cc1)C,,2,1,4,Logistic Regression,Avalon
161,O=C1C(C)=C2O[C@]3(C)CCC4C(C)(C)[C@@H](O)CC[C@]4(C)[C@@]3([H])C[C@@]2(C)C(C)=C1C(OC)=O,,2,2,4,Logistic Regression,Avalon
164,CC1(C)CC[C@]2(C)C[C@@]34[C@@H](C)CC[C@@H](O)[C@]3(C)CC[C@H]4[C@@]21[H],,2,1,4,Logistic Regression,Avalon
181,O[C@@H]1[C@@H](NCC2=CC=CC=C2)CCC1,,2,2,4,Logistic Regression,Avalon
184,O[C@@H]1CCCC[C@H]1NCC2=CC=CC=C2,,2,2,4,Logistic Regression,Avalon
187,C/C(C)=C/CC/C(C)=C/CO,,0,0,4,Logistic Regression,Avalon
188,C/C(C)=C/CC/C(C)=C/CC/C(C)=C/CO,,0,0,4,Logistic Regression,Avalon
193,O=C1C(C(OC)=O)=C(C)C(C)=C2O[C@@]3(C)CC[C@@]4([H])C(C)(C)[C@@H](O)CC[C@]4(C)[C@]3([H])C[C@@]21C,,2,2,4,Logistic Regression,Avalon
194,O=C1C(C(OC)=O)=C(C)[C@]2(C)C(O[C@]([C@]3(C)[C@](CC[C@H](O)C4)(C)[C@@]4([H])CC3)([H])C2)=C1C,,2,0,4,Logistic Regression,Avalon
198,O=C1CCCCC/C=C/CCCCCCCCO1,,0,2,4,Logistic Regression,Avalon
199,O=C1CCCCC/C=C\CCCCCCCCO1,,0,2,4,Logistic Regression,Avalon
211,CC([C@H]12)=CC[C@]32[C@]1([H])[C@H](C(C)C)CC[C@H]3C,,0,2,4,Logistic Regression,Avalon
213,CC(C12)=CC[C@@]3([H])C1[C@H](C(C)C)CC[C@@]32C,,0,2,4,Logistic Regression,Avalon
217,CC1=CC=C(CO)C=C1OCCCC(C)(C)C(O)=O,,2,0,4,Logistic Regression,Avalon
236,[H][C@]12CN(CC(=O)N1CCC1=CC=CC=C21)C(=O)[C@H]1CC[C@H](O)CC1,,1,1,4,Logistic Regression,Avalon
237,[H][C@]12CN(CC(=O)N1CCC1=CC=CC=C21)C(=O)[C@@H]1CC[C@H](O)CC1,,1,1,4,Logistic Regression,Avalon
240,OC12CN(CC(=O)N1CCC1=CC=CC=C21)C(=O)C1CCCCC1,,1,1,4,Logistic Regression,Avalon
241,O[C@]12CN(CC(=O)N1CCC1=CC=CC=C21)C(=O)C1CCCCC1,,1,1,4,Logistic Regression,Avalon
242,OC1=CC=C(NC(C)=O)C=C1,,0,2,4,Logistic Regression,Avalon
251,O[C@@H]1[C@@H](O)[C@H](O)[C@@H](CO)O[C@H]1OC2=CC=CC=C2CO,,0,0,4,Logistic Regression,Avalon
275,O=C(C1=C2C=C(C)C=C1O)C3=C(C=C(O)C=C3O)C2=O,,0,2,4,Logistic Regression,Avalon
281,C[C@@H](C1=C2C[C@H](O)[C@H]3[C@@]4(C)CCC(C(C)(C)[C@@H]4CC[C@]3(C)[C@@]2(C)CC1)=O)C[C@H](O)[C@@H](O)C(C)(O)C,,0,1,4,Logistic Regression,Avalon
283,COC(=O)[C@@H](N)CC1=CNC2=CC=CC=C12,,2,0,4,Logistic Regression,Avalon
293,CN1C(C(=O)NC2=NC=C(C)S2)=C(O)C2=C(C=CC=C2)S1(=O)=O,,0,0,4,Logistic Regression,Avalon
312,BrC1(CC2(Br)C3)CC(C2)(Br)CC3(Br)C1,,2,2,4,Logistic Regression,Avalon
344,O=C1[C@@H](CCCCCC)[C@H](C[C@H](CCCCCCCCCCC)OC([C@H](CC(C)C)NC=O)=O)O1,,2,1,4,Logistic Regression,Avalon
356,FC1=CC2=C(C=C1)C(C3CCN(CCC4=C(C)N=C5N(CCCC5)C4=O)CC3)=NO2,,2,0,4,Logistic Regression,Avalon
357,CN1CCN(CC1)S(=O)(C2=CC(C3=NC4=C(C(N3)=O)N(N=C4CCC)C)=C(OCC)C=C2)=O,,1,2,4,Logistic Regression,Avalon
363,ClC1=C(NC2=CC=CC=C2CC(O)=O)C(Cl)=CC=C1,,0,2,4,Logistic Regression,Avalon
384,CC1(C)C[C@@H](C(NC2=CC=C(CC#N)C=C2)=O)[C@H](C(C)C)CC1,,0,2,4,Logistic Regression,Avalon
3,C[C@@H]1CCC=C(CC/2)[C@@]1(C)CC2=C(C)\CO,,2,0,5,Logistic Regression,Avalon
6,C[C@@]1(CC2)[C@]3(O)C(C)(C)[C@H]2C[C@H]1[C@@H](C)CC3,,2,2,5,Logistic Regression,Avalon
10,C[C@@](CC[C@H](Br)C(Br)(C)C)(Br)[C@H](Br)CO,,1,1,5,Logistic Regression,Avalon
14,CCCCNc1ccc(cc1)C(=O)OCCN(C)C,,1,2,5,Logistic Regression,Avalon
15,CCCCCC=CCC=CCC=CCC=CCCCC(=O)OCC,,2,0,5,Logistic Regression,Avalon
19,CC1=C(NC(CN(CC)CC)=O)C(C)=CC=C1,,2,2,5,Logistic Regression,Avalon
28,CC(C)C1=CC=C2C(C=CC=C2)=[C@]1[C@]3=CSC(C)=C3C,,1,1,5,Logistic Regression,Avalon
30,C12=CC=CC=C1N=C3N2CC/C=C/CCN4C5=C(C=CC=C5)N=C34,,1,1,5,Logistic Regression,Avalon
37,NC1=CC=C(S(C2=CC=C(N)C=C2)(=O)=O)C=C1,,2,1,5,Logistic Regression,Avalon
54,NC1=C(C(C)C)C=CC=C1C(C)C,,1,1,5,Logistic Regression,Avalon
60,COC1=CC=C(/C=C/C)C=C1,,1,2,5,Logistic Regression,Avalon
74,C1C[C@H]2OOC(C1)O2,,1,0,5,Logistic Regression,Avalon
77,Clc1cccc(Cl)c1,,1,1,5,Logistic Regression,Avalon
87,CC1(C)C(Br)C[C@H]2O[C@@]2(C)[C@]13CC(Br)C(C)(Cl)CC3O,,1,1,5,Logistic Regression,Avalon
89,C[C@]1(Cl)CC2O[C@@]3(Br)[C@H](O)[C@H]4O[C@@]4(C)[C@]2(C[C@@H]1Br)C3(C)C,,1,1,5,Logistic Regression,Avalon
93,C/C1=C\CC(C)(C)/C=C/C/C(C)=C/CC1,,1,1,5,Logistic Regression,Avalon
94,C/C1=C\CC(C)(C)/C=C/CC2(C)C(O2)CC1,,1,1,5,Logistic Regression,Avalon
97,CC12C(O2)CC(C)(C)/C=C/CC(C)(O3)C3CC1,,1,1,5,Logistic Regression,Avalon
105,O=C(C(O)=C1)C2=CC=CC3=CC=CC1=C32,,1,1,5,Logistic Regression,Avalon
106,O=C(C(C1=CC=CC=C1)=C2)C3=CC=CC4=CC=CC2=C43,,1,1,5,Logistic Regression,Avalon
113,C1(/C=C/C2=CC=CC=C2)=CC=CC=C1,,2,1,5,Logistic Regression,Avalon
117,CN1C=NC([N+]([O-])=O)=C1C(F)(F)F,,1,1,5,Logistic Regression,Avalon
125,C[C@H](CC[C@@H]1C(C)C)CC1=O,,1,1,5,Logistic Regression,Avalon
130,CC#[N][Pd]1(Br)C2=CC=CC3=C2C([N]1=CC=C4)=C4C5=CC=CC=C53,,1,1,5,Logistic Regression,Avalon
134,O=C1C=CC2(C)C(C(OC(C3C)=O)C3CC2)=C1C,,2,1,5,Logistic Regression,Avalon
153,C[C@@]12C(C)(C)[C@@H](CC1=O)CC2,,2,0,5,Logistic Regression,Avalon
154,CC1(C)[C@H]2C[C@@H]1CC=C2C,,2,1,5,Logistic Regression,Avalon
158,C1=CC=CC2=C1C3C(CC2)C(C(O3)=O)=C,,1,1,5,Logistic Regression,Avalon
160,O=C(N[C@H](CO)C1)[C@H](C(C)C)SC2=C1C3=CC=CC=C3N2,,2,2,5,Logistic Regression,Avalon
162,C/C([C@@H]1[C@@](CCCC2=C(C)OC(OC)=CC2=O)(O1)C)=C\C3=CC=C([N+]([O-])=O)C=C3,,2,1,5,Logistic Regression,Avalon
168,COC1=C(OC)C=C(OC)C(/C=C/C)=C1,,1,1,5,Logistic Regression,Avalon
171,COC1=CC=C2C(C(CC(O)=O)C(C)N2C(C3=CC=C(Cl)C=C3)=O)=C1,,2,2,5,Logistic Regression,Avalon
172,CC(OC1=CC=CC=C1C(NC2=NC=C([N+]([O-])=O)S2)=O)=O,,2,2,5,Logistic Regression,Avalon
182,O[C@H]1[C@H](NCC2=CC=CC=C2)CCC1,,2,2,5,Logistic Regression,Avalon
191,O=C(OC)C1=C(C)C(C)=C2O[C@]3(C)CC[C@@]4([H])C(C)(C)[C@@H](O)CC[C@]4(C)[C@@]3([H])C[C@@]2(C)C1=O,,2,2,5,Logistic Regression,Avalon
215,CCCC(S)CCO,,0,0,5,Logistic Regression,Avalon
220,CC1=CC=C(C)C(OCCCC(C)(C)C(OC2OC(C(O)=O)C(O)C(O)C2O)=O)=C1,,0,0,5,Logistic Regression,Avalon
235,[H][C@]12CN(CC(=O)N1CCC1=CC=CC=C21)C(=O)C1CCCCC1,,1,1,5,Logistic Regression,Avalon
238,[H][C@]12CN(CC(=O)N1CCC1=CC(O)=CC=C21)C(=O)C1CCCCC1,,1,1,5,Logistic Regression,Avalon
246,NC(C1=CC=CC=C1OCC)=O,,2,2,5,Logistic Regression,Avalon
248,CN1C(C)C(C(C)C)C(N1C2=CC=CC=C2)=O,,2,0,5,Logistic Regression,Avalon
256,O[C@@H]1[C@@H](O)[C@H](O)[C@@H](CO)O[C@H]1C2=C(OC=C(C3=CC=C(O)C=C3)C4=O)C4=CC=C2O,,0,0,5,Logistic Regression,Avalon
267,O=C1OC2=CC3=C(C=CO3)C(O/C=C/C(C)C)=C2C=C1,,0,1,5,Logistic Regression,Avalon
286,COC1=CC2=C(C=C1OC)C(=O)C(CC1CCN(CC3=CC=CC=C3)CC1)C2,,1,2,5,Logistic Regression,Avalon
289,COC1=CC=C2C=C3C4=C(CC[N+]3=CC2=C1OC)C=C1OCOC1=C4,,0,1,5,Logistic Regression,Avalon
297,CC(C)CN1C=NC2=C(N)N=C3C=CC=CC3=C12,,0,1,5,Logistic Regression,Avalon
298,CC1=CN=C(C=N1)C(=O)NCCC1=CC=C(C=C1)S(=O)(=O)NC(=O)NC1CCCCC1,,0,0,5,Logistic Regression,Avalon
299,CC(=O)N1CCN(CC1)C1=CC=C(OC[C@H]2CO[C@@](CN3C=CN=C3)(O2)C2=C(Cl)C=C(Cl)C=C2)C=C1,,0,1,5,Logistic Regression,Avalon
333,CC1=C(C(OC)=O)C(C2=C([N+]([O-])=O)C=CC=C2)=C(C(OC)=O)C(C)=N1,,1,1,5,Logistic Regression,Avalon
351,CN(C)CCCN(C(C=CC=C1)=C1CC2)C3=C2C=CC=C3,,0,2,5,Logistic Regression,Avalon
373,COC1=CC=C(C=C1)C2=COC3=C(C2=O)C=CC(=C3)OC,,2,1,5,Logistic Regression,Avalon
374,CC1OC2(C(C)=CCCC2(C)C)CC1,,2,1,5,Logistic Regression,Avalon
398,O=C1CCC(C1C/C=C\CC)CC(OC)=O,,2,1,5,Logistic Regression,Avalon
400,CC(C1CCC(C=O)=CC1)=C,,1,1,5,Logistic Regression,Avalon
403,CC(C)[C@@H]1CC[C@@]([C@@H](C1)C(=C)C)(C)C=C,,0,0,5,Logistic Regression,Avalon
409,CC1(C=C)C(C(C)C)CC(C(C)C)CC1,,0,1,5,Logistic Regression,Avalon
413,C[C@@]1(CCC2)CC[C@@H](C(C)C)C[C@@]1([H])C2=C,,0,1,5,Logistic Regression,Avalon
428,CC(S)CC(OCC)=O,,0,0,5,Logistic Regression,Avalon
434,CC(C)C1=CC=C([C@]23[C@@](C[C@@H]4O)([H])C(C)(C)[C@@](O)(CC3)OC2)C4=C1,,2,2,5,Logistic Regression,Avalon
440,CC1=C2C(C(OC2)=O)=C(C(C/C=C(C)/CCC(OCCN3CCOCC3)=O)=C1OC)O,,0,0,5,Logistic Regression,Avalon
1,O=C1C[C@@H](C)[C@]2(C)CC(CCC2=C1)=C(C)C,,1,0,1,SVM,Avalon
12,CC(C)[C@H]1[C@H]2[C@](CC1)(C)[C@H]3[C@@H]2C(CBr)=CC3,,1,1,1,SVM,Avalon
18,O=C(N[C@H](C(N[C@@H](C1=CC=CC=C1)C(OC(C)(C)C)=O)=O)C)CC2=CC(F)=CC(F)=C2,,2,2,1,SVM,Avalon
20,O[C@H](/C=C\C#CC#CC1=CN(CC2=CC=CC=C2)N=N1)[C@H](O3)[C@@H]3[C@H](O)[C@H]4OC(CC4)=O,,2,2,1,SVM,Avalon
25,CC1=C(C)[C@]([C@]2=C(O)C=CC(C)=C2C)=C(O)C=C1,,1,1,1,SVM,Avalon
27,CC(C)C1=CC=C2C(C=CC=C2)=[C@@]1[C@@]3=CSC(C)=C3C,,1,1,1,SVM,Avalon
29,C12=CC=CC=C1N3C(C4=NC5=C(C=CC=C5)N4CC/C=C/CC3)=N2,,1,1,1,SVM,Avalon
34,CC1=CC=CC(C)=C1NC(CN(CC)CC)=O,,1,2,1,SVM,Avalon
40,ClC1=CC=C2C(N(CCCN(C)C)C(C=CC=C3)=C3S2)=C1,,2,2,1,SVM,Avalon
43,ClC1=C([C@@H](C(OC)=O)N2CCC(SC=C3)=C3C2)C=CC=C1,,2,1,1,SVM,Avalon
44,O=C(C(C)=C1)NC(N1[C@@H]2O[C@H](CO)[C@@H](N=[N+]=[N-])C2)=O,,2,0,1,SVM,Avalon
48,CN(CCC1)[C@@H]1C2=CC=CN=C2,,0,2,1,SVM,Avalon
51,O=C(C=C(C1=CC(OC)=C(OC)C=C1)O2)C3=C2C(OC)=C(OC)C(OC)=C3OC,,1,1,1,SVM,Avalon
52,O=C(C=C(C1=CC=C(OC)C=C1)O2)C3=C2C(OC)=C(OC)C(OC)=C3OC,,1,1,1,SVM,Avalon
58,BrC1=CC2=CC=CC=C2C3=C1C=CC=C3,,1,1,1,SVM,Avalon
61,CC(O[C@H]1[C@H](C(C)C)CC[C@@H](C)C1)=O,,1,2,1,SVM,Avalon
69,CC1CCCC2(C1CC(CC2)C(C)C)C,,1,0,1,SVM,Avalon
78,N#Cc1ccccc1,,1,1,1,SVM,Avalon
84,C[C@]12OC(=O)C(=C)[C@H]1CC(=O)C=C2,,1,1,1,SVM,Avalon
88,Cc1cc(O)c(cc1Br)[C@]2(C)CC[C@@H]3C[C@]23C,,1,1,1,SVM,Avalon
95,CC12C(O2)CC(C)(C)/C=C/C/C(C)=C/CC1,,1,1,1,SVM,Avalon
96,C/C1=C\CC(C)(C)C(O2)C2C/C(C)=C/CC1,,1,1,1,SVM,Avalon
98,CC12C(O2)CC(C)(C)C(O3)C3CC(C)(O4)C4CC1,,1,1,1,SVM,Avalon
99,CC1(C)C/C=C(C)/CC/C=C(C=O)/C/C=C/1,,1,1,1,SVM,Avalon
103,BrC1=C[C@]([H])(OC)[C@](O2)(C)[C@]3(C[C@]2([H])[C@](Cl)(C)CC3)C1(C)C,,1,1,1,SVM,Avalon
135,O=C1C(N(C)C)=C(C)N(C)N1C2=CC=CC=C2,,2,1,1,SVM,Avalon
137,FC(F)(F)C1=CC=C(OC(C2=CC=CC=C2)CCNC)C=C1,,2,1,1,SVM,Avalon
138,O=C(OC)[C@@H](N1CCC(SC=C2)=C2C1)C3=C(Cl)C=CC=C3,,2,1,1,SVM,Avalon
140,O=C1C2=C(N=CC=C2)N(C3CC3)C4=C(C(C)=CC=N4)N1,,2,0,1,SVM,Avalon
143,Cc1ccc(cc1Nc2nccc(n2)c3cccnc3)NC(=O)c4ccc(cc4)CN5CCN(CC5)C,,0,0,1,SVM,Avalon
144,O=C1N(/N=C\N1c2ccc(cc2)N7CCN(c6ccc(OCC3C[C@@](OC3)(c4ccc(F)cc4F)Cn5ncnc5)cc6)CC7)[C@@H](CC)[C@@H](O)C,,0,0,1,SVM,Avalon
159,O=C(O)C1=C(OC(C)=O)C=CC=C1,,2,2,1,SVM,Avalon
178,N=C(N(C)C)N(C)C,,2,0,1,SVM,Avalon
180,C12=NCCCN1CCCCC2,,2,1,1,SVM,Avalon
185,O[C@H]1CCCCC[C@@H]1NCC2=CC=CC=C2,,2,2,1,SVM,Avalon
203,OC(=O)c1ccccc1Nc2cccc(c2)C(F)(F)F,,0,1,1,SVM,Avalon
204,C[C@@]1(C2(C)C)CC[C@H]2C[C@H]1O,,0,2,1,SVM,Avalon
206,O=C1O[C@H](CCCCC)CCC1,,0,0,1,SVM,Avalon
221,CCCC[C@@H](Br)[C@]1(C)CCCC=C1,,1,1,1,SVM,Avalon
223,COC([C@H](O)[C@@H](O)C(OC)=O)=O,,1,0,1,SVM,Avalon
224,CC1=CC=C(S(N)=O)C=C1,,1,2,1,SVM,Avalon
225,OC(C)C1=CC=C(Br)C=C1,,1,1,1,SVM,Avalon
226,CC(C)[C@@H]1Sc2[nH]c3ccccc3c2C[C@@H](CO)NC1=O,,2,2,1,SVM,Avalon
249,CCN(CC)C1=CC=C2C(OC(C(C3=NC4=C(C=CC=C4)S3)=C2)=O)=C1,,2,0,1,SVM,Avalon
278,O=C1C[C@@H](C2=CC=CC=C2)OC3=CC=CC=C31,,0,1,1,SVM,Avalon
285,C\C(\C=C1/SC(=S)N(CC(O)=O)C1=O)=C/C1=CC=CC=C1,,2,1,1,SVM,Avalon
287,ClC1=C(Cl)C(=CC=C1)N1CCN(CCCCOC2=CC3=C(CCC(=O)N3)C=C2)CC1,,1,2,1,SVM,Avalon
290,C\N=C(\NCCSCC1=C(C)NC=N1)NC#N,,0,0,1,SVM,Avalon
291,ClC1=C(NC2=NCCN2)C2=NSN=C2C=C1,,0,1,1,SVM,Avalon
296,CC1(C)SC2[C@H](NC(=O)CC3=CC=CC=C3)C(=O)N2[C@H]1C(O)=O,,0,1,1,SVM,Avalon
322,O=C(C1=C(S(=O)(NC(NC2=NC(OC)=CC(OC)=N2)=O)=O)N(C)N=C1Cl)OC,,2,0,1,SVM,Avalon
326,CC(CC1)=C[C@@]2([H])C1=C(C)CC[C@@H]2C(C)C,,2,1,1,SVM,Avalon
328,CC1=C[C@@]([C@@H](C(C)C)CC[C@]2(O)C)([H])[C@@]2([H])CC1,,2,1,1,SVM,Avalon
329,CC1=C[C@@]([C@@H](C(C)C)CC[C@@]2(O)C)([H])[C@]2([H])CC1,,2,1,1,SVM,Avalon
332,ClC1=CC(N2CCCN(C)C)=C(C=C1)SC3=C2C=CC=C3,,2,2,1,SVM,Avalon
339,COC1=C2O[C@@H]3[C@]45C2=C(C=C1)C[C@@H](N(CC5)C)[C@]4([H])C=C[C@@H]3O,,1,1,1,SVM,Avalon
360,O=S(CC1=NC=C(C(OC)=C1C)CO)C2=NC3=C(N2)C=CC(OC)=C3,,0,2,1,SVM,Avalon
386,O[C@@H]1C[C@H](C)CC[C@H]1C(C)=O,,0,0,1,SVM,Avalon
439,O=C1NC2=C(N1CCCN3CCC(CC3)N4C(NC5=CC(Cl)=CC=C54)=O)C=CC=C2,,0,0,1,SVM,Avalon
448,CO[C@H]1[C@@H](C[C@@H]2CN3CCC4=C([C@H]3C[C@@H]2[C@@H]1C(=O)OC)NC5=C4C=CC(=C5)OC)OC(=O)C6=CC(=C(C(=C6)OC)OC)OC,,0,1,1,SVM,Avalon
2,CC1=CC(C[C@@H](C)[C@]1(C2)CCC2=C(C)C)=O,,1,1,2,SVM,Avalon
4,O=C(CCCCCCCCCCC1)OCCOC1=O,,1,0,2,SVM,Avalon
13,C[C@@]1(O)[C@@H](Br)C[C@H](C(C)=C)CC1,,1,1,2,SVM,Avalon
16,CC1(C)[C@@H]2[C@H]1CC=C(C)C2,,1,1,2,SVM,Avalon
31,O=C1N(C)C(C(N(C)C=N2)=C2N1C)=O,,1,2,2,SVM,Avalon
35,CNCCC(OC1=CC=C(C(F)(F)F)C=C1)C2=CC=CC=C2,,1,2,2,SVM,Avalon
36,COC1=CC=C2C(NC(S(CC3=C(C)C(OC)=C(C)C=N3)=O)=N2)=C1,,2,0,2,SVM,Avalon
38,O=C(OCCN(C)C)C1=CC=C(NCCCC)C=C1,,2,1,2,SVM,Avalon
47,ClC1=CC=C(NC(O[C@]2(C#CC3CC3)C(F)(F)F)=O)C2=C1,,2,1,2,SVM,Avalon
49,CC1=C2C(C=C1)=C(C)C=CC(C(C)C)=C2,,1,1,2,SVM,Avalon
53,O=C(C(OC)=C(C1=CC(OC)=C(OC)C=C1)O2)C3=C2C(OC)=C(OC)C(OC)=C3OC,,1,1,2,SVM,Avalon
62,CC(C(C)(C)O1)(C)OB1C(B2OC(C)(C)C(C)(C)O2)CCC3=CC=CC=C3,,1,1,2,SVM,Avalon
65,O=C(C(C#N)=C1)C=C(C1(C#C)C2)C3=C2C=CC=C3,,1,1,2,SVM,Avalon
71,C1OOC(O1)c2ccccc2,,1,1,2,SVM,Avalon
73,O1O[C@H](O[C@@H]1c2ccccc2)c3ccccc3,,1,1,2,SVM,Avalon
75,c1ccccc1,,1,1,2,SVM,Avalon
81,Fc1ccc(F)cc1,,1,1,2,SVM,Avalon
82,CN1C[C@@](C)(c2ccccc2)[C@@]3(C)[C@@H]1N(C)c4ccccc34,,1,2,2,SVM,Avalon
83,C[C@@]12OC(=O)C(=C)[C@]1(C)CC(=O)C=C2,,1,1,2,SVM,Avalon
86,CCOC(=O)\C=C\1/C[C@@](N1S(=O)(=O)c2ccc(C)cc2)(C(=O)OCC)c3ccccc3C,,1,2,2,SVM,Avalon
90,C[C@]1(Cl)CC2O[C@@]3(C)C=C[C@@](C)(O)[C@]2(C[C@@H]1Br)C3(C)C,,1,1,2,SVM,Avalon
100,CC1(C)/C=C/C/C(C=O)=C\CC/C(C=O)=C\C1,,1,1,2,SVM,Avalon
110,N#CCC1=CC=CC=C1,,1,1,2,SVM,Avalon
115,[N-]=[N+]=NC1=CC=C(C(F)(F)F)C=C1,,2,1,2,SVM,Avalon
116,C[C@@](O1)(OO2)CC[C@]3([H])[C@]2([C@]1([H])O4)[C@](CC[C@H]3C)([H])[C@@H](C)C4=O,,2,1,2,SVM,Avalon
120,CC1=CC[C@H](C(C)=C)CC1,,1,1,2,SVM,Avalon
123,C[C@H](CC[C@H]1C(C)C)CC1=O,,1,1,2,SVM,Avalon
129,IC1=C(C(OSC(F)(F)F)(C)C)C=CC=C1,,1,1,2,SVM,Avalon
133,OC(C=C1)=CC=C1C2COC3=CC(O)=CC=C3C2=O,,0,2,2,SVM,Avalon
141,CN3[C@H]1CC[C@@H]3C[C@@H](C1)OC(=O)C(CO)c2ccccc2,,2,2,2,SVM,Avalon
146,CCOc2nc1cccc(C(=O)O)c1n2Cc5ccc(c3ccccc3c4nn[nH]n4)cc5,,0,0,2,SVM,Avalon
151,C[C@@H]1CC[C@H]([C@@H](C1)OC(=O)C)C(C)C,,2,1,2,SVM,Avalon
163,O[C@H](C1)CC[C@@]2(C)C1=CC[C@]3([H])[C@]2([H])CC[C@@]4([H])[C@@]3([H])C[C@H](O)[C@]4([H])[C@H](C)[C@@H](O)CCC(C)C,,2,1,2,SVM,Avalon
165,[H][C@@]1(CO2)[C@](CO[C@@H]1C3=CC(OCO4)=C4C=C3)([H])[C@@H]2C5=CC(OCO6)=C6C=C5,,1,1,2,SVM,Avalon
166,COC1=C(OC)C=C(OC)C(/C=C\C)=C1,,1,1,2,SVM,Avalon
173,CC(C(O)=O)C1=CC=C(CC(C)C)C=C1,,2,2,2,SVM,Avalon
174,O[C@@H]1CCCC[C@H]1NC2CC2,,2,2,2,SVM,Avalon
176,CN(C)C1CCCCC1,,2,1,2,SVM,Avalon
179,N=C(NC1=CC=CC=C1)NC2=CC=CC=C2,,2,2,2,SVM,Avalon
195,OC(=O)c1ccc(O)cc1,,2,2,2,SVM,Avalon
196,CC1=C(/C=C/C(C)=C/C=C/C(C)=C/C=C/C=C(C)/C=C/C=C(C)/C=C/C2=C(C)CCCC2(C)C)C(C)(C)CCC1,,0,1,2,SVM,Avalon
209,CC(C)C1CC[C@]2(C)[C@@]1([H])[C@]3([H])[C@@]2([H])CCC3=C,,0,1,2,SVM,Avalon
218,CC1=C(O)C=C(C)C(OCCCC(C)(C)C(O)=O)=C1,,2,2,2,SVM,Avalon
219,CC1=CC=C(C(O)=O)C=C1OCCCC(C)(C)C(O)=O,,0,2,2,SVM,Avalon
227,COC(=O)C1=C(C)[C@]2(C)C[C@H]3[C@@](C)(CC[C@H]4C(C)(C)[C@@H](O)CC[C@]34C)OC2=C(C)C1=O,,2,2,2,SVM,Avalon
231,COCC(=O)N([C@H](C)C(=O)OC)c1c(C)cccc1C,,2,2,2,SVM,Avalon
284,CC(C)NCC(O)COC1=CC=CC2=CC=CC=C12,,2,2,2,SVM,Avalon
288,O=C1C2=CC=CC=C2C(=O)C2=C1C=CC1=C2NC2=C(N1)C1=C(C=C2)C(=O)C2=C(C=CC=C2)C1=O,,0,0,2,SVM,Avalon
309,CC[C@H]1OC(=O)[C@H](C)[C@H](C[C@@H](O[C@@H]2O[C@H](C)C[C@@H]([C@H]2O)N(C)C)[C@](C)(O)C[C@@H](C)C(=O)[C@H](C)[C@@H](C)[C@]1(C)O)O[C@H]1C[C@@](C)(OC)[C@@H](O)[C@H](C)O1,,0,0,2,SVM,Avalon
318,O=C(CC(C(C)1C)CC2)C21CS(=O)(O)=O,,0,2,2,SVM,Avalon
324,C[C@@H]1[C@]2([C@@]3([H])[C@](C)(O)CC2)[C@@]3([H])[C@@H](C(C)C)CC1,,2,1,2,SVM,Avalon
345,COC1=C(C(C(C(O)=C([C@@H](O)C[C@@](C(CO)=O)(O)C2)C2=C3O)C3C4=O)=O)C4=CC=C1,,0,1,2,SVM,Avalon
366,COC1=C(C2=CC=C1)C(C(C3C2=O)C(O)=C4[C@H](C[C@@](O)(CC4=C3O)C(CO)=O)O[C@H]5C[C@H](N)[C@H](O)[C@H](C)O5)=O,,0,0,2,SVM,Avalon
372,NC(N1C2=C(C=CC=C2)C=CC3=C1C=CC=C3)=O,,2,2,2,SVM,Avalon
407,[H][C@@]12[C@](CC[C@@H](C(C)C)C2)(C)CCC[C@]1(O)C,,2,1,2,SVM,Avalon
417,C[C@@]12CC[C@@H](C(C)C)C[C@@]1([H])C(C)=CCC2,,0,2,2,SVM,Avalon
421,CC12C(CC(C(C)=C)CC2)=C(C)C(CC1)=O,,0,1,2,SVM,Avalon
432,C[C@@H]1CCCCCCCCCCCCC(=O)C1,,0,0,2,SVM,Avalon
436,CC(C)C1=CC=C([C@@]2(C)[C@@](CC3=O)([H])C(C)(C)[C@H](O)CC2)C3=C1,,2,2,2,SVM,Avalon
446,CC1=C(C2=C(CC[C@@](O2)(C)CCC[C@H](C)CCC[C@H](C)CCCC(C)C)C(=C1O)C)C,,0,1,2,SVM,Avalon
7,C=C1CC/C=C(C)/CC[C@@H]2[C@@H]1CC2(C)C,,1,0,3,SVM,Avalon
9,Br[C@@H](CO)[C@](CC[C@H](Br)C(Br)(C)C)(Br)C,,1,1,3,SVM,Avalon
17,CN1[C@H]2CC[C@@H]1C[C@H](OC(C(CO)C3=CC=CC=C3)=O)C2,,2,2,3,SVM,Avalon
39,ClC1=C(N)C=C(OC)C(C(NCCN(CC)CC)=O)=C1,,2,2,3,SVM,Avalon
45,OCC(C(OC1CC(N2C)CCC2C1)=O)C3=CC=CC=C3,,2,2,3,SVM,Avalon
50,O=C1[C@@H](C)[C@]([C@]2([H])O1)([H])CC[C@@](C2=C3C)(C)C=CC3=O,,1,2,3,SVM,Avalon
56,O=C/C=C/C1=CC=CC=C1,,1,1,3,SVM,Avalon
57,O=C([C@@]1(C2C34)[C@@H]3[C@H]5C4(C(OC)=O)C2[C@H]51)OC,,1,2,3,SVM,Avalon
68,O=C1CC[C@@]2(C)C(CCC([C@@](CC[C@@H]3O)([H])[C@]3(C)C4)[C@]2([H])C4=O)=C1,,1,2,3,SVM,Avalon
72,O1O[C@@H](O[C@@H]1c2ccccc2)c3ccccc3,,1,1,3,SVM,Avalon
76,Fc1ccc(C=O)cc1,,1,1,3,SVM,Avalon
79,O=CC1=CC=CC=C1,,1,1,3,SVM,Avalon
80,Fc1ccccc1,,1,1,3,SVM,Avalon
85,Cn1c2c(CC[C@@]2(C)C=C)c3ccccc13,,1,0,3,SVM,Avalon
92,CC1(Cl)CC[C@@]2(CC1Br)C(C)(C)C(=C[C@H]3O[C@@]23C)Br,,1,1,3,SVM,Avalon
101,CC[C@@H](O1)[C@@H](Br)C[C@]1([H])[C@@]2([H])O[C@@H](C/C=C\C#C)[C@H](Br)C2,,1,1,3,SVM,Avalon
107,C[C@@H](CC1)[C@@]2([H])[C@]1([H])[C@@]3(C)[C@]2([H])[C@@H](C(C)=C)CC3,,1,0,3,SVM,Avalon
108,O=C(C)C1=CC=CC=C1,,1,1,3,SVM,Avalon
112,C12=CC=CC=C1C=C3C(C=CC=C3)=C2,,1,1,3,SVM,Avalon
121,CC1=CC[C@@H]2C(C)(C)[C@H]1C2,,1,2,3,SVM,Avalon
127,C[C@H]1CC2=C(C(C)=CO2)CC1,,1,2,3,SVM,Avalon
131,BrC1=CC=CC2=C1C(N=CC=C3)=C3C4=C2C=CC=C4,,1,1,3,SVM,Avalon
132,COC(C=C1)=CC=C1C2COC3=CC(OC)=CC=C3C2=O,,2,0,3,SVM,Avalon
136,NC1=C(S(=O)(CC)=O)C=C(C(NCC2N(CC)CCC2)=O)C(OC)=C1,,2,2,3,SVM,Avalon
139,CN(C)CCCN1C2=C(C=CC=C2)CCC3=C1C=CC=C3,,2,2,3,SVM,Avalon
147,C[C@H]1[C@H]([C@H](C[C@@H](O1)O[C@H]2C[C@@](Cc3c2c(c4c(c3O)C(=O)c5cccc(c5C4=O)OC)O)(C(=O)CO)O)N)O,,0,0,3,SVM,Avalon
148,COc1ccccc1OCCNCC(O)COc3cccc4[nH]c2ccccc2c34,,0,2,3,SVM,Avalon
155,COc1ccc(C=O)cc1,,2,1,3,SVM,Avalon
156,C1=CC=CC2=C1C3C(CC2)[C@@H](C(O3)=O)C,,1,1,3,SVM,Avalon
177,NCCC1=CC=CC=C1,,2,2,3,SVM,Avalon
183,O[C@H]1CCCC[C@@H]1NCC2=CC=CC=C2,,2,2,3,SVM,Avalon
186,O[C@@H]1CCCCC[C@H]1NCC2=CC=CC=C2,,2,2,3,SVM,Avalon
189,CC1(C)C(C(CCC)=O)=C(C)CCC1,,0,0,3,SVM,Avalon
190,O=C(OC)C1=C(C)C(C)=C2O[C@]3(C)CC[C@@]4([H])C(C)(C)[C@@H](O)CC[C@]4(C)[C@@]3([H])C[C@]2(C)C1=O,,2,2,3,SVM,Avalon
192,CC1=C(C)C(C(OC)=O)=C2O[C@]3(C)CC[C@@]4([H])C(C)(C)[C@@H](O)CC[C@]4(C)[C@@]3([H])C[C@]2(C)C1=O,,2,2,3,SVM,Avalon
216,CC1=CC=C(C)C(OCCCC(C)(C)C(O)=O)=C1,,2,2,3,SVM,Avalon
222,O[C@@H](CCCl)C1=CC=CC=C1,,1,1,3,SVM,Avalon
234,CCC1=CC=CC(=C1N(C(C)COC)C(=O)CCl)C,,2,2,3,SVM,Avalon
239,[H][C@]12CN(CC(=O)N1C[C@@H](O)C1=CC=CC=C21)C(=O)C1CCCCC1,,1,1,3,SVM,Avalon
244,C/C(C(O)=O)=C(OC(C)=O)\C=C,,0,2,3,SVM,Avalon
260,C[C@H](CCCC(C)C)[C@@]1([H])CC[C@@]2([H])[C@]3([H])CC=C4C[C@@H](C)CC[C@]4(C)[C@@]3([H])CC[C@@]21C,,2,0,3,SVM,Avalon
277,O=C(C1=C2C=C(C)C=C1O)C3=C(C=CC=C3O)C2=O,,2,0,3,SVM,Avalon
282,CCOC(=O)[C@H](CC1=CNC2=CC=CC=C12)NC(C)=O,,2,2,3,SVM,Avalon
303,[H][C@@]12CCCC[C@]1([H])CN(C[C@@H](O)[C@H](CSC1=CC=CC=C1)NC(=O)C1=CC=CC(O)=C1C)[C@@H](C2)C(=O)NC(C)(C)C,,0,0,3,SVM,Avalon
305,COC1=CC(=CC=C1CC1=CN(C)C2=CC=C(NC(=O)OC3CCCC3)C=C12)C(=O)NS(=O)(=O)C1=CC=CC=C1C,,0,2,3,SVM,Avalon
307,CC(C)[C@H](NC(=O)N(C)CC1=CSC(=N1)C(C)C)C(=O)N[C@H](C[C@H](O)[C@H](CC1=CC=CC=C1)NC(=O)OCC1=CN=CS1)CC1=CC=CC=C1,,0,2,3,SVM,Avalon
308,OCCN(CCO)C1=NC2=C(N=C(N=C2N2CCCCC2)N(CCO)CCO)C(=N1)N1CCCCC1,,0,0,3,SVM,Avalon
325,C/C1=C\CC[C@@](C)(O)/C=C/[C@@H](C(C)C)CC1,,1,0,3,SVM,Avalon
327,CC1=C[C@@]([C@@H](C(C)C)CC[C@]2(O)C)([H])[C@]2([H])CC1,,1,2,3,SVM,Avalon
349,[H]N(C(C1=CC=C(O)C=C1)=O)/N=C/C2=CC=C([N+]([O-])=O)O2,,2,2,3,SVM,Avalon
369,O=C(NN)C1=CC=NC=C1,,0,2,3,SVM,Avalon
378,CC1=CCCC(C)(C)[C@@]12O[C@@H](C)CC2,,1,2,3,SVM,Avalon
380,O=C([C@@H]1CC[C@@H](C)C[C@H]1O)C,,0,0,3,SVM,Avalon
381,CC([C@@H]1CC[C@@H](C)C[C@H]1OC(C[C@@H](O)C)=O)C,,0,2,3,SVM,Avalon
382,CC([C@@H]1CC[C@@H](C)C[C@H]1OCCO)C,,0,1,3,SVM,Avalon
385,CC1(C)C[C@@H](C(O)=O)[C@H](C(C)C)CC1,,2,2,3,SVM,Avalon
390,[NH3+] [C@@H](CC([O-])=O)C(N[C@@H](CC1=CC=CC=C1)C(OC)=O)=O,,0,1,3,SVM,Avalon
425,O=C(SC(C)CC)CC(C)C,,0,1,3,SVM,Avalon
435,CC(C)C1=CC=C([C@]23[C@@](CC4=O)([H])C(C)(C)[C@@H](CC3)OC2=O)C4=C1,,2,2,3,SVM,Avalon
437,CC(C)C1=CC=C([C@@]2(C)[C@@](CC3=O)([H])C(C)(C)C(CC2)=O)C3=C1,,2,2,3,SVM,Avalon
5,CC1(C)CCC[C@@]2(C)[C@H]1CC[C@]3(C)[C@@H]2CCO3,,1,2,4,SVM,Avalon
8,CC1=CC(C(C)(C)[C@H](C)CC2(C)C)=C2C=C1C(C)=O,,1,1,4,SVM,Avalon
11,CCC[C@H](SC(C1=CC(Br)=CC=C1)=O)CCOC(C2=CC(Br)=CC=C2)=O,,1,1,4,SVM,Avalon
21,O[C@H](/C=C/C#CC#CC1=CN(CC2=CC=CC=C2)N=N1)[C@H](O3)[C@@H]3[C@H](O)[C@H]4OC(CC4)=O,,2,2,4,SVM,Avalon
22,IC1=C(C(C)(C)OSC(F)(F)F)C=CC=C1,,1,1,4,SVM,Avalon
24,C[C@H]1C[C@@H](OC(C)=O)[C@H](C(C)C)CC1,,2,2,4,SVM,Avalon
26,CC1=C(C)[C@@]([C@@]2=C(O)C=CC(C)=C2C)=C(O)C=C1,,1,1,4,SVM,Avalon
32,NC1=C2C(C=CC=N2)=CC=C1,,1,1,4,SVM,Avalon
41,O=C1C(C2CCC(NC2=O)=O)C(C3=CC=CC=C31)=O,,2,1,4,SVM,Avalon
42,CC1=C(C(OC)=O)C(C(C(OC)=O)=C(C)N1)C2=C([N+]([O-])=O)C=CC=C2,,2,2,4,SVM,Avalon
46,CN(C)CCCN1C(C=CC=C2)=C2CCC3=C1C=CC=C3,,2,2,4,SVM,Avalon
55,O=CC1=CC=C([N+]([O-])=O)C=C1,,1,1,4,SVM,Avalon
63,CC(C(C)(C)O1)(C)OB1[C@@H](CCCCC)[C@H](B2OC(C)(C)C(C)(C)O2)C,,1,1,4,SVM,Avalon
64,CC(C(C)(C)O1)(C)OB1[C@@H](CCCCC)[C@@H](B2OC(C)(C)C(C)(C)O2)C,,1,1,4,SVM,Avalon
67,O[C@H]1CCC2=C(OC)C=CC=C2[C@H]1C(OC)=O,,1,2,4,SVM,Avalon
91,CC1=C[C@H](O)C(Br)C(C)(C)[C@]12CCC(C)(Cl)C(Br)C2,,1,1,4,SVM,Avalon
102,CC[C@@H](O1)[C@@H](Br)C[C@]1([H])[C@@]2([H])O[C@@H](C/C=C\C3=CN(CC(NC4=CC=CC=C4)=O)N=N3)[C@H](Br)C2,,1,2,4,SVM,Avalon
104,BrC1=C[C@@]([H])(OC)[C@](O2)(C)[C@]3(C[C@]2([H])[C@](Cl)(C)CC3)C1(C)C,,1,1,4,SVM,Avalon
109,[H]C(/C=C/C1=CC=CC=C1)=O,,1,1,4,SVM,Avalon
111,C12=CC=CC=C1C=CC=C2,,1,1,4,SVM,Avalon
114,OC1=C(OC)C=C(C=O)C=C1,,2,1,4,SVM,Avalon
118,CN1C=NC(C(F)(F)F)=C1C(OC)=O,,1,1,4,SVM,Avalon
119,CN1C(C(F)(F)F)=C([N+]([O-])=O)C=C1C(OC)=O,,1,1,4,SVM,Avalon
122,C[C@H]1C[C@@H](O)[C@H](C(C)C)CC1,,1,0,4,SVM,Avalon
124,C[C@H]1C[C@H](O)[C@H](C(C)C)CC1,,1,0,4,SVM,Avalon
128,C[C@@]12CC[C@H](C(C)(C)O2)CC1,,1,2,4,SVM,Avalon
142,CCN(CC)CC(=O)NC1=C(C)C=CC=C1C,,2,2,4,SVM,Avalon
145,O=C7OCC=6C(=O)N2C(\c1nc5c(c(c1C2)CC)cc(OC(=O)N4CCC(N3CCCCC3)CC4)cc5)=C/C=6[C@@]7(O)CC,,0,0,4,SVM,Avalon
149,O2C1(CCC(CC1)C2(C)C)C,,2,2,4,SVM,Avalon
150,O[C@H]1[C@H](C(C)C)CC[C@@H](C)C1,,2,0,4,SVM,Avalon
152,O(c1ccc(\C=C\C)cc1)C,,2,1,4,SVM,Avalon
161,O=C1C(C)=C2O[C@]3(C)CCC4C(C)(C)[C@@H](O)CC[C@]4(C)[C@@]3([H])C[C@@]2(C)C(C)=C1C(OC)=O,,2,2,4,SVM,Avalon
164,CC1(C)CC[C@]2(C)C[C@@]34[C@@H](C)CC[C@@H](O)[C@]3(C)CC[C@H]4[C@@]21[H],,2,2,4,SVM,Avalon
181,O[C@@H]1[C@@H](NCC2=CC=CC=C2)CCC1,,2,2,4,SVM,Avalon
184,O[C@@H]1CCCC[C@H]1NCC2=CC=CC=C2,,2,2,4,SVM,Avalon
187,C/C(C)=C/CC/C(C)=C/CO,,0,0,4,SVM,Avalon
188,C/C(C)=C/CC/C(C)=C/CC/C(C)=C/CO,,0,0,4,SVM,Avalon
193,O=C1C(C(OC)=O)=C(C)C(C)=C2O[C@@]3(C)CC[C@@]4([H])C(C)(C)[C@@H](O)CC[C@]4(C)[C@]3([H])C[C@@]21C,,2,2,4,SVM,Avalon
194,O=C1C(C(OC)=O)=C(C)[C@]2(C)C(O[C@]([C@]3(C)[C@](CC[C@H](O)C4)(C)[C@@]4([H])CC3)([H])C2)=C1C,,2,2,4,SVM,Avalon
198,O=C1CCCCC/C=C/CCCCCCCCO1,,0,1,4,SVM,Avalon
199,O=C1CCCCC/C=C\CCCCCCCCO1,,0,1,4,SVM,Avalon
211,CC([C@H]12)=CC[C@]32[C@]1([H])[C@H](C(C)C)CC[C@H]3C,,0,1,4,SVM,Avalon
213,CC(C12)=CC[C@@]3([H])C1[C@H](C(C)C)CC[C@@]32C,,0,1,4,SVM,Avalon
217,CC1=CC=C(CO)C=C1OCCCC(C)(C)C(O)=O,,2,0,4,SVM,Avalon
236,[H][C@]12CN(CC(=O)N1CCC1=CC=CC=C21)C(=O)[C@H]1CC[C@H](O)CC1,,1,1,4,SVM,Avalon
237,[H][C@]12CN(CC(=O)N1CCC1=CC=CC=C21)C(=O)[C@@H]1CC[C@H](O)CC1,,1,1,4,SVM,Avalon
240,OC12CN(CC(=O)N1CCC1=CC=CC=C21)C(=O)C1CCCCC1,,1,1,4,SVM,Avalon
241,O[C@]12CN(CC(=O)N1CCC1=CC=CC=C21)C(=O)C1CCCCC1,,1,1,4,SVM,Avalon
242,OC1=CC=C(NC(C)=O)C=C1,,0,2,4,SVM,Avalon
251,O[C@@H]1[C@@H](O)[C@H](O)[C@@H](CO)O[C@H]1OC2=CC=CC=C2CO,,0,0,4,SVM,Avalon
275,O=C(C1=C2C=C(C)C=C1O)C3=C(C=C(O)C=C3O)C2=O,,0,2,4,SVM,Avalon
281,C[C@@H](C1=C2C[C@H](O)[C@H]3[C@@]4(C)CCC(C(C)(C)[C@@H]4CC[C@]3(C)[C@@]2(C)CC1)=O)C[C@H](O)[C@@H](O)C(C)(O)C,,0,2,4,SVM,Avalon
283,COC(=O)[C@@H](N)CC1=CNC2=CC=CC=C12,,2,2,4,SVM,Avalon
293,CN1C(C(=O)NC2=NC=C(C)S2)=C(O)C2=C(C=CC=C2)S1(=O)=O,,0,0,4,SVM,Avalon
312,BrC1(CC2(Br)C3)CC(C2)(Br)CC3(Br)C1,,2,0,4,SVM,Avalon
344,O=C1[C@@H](CCCCCC)[C@H](C[C@H](CCCCCCCCCCC)OC([C@H](CC(C)C)NC=O)=O)O1,,2,0,4,SVM,Avalon
356,FC1=CC2=C(C=C1)C(C3CCN(CCC4=C(C)N=C5N(CCCC5)C4=O)CC3)=NO2,,2,0,4,SVM,Avalon
357,CN1CCN(CC1)S(=O)(C2=CC(C3=NC4=C(C(N3)=O)N(N=C4CCC)C)=C(OCC)C=C2)=O,,1,0,4,SVM,Avalon
363,ClC1=C(NC2=CC=CC=C2CC(O)=O)C(Cl)=CC=C1,,0,2,4,SVM,Avalon
384,CC1(C)C[C@@H](C(NC2=CC=C(CC#N)C=C2)=O)[C@H](C(C)C)CC1,,0,2,4,SVM,Avalon
3,C[C@@H]1CCC=C(CC/2)[C@@]1(C)CC2=C(C)\CO,,2,1,5,SVM,Avalon
6,C[C@@]1(CC2)[C@]3(O)C(C)(C)[C@H]2C[C@H]1[C@@H](C)CC3,,2,2,5,SVM,Avalon
10,C[C@@](CC[C@H](Br)C(Br)(C)C)(Br)[C@H](Br)CO,,1,1,5,SVM,Avalon
14,CCCCNc1ccc(cc1)C(=O)OCCN(C)C,,1,2,5,SVM,Avalon
15,CCCCCC=CCC=CCC=CCC=CCCCC(=O)OCC,,2,0,5,SVM,Avalon
19,CC1=C(NC(CN(CC)CC)=O)C(C)=CC=C1,,2,2,5,SVM,Avalon
28,CC(C)C1=CC=C2C(C=CC=C2)=[C@]1[C@]3=CSC(C)=C3C,,1,1,5,SVM,Avalon
30,C12=CC=CC=C1N=C3N2CC/C=C/CCN4C5=C(C=CC=C5)N=C34,,1,1,5,SVM,Avalon
37,NC1=CC=C(S(C2=CC=C(N)C=C2)(=O)=O)C=C1,,2,1,5,SVM,Avalon
54,NC1=C(C(C)C)C=CC=C1C(C)C,,1,1,5,SVM,Avalon
60,COC1=CC=C(/C=C/C)C=C1,,1,2,5,SVM,Avalon
74,C1C[C@H]2OOC(C1)O2,,1,1,5,SVM,Avalon
77,Clc1cccc(Cl)c1,,1,1,5,SVM,Avalon
87,CC1(C)C(Br)C[C@H]2O[C@@]2(C)[C@]13CC(Br)C(C)(Cl)CC3O,,1,1,5,SVM,Avalon
89,C[C@]1(Cl)CC2O[C@@]3(Br)[C@H](O)[C@H]4O[C@@]4(C)[C@]2(C[C@@H]1Br)C3(C)C,,1,1,5,SVM,Avalon
93,C/C1=C\CC(C)(C)/C=C/C/C(C)=C/CC1,,1,1,5,SVM,Avalon
94,C/C1=C\CC(C)(C)/C=C/CC2(C)C(O2)CC1,,1,1,5,SVM,Avalon
97,CC12C(O2)CC(C)(C)/C=C/CC(C)(O3)C3CC1,,1,1,5,SVM,Avalon
105,O=C(C(O)=C1)C2=CC=CC3=CC=CC1=C32,,1,1,5,SVM,Avalon
106,O=C(C(C1=CC=CC=C1)=C2)C3=CC=CC4=CC=CC2=C43,,1,1,5,SVM,Avalon
113,C1(/C=C/C2=CC=CC=C2)=CC=CC=C1,,2,1,5,SVM,Avalon
117,CN1C=NC([N+]([O-])=O)=C1C(F)(F)F,,1,1,5,SVM,Avalon
125,C[C@H](CC[C@@H]1C(C)C)CC1=O,,1,1,5,SVM,Avalon
130,CC#[N][Pd]1(Br)C2=CC=CC3=C2C([N]1=CC=C4)=C4C5=CC=CC=C53,,1,1,5,SVM,Avalon
134,O=C1C=CC2(C)C(C(OC(C3C)=O)C3CC2)=C1C,,2,1,5,SVM,Avalon
153,C[C@@]12C(C)(C)[C@@H](CC1=O)CC2,,2,0,5,SVM,Avalon
154,CC1(C)[C@H]2C[C@@H]1CC=C2C,,2,1,5,SVM,Avalon
158,C1=CC=CC2=C1C3C(CC2)C(C(O3)=O)=C,,1,1,5,SVM,Avalon
160,O=C(N[C@H](CO)C1)[C@H](C(C)C)SC2=C1C3=CC=CC=C3N2,,2,2,5,SVM,Avalon
162,C/C([C@@H]1[C@@](CCCC2=C(C)OC(OC)=CC2=O)(O1)C)=C\C3=CC=C([N+]([O-])=O)C=C3,,2,1,5,SVM,Avalon
168,COC1=C(OC)C=C(OC)C(/C=C/C)=C1,,1,1,5,SVM,Avalon
171,COC1=CC=C2C(C(CC(O)=O)C(C)N2C(C3=CC=C(Cl)C=C3)=O)=C1,,2,2,5,SVM,Avalon
172,CC(OC1=CC=CC=C1C(NC2=NC=C([N+]([O-])=O)S2)=O)=O,,2,0,5,SVM,Avalon
182,O[C@H]1[C@H](NCC2=CC=CC=C2)CCC1,,2,2,5,SVM,Avalon
191,O=C(OC)C1=C(C)C(C)=C2O[C@]3(C)CC[C@@]4([H])C(C)(C)[C@@H](O)CC[C@]4(C)[C@@]3([H])C[C@@]2(C)C1=O,,2,2,5,SVM,Avalon
215,CCCC(S)CCO,,0,0,5,SVM,Avalon
220,CC1=CC=C(C)C(OCCCC(C)(C)C(OC2OC(C(O)=O)C(O)C(O)C2O)=O)=C1,,0,0,5,SVM,Avalon
235,[H][C@]12CN(CC(=O)N1CCC1=CC=CC=C21)C(=O)C1CCCCC1,,1,1,5,SVM,Avalon
238,[H][C@]12CN(CC(=O)N1CCC1=CC(O)=CC=C21)C(=O)C1CCCCC1,,1,1,5,SVM,Avalon
246,NC(C1=CC=CC=C1OCC)=O,,2,2,5,SVM,Avalon
248,CN1C(C)C(C(C)C)C(N1C2=CC=CC=C2)=O,,2,0,5,SVM,Avalon
256,O[C@@H]1[C@@H](O)[C@H](O)[C@@H](CO)O[C@H]1C2=C(OC=C(C3=CC=C(O)C=C3)C4=O)C4=CC=C2O,,0,0,5,SVM,Avalon
267,O=C1OC2=CC3=C(C=CO3)C(O/C=C/C(C)C)=C2C=C1,,0,1,5,SVM,Avalon
286,COC1=CC2=C(C=C1OC)C(=O)C(CC1CCN(CC3=CC=CC=C3)CC1)C2,,1,2,5,SVM,Avalon
289,COC1=CC=C2C=C3C4=C(CC[N+]3=CC2=C1OC)C=C1OCOC1=C4,,0,1,5,SVM,Avalon
297,CC(C)CN1C=NC2=C(N)N=C3C=CC=CC3=C12,,0,1,5,SVM,Avalon
298,CC1=CN=C(C=N1)C(=O)NCCC1=CC=C(C=C1)S(=O)(=O)NC(=O)NC1CCCCC1,,0,0,5,SVM,Avalon
299,CC(=O)N1CCN(CC1)C1=CC=C(OC[C@H]2CO[C@@](CN3C=CN=C3)(O2)C2=C(Cl)C=C(Cl)C=C2)C=C1,,0,1,5,SVM,Avalon
333,CC1=C(C(OC)=O)C(C2=C([N+]([O-])=O)C=CC=C2)=C(C(OC)=O)C(C)=N1,,1,1,5,SVM,Avalon
351,CN(C)CCCN(C(C=CC=C1)=C1CC2)C3=C2C=CC=C3,,0,2,5,SVM,Avalon
373,COC1=CC=C(C=C1)C2=COC3=C(C2=O)C=CC(=C3)OC,,2,1,5,SVM,Avalon
374,CC1OC2(C(C)=CCCC2(C)C)CC1,,2,1,5,SVM,Avalon
398,O=C1CCC(C1C/C=C\CC)CC(OC)=O,,2,1,5,SVM,Avalon
400,CC(C1CCC(C=O)=CC1)=C,,1,1,5,SVM,Avalon
403,CC(C)[C@@H]1CC[C@@]([C@@H](C1)C(=C)C)(C)C=C,,0,1,5,SVM,Avalon
409,CC1(C=C)C(C(C)C)CC(C(C)C)CC1,,0,1,5,SVM,Avalon
413,C[C@@]1(CCC2)CC[C@@H](C(C)C)C[C@@]1([H])C2=C,,0,1,5,SVM,Avalon
428,CC(S)CC(OCC)=O,,0,0,5,SVM,Avalon
434,CC(C)C1=CC=C([C@]23[C@@](C[C@@H]4O)([H])C(C)(C)[C@@](O)(CC3)OC2)C4=C1,,2,2,5,SVM,Avalon
440,CC1=C2C(C(OC2)=O)=C(C(C/C=C(C)/CCC(OCCN3CCOCC3)=O)=C1OC)O,,0,0,5,SVM,Avalon
1,O=C1C[C@@H](C)[C@]2(C)CC(CCC2=C1)=C(C)C,,1,1,1,Random Forest,Avalon
12,CC(C)[C@H]1[C@H]2[C@](CC1)(C)[C@H]3[C@@H]2C(CBr)=CC3,,1,1,1,Random Forest,Avalon
18,O=C(N[C@H](C(N[C@@H](C1=CC=CC=C1)C(OC(C)(C)C)=O)=O)C)CC2=CC(F)=CC(F)=C2,,2,2,1,Random Forest,Avalon
20,O[C@H](/C=C\C#CC#CC1=CN(CC2=CC=CC=C2)N=N1)[C@H](O3)[C@@H]3[C@H](O)[C@H]4OC(CC4)=O,,2,2,1,Random Forest,Avalon
25,CC1=C(C)[C@]([C@]2=C(O)C=CC(C)=C2C)=C(O)C=C1,,1,1,1,Random Forest,Avalon
27,CC(C)C1=CC=C2C(C=CC=C2)=[C@@]1[C@@]3=CSC(C)=C3C,,1,1,1,Random Forest,Avalon
29,C12=CC=CC=C1N3C(C4=NC5=C(C=CC=C5)N4CC/C=C/CC3)=N2,,1,1,1,Random Forest,Avalon
34,CC1=CC=CC(C)=C1NC(CN(CC)CC)=O,,1,2,1,Random Forest,Avalon
40,ClC1=CC=C2C(N(CCCN(C)C)C(C=CC=C3)=C3S2)=C1,,2,1,1,Random Forest,Avalon
43,ClC1=C([C@@H](C(OC)=O)N2CCC(SC=C3)=C3C2)C=CC=C1,,2,1,1,Random Forest,Avalon
44,O=C(C(C)=C1)NC(N1[C@@H]2O[C@H](CO)[C@@H](N=[N+]=[N-])C2)=O,,2,0,1,Random Forest,Avalon
48,CN(CCC1)[C@@H]1C2=CC=CN=C2,,0,1,1,Random Forest,Avalon
51,O=C(C=C(C1=CC(OC)=C(OC)C=C1)O2)C3=C2C(OC)=C(OC)C(OC)=C3OC,,1,1,1,Random Forest,Avalon
52,O=C(C=C(C1=CC=C(OC)C=C1)O2)C3=C2C(OC)=C(OC)C(OC)=C3OC,,1,1,1,Random Forest,Avalon
58,BrC1=CC2=CC=CC=C2C3=C1C=CC=C3,,1,1,1,Random Forest,Avalon
61,CC(O[C@H]1[C@H](C(C)C)CC[C@@H](C)C1)=O,,1,2,1,Random Forest,Avalon
69,CC1CCCC2(C1CC(CC2)C(C)C)C,,1,0,1,Random Forest,Avalon
78,N#Cc1ccccc1,,1,1,1,Random Forest,Avalon
84,C[C@]12OC(=O)C(=C)[C@H]1CC(=O)C=C2,,1,1,1,Random Forest,Avalon
88,Cc1cc(O)c(cc1Br)[C@]2(C)CC[C@@H]3C[C@]23C,,1,1,1,Random Forest,Avalon
95,CC12C(O2)CC(C)(C)/C=C/C/C(C)=C/CC1,,1,1,1,Random Forest,Avalon
96,C/C1=C\CC(C)(C)C(O2)C2C/C(C)=C/CC1,,1,1,1,Random Forest,Avalon
98,CC12C(O2)CC(C)(C)C(O3)C3CC(C)(O4)C4CC1,,1,1,1,Random Forest,Avalon
99,CC1(C)C/C=C(C)/CC/C=C(C=O)/C/C=C/1,,1,1,1,Random Forest,Avalon
103,BrC1=C[C@]([H])(OC)[C@](O2)(C)[C@]3(C[C@]2([H])[C@](Cl)(C)CC3)C1(C)C,,1,1,1,Random Forest,Avalon
135,O=C1C(N(C)C)=C(C)N(C)N1C2=CC=CC=C2,,2,2,1,Random Forest,Avalon
137,FC(F)(F)C1=CC=C(OC(C2=CC=CC=C2)CCNC)C=C1,,2,1,1,Random Forest,Avalon
138,O=C(OC)[C@@H](N1CCC(SC=C2)=C2C1)C3=C(Cl)C=CC=C3,,2,1,1,Random Forest,Avalon
140,O=C1C2=C(N=CC=C2)N(C3CC3)C4=C(C(C)=CC=N4)N1,,2,0,1,Random Forest,Avalon
143,Cc1ccc(cc1Nc2nccc(n2)c3cccnc3)NC(=O)c4ccc(cc4)CN5CCN(CC5)C,,0,2,1,Random Forest,Avalon
144,O=C1N(/N=C\N1c2ccc(cc2)N7CCN(c6ccc(OCC3C[C@@](OC3)(c4ccc(F)cc4F)Cn5ncnc5)cc6)CC7)[C@@H](CC)[C@@H](O)C,,0,0,1,Random Forest,Avalon
159,O=C(O)C1=C(OC(C)=O)C=CC=C1,,2,2,1,Random Forest,Avalon
178,N=C(N(C)C)N(C)C,,2,1,1,Random Forest,Avalon
180,C12=NCCCN1CCCCC2,,2,1,1,Random Forest,Avalon
185,O[C@H]1CCCCC[C@@H]1NCC2=CC=CC=C2,,2,2,1,Random Forest,Avalon
203,OC(=O)c1ccccc1Nc2cccc(c2)C(F)(F)F,,0,2,1,Random Forest,Avalon
204,C[C@@]1(C2(C)C)CC[C@H]2C[C@H]1O,,0,2,1,Random Forest,Avalon
206,O=C1O[C@H](CCCCC)CCC1,,0,0,1,Random Forest,Avalon
221,CCCC[C@@H](Br)[C@]1(C)CCCC=C1,,1,1,1,Random Forest,Avalon
223,COC([C@H](O)[C@@H](O)C(OC)=O)=O,,1,0,1,Random Forest,Avalon
224,CC1=CC=C(S(N)=O)C=C1,,1,2,1,Random Forest,Avalon
225,OC(C)C1=CC=C(Br)C=C1,,1,1,1,Random Forest,Avalon
226,CC(C)[C@@H]1Sc2[nH]c3ccccc3c2C[C@@H](CO)NC1=O,,2,2,1,Random Forest,Avalon
249,CCN(CC)C1=CC=C2C(OC(C(C3=NC4=C(C=CC=C4)S3)=C2)=O)=C1,,2,0,1,Random Forest,Avalon
278,O=C1C[C@@H](C2=CC=CC=C2)OC3=CC=CC=C31,,0,2,1,Random Forest,Avalon
285,C\C(\C=C1/SC(=S)N(CC(O)=O)C1=O)=C/C1=CC=CC=C1,,2,1,1,Random Forest,Avalon
287,ClC1=C(Cl)C(=CC=C1)N1CCN(CCCCOC2=CC3=C(CCC(=O)N3)C=C2)CC1,,1,2,1,Random Forest,Avalon
290,C\N=C(\NCCSCC1=C(C)NC=N1)NC#N,,0,1,1,Random Forest,Avalon
291,ClC1=C(NC2=NCCN2)C2=NSN=C2C=C1,,0,1,1,Random Forest,Avalon
296,CC1(C)SC2[C@H](NC(=O)CC3=CC=CC=C3)C(=O)N2[C@H]1C(O)=O,,0,0,1,Random Forest,Avalon
322,O=C(C1=C(S(=O)(NC(NC2=NC(OC)=CC(OC)=N2)=O)=O)N(C)N=C1Cl)OC,,2,1,1,Random Forest,Avalon
326,CC(CC1)=C[C@@]2([H])C1=C(C)CC[C@@H]2C(C)C,,2,1,1,Random Forest,Avalon
328,CC1=C[C@@]([C@@H](C(C)C)CC[C@]2(O)C)([H])[C@@]2([H])CC1,,2,1,1,Random Forest,Avalon
329,CC1=C[C@@]([C@@H](C(C)C)CC[C@@]2(O)C)([H])[C@]2([H])CC1,,2,1,1,Random Forest,Avalon
332,ClC1=CC(N2CCCN(C)C)=C(C=C1)SC3=C2C=CC=C3,,2,1,1,Random Forest,Avalon
339,COC1=C2O[C@@H]3[C@]45C2=C(C=C1)C[C@@H](N(CC5)C)[C@]4([H])C=C[C@@H]3O,,1,0,1,Random Forest,Avalon
360,O=S(CC1=NC=C(C(OC)=C1C)CO)C2=NC3=C(N2)C=CC(OC)=C3,,0,2,1,Random Forest,Avalon
386,O[C@@H]1C[C@H](C)CC[C@H]1C(C)=O,,0,0,1,Random Forest,Avalon
439,O=C1NC2=C(N1CCCN3CCC(CC3)N4C(NC5=CC(Cl)=CC=C54)=O)C=CC=C2,,0,0,1,Random Forest,Avalon
448,CO[C@H]1[C@@H](C[C@@H]2CN3CCC4=C([C@H]3C[C@@H]2[C@@H]1C(=O)OC)NC5=C4C=CC(=C5)OC)OC(=O)C6=CC(=C(C(=C6)OC)OC)OC,,0,0,1,Random Forest,Avalon
2,CC1=CC(C[C@@H](C)[C@]1(C2)CCC2=C(C)C)=O,,1,1,2,Random Forest,Avalon
4,O=C(CCCCCCCCCCC1)OCCOC1=O,,1,0,2,Random Forest,Avalon
13,C[C@@]1(O)[C@@H](Br)C[C@H](C(C)=C)CC1,,1,1,2,Random Forest,Avalon
16,CC1(C)[C@@H]2[C@H]1CC=C(C)C2,,1,1,2,Random Forest,Avalon
31,O=C1N(C)C(C(N(C)C=N2)=C2N1C)=O,,1,2,2,Random Forest,Avalon
35,CNCCC(OC1=CC=C(C(F)(F)F)C=C1)C2=CC=CC=C2,,1,2,2,Random Forest,Avalon
36,COC1=CC=C2C(NC(S(CC3=C(C)C(OC)=C(C)C=N3)=O)=N2)=C1,,2,0,2,Random Forest,Avalon
38,O=C(OCCN(C)C)C1=CC=C(NCCCC)C=C1,,2,1,2,Random Forest,Avalon
47,ClC1=CC=C(NC(O[C@]2(C#CC3CC3)C(F)(F)F)=O)C2=C1,,2,1,2,Random Forest,Avalon
49,CC1=C2C(C=C1)=C(C)C=CC(C(C)C)=C2,,1,1,2,Random Forest,Avalon
53,O=C(C(OC)=C(C1=CC(OC)=C(OC)C=C1)O2)C3=C2C(OC)=C(OC)C(OC)=C3OC,,1,1,2,Random Forest,Avalon
62,CC(C(C)(C)O1)(C)OB1C(B2OC(C)(C)C(C)(C)O2)CCC3=CC=CC=C3,,1,1,2,Random Forest,Avalon
65,O=C(C(C#N)=C1)C=C(C1(C#C)C2)C3=C2C=CC=C3,,1,1,2,Random Forest,Avalon
71,C1OOC(O1)c2ccccc2,,1,1,2,Random Forest,Avalon
73,O1O[C@H](O[C@@H]1c2ccccc2)c3ccccc3,,1,1,2,Random Forest,Avalon
75,c1ccccc1,,1,1,2,Random Forest,Avalon
81,Fc1ccc(F)cc1,,1,1,2,Random Forest,Avalon
82,CN1C[C@@](C)(c2ccccc2)[C@@]3(C)[C@@H]1N(C)c4ccccc34,,1,1,2,Random Forest,Avalon
83,C[C@@]12OC(=O)C(=C)[C@]1(C)CC(=O)C=C2,,1,1,2,Random Forest,Avalon
86,CCOC(=O)\C=C\1/C[C@@](N1S(=O)(=O)c2ccc(C)cc2)(C(=O)OCC)c3ccccc3C,,1,2,2,Random Forest,Avalon
90,C[C@]1(Cl)CC2O[C@@]3(C)C=C[C@@](C)(O)[C@]2(C[C@@H]1Br)C3(C)C,,1,1,2,Random Forest,Avalon
100,CC1(C)/C=C/C/C(C=O)=C\CC/C(C=O)=C\C1,,1,1,2,Random Forest,Avalon
110,N#CCC1=CC=CC=C1,,1,1,2,Random Forest,Avalon
115,[N-]=[N+]=NC1=CC=C(C(F)(F)F)C=C1,,2,1,2,Random Forest,Avalon
116,C[C@@](O1)(OO2)CC[C@]3([H])[C@]2([C@]1([H])O4)[C@](CC[C@H]3C)([H])[C@@H](C)C4=O,,2,2,2,Random Forest,Avalon
120,CC1=CC[C@H](C(C)=C)CC1,,1,1,2,Random Forest,Avalon
123,C[C@H](CC[C@H]1C(C)C)CC1=O,,1,1,2,Random Forest,Avalon
129,IC1=C(C(OSC(F)(F)F)(C)C)C=CC=C1,,1,1,2,Random Forest,Avalon
133,OC(C=C1)=CC=C1C2COC3=CC(O)=CC=C3C2=O,,0,2,2,Random Forest,Avalon
141,CN3[C@H]1CC[C@@H]3C[C@@H](C1)OC(=O)C(CO)c2ccccc2,,2,2,2,Random Forest,Avalon
146,CCOc2nc1cccc(C(=O)O)c1n2Cc5ccc(c3ccccc3c4nn[nH]n4)cc5,,0,0,2,Random Forest,Avalon
151,C[C@@H]1CC[C@H]([C@@H](C1)OC(=O)C)C(C)C,,2,1,2,Random Forest,Avalon
163,O[C@H](C1)CC[C@@]2(C)C1=CC[C@]3([H])[C@]2([H])CC[C@@]4([H])[C@@]3([H])C[C@H](O)[C@]4([H])[C@H](C)[C@@H](O)CCC(C)C,,2,1,2,Random Forest,Avalon
165,[H][C@@]1(CO2)[C@](CO[C@@H]1C3=CC(OCO4)=C4C=C3)([H])[C@@H]2C5=CC(OCO6)=C6C=C5,,1,1,2,Random Forest,Avalon
166,COC1=C(OC)C=C(OC)C(/C=C\C)=C1,,1,1,2,Random Forest,Avalon
173,CC(C(O)=O)C1=CC=C(CC(C)C)C=C1,,2,2,2,Random Forest,Avalon
174,O[C@@H]1CCCC[C@H]1NC2CC2,,2,2,2,Random Forest,Avalon
176,CN(C)C1CCCCC1,,2,2,2,Random Forest,Avalon
179,N=C(NC1=CC=CC=C1)NC2=CC=CC=C2,,2,2,2,Random Forest,Avalon
195,OC(=O)c1ccc(O)cc1,,2,1,2,Random Forest,Avalon
196,CC1=C(/C=C/C(C)=C/C=C/C(C)=C/C=C/C=C(C)/C=C/C=C(C)/C=C/C2=C(C)CCCC2(C)C)C(C)(C)CCC1,,0,1,2,Random Forest,Avalon
209,CC(C)C1CC[C@]2(C)[C@@]1([H])[C@]3([H])[C@@]2([H])CCC3=C,,0,1,2,Random Forest,Avalon
218,CC1=C(O)C=C(C)C(OCCCC(C)(C)C(O)=O)=C1,,2,2,2,Random Forest,Avalon
219,CC1=CC=C(C(O)=O)C=C1OCCCC(C)(C)C(O)=O,,0,2,2,Random Forest,Avalon
227,COC(=O)C1=C(C)[C@]2(C)C[C@H]3[C@@](C)(CC[C@H]4C(C)(C)[C@@H](O)CC[C@]34C)OC2=C(C)C1=O,,2,2,2,Random Forest,Avalon
231,COCC(=O)N([C@H](C)C(=O)OC)c1c(C)cccc1C,,2,2,2,Random Forest,Avalon
284,CC(C)NCC(O)COC1=CC=CC2=CC=CC=C12,,2,2,2,Random Forest,Avalon
288,O=C1C2=CC=CC=C2C(=O)C2=C1C=CC1=C2NC2=C(N1)C1=C(C=C2)C(=O)C2=C(C=CC=C2)C1=O,,0,2,2,Random Forest,Avalon
309,CC[C@H]1OC(=O)[C@H](C)[C@H](C[C@@H](O[C@@H]2O[C@H](C)C[C@@H]([C@H]2O)N(C)C)[C@](C)(O)C[C@@H](C)C(=O)[C@H](C)[C@@H](C)[C@]1(C)O)O[C@H]1C[C@@](C)(OC)[C@@H](O)[C@H](C)O1,,0,1,2,Random Forest,Avalon
318,O=C(CC(C(C)1C)CC2)C21CS(=O)(O)=O,,0,0,2,Random Forest,Avalon
324,C[C@@H]1[C@]2([C@@]3([H])[C@](C)(O)CC2)[C@@]3([H])[C@@H](C(C)C)CC1,,2,1,2,Random Forest,Avalon
345,COC1=C(C(C(C(O)=C([C@@H](O)C[C@@](C(CO)=O)(O)C2)C2=C3O)C3C4=O)=O)C4=CC=C1,,0,1,2,Random Forest,Avalon
366,COC1=C(C2=CC=C1)C(C(C3C2=O)C(O)=C4[C@H](C[C@@](O)(CC4=C3O)C(CO)=O)O[C@H]5C[C@H](N)[C@H](O)[C@H](C)O5)=O,,0,0,2,Random Forest,Avalon
372,NC(N1C2=C(C=CC=C2)C=CC3=C1C=CC=C3)=O,,2,2,2,Random Forest,Avalon
407,[H][C@@]12[C@](CC[C@@H](C(C)C)C2)(C)CCC[C@]1(O)C,,2,1,2,Random Forest,Avalon
417,C[C@@]12CC[C@@H](C(C)C)C[C@@]1([H])C(C)=CCC2,,0,2,2,Random Forest,Avalon
421,CC12C(CC(C(C)=C)CC2)=C(C)C(CC1)=O,,0,1,2,Random Forest,Avalon
432,C[C@@H]1CCCCCCCCCCCCC(=O)C1,,0,0,2,Random Forest,Avalon
436,CC(C)C1=CC=C([C@@]2(C)[C@@](CC3=O)([H])C(C)(C)[C@H](O)CC2)C3=C1,,2,2,2,Random Forest,Avalon
446,CC1=C(C2=C(CC[C@@](O2)(C)CCC[C@H](C)CCC[C@H](C)CCCC(C)C)C(=C1O)C)C,,0,1,2,Random Forest,Avalon
7,C=C1CC/C=C(C)/CC[C@@H]2[C@@H]1CC2(C)C,,1,0,3,Random Forest,Avalon
9,Br[C@@H](CO)[C@](CC[C@H](Br)C(Br)(C)C)(Br)C,,1,1,3,Random Forest,Avalon
17,CN1[C@H]2CC[C@@H]1C[C@H](OC(C(CO)C3=CC=CC=C3)=O)C2,,2,2,3,Random Forest,Avalon
39,ClC1=C(N)C=C(OC)C(C(NCCN(CC)CC)=O)=C1,,2,2,3,Random Forest,Avalon
45,OCC(C(OC1CC(N2C)CCC2C1)=O)C3=CC=CC=C3,,2,2,3,Random Forest,Avalon
50,O=C1[C@@H](C)[C@]([C@]2([H])O1)([H])CC[C@@](C2=C3C)(C)C=CC3=O,,1,2,3,Random Forest,Avalon
56,O=C/C=C/C1=CC=CC=C1,,1,1,3,Random Forest,Avalon
57,O=C([C@@]1(C2C34)[C@@H]3[C@H]5C4(C(OC)=O)C2[C@H]51)OC,,1,2,3,Random Forest,Avalon
68,O=C1CC[C@@]2(C)C(CCC([C@@](CC[C@@H]3O)([H])[C@]3(C)C4)[C@]2([H])C4=O)=C1,,1,2,3,Random Forest,Avalon
72,O1O[C@@H](O[C@@H]1c2ccccc2)c3ccccc3,,1,1,3,Random Forest,Avalon
76,Fc1ccc(C=O)cc1,,1,1,3,Random Forest,Avalon
79,O=CC1=CC=CC=C1,,1,1,3,Random Forest,Avalon
80,Fc1ccccc1,,1,1,3,Random Forest,Avalon
85,Cn1c2c(CC[C@@]2(C)C=C)c3ccccc13,,1,2,3,Random Forest,Avalon
92,CC1(Cl)CC[C@@]2(CC1Br)C(C)(C)C(=C[C@H]3O[C@@]23C)Br,,1,1,3,Random Forest,Avalon
101,CC[C@@H](O1)[C@@H](Br)C[C@]1([H])[C@@]2([H])O[C@@H](C/C=C\C#C)[C@H](Br)C2,,1,1,3,Random Forest,Avalon
107,C[C@@H](CC1)[C@@]2([H])[C@]1([H])[C@@]3(C)[C@]2([H])[C@@H](C(C)=C)CC3,,1,0,3,Random Forest,Avalon
108,O=C(C)C1=CC=CC=C1,,1,1,3,Random Forest,Avalon
112,C12=CC=CC=C1C=C3C(C=CC=C3)=C2,,1,1,3,Random Forest,Avalon
121,CC1=CC[C@@H]2C(C)(C)[C@H]1C2,,1,2,3,Random Forest,Avalon
127,C[C@H]1CC2=C(C(C)=CO2)CC1,,1,1,3,Random Forest,Avalon
131,BrC1=CC=CC2=C1C(N=CC=C3)=C3C4=C2C=CC=C4,,1,1,3,Random Forest,Avalon
132,COC(C=C1)=CC=C1C2COC3=CC(OC)=CC=C3C2=O,,2,0,3,Random Forest,Avalon
136,NC1=C(S(=O)(CC)=O)C=C(C(NCC2N(CC)CCC2)=O)C(OC)=C1,,2,2,3,Random Forest,Avalon
139,CN(C)CCCN1C2=C(C=CC=C2)CCC3=C1C=CC=C3,,2,2,3,Random Forest,Avalon
147,C[C@H]1[C@H]([C@H](C[C@@H](O1)O[C@H]2C[C@@](Cc3c2c(c4c(c3O)C(=O)c5cccc(c5C4=O)OC)O)(C(=O)CO)O)N)O,,0,0,3,Random Forest,Avalon
148,COc1ccccc1OCCNCC(O)COc3cccc4[nH]c2ccccc2c34,,0,2,3,Random Forest,Avalon
155,COc1ccc(C=O)cc1,,2,1,3,Random Forest,Avalon
156,C1=CC=CC2=C1C3C(CC2)[C@@H](C(O3)=O)C,,1,1,3,Random Forest,Avalon
177,NCCC1=CC=CC=C1,,2,2,3,Random Forest,Avalon
183,O[C@H]1CCCC[C@@H]1NCC2=CC=CC=C2,,2,2,3,Random Forest,Avalon
186,O[C@@H]1CCCCC[C@H]1NCC2=CC=CC=C2,,2,2,3,Random Forest,Avalon
189,CC1(C)C(C(CCC)=O)=C(C)CCC1,,0,1,3,Random Forest,Avalon
190,O=C(OC)C1=C(C)C(C)=C2O[C@]3(C)CC[C@@]4([H])C(C)(C)[C@@H](O)CC[C@]4(C)[C@@]3([H])C[C@]2(C)C1=O,,2,2,3,Random Forest,Avalon
192,CC1=C(C)C(C(OC)=O)=C2O[C@]3(C)CC[C@@]4([H])C(C)(C)[C@@H](O)CC[C@]4(C)[C@@]3([H])C[C@]2(C)C1=O,,2,2,3,Random Forest,Avalon
216,CC1=CC=C(C)C(OCCCC(C)(C)C(O)=O)=C1,,2,2,3,Random Forest,Avalon
222,O[C@@H](CCCl)C1=CC=CC=C1,,1,1,3,Random Forest,Avalon
234,CCC1=CC=CC(=C1N(C(C)COC)C(=O)CCl)C,,2,2,3,Random Forest,Avalon
239,[H][C@]12CN(CC(=O)N1C[C@@H](O)C1=CC=CC=C21)C(=O)C1CCCCC1,,1,1,3,Random Forest,Avalon
244,C/C(C(O)=O)=C(OC(C)=O)\C=C,,0,2,3,Random Forest,Avalon
260,C[C@H](CCCC(C)C)[C@@]1([H])CC[C@@]2([H])[C@]3([H])CC=C4C[C@@H](C)CC[C@]4(C)[C@@]3([H])CC[C@@]21C,,2,0,3,Random Forest,Avalon
277,O=C(C1=C2C=C(C)C=C1O)C3=C(C=CC=C3O)C2=O,,2,0,3,Random Forest,Avalon
282,CCOC(=O)[C@H](CC1=CNC2=CC=CC=C12)NC(C)=O,,2,2,3,Random Forest,Avalon
303,[H][C@@]12CCCC[C@]1([H])CN(C[C@@H](O)[C@H](CSC1=CC=CC=C1)NC(=O)C1=CC=CC(O)=C1C)[C@@H](C2)C(=O)NC(C)(C)C,,0,1,3,Random Forest,Avalon
305,COC1=CC(=CC=C1CC1=CN(C)C2=CC=C(NC(=O)OC3CCCC3)C=C12)C(=O)NS(=O)(=O)C1=CC=CC=C1C,,0,0,3,Random Forest,Avalon
307,CC(C)[C@H](NC(=O)N(C)CC1=CSC(=N1)C(C)C)C(=O)N[C@H](C[C@H](O)[C@H](CC1=CC=CC=C1)NC(=O)OCC1=CN=CS1)CC1=CC=CC=C1,,0,0,3,Random Forest,Avalon
308,OCCN(CCO)C1=NC2=C(N=C(N=C2N2CCCCC2)N(CCO)CCO)C(=N1)N1CCCCC1,,0,0,3,Random Forest,Avalon
325,C/C1=C\CC[C@@](C)(O)/C=C/[C@@H](C(C)C)CC1,,1,2,3,Random Forest,Avalon
327,CC1=C[C@@]([C@@H](C(C)C)CC[C@]2(O)C)([H])[C@]2([H])CC1,,1,2,3,Random Forest,Avalon
349,[H]N(C(C1=CC=C(O)C=C1)=O)/N=C/C2=CC=C([N+]([O-])=O)O2,,2,1,3,Random Forest,Avalon
369,O=C(NN)C1=CC=NC=C1,,0,2,3,Random Forest,Avalon
378,CC1=CCCC(C)(C)[C@@]12O[C@@H](C)CC2,,1,2,3,Random Forest,Avalon
380,O=C([C@@H]1CC[C@@H](C)C[C@H]1O)C,,0,0,3,Random Forest,Avalon
381,CC([C@@H]1CC[C@@H](C)C[C@H]1OC(C[C@@H](O)C)=O)C,,0,2,3,Random Forest,Avalon
382,CC([C@@H]1CC[C@@H](C)C[C@H]1OCCO)C,,0,1,3,Random Forest,Avalon
385,CC1(C)C[C@@H](C(O)=O)[C@H](C(C)C)CC1,,2,2,3,Random Forest,Avalon
390,[NH3+] [C@@H](CC([O-])=O)C(N[C@@H](CC1=CC=CC=C1)C(OC)=O)=O,,0,1,3,Random Forest,Avalon
425,O=C(SC(C)CC)CC(C)C,,0,1,3,Random Forest,Avalon
435,CC(C)C1=CC=C([C@]23[C@@](CC4=O)([H])C(C)(C)[C@@H](CC3)OC2=O)C4=C1,,2,2,3,Random Forest,Avalon
437,CC(C)C1=CC=C([C@@]2(C)[C@@](CC3=O)([H])C(C)(C)C(CC2)=O)C3=C1,,2,2,3,Random Forest,Avalon
5,CC1(C)CCC[C@@]2(C)[C@H]1CC[C@]3(C)[C@@H]2CCO3,,1,2,4,Random Forest,Avalon
8,CC1=CC(C(C)(C)[C@H](C)CC2(C)C)=C2C=C1C(C)=O,,1,1,4,Random Forest,Avalon
11,CCC[C@H](SC(C1=CC(Br)=CC=C1)=O)CCOC(C2=CC(Br)=CC=C2)=O,,1,1,4,Random Forest,Avalon
21,O[C@H](/C=C/C#CC#CC1=CN(CC2=CC=CC=C2)N=N1)[C@H](O3)[C@@H]3[C@H](O)[C@H]4OC(CC4)=O,,2,2,4,Random Forest,Avalon
22,IC1=C(C(C)(C)OSC(F)(F)F)C=CC=C1,,1,1,4,Random Forest,Avalon
24,C[C@H]1C[C@@H](OC(C)=O)[C@H](C(C)C)CC1,,2,1,4,Random Forest,Avalon
26,CC1=C(C)[C@@]([C@@]2=C(O)C=CC(C)=C2C)=C(O)C=C1,,1,1,4,Random Forest,Avalon
32,NC1=C2C(C=CC=N2)=CC=C1,,1,1,4,Random Forest,Avalon
41,O=C1C(C2CCC(NC2=O)=O)C(C3=CC=CC=C31)=O,,2,1,4,Random Forest,Avalon
42,CC1=C(C(OC)=O)C(C(C(OC)=O)=C(C)N1)C2=C([N+]([O-])=O)C=CC=C2,,2,1,4,Random Forest,Avalon
46,CN(C)CCCN1C(C=CC=C2)=C2CCC3=C1C=CC=C3,,2,2,4,Random Forest,Avalon
55,O=CC1=CC=C([N+]([O-])=O)C=C1,,1,1,4,Random Forest,Avalon
63,CC(C(C)(C)O1)(C)OB1[C@@H](CCCCC)[C@H](B2OC(C)(C)C(C)(C)O2)C,,1,1,4,Random Forest,Avalon
64,CC(C(C)(C)O1)(C)OB1[C@@H](CCCCC)[C@@H](B2OC(C)(C)C(C)(C)O2)C,,1,1,4,Random Forest,Avalon
67,O[C@H]1CCC2=C(OC)C=CC=C2[C@H]1C(OC)=O,,1,2,4,Random Forest,Avalon
91,CC1=C[C@H](O)C(Br)C(C)(C)[C@]12CCC(C)(Cl)C(Br)C2,,1,1,4,Random Forest,Avalon
102,CC[C@@H](O1)[C@@H](Br)C[C@]1([H])[C@@]2([H])O[C@@H](C/C=C\C3=CN(CC(NC4=CC=CC=C4)=O)N=N3)[C@H](Br)C2,,1,2,4,Random Forest,Avalon
104,BrC1=C[C@@]([H])(OC)[C@](O2)(C)[C@]3(C[C@]2([H])[C@](Cl)(C)CC3)C1(C)C,,1,1,4,Random Forest,Avalon
109,[H]C(/C=C/C1=CC=CC=C1)=O,,1,1,4,Random Forest,Avalon
111,C12=CC=CC=C1C=CC=C2,,1,1,4,Random Forest,Avalon
114,OC1=C(OC)C=C(C=O)C=C1,,2,2,4,Random Forest,Avalon
118,CN1C=NC(C(F)(F)F)=C1C(OC)=O,,1,1,4,Random Forest,Avalon
119,CN1C(C(F)(F)F)=C([N+]([O-])=O)C=C1C(OC)=O,,1,1,4,Random Forest,Avalon
122,C[C@H]1C[C@@H](O)[C@H](C(C)C)CC1,,1,0,4,Random Forest,Avalon
124,C[C@H]1C[C@H](O)[C@H](C(C)C)CC1,,1,0,4,Random Forest,Avalon
128,C[C@@]12CC[C@H](C(C)(C)O2)CC1,,1,2,4,Random Forest,Avalon
142,CCN(CC)CC(=O)NC1=C(C)C=CC=C1C,,2,2,4,Random Forest,Avalon
145,O=C7OCC=6C(=O)N2C(\c1nc5c(c(c1C2)CC)cc(OC(=O)N4CCC(N3CCCCC3)CC4)cc5)=C/C=6[C@@]7(O)CC,,0,0,4,Random Forest,Avalon
149,O2C1(CCC(CC1)C2(C)C)C,,2,2,4,Random Forest,Avalon
150,O[C@H]1[C@H](C(C)C)CC[C@@H](C)C1,,2,0,4,Random Forest,Avalon
152,O(c1ccc(\C=C\C)cc1)C,,2,1,4,Random Forest,Avalon
161,O=C1C(C)=C2O[C@]3(C)CCC4C(C)(C)[C@@H](O)CC[C@]4(C)[C@@]3([H])C[C@@]2(C)C(C)=C1C(OC)=O,,2,2,4,Random Forest,Avalon
164,CC1(C)CC[C@]2(C)C[C@@]34[C@@H](C)CC[C@@H](O)[C@]3(C)CC[C@H]4[C@@]21[H],,2,2,4,Random Forest,Avalon
181,O[C@@H]1[C@@H](NCC2=CC=CC=C2)CCC1,,2,2,4,Random Forest,Avalon
184,O[C@@H]1CCCC[C@H]1NCC2=CC=CC=C2,,2,2,4,Random Forest,Avalon
187,C/C(C)=C/CC/C(C)=C/CO,,0,1,4,Random Forest,Avalon
188,C/C(C)=C/CC/C(C)=C/CC/C(C)=C/CO,,0,1,4,Random Forest,Avalon
193,O=C1C(C(OC)=O)=C(C)C(C)=C2O[C@@]3(C)CC[C@@]4([H])C(C)(C)[C@@H](O)CC[C@]4(C)[C@]3([H])C[C@@]21C,,2,2,4,Random Forest,Avalon
194,O=C1C(C(OC)=O)=C(C)[C@]2(C)C(O[C@]([C@]3(C)[C@](CC[C@H](O)C4)(C)[C@@]4([H])CC3)([H])C2)=C1C,,2,2,4,Random Forest,Avalon
198,O=C1CCCCC/C=C/CCCCCCCCO1,,0,1,4,Random Forest,Avalon
199,O=C1CCCCC/C=C\CCCCCCCCO1,,0,1,4,Random Forest,Avalon
211,CC([C@H]12)=CC[C@]32[C@]1([H])[C@H](C(C)C)CC[C@H]3C,,0,1,4,Random Forest,Avalon
213,CC(C12)=CC[C@@]3([H])C1[C@H](C(C)C)CC[C@@]32C,,0,2,4,Random Forest,Avalon
217,CC1=CC=C(CO)C=C1OCCCC(C)(C)C(O)=O,,2,2,4,Random Forest,Avalon
236,[H][C@]12CN(CC(=O)N1CCC1=CC=CC=C21)C(=O)[C@H]1CC[C@H](O)CC1,,1,1,4,Random Forest,Avalon
237,[H][C@]12CN(CC(=O)N1CCC1=CC=CC=C21)C(=O)[C@@H]1CC[C@H](O)CC1,,1,1,4,Random Forest,Avalon
240,OC12CN(CC(=O)N1CCC1=CC=CC=C21)C(=O)C1CCCCC1,,1,1,4,Random Forest,Avalon
241,O[C@]12CN(CC(=O)N1CCC1=CC=CC=C21)C(=O)C1CCCCC1,,1,1,4,Random Forest,Avalon
242,OC1=CC=C(NC(C)=O)C=C1,,0,2,4,Random Forest,Avalon
251,O[C@@H]1[C@@H](O)[C@H](O)[C@@H](CO)O[C@H]1OC2=CC=CC=C2CO,,0,0,4,Random Forest,Avalon
275,O=C(C1=C2C=C(C)C=C1O)C3=C(C=C(O)C=C3O)C2=O,,0,2,4,Random Forest,Avalon
281,C[C@@H](C1=C2C[C@H](O)[C@H]3[C@@]4(C)CCC(C(C)(C)[C@@H]4CC[C@]3(C)[C@@]2(C)CC1)=O)C[C@H](O)[C@@H](O)C(C)(O)C,,0,2,4,Random Forest,Avalon
283,COC(=O)[C@@H](N)CC1=CNC2=CC=CC=C12,,2,2,4,Random Forest,Avalon
293,CN1C(C(=O)NC2=NC=C(C)S2)=C(O)C2=C(C=CC=C2)S1(=O)=O,,0,0,4,Random Forest,Avalon
312,BrC1(CC2(Br)C3)CC(C2)(Br)CC3(Br)C1,,2,1,4,Random Forest,Avalon
344,O=C1[C@@H](CCCCCC)[C@H](C[C@H](CCCCCCCCCCC)OC([C@H](CC(C)C)NC=O)=O)O1,,2,2,4,Random Forest,Avalon
356,FC1=CC2=C(C=C1)C(C3CCN(CCC4=C(C)N=C5N(CCCC5)C4=O)CC3)=NO2,,2,0,4,Random Forest,Avalon
357,CN1CCN(CC1)S(=O)(C2=CC(C3=NC4=C(C(N3)=O)N(N=C4CCC)C)=C(OCC)C=C2)=O,,1,0,4,Random Forest,Avalon
363,ClC1=C(NC2=CC=CC=C2CC(O)=O)C(Cl)=CC=C1,,0,2,4,Random Forest,Avalon
384,CC1(C)C[C@@H](C(NC2=CC=C(CC#N)C=C2)=O)[C@H](C(C)C)CC1,,0,2,4,Random Forest,Avalon
3,C[C@@H]1CCC=C(CC/2)[C@@]1(C)CC2=C(C)\CO,,2,1,5,Random Forest,Avalon
6,C[C@@]1(CC2)[C@]3(O)C(C)(C)[C@H]2C[C@H]1[C@@H](C)CC3,,2,2,5,Random Forest,Avalon
10,C[C@@](CC[C@H](Br)C(Br)(C)C)(Br)[C@H](Br)CO,,1,1,5,Random Forest,Avalon
14,CCCCNc1ccc(cc1)C(=O)OCCN(C)C,,1,2,5,Random Forest,Avalon
15,CCCCCC=CCC=CCC=CCC=CCCCC(=O)OCC,,2,0,5,Random Forest,Avalon
19,CC1=C(NC(CN(CC)CC)=O)C(C)=CC=C1,,2,2,5,Random Forest,Avalon
28,CC(C)C1=CC=C2C(C=CC=C2)=[C@]1[C@]3=CSC(C)=C3C,,1,1,5,Random Forest,Avalon
30,C12=CC=CC=C1N=C3N2CC/C=C/CCN4C5=C(C=CC=C5)N=C34,,1,1,5,Random Forest,Avalon
37,NC1=CC=C(S(C2=CC=C(N)C=C2)(=O)=O)C=C1,,2,1,5,Random Forest,Avalon
54,NC1=C(C(C)C)C=CC=C1C(C)C,,1,1,5,Random Forest,Avalon
60,COC1=CC=C(/C=C/C)C=C1,,1,1,5,Random Forest,Avalon
74,C1C[C@H]2OOC(C1)O2,,1,1,5,Random Forest,Avalon
77,Clc1cccc(Cl)c1,,1,1,5,Random Forest,Avalon
87,CC1(C)C(Br)C[C@H]2O[C@@]2(C)[C@]13CC(Br)C(C)(Cl)CC3O,,1,1,5,Random Forest,Avalon
89,C[C@]1(Cl)CC2O[C@@]3(Br)[C@H](O)[C@H]4O[C@@]4(C)[C@]2(C[C@@H]1Br)C3(C)C,,1,1,5,Random Forest,Avalon
93,C/C1=C\CC(C)(C)/C=C/C/C(C)=C/CC1,,1,1,5,Random Forest,Avalon
94,C/C1=C\CC(C)(C)/C=C/CC2(C)C(O2)CC1,,1,1,5,Random Forest,Avalon
97,CC12C(O2)CC(C)(C)/C=C/CC(C)(O3)C3CC1,,1,1,5,Random Forest,Avalon
105,O=C(C(O)=C1)C2=CC=CC3=CC=CC1=C32,,1,1,5,Random Forest,Avalon
106,O=C(C(C1=CC=CC=C1)=C2)C3=CC=CC4=CC=CC2=C43,,1,1,5,Random Forest,Avalon
113,C1(/C=C/C2=CC=CC=C2)=CC=CC=C1,,2,1,5,Random Forest,Avalon
117,CN1C=NC([N+]([O-])=O)=C1C(F)(F)F,,1,1,5,Random Forest,Avalon
125,C[C@H](CC[C@@H]1C(C)C)CC1=O,,1,1,5,Random Forest,Avalon
130,CC#[N][Pd]1(Br)C2=CC=CC3=C2C([N]1=CC=C4)=C4C5=CC=CC=C53,,1,1,5,Random Forest,Avalon
134,O=C1C=CC2(C)C(C(OC(C3C)=O)C3CC2)=C1C,,2,1,5,Random Forest,Avalon
153,C[C@@]12C(C)(C)[C@@H](CC1=O)CC2,,2,0,5,Random Forest,Avalon
154,CC1(C)[C@H]2C[C@@H]1CC=C2C,,2,1,5,Random Forest,Avalon
158,C1=CC=CC2=C1C3C(CC2)C(C(O3)=O)=C,,1,1,5,Random Forest,Avalon
160,O=C(N[C@H](CO)C1)[C@H](C(C)C)SC2=C1C3=CC=CC=C3N2,,2,2,5,Random Forest,Avalon
162,C/C([C@@H]1[C@@](CCCC2=C(C)OC(OC)=CC2=O)(O1)C)=C\C3=CC=C([N+]([O-])=O)C=C3,,2,1,5,Random Forest,Avalon
168,COC1=C(OC)C=C(OC)C(/C=C/C)=C1,,1,1,5,Random Forest,Avalon
171,COC1=CC=C2C(C(CC(O)=O)C(C)N2C(C3=CC=C(Cl)C=C3)=O)=C1,,2,2,5,Random Forest,Avalon
172,CC(OC1=CC=CC=C1C(NC2=NC=C([N+]([O-])=O)S2)=O)=O,,2,2,5,Random Forest,Avalon
182,O[C@H]1[C@H](NCC2=CC=CC=C2)CCC1,,2,2,5,Random Forest,Avalon
191,O=C(OC)C1=C(C)C(C)=C2O[C@]3(C)CC[C@@]4([H])C(C)(C)[C@@H](O)CC[C@]4(C)[C@@]3([H])C[C@@]2(C)C1=O,,2,2,5,Random Forest,Avalon
215,CCCC(S)CCO,,0,0,5,Random Forest,Avalon
220,CC1=CC=C(C)C(OCCCC(C)(C)C(OC2OC(C(O)=O)C(O)C(O)C2O)=O)=C1,,0,2,5,Random Forest,Avalon
235,[H][C@]12CN(CC(=O)N1CCC1=CC=CC=C21)C(=O)C1CCCCC1,,1,1,5,Random Forest,Avalon
238,[H][C@]12CN(CC(=O)N1CCC1=CC(O)=CC=C21)C(=O)C1CCCCC1,,1,1,5,Random Forest,Avalon
246,NC(C1=CC=CC=C1OCC)=O,,2,2,5,Random Forest,Avalon
248,CN1C(C)C(C(C)C)C(N1C2=CC=CC=C2)=O,,2,2,5,Random Forest,Avalon
256,O[C@@H]1[C@@H](O)[C@H](O)[C@@H](CO)O[C@H]1C2=C(OC=C(C3=CC=C(O)C=C3)C4=O)C4=CC=C2O,,0,1,5,Random Forest,Avalon
267,O=C1OC2=CC3=C(C=CO3)C(O/C=C/C(C)C)=C2C=C1,,0,1,5,Random Forest,Avalon
286,COC1=CC2=C(C=C1OC)C(=O)C(CC1CCN(CC3=CC=CC=C3)CC1)C2,,1,1,5,Random Forest,Avalon
289,COC1=CC=C2C=C3C4=C(CC[N+]3=CC2=C1OC)C=C1OCOC1=C4,,0,1,5,Random Forest,Avalon
297,CC(C)CN1C=NC2=C(N)N=C3C=CC=CC3=C12,,0,1,5,Random Forest,Avalon
298,CC1=CN=C(C=N1)C(=O)NCCC1=CC=C(C=C1)S(=O)(=O)NC(=O)NC1CCCCC1,,0,2,5,Random Forest,Avalon
299,CC(=O)N1CCN(CC1)C1=CC=C(OC[C@H]2CO[C@@](CN3C=CN=C3)(O2)C2=C(Cl)C=C(Cl)C=C2)C=C1,,0,1,5,Random Forest,Avalon
333,CC1=C(C(OC)=O)C(C2=C([N+]([O-])=O)C=CC=C2)=C(C(OC)=O)C(C)=N1,,1,1,5,Random Forest,Avalon
351,CN(C)CCCN(C(C=CC=C1)=C1CC2)C3=C2C=CC=C3,,0,2,5,Random Forest,Avalon
373,COC1=CC=C(C=C1)C2=COC3=C(C2=O)C=CC(=C3)OC,,2,1,5,Random Forest,Avalon
374,CC1OC2(C(C)=CCCC2(C)C)CC1,,2,1,5,Random Forest,Avalon
398,O=C1CCC(C1C/C=C\CC)CC(OC)=O,,2,1,5,Random Forest,Avalon
400,CC(C1CCC(C=O)=CC1)=C,,1,1,5,Random Forest,Avalon
403,CC(C)[C@@H]1CC[C@@]([C@@H](C1)C(=C)C)(C)C=C,,0,1,5,Random Forest,Avalon
409,CC1(C=C)C(C(C)C)CC(C(C)C)CC1,,0,1,5,Random Forest,Avalon
413,C[C@@]1(CCC2)CC[C@@H](C(C)C)C[C@@]1([H])C2=C,,0,1,5,Random Forest,Avalon
428,CC(S)CC(OCC)=O,,0,0,5,Random Forest,Avalon
434,CC(C)C1=CC=C([C@]23[C@@](C[C@@H]4O)([H])C(C)(C)[C@@](O)(CC3)OC2)C4=C1,,2,2,5,Random Forest,Avalon
440,CC1=C2C(C(OC2)=O)=C(C(C/C=C(C)/CCC(OCCN3CCOCC3)=O)=C1OC)O,,0,2,5,Random Forest,Avalon
1,O=C1C[C@@H](C)[C@]2(C)CC(CCC2=C1)=C(C)C,,1,0,1,kNN,Avalon
12,CC(C)[C@H]1[C@H]2[C@](CC1)(C)[C@H]3[C@@H]2C(CBr)=CC3,,1,1,1,kNN,Avalon
18,O=C(N[C@H](C(N[C@@H](C1=CC=CC=C1)C(OC(C)(C)C)=O)=O)C)CC2=CC(F)=CC(F)=C2,,2,2,1,kNN,Avalon
20,O[C@H](/C=C\C#CC#CC1=CN(CC2=CC=CC=C2)N=N1)[C@H](O3)[C@@H]3[C@H](O)[C@H]4OC(CC4)=O,,2,0,1,kNN,Avalon
25,CC1=C(C)[C@]([C@]2=C(O)C=CC(C)=C2C)=C(O)C=C1,,1,1,1,kNN,Avalon
27,CC(C)C1=CC=C2C(C=CC=C2)=[C@@]1[C@@]3=CSC(C)=C3C,,1,1,1,kNN,Avalon
29,C12=CC=CC=C1N3C(C4=NC5=C(C=CC=C5)N4CC/C=C/CC3)=N2,,1,0,1,kNN,Avalon
34,CC1=CC=CC(C)=C1NC(CN(CC)CC)=O,,1,2,1,kNN,Avalon
40,ClC1=CC=C2C(N(CCCN(C)C)C(C=CC=C3)=C3S2)=C1,,2,2,1,kNN,Avalon
43,ClC1=C([C@@H](C(OC)=O)N2CCC(SC=C3)=C3C2)C=CC=C1,,2,1,1,kNN,Avalon
44,O=C(C(C)=C1)NC(N1[C@@H]2O[C@H](CO)[C@@H](N=[N+]=[N-])C2)=O,,2,0,1,kNN,Avalon
48,CN(CCC1)[C@@H]1C2=CC=CN=C2,,0,1,1,kNN,Avalon
51,O=C(C=C(C1=CC(OC)=C(OC)C=C1)O2)C3=C2C(OC)=C(OC)C(OC)=C3OC,,1,0,1,kNN,Avalon
52,O=C(C=C(C1=CC=C(OC)C=C1)O2)C3=C2C(OC)=C(OC)C(OC)=C3OC,,1,0,1,kNN,Avalon
58,BrC1=CC2=CC=CC=C2C3=C1C=CC=C3,,1,1,1,kNN,Avalon
61,CC(O[C@H]1[C@H](C(C)C)CC[C@@H](C)C1)=O,,1,2,1,kNN,Avalon
69,CC1CCCC2(C1CC(CC2)C(C)C)C,,1,0,1,kNN,Avalon
78,N#Cc1ccccc1,,1,1,1,kNN,Avalon
84,C[C@]12OC(=O)C(=C)[C@H]1CC(=O)C=C2,,1,1,1,kNN,Avalon
88,Cc1cc(O)c(cc1Br)[C@]2(C)CC[C@@H]3C[C@]23C,,1,2,1,kNN,Avalon
95,CC12C(O2)CC(C)(C)/C=C/C/C(C)=C/CC1,,1,1,1,kNN,Avalon
96,C/C1=C\CC(C)(C)C(O2)C2C/C(C)=C/CC1,,1,1,1,kNN,Avalon
98,CC12C(O2)CC(C)(C)C(O3)C3CC(C)(O4)C4CC1,,1,1,1,kNN,Avalon
99,CC1(C)C/C=C(C)/CC/C=C(C=O)/C/C=C/1,,1,1,1,kNN,Avalon
103,BrC1=C[C@]([H])(OC)[C@](O2)(C)[C@]3(C[C@]2([H])[C@](Cl)(C)CC3)C1(C)C,,1,1,1,kNN,Avalon
135,O=C1C(N(C)C)=C(C)N(C)N1C2=CC=CC=C2,,2,2,1,kNN,Avalon
137,FC(F)(F)C1=CC=C(OC(C2=CC=CC=C2)CCNC)C=C1,,2,1,1,kNN,Avalon
138,O=C(OC)[C@@H](N1CCC(SC=C2)=C2C1)C3=C(Cl)C=CC=C3,,2,1,1,kNN,Avalon
140,O=C1C2=C(N=CC=C2)N(C3CC3)C4=C(C(C)=CC=N4)N1,,2,0,1,kNN,Avalon
143,Cc1ccc(cc1Nc2nccc(n2)c3cccnc3)NC(=O)c4ccc(cc4)CN5CCN(CC5)C,,0,2,1,kNN,Avalon
144,O=C1N(/N=C\N1c2ccc(cc2)N7CCN(c6ccc(OCC3C[C@@](OC3)(c4ccc(F)cc4F)Cn5ncnc5)cc6)CC7)[C@@H](CC)[C@@H](O)C,,0,0,1,kNN,Avalon
159,O=C(O)C1=C(OC(C)=O)C=CC=C1,,2,2,1,kNN,Avalon
178,N=C(N(C)C)N(C)C,,2,0,1,kNN,Avalon
180,C12=NCCCN1CCCCC2,,2,1,1,kNN,Avalon
185,O[C@H]1CCCCC[C@@H]1NCC2=CC=CC=C2,,2,2,1,kNN,Avalon
203,OC(=O)c1ccccc1Nc2cccc(c2)C(F)(F)F,,0,2,1,kNN,Avalon
204,C[C@@]1(C2(C)C)CC[C@H]2C[C@H]1O,,0,2,1,kNN,Avalon
206,O=C1O[C@H](CCCCC)CCC1,,0,0,1,kNN,Avalon
221,CCCC[C@@H](Br)[C@]1(C)CCCC=C1,,1,0,1,kNN,Avalon
223,COC([C@H](O)[C@@H](O)C(OC)=O)=O,,1,1,1,kNN,Avalon
224,CC1=CC=C(S(N)=O)C=C1,,1,1,1,kNN,Avalon
225,OC(C)C1=CC=C(Br)C=C1,,1,1,1,kNN,Avalon
226,CC(C)[C@@H]1Sc2[nH]c3ccccc3c2C[C@@H](CO)NC1=O,,2,2,1,kNN,Avalon
249,CCN(CC)C1=CC=C2C(OC(C(C3=NC4=C(C=CC=C4)S3)=C2)=O)=C1,,2,0,1,kNN,Avalon
278,O=C1C[C@@H](C2=CC=CC=C2)OC3=CC=CC=C31,,0,0,1,kNN,Avalon
285,C\C(\C=C1/SC(=S)N(CC(O)=O)C1=O)=C/C1=CC=CC=C1,,2,2,1,kNN,Avalon
287,ClC1=C(Cl)C(=CC=C1)N1CCN(CCCCOC2=CC3=C(CCC(=O)N3)C=C2)CC1,,1,2,1,kNN,Avalon
290,C\N=C(\NCCSCC1=C(C)NC=N1)NC#N,,0,2,1,kNN,Avalon
291,ClC1=C(NC2=NCCN2)C2=NSN=C2C=C1,,0,1,1,kNN,Avalon
296,CC1(C)SC2[C@H](NC(=O)CC3=CC=CC=C3)C(=O)N2[C@H]1C(O)=O,,0,0,1,kNN,Avalon
322,O=C(C1=C(S(=O)(NC(NC2=NC(OC)=CC(OC)=N2)=O)=O)N(C)N=C1Cl)OC,,2,1,1,kNN,Avalon
326,CC(CC1)=C[C@@]2([H])C1=C(C)CC[C@@H]2C(C)C,,2,0,1,kNN,Avalon
328,CC1=C[C@@]([C@@H](C(C)C)CC[C@]2(O)C)([H])[C@@]2([H])CC1,,2,0,1,kNN,Avalon
329,CC1=C[C@@]([C@@H](C(C)C)CC[C@@]2(O)C)([H])[C@]2([H])CC1,,2,0,1,kNN,Avalon
332,ClC1=CC(N2CCCN(C)C)=C(C=C1)SC3=C2C=CC=C3,,2,2,1,kNN,Avalon
339,COC1=C2O[C@@H]3[C@]45C2=C(C=C1)C[C@@H](N(CC5)C)[C@]4([H])C=C[C@@H]3O,,1,0,1,kNN,Avalon
360,O=S(CC1=NC=C(C(OC)=C1C)CO)C2=NC3=C(N2)C=CC(OC)=C3,,0,2,1,kNN,Avalon
386,O[C@@H]1C[C@H](C)CC[C@H]1C(C)=O,,0,1,1,kNN,Avalon
439,O=C1NC2=C(N1CCCN3CCC(CC3)N4C(NC5=CC(Cl)=CC=C54)=O)C=CC=C2,,0,0,1,kNN,Avalon
448,CO[C@H]1[C@@H](C[C@@H]2CN3CCC4=C([C@H]3C[C@@H]2[C@@H]1C(=O)OC)NC5=C4C=CC(=C5)OC)OC(=O)C6=CC(=C(C(=C6)OC)OC)OC,,0,2,1,kNN,Avalon
2,CC1=CC(C[C@@H](C)[C@]1(C2)CCC2=C(C)C)=O,,1,0,2,kNN,Avalon
4,O=C(CCCCCCCCCCC1)OCCOC1=O,,1,0,2,kNN,Avalon
13,C[C@@]1(O)[C@@H](Br)C[C@H](C(C)=C)CC1,,1,1,2,kNN,Avalon
16,CC1(C)[C@@H]2[C@H]1CC=C(C)C2,,1,2,2,kNN,Avalon
31,O=C1N(C)C(C(N(C)C=N2)=C2N1C)=O,,1,0,2,kNN,Avalon
35,CNCCC(OC1=CC=C(C(F)(F)F)C=C1)C2=CC=CC=C2,,1,2,2,kNN,Avalon
36,COC1=CC=C2C(NC(S(CC3=C(C)C(OC)=C(C)C=N3)=O)=N2)=C1,,2,2,2,kNN,Avalon
38,O=C(OCCN(C)C)C1=CC=C(NCCCC)C=C1,,2,2,2,kNN,Avalon
47,ClC1=CC=C(NC(O[C@]2(C#CC3CC3)C(F)(F)F)=O)C2=C1,,2,0,2,kNN,Avalon
49,CC1=C2C(C=C1)=C(C)C=CC(C(C)C)=C2,,1,1,2,kNN,Avalon
53,O=C(C(OC)=C(C1=CC(OC)=C(OC)C=C1)O2)C3=C2C(OC)=C(OC)C(OC)=C3OC,,1,1,2,kNN,Avalon
62,CC(C(C)(C)O1)(C)OB1C(B2OC(C)(C)C(C)(C)O2)CCC3=CC=CC=C3,,1,1,2,kNN,Avalon
65,O=C(C(C#N)=C1)C=C(C1(C#C)C2)C3=C2C=CC=C3,,1,0,2,kNN,Avalon
71,C1OOC(O1)c2ccccc2,,1,1,2,kNN,Avalon
73,O1O[C@H](O[C@@H]1c2ccccc2)c3ccccc3,,1,1,2,kNN,Avalon
75,c1ccccc1,,1,1,2,kNN,Avalon
81,Fc1ccc(F)cc1,,1,1,2,kNN,Avalon
82,CN1C[C@@](C)(c2ccccc2)[C@@]3(C)[C@@H]1N(C)c4ccccc34,,1,2,2,kNN,Avalon
83,C[C@@]12OC(=O)C(=C)[C@]1(C)CC(=O)C=C2,,1,1,2,kNN,Avalon
86,CCOC(=O)\C=C\1/C[C@@](N1S(=O)(=O)c2ccc(C)cc2)(C(=O)OCC)c3ccccc3C,,1,1,2,kNN,Avalon
90,C[C@]1(Cl)CC2O[C@@]3(C)C=C[C@@](C)(O)[C@]2(C[C@@H]1Br)C3(C)C,,1,1,2,kNN,Avalon
100,CC1(C)/C=C/C/C(C=O)=C\CC/C(C=O)=C\C1,,1,1,2,kNN,Avalon
110,N#CCC1=CC=CC=C1,,1,1,2,kNN,Avalon
115,[N-]=[N+]=NC1=CC=C(C(F)(F)F)C=C1,,2,1,2,kNN,Avalon
116,C[C@@](O1)(OO2)CC[C@]3([H])[C@]2([C@]1([H])O4)[C@](CC[C@H]3C)([H])[C@@H](C)C4=O,,2,1,2,kNN,Avalon
120,CC1=CC[C@H](C(C)=C)CC1,,1,1,2,kNN,Avalon
123,C[C@H](CC[C@H]1C(C)C)CC1=O,,1,1,2,kNN,Avalon
129,IC1=C(C(OSC(F)(F)F)(C)C)C=CC=C1,,1,1,2,kNN,Avalon
133,OC(C=C1)=CC=C1C2COC3=CC(O)=CC=C3C2=O,,0,0,2,kNN,Avalon
141,CN3[C@H]1CC[C@@H]3C[C@@H](C1)OC(=O)C(CO)c2ccccc2,,2,2,2,kNN,Avalon
146,CCOc2nc1cccc(C(=O)O)c1n2Cc5ccc(c3ccccc3c4nn[nH]n4)cc5,,0,1,2,kNN,Avalon
151,C[C@@H]1CC[C@H]([C@@H](C1)OC(=O)C)C(C)C,,2,0,2,kNN,Avalon
163,O[C@H](C1)CC[C@@]2(C)C1=CC[C@]3([H])[C@]2([H])CC[C@@]4([H])[C@@]3([H])C[C@H](O)[C@]4([H])[C@H](C)[C@@H](O)CCC(C)C,,2,1,2,kNN,Avalon
165,[H][C@@]1(CO2)[C@](CO[C@@H]1C3=CC(OCO4)=C4C=C3)([H])[C@@H]2C5=CC(OCO6)=C6C=C5,,1,1,2,kNN,Avalon
166,COC1=C(OC)C=C(OC)C(/C=C\C)=C1,,1,1,2,kNN,Avalon
173,CC(C(O)=O)C1=CC=C(CC(C)C)C=C1,,2,1,2,kNN,Avalon
174,O[C@@H]1CCCC[C@H]1NC2CC2,,2,2,2,kNN,Avalon
176,CN(C)C1CCCCC1,,2,1,2,kNN,Avalon
179,N=C(NC1=CC=CC=C1)NC2=CC=CC=C2,,2,2,2,kNN,Avalon
195,OC(=O)c1ccc(O)cc1,,2,1,2,kNN,Avalon
196,CC1=C(/C=C/C(C)=C/C=C/C(C)=C/C=C/C=C(C)/C=C/C=C(C)/C=C/C2=C(C)CCCC2(C)C)C(C)(C)CCC1,,0,0,2,kNN,Avalon
209,CC(C)C1CC[C@]2(C)[C@@]1([H])[C@]3([H])[C@@]2([H])CCC3=C,,0,1,2,kNN,Avalon
218,CC1=C(O)C=C(C)C(OCCCC(C)(C)C(O)=O)=C1,,2,2,2,kNN,Avalon
219,CC1=CC=C(C(O)=O)C=C1OCCCC(C)(C)C(O)=O,,0,2,2,kNN,Avalon
227,COC(=O)C1=C(C)[C@]2(C)C[C@H]3[C@@](C)(CC[C@H]4C(C)(C)[C@@H](O)CC[C@]34C)OC2=C(C)C1=O,,2,2,2,kNN,Avalon
231,COCC(=O)N([C@H](C)C(=O)OC)c1c(C)cccc1C,,2,2,2,kNN,Avalon
284,CC(C)NCC(O)COC1=CC=CC2=CC=CC=C12,,2,2,2,kNN,Avalon
288,O=C1C2=CC=CC=C2C(=O)C2=C1C=CC1=C2NC2=C(N1)C1=C(C=C2)C(=O)C2=C(C=CC=C2)C1=O,,0,0,2,kNN,Avalon
309,CC[C@H]1OC(=O)[C@H](C)[C@H](C[C@@H](O[C@@H]2O[C@H](C)C[C@@H]([C@H]2O)N(C)C)[C@](C)(O)C[C@@H](C)C(=O)[C@H](C)[C@@H](C)[C@]1(C)O)O[C@H]1C[C@@](C)(OC)[C@@H](O)[C@H](C)O1,,0,0,2,kNN,Avalon
318,O=C(CC(C(C)1C)CC2)C21CS(=O)(O)=O,,0,2,2,kNN,Avalon
324,C[C@@H]1[C@]2([C@@]3([H])[C@](C)(O)CC2)[C@@]3([H])[C@@H](C(C)C)CC1,,2,2,2,kNN,Avalon
345,COC1=C(C(C(C(O)=C([C@@H](O)C[C@@](C(CO)=O)(O)C2)C2=C3O)C3C4=O)=O)C4=CC=C1,,0,2,2,kNN,Avalon
366,COC1=C(C2=CC=C1)C(C(C3C2=O)C(O)=C4[C@H](C[C@@](O)(CC4=C3O)C(CO)=O)O[C@H]5C[C@H](N)[C@H](O)[C@H](C)O5)=O,,0,2,2,kNN,Avalon
372,NC(N1C2=C(C=CC=C2)C=CC3=C1C=CC=C3)=O,,2,2,2,kNN,Avalon
407,[H][C@@]12[C@](CC[C@@H](C(C)C)C2)(C)CCC[C@]1(O)C,,2,1,2,kNN,Avalon
417,C[C@@]12CC[C@@H](C(C)C)C[C@@]1([H])C(C)=CCC2,,0,0,2,kNN,Avalon
421,CC12C(CC(C(C)=C)CC2)=C(C)C(CC1)=O,,0,0,2,kNN,Avalon
432,C[C@@H]1CCCCCCCCCCCCC(=O)C1,,0,0,2,kNN,Avalon
436,CC(C)C1=CC=C([C@@]2(C)[C@@](CC3=O)([H])C(C)(C)[C@H](O)CC2)C3=C1,,2,2,2,kNN,Avalon
446,CC1=C(C2=C(CC[C@@](O2)(C)CCC[C@H](C)CCC[C@H](C)CCCC(C)C)C(=C1O)C)C,,0,0,2,kNN,Avalon
7,C=C1CC/C=C(C)/CC[C@@H]2[C@@H]1CC2(C)C,,1,0,3,kNN,Avalon
9,Br[C@@H](CO)[C@](CC[C@H](Br)C(Br)(C)C)(Br)C,,1,1,3,kNN,Avalon
17,CN1[C@H]2CC[C@@H]1C[C@H](OC(C(CO)C3=CC=CC=C3)=O)C2,,2,0,3,kNN,Avalon
39,ClC1=C(N)C=C(OC)C(C(NCCN(CC)CC)=O)=C1,,2,2,3,kNN,Avalon
45,OCC(C(OC1CC(N2C)CCC2C1)=O)C3=CC=CC=C3,,2,0,3,kNN,Avalon
50,O=C1[C@@H](C)[C@]([C@]2([H])O1)([H])CC[C@@](C2=C3C)(C)C=CC3=O,,1,2,3,kNN,Avalon
56,O=C/C=C/C1=CC=CC=C1,,1,1,3,kNN,Avalon
57,O=C([C@@]1(C2C34)[C@@H]3[C@H]5C4(C(OC)=O)C2[C@H]51)OC,,1,2,3,kNN,Avalon
68,O=C1CC[C@@]2(C)C(CCC([C@@](CC[C@@H]3O)([H])[C@]3(C)C4)[C@]2([H])C4=O)=C1,,1,2,3,kNN,Avalon
72,O1O[C@@H](O[C@@H]1c2ccccc2)c3ccccc3,,1,1,3,kNN,Avalon
76,Fc1ccc(C=O)cc1,,1,1,3,kNN,Avalon
79,O=CC1=CC=CC=C1,,1,1,3,kNN,Avalon
80,Fc1ccccc1,,1,1,3,kNN,Avalon
85,Cn1c2c(CC[C@@]2(C)C=C)c3ccccc13,,1,2,3,kNN,Avalon
92,CC1(Cl)CC[C@@]2(CC1Br)C(C)(C)C(=C[C@H]3O[C@@]23C)Br,,1,1,3,kNN,Avalon
101,CC[C@@H](O1)[C@@H](Br)C[C@]1([H])[C@@]2([H])O[C@@H](C/C=C\C#C)[C@H](Br)C2,,1,0,3,kNN,Avalon
107,C[C@@H](CC1)[C@@]2([H])[C@]1([H])[C@@]3(C)[C@]2([H])[C@@H](C(C)=C)CC3,,1,0,3,kNN,Avalon
108,O=C(C)C1=CC=CC=C1,,1,1,3,kNN,Avalon
112,C12=CC=CC=C1C=C3C(C=CC=C3)=C2,,1,1,3,kNN,Avalon
121,CC1=CC[C@@H]2C(C)(C)[C@H]1C2,,1,0,3,kNN,Avalon
127,C[C@H]1CC2=C(C(C)=CO2)CC1,,1,1,3,kNN,Avalon
131,BrC1=CC=CC2=C1C(N=CC=C3)=C3C4=C2C=CC=C4,,1,1,3,kNN,Avalon
132,COC(C=C1)=CC=C1C2COC3=CC(OC)=CC=C3C2=O,,2,0,3,kNN,Avalon
136,NC1=C(S(=O)(CC)=O)C=C(C(NCC2N(CC)CCC2)=O)C(OC)=C1,,2,2,3,kNN,Avalon
139,CN(C)CCCN1C2=C(C=CC=C2)CCC3=C1C=CC=C3,,2,2,3,kNN,Avalon
147,C[C@H]1[C@H]([C@H](C[C@@H](O1)O[C@H]2C[C@@](Cc3c2c(c4c(c3O)C(=O)c5cccc(c5C4=O)OC)O)(C(=O)CO)O)N)O,,0,0,3,kNN,Avalon
148,COc1ccccc1OCCNCC(O)COc3cccc4[nH]c2ccccc2c34,,0,2,3,kNN,Avalon
155,COc1ccc(C=O)cc1,,2,1,3,kNN,Avalon
156,C1=CC=CC2=C1C3C(CC2)[C@@H](C(O3)=O)C,,1,1,3,kNN,Avalon
177,NCCC1=CC=CC=C1,,2,1,3,kNN,Avalon
183,O[C@H]1CCCC[C@@H]1NCC2=CC=CC=C2,,2,2,3,kNN,Avalon
186,O[C@@H]1CCCCC[C@H]1NCC2=CC=CC=C2,,2,2,3,kNN,Avalon
189,CC1(C)C(C(CCC)=O)=C(C)CCC1,,0,1,3,kNN,Avalon
190,O=C(OC)C1=C(C)C(C)=C2O[C@]3(C)CC[C@@]4([H])C(C)(C)[C@@H](O)CC[C@]4(C)[C@@]3([H])C[C@]2(C)C1=O,,2,2,3,kNN,Avalon
192,CC1=C(C)C(C(OC)=O)=C2O[C@]3(C)CC[C@@]4([H])C(C)(C)[C@@H](O)CC[C@]4(C)[C@@]3([H])C[C@]2(C)C1=O,,2,2,3,kNN,Avalon
216,CC1=CC=C(C)C(OCCCC(C)(C)C(O)=O)=C1,,2,2,3,kNN,Avalon
222,O[C@@H](CCCl)C1=CC=CC=C1,,1,1,3,kNN,Avalon
234,CCC1=CC=CC(=C1N(C(C)COC)C(=O)CCl)C,,2,2,3,kNN,Avalon
239,[H][C@]12CN(CC(=O)N1C[C@@H](O)C1=CC=CC=C21)C(=O)C1CCCCC1,,1,1,3,kNN,Avalon
244,C/C(C(O)=O)=C(OC(C)=O)\C=C,,0,0,3,kNN,Avalon
260,C[C@H](CCCC(C)C)[C@@]1([H])CC[C@@]2([H])[C@]3([H])CC=C4C[C@@H](C)CC[C@]4(C)[C@@]3([H])CC[C@@]21C,,2,0,3,kNN,Avalon
277,O=C(C1=C2C=C(C)C=C1O)C3=C(C=CC=C3O)C2=O,,2,1,3,kNN,Avalon
282,CCOC(=O)[C@H](CC1=CNC2=CC=CC=C12)NC(C)=O,,2,2,3,kNN,Avalon
303,[H][C@@]12CCCC[C@]1([H])CN(C[C@@H](O)[C@H](CSC1=CC=CC=C1)NC(=O)C1=CC=CC(O)=C1C)[C@@H](C2)C(=O)NC(C)(C)C,,0,1,3,kNN,Avalon
305,COC1=CC(=CC=C1CC1=CN(C)C2=CC=C(NC(=O)OC3CCCC3)C=C12)C(=O)NS(=O)(=O)C1=CC=CC=C1C,,0,2,3,kNN,Avalon
307,CC(C)[C@H](NC(=O)N(C)CC1=CSC(=N1)C(C)C)C(=O)N[C@H](C[C@H](O)[C@H](CC1=CC=CC=C1)NC(=O)OCC1=CN=CS1)CC1=CC=CC=C1,,0,2,3,kNN,Avalon
308,OCCN(CCO)C1=NC2=C(N=C(N=C2N2CCCCC2)N(CCO)CCO)C(=N1)N1CCCCC1,,0,0,3,kNN,Avalon
325,C/C1=C\CC[C@@](C)(O)/C=C/[C@@H](C(C)C)CC1,,1,1,3,kNN,Avalon
327,CC1=C[C@@]([C@@H](C(C)C)CC[C@]2(O)C)([H])[C@]2([H])CC1,,1,2,3,kNN,Avalon
349,[H]N(C(C1=CC=C(O)C=C1)=O)/N=C/C2=CC=C([N+]([O-])=O)O2,,2,2,3,kNN,Avalon
369,O=C(NN)C1=CC=NC=C1,,0,1,3,kNN,Avalon
378,CC1=CCCC(C)(C)[C@@]12O[C@@H](C)CC2,,1,0,3,kNN,Avalon
380,O=C([C@@H]1CC[C@@H](C)C[C@H]1O)C,,0,1,3,kNN,Avalon
381,CC([C@@H]1CC[C@@H](C)C[C@H]1OC(C[C@@H](O)C)=O)C,,0,1,3,kNN,Avalon
382,CC([C@@H]1CC[C@@H](C)C[C@H]1OCCO)C,,0,1,3,kNN,Avalon
385,CC1(C)C[C@@H](C(O)=O)[C@H](C(C)C)CC1,,2,1,3,kNN,Avalon
390,[NH3+] [C@@H](CC([O-])=O)C(N[C@@H](CC1=CC=CC=C1)C(OC)=O)=O,,0,1,3,kNN,Avalon
425,O=C(SC(C)CC)CC(C)C,,0,0,3,kNN,Avalon
435,CC(C)C1=CC=C([C@]23[C@@](CC4=O)([H])C(C)(C)[C@@H](CC3)OC2=O)C4=C1,,2,2,3,kNN,Avalon
437,CC(C)C1=CC=C([C@@]2(C)[C@@](CC3=O)([H])C(C)(C)C(CC2)=O)C3=C1,,2,2,3,kNN,Avalon
5,CC1(C)CCC[C@@]2(C)[C@H]1CC[C@]3(C)[C@@H]2CCO3,,1,2,4,kNN,Avalon
8,CC1=CC(C(C)(C)[C@H](C)CC2(C)C)=C2C=C1C(C)=O,,1,0,4,kNN,Avalon
11,CCC[C@H](SC(C1=CC(Br)=CC=C1)=O)CCOC(C2=CC(Br)=CC=C2)=O,,1,0,4,kNN,Avalon
21,O[C@H](/C=C/C#CC#CC1=CN(CC2=CC=CC=C2)N=N1)[C@H](O3)[C@@H]3[C@H](O)[C@H]4OC(CC4)=O,,2,2,4,kNN,Avalon
22,IC1=C(C(C)(C)OSC(F)(F)F)C=CC=C1,,1,1,4,kNN,Avalon
24,C[C@H]1C[C@@H](OC(C)=O)[C@H](C(C)C)CC1,,2,0,4,kNN,Avalon
26,CC1=C(C)[C@@]([C@@]2=C(O)C=CC(C)=C2C)=C(O)C=C1,,1,1,4,kNN,Avalon
32,NC1=C2C(C=CC=N2)=CC=C1,,1,1,4,kNN,Avalon
41,O=C1C(C2CCC(NC2=O)=O)C(C3=CC=CC=C31)=O,,2,1,4,kNN,Avalon
42,CC1=C(C(OC)=O)C(C(C(OC)=O)=C(C)N1)C2=C([N+]([O-])=O)C=CC=C2,,2,1,4,kNN,Avalon
46,CN(C)CCCN1C(C=CC=C2)=C2CCC3=C1C=CC=C3,,2,2,4,kNN,Avalon
55,O=CC1=CC=C([N+]([O-])=O)C=C1,,1,1,4,kNN,Avalon
63,CC(C(C)(C)O1)(C)OB1[C@@H](CCCCC)[C@H](B2OC(C)(C)C(C)(C)O2)C,,1,1,4,kNN,Avalon
64,CC(C(C)(C)O1)(C)OB1[C@@H](CCCCC)[C@@H](B2OC(C)(C)C(C)(C)O2)C,,1,1,4,kNN,Avalon
67,O[C@H]1CCC2=C(OC)C=CC=C2[C@H]1C(OC)=O,,1,0,4,kNN,Avalon
91,CC1=C[C@H](O)C(Br)C(C)(C)[C@]12CCC(C)(Cl)C(Br)C2,,1,1,4,kNN,Avalon
102,CC[C@@H](O1)[C@@H](Br)C[C@]1([H])[C@@]2([H])O[C@@H](C/C=C\C3=CN(CC(NC4=CC=CC=C4)=O)N=N3)[C@H](Br)C2,,1,0,4,kNN,Avalon
104,BrC1=C[C@@]([H])(OC)[C@](O2)(C)[C@]3(C[C@]2([H])[C@](Cl)(C)CC3)C1(C)C,,1,1,4,kNN,Avalon
109,[H]C(/C=C/C1=CC=CC=C1)=O,,1,1,4,kNN,Avalon
111,C12=CC=CC=C1C=CC=C2,,1,1,4,kNN,Avalon
114,OC1=C(OC)C=C(C=O)C=C1,,2,1,4,kNN,Avalon
118,CN1C=NC(C(F)(F)F)=C1C(OC)=O,,1,0,4,kNN,Avalon
119,CN1C(C(F)(F)F)=C([N+]([O-])=O)C=C1C(OC)=O,,1,1,4,kNN,Avalon
122,C[C@H]1C[C@@H](O)[C@H](C(C)C)CC1,,1,0,4,kNN,Avalon
124,C[C@H]1C[C@H](O)[C@H](C(C)C)CC1,,1,0,4,kNN,Avalon
128,C[C@@]12CC[C@H](C(C)(C)O2)CC1,,1,0,4,kNN,Avalon
142,CCN(CC)CC(=O)NC1=C(C)C=CC=C1C,,2,1,4,kNN,Avalon
145,O=C7OCC=6C(=O)N2C(\c1nc5c(c(c1C2)CC)cc(OC(=O)N4CCC(N3CCCCC3)CC4)cc5)=C/C=6[C@@]7(O)CC,,0,0,4,kNN,Avalon
149,O2C1(CCC(CC1)C2(C)C)C,,2,0,4,kNN,Avalon
150,O[C@H]1[C@H](C(C)C)CC[C@@H](C)C1,,2,0,4,kNN,Avalon
152,O(c1ccc(\C=C\C)cc1)C,,2,2,4,kNN,Avalon
161,O=C1C(C)=C2O[C@]3(C)CCC4C(C)(C)[C@@H](O)CC[C@]4(C)[C@@]3([H])C[C@@]2(C)C(C)=C1C(OC)=O,,2,2,4,kNN,Avalon
164,CC1(C)CC[C@]2(C)C[C@@]34[C@@H](C)CC[C@@H](O)[C@]3(C)CC[C@H]4[C@@]21[H],,2,2,4,kNN,Avalon
181,O[C@@H]1[C@@H](NCC2=CC=CC=C2)CCC1,,2,2,4,kNN,Avalon
184,O[C@@H]1CCCC[C@H]1NCC2=CC=CC=C2,,2,2,4,kNN,Avalon
187,C/C(C)=C/CC/C(C)=C/CO,,0,2,4,kNN,Avalon
188,C/C(C)=C/CC/C(C)=C/CC/C(C)=C/CO,,0,2,4,kNN,Avalon
193,O=C1C(C(OC)=O)=C(C)C(C)=C2O[C@@]3(C)CC[C@@]4([H])C(C)(C)[C@@H](O)CC[C@]4(C)[C@]3([H])C[C@@]21C,,2,2,4,kNN,Avalon
194,O=C1C(C(OC)=O)=C(C)[C@]2(C)C(O[C@]([C@]3(C)[C@](CC[C@H](O)C4)(C)[C@@]4([H])CC3)([H])C2)=C1C,,2,2,4,kNN,Avalon
198,O=C1CCCCC/C=C/CCCCCCCCO1,,0,0,4,kNN,Avalon
199,O=C1CCCCC/C=C\CCCCCCCCO1,,0,0,4,kNN,Avalon
211,CC([C@H]12)=CC[C@]32[C@]1([H])[C@H](C(C)C)CC[C@H]3C,,0,0,4,kNN,Avalon
213,CC(C12)=CC[C@@]3([H])C1[C@H](C(C)C)CC[C@@]32C,,0,0,4,kNN,Avalon
217,CC1=CC=C(CO)C=C1OCCCC(C)(C)C(O)=O,,2,2,4,kNN,Avalon
236,[H][C@]12CN(CC(=O)N1CCC1=CC=CC=C21)C(=O)[C@H]1CC[C@H](O)CC1,,1,1,4,kNN,Avalon
237,[H][C@]12CN(CC(=O)N1CCC1=CC=CC=C21)C(=O)[C@@H]1CC[C@H](O)CC1,,1,1,4,kNN,Avalon
240,OC12CN(CC(=O)N1CCC1=CC=CC=C21)C(=O)C1CCCCC1,,1,1,4,kNN,Avalon
241,O[C@]12CN(CC(=O)N1CCC1=CC=CC=C21)C(=O)C1CCCCC1,,1,1,4,kNN,Avalon
242,OC1=CC=C(NC(C)=O)C=C1,,0,1,4,kNN,Avalon
251,O[C@@H]1[C@@H](O)[C@H](O)[C@@H](CO)O[C@H]1OC2=CC=CC=C2CO,,0,0,4,kNN,Avalon
275,O=C(C1=C2C=C(C)C=C1O)C3=C(C=C(O)C=C3O)C2=O,,0,1,4,kNN,Avalon
281,C[C@@H](C1=C2C[C@H](O)[C@H]3[C@@]4(C)CCC(C(C)(C)[C@@H]4CC[C@]3(C)[C@@]2(C)CC1)=O)C[C@H](O)[C@@H](O)C(C)(O)C,,0,2,4,kNN,Avalon
283,COC(=O)[C@@H](N)CC1=CNC2=CC=CC=C12,,2,2,4,kNN,Avalon
293,CN1C(C(=O)NC2=NC=C(C)S2)=C(O)C2=C(C=CC=C2)S1(=O)=O,,0,0,4,kNN,Avalon
312,BrC1(CC2(Br)C3)CC(C2)(Br)CC3(Br)C1,,2,0,4,kNN,Avalon
344,O=C1[C@@H](CCCCCC)[C@H](C[C@H](CCCCCCCCCCC)OC([C@H](CC(C)C)NC=O)=O)O1,,2,0,4,kNN,Avalon
356,FC1=CC2=C(C=C1)C(C3CCN(CCC4=C(C)N=C5N(CCCC5)C4=O)CC3)=NO2,,2,0,4,kNN,Avalon
357,CN1CCN(CC1)S(=O)(C2=CC(C3=NC4=C(C(N3)=O)N(N=C4CCC)C)=C(OCC)C=C2)=O,,1,0,4,kNN,Avalon
363,ClC1=C(NC2=CC=CC=C2CC(O)=O)C(Cl)=CC=C1,,0,1,4,kNN,Avalon
384,CC1(C)C[C@@H](C(NC2=CC=C(CC#N)C=C2)=O)[C@H](C(C)C)CC1,,0,2,4,kNN,Avalon
3,C[C@@H]1CCC=C(CC/2)[C@@]1(C)CC2=C(C)\CO,,2,0,5,kNN,Avalon
6,C[C@@]1(CC2)[C@]3(O)C(C)(C)[C@H]2C[C@H]1[C@@H](C)CC3,,2,2,5,kNN,Avalon
10,C[C@@](CC[C@H](Br)C(Br)(C)C)(Br)[C@H](Br)CO,,1,1,5,kNN,Avalon
14,CCCCNc1ccc(cc1)C(=O)OCCN(C)C,,1,2,5,kNN,Avalon
15,CCCCCC=CCC=CCC=CCC=CCCCC(=O)OCC,,2,0,5,kNN,Avalon
19,CC1=C(NC(CN(CC)CC)=O)C(C)=CC=C1,,2,0,5,kNN,Avalon
28,CC(C)C1=CC=C2C(C=CC=C2)=[C@]1[C@]3=CSC(C)=C3C,,1,1,5,kNN,Avalon
30,C12=CC=CC=C1N=C3N2CC/C=C/CCN4C5=C(C=CC=C5)N=C34,,1,0,5,kNN,Avalon
37,NC1=CC=C(S(C2=CC=C(N)C=C2)(=O)=O)C=C1,,2,1,5,kNN,Avalon
54,NC1=C(C(C)C)C=CC=C1C(C)C,,1,1,5,kNN,Avalon
60,COC1=CC=C(/C=C/C)C=C1,,1,2,5,kNN,Avalon
74,C1C[C@H]2OOC(C1)O2,,1,1,5,kNN,Avalon
77,Clc1cccc(Cl)c1,,1,1,5,kNN,Avalon
87,CC1(C)C(Br)C[C@H]2O[C@@]2(C)[C@]13CC(Br)C(C)(Cl)CC3O,,1,1,5,kNN,Avalon
89,C[C@]1(Cl)CC2O[C@@]3(Br)[C@H](O)[C@H]4O[C@@]4(C)[C@]2(C[C@@H]1Br)C3(C)C,,1,1,5,kNN,Avalon
93,C/C1=C\CC(C)(C)/C=C/C/C(C)=C/CC1,,1,1,5,kNN,Avalon
94,C/C1=C\CC(C)(C)/C=C/CC2(C)C(O2)CC1,,1,1,5,kNN,Avalon
97,CC12C(O2)CC(C)(C)/C=C/CC(C)(O3)C3CC1,,1,1,5,kNN,Avalon
105,O=C(C(O)=C1)C2=CC=CC3=CC=CC1=C32,,1,1,5,kNN,Avalon
106,O=C(C(C1=CC=CC=C1)=C2)C3=CC=CC4=CC=CC2=C43,,1,1,5,kNN,Avalon
113,C1(/C=C/C2=CC=CC=C2)=CC=CC=C1,,2,1,5,kNN,Avalon
117,CN1C=NC([N+]([O-])=O)=C1C(F)(F)F,,1,1,5,kNN,Avalon
125,C[C@H](CC[C@@H]1C(C)C)CC1=O,,1,1,5,kNN,Avalon
130,CC#[N][Pd]1(Br)C2=CC=CC3=C2C([N]1=CC=C4)=C4C5=CC=CC=C53,,1,1,5,kNN,Avalon
134,O=C1C=CC2(C)C(C(OC(C3C)=O)C3CC2)=C1C,,2,1,5,kNN,Avalon
153,C[C@@]12C(C)(C)[C@@H](CC1=O)CC2,,2,0,5,kNN,Avalon
154,CC1(C)[C@H]2C[C@@H]1CC=C2C,,2,0,5,kNN,Avalon
158,C1=CC=CC2=C1C3C(CC2)C(C(O3)=O)=C,,1,1,5,kNN,Avalon
160,O=C(N[C@H](CO)C1)[C@H](C(C)C)SC2=C1C3=CC=CC=C3N2,,2,2,5,kNN,Avalon
162,C/C([C@@H]1[C@@](CCCC2=C(C)OC(OC)=CC2=O)(O1)C)=C\C3=CC=C([N+]([O-])=O)C=C3,,2,1,5,kNN,Avalon
168,COC1=C(OC)C=C(OC)C(/C=C/C)=C1,,1,2,5,kNN,Avalon
171,COC1=CC=C2C(C(CC(O)=O)C(C)N2C(C3=CC=C(Cl)C=C3)=O)=C1,,2,1,5,kNN,Avalon
172,CC(OC1=CC=CC=C1C(NC2=NC=C([N+]([O-])=O)S2)=O)=O,,2,2,5,kNN,Avalon
182,O[C@H]1[C@H](NCC2=CC=CC=C2)CCC1,,2,2,5,kNN,Avalon
191,O=C(OC)C1=C(C)C(C)=C2O[C@]3(C)CC[C@@]4([H])C(C)(C)[C@@H](O)CC[C@]4(C)[C@@]3([H])C[C@@]2(C)C1=O,,2,2,5,kNN,Avalon
215,CCCC(S)CCO,,0,0,5,kNN,Avalon
220,CC1=CC=C(C)C(OCCCC(C)(C)C(OC2OC(C(O)=O)C(O)C(O)C2O)=O)=C1,,0,2,5,kNN,Avalon
235,[H][C@]12CN(CC(=O)N1CCC1=CC=CC=C21)C(=O)C1CCCCC1,,1,1,5,kNN,Avalon
238,[H][C@]12CN(CC(=O)N1CCC1=CC(O)=CC=C21)C(=O)C1CCCCC1,,1,1,5,kNN,Avalon
246,NC(C1=CC=CC=C1OCC)=O,,2,2,5,kNN,Avalon
248,CN1C(C)C(C(C)C)C(N1C2=CC=CC=C2)=O,,2,2,5,kNN,Avalon
256,O[C@@H]1[C@@H](O)[C@H](O)[C@@H](CO)O[C@H]1C2=C(OC=C(C3=CC=C(O)C=C3)C4=O)C4=CC=C2O,,0,1,5,kNN,Avalon
267,O=C1OC2=CC3=C(C=CO3)C(O/C=C/C(C)C)=C2C=C1,,0,1,5,kNN,Avalon
286,COC1=CC2=C(C=C1OC)C(=O)C(CC1CCN(CC3=CC=CC=C3)CC1)C2,,1,2,5,kNN,Avalon
289,COC1=CC=C2C=C3C4=C(CC[N+]3=CC2=C1OC)C=C1OCOC1=C4,,0,1,5,kNN,Avalon
297,CC(C)CN1C=NC2=C(N)N=C3C=CC=CC3=C12,,0,1,5,kNN,Avalon
298,CC1=CN=C(C=N1)C(=O)NCCC1=CC=C(C=C1)S(=O)(=O)NC(=O)NC1CCCCC1,,0,2,5,kNN,Avalon
299,CC(=O)N1CCN(CC1)C1=CC=C(OC[C@H]2CO[C@@](CN3C=CN=C3)(O2)C2=C(Cl)C=C(Cl)C=C2)C=C1,,0,0,5,kNN,Avalon
333,CC1=C(C(OC)=O)C(C2=C([N+]([O-])=O)C=CC=C2)=C(C(OC)=O)C(C)=N1,,1,1,5,kNN,Avalon
351,CN(C)CCCN(C(C=CC=C1)=C1CC2)C3=C2C=CC=C3,,0,2,5,kNN,Avalon
373,COC1=CC=C(C=C1)C2=COC3=C(C2=O)C=CC(=C3)OC,,2,1,5,kNN,Avalon
374,CC1OC2(C(C)=CCCC2(C)C)CC1,,2,1,5,kNN,Avalon
398,O=C1CCC(C1C/C=C\CC)CC(OC)=O,,2,0,5,kNN,Avalon
400,CC(C1CCC(C=O)=CC1)=C,,1,1,5,kNN,Avalon
403,CC(C)[C@@H]1CC[C@@]([C@@H](C1)C(=C)C)(C)C=C,,0,1,5,kNN,Avalon
409,CC1(C=C)C(C(C)C)CC(C(C)C)CC1,,0,1,5,kNN,Avalon
413,C[C@@]1(CCC2)CC[C@@H](C(C)C)C[C@@]1([H])C2=C,,0,1,5,kNN,Avalon
428,CC(S)CC(OCC)=O,,0,0,5,kNN,Avalon
434,CC(C)C1=CC=C([C@]23[C@@](C[C@@H]4O)([H])C(C)(C)[C@@](O)(CC3)OC2)C4=C1,,2,2,5,kNN,Avalon
440,CC1=C2C(C(OC2)=O)=C(C(C/C=C(C)/CCC(OCCN3CCOCC3)=O)=C1OC)O,,0,2,5,kNN,Avalon
1,O=C1C[C@@H](C)[C@]2(C)CC(CCC2=C1)=C(C)C,,1,1,1,MLP,Avalon
12,CC(C)[C@H]1[C@H]2[C@](CC1)(C)[C@H]3[C@@H]2C(CBr)=CC3,,1,1,1,MLP,Avalon
18,O=C(N[C@H](C(N[C@@H](C1=CC=CC=C1)C(OC(C)(C)C)=O)=O)C)CC2=CC(F)=CC(F)=C2,,2,2,1,MLP,Avalon
20,O[C@H](/C=C\C#CC#CC1=CN(CC2=CC=CC=C2)N=N1)[C@H](O3)[C@@H]3[C@H](O)[C@H]4OC(CC4)=O,,2,2,1,MLP,Avalon
25,CC1=C(C)[C@]([C@]2=C(O)C=CC(C)=C2C)=C(O)C=C1,,1,1,1,MLP,Avalon
27,CC(C)C1=CC=C2C(C=CC=C2)=[C@@]1[C@@]3=CSC(C)=C3C,,1,1,1,MLP,Avalon
29,C12=CC=CC=C1N3C(C4=NC5=C(C=CC=C5)N4CC/C=C/CC3)=N2,,1,1,1,MLP,Avalon
34,CC1=CC=CC(C)=C1NC(CN(CC)CC)=O,,1,2,1,MLP,Avalon
40,ClC1=CC=C2C(N(CCCN(C)C)C(C=CC=C3)=C3S2)=C1,,2,1,1,MLP,Avalon
43,ClC1=C([C@@H](C(OC)=O)N2CCC(SC=C3)=C3C2)C=CC=C1,,2,1,1,MLP,Avalon
44,O=C(C(C)=C1)NC(N1[C@@H]2O[C@H](CO)[C@@H](N=[N+]=[N-])C2)=O,,2,0,1,MLP,Avalon
48,CN(CCC1)[C@@H]1C2=CC=CN=C2,,0,2,1,MLP,Avalon
51,O=C(C=C(C1=CC(OC)=C(OC)C=C1)O2)C3=C2C(OC)=C(OC)C(OC)=C3OC,,1,1,1,MLP,Avalon
52,O=C(C=C(C1=CC=C(OC)C=C1)O2)C3=C2C(OC)=C(OC)C(OC)=C3OC,,1,1,1,MLP,Avalon
58,BrC1=CC2=CC=CC=C2C3=C1C=CC=C3,,1,1,1,MLP,Avalon
61,CC(O[C@H]1[C@H](C(C)C)CC[C@@H](C)C1)=O,,1,2,1,MLP,Avalon
69,CC1CCCC2(C1CC(CC2)C(C)C)C,,1,0,1,MLP,Avalon
78,N#Cc1ccccc1,,1,1,1,MLP,Avalon
84,C[C@]12OC(=O)C(=C)[C@H]1CC(=O)C=C2,,1,1,1,MLP,Avalon
88,Cc1cc(O)c(cc1Br)[C@]2(C)CC[C@@H]3C[C@]23C,,1,1,1,MLP,Avalon
95,CC12C(O2)CC(C)(C)/C=C/C/C(C)=C/CC1,,1,1,1,MLP,Avalon
96,C/C1=C\CC(C)(C)C(O2)C2C/C(C)=C/CC1,,1,1,1,MLP,Avalon
98,CC12C(O2)CC(C)(C)C(O3)C3CC(C)(O4)C4CC1,,1,1,1,MLP,Avalon
99,CC1(C)C/C=C(C)/CC/C=C(C=O)/C/C=C/1,,1,1,1,MLP,Avalon
103,BrC1=C[C@]([H])(OC)[C@](O2)(C)[C@]3(C[C@]2([H])[C@](Cl)(C)CC3)C1(C)C,,1,1,1,MLP,Avalon
135,O=C1C(N(C)C)=C(C)N(C)N1C2=CC=CC=C2,,2,1,1,MLP,Avalon
137,FC(F)(F)C1=CC=C(OC(C2=CC=CC=C2)CCNC)C=C1,,2,1,1,MLP,Avalon
138,O=C(OC)[C@@H](N1CCC(SC=C2)=C2C1)C3=C(Cl)C=CC=C3,,2,1,1,MLP,Avalon
140,O=C1C2=C(N=CC=C2)N(C3CC3)C4=C(C(C)=CC=N4)N1,,2,2,1,MLP,Avalon
143,Cc1ccc(cc1Nc2nccc(n2)c3cccnc3)NC(=O)c4ccc(cc4)CN5CCN(CC5)C,,0,0,1,MLP,Avalon
144,O=C1N(/N=C\N1c2ccc(cc2)N7CCN(c6ccc(OCC3C[C@@](OC3)(c4ccc(F)cc4F)Cn5ncnc5)cc6)CC7)[C@@H](CC)[C@@H](O)C,,0,0,1,MLP,Avalon
159,O=C(O)C1=C(OC(C)=O)C=CC=C1,,2,2,1,MLP,Avalon
178,N=C(N(C)C)N(C)C,,2,1,1,MLP,Avalon
180,C12=NCCCN1CCCCC2,,2,1,1,MLP,Avalon
185,O[C@H]1CCCCC[C@@H]1NCC2=CC=CC=C2,,2,2,1,MLP,Avalon
203,OC(=O)c1ccccc1Nc2cccc(c2)C(F)(F)F,,0,1,1,MLP,Avalon
204,C[C@@]1(C2(C)C)CC[C@H]2C[C@H]1O,,0,2,1,MLP,Avalon
206,O=C1O[C@H](CCCCC)CCC1,,0,0,1,MLP,Avalon
221,CCCC[C@@H](Br)[C@]1(C)CCCC=C1,,1,1,1,MLP,Avalon
223,COC([C@H](O)[C@@H](O)C(OC)=O)=O,,1,0,1,MLP,Avalon
224,CC1=CC=C(S(N)=O)C=C1,,1,2,1,MLP,Avalon
225,OC(C)C1=CC=C(Br)C=C1,,1,1,1,MLP,Avalon
226,CC(C)[C@@H]1Sc2[nH]c3ccccc3c2C[C@@H](CO)NC1=O,,2,2,1,MLP,Avalon
249,CCN(CC)C1=CC=C2C(OC(C(C3=NC4=C(C=CC=C4)S3)=C2)=O)=C1,,2,0,1,MLP,Avalon
278,O=C1C[C@@H](C2=CC=CC=C2)OC3=CC=CC=C31,,0,1,1,MLP,Avalon
285,C\C(\C=C1/SC(=S)N(CC(O)=O)C1=O)=C/C1=CC=CC=C1,,2,1,1,MLP,Avalon
287,ClC1=C(Cl)C(=CC=C1)N1CCN(CCCCOC2=CC3=C(CCC(=O)N3)C=C2)CC1,,1,2,1,MLP,Avalon
290,C\N=C(\NCCSCC1=C(C)NC=N1)NC#N,,0,0,1,MLP,Avalon
291,ClC1=C(NC2=NCCN2)C2=NSN=C2C=C1,,0,1,1,MLP,Avalon
296,CC1(C)SC2[C@H](NC(=O)CC3=CC=CC=C3)C(=O)N2[C@H]1C(O)=O,,0,1,1,MLP,Avalon
322,O=C(C1=C(S(=O)(NC(NC2=NC(OC)=CC(OC)=N2)=O)=O)N(C)N=C1Cl)OC,,2,0,1,MLP,Avalon
326,CC(CC1)=C[C@@]2([H])C1=C(C)CC[C@@H]2C(C)C,,2,1,1,MLP,Avalon
328,CC1=C[C@@]([C@@H](C(C)C)CC[C@]2(O)C)([H])[C@@]2([H])CC1,,2,1,1,MLP,Avalon
329,CC1=C[C@@]([C@@H](C(C)C)CC[C@@]2(O)C)([H])[C@]2([H])CC1,,2,1,1,MLP,Avalon
332,ClC1=CC(N2CCCN(C)C)=C(C=C1)SC3=C2C=CC=C3,,2,1,1,MLP,Avalon
339,COC1=C2O[C@@H]3[C@]45C2=C(C=C1)C[C@@H](N(CC5)C)[C@]4([H])C=C[C@@H]3O,,1,1,1,MLP,Avalon
360,O=S(CC1=NC=C(C(OC)=C1C)CO)C2=NC3=C(N2)C=CC(OC)=C3,,0,2,1,MLP,Avalon
386,O[C@@H]1C[C@H](C)CC[C@H]1C(C)=O,,0,0,1,MLP,Avalon
439,O=C1NC2=C(N1CCCN3CCC(CC3)N4C(NC5=CC(Cl)=CC=C54)=O)C=CC=C2,,0,0,1,MLP,Avalon
448,CO[C@H]1[C@@H](C[C@@H]2CN3CCC4=C([C@H]3C[C@@H]2[C@@H]1C(=O)OC)NC5=C4C=CC(=C5)OC)OC(=O)C6=CC(=C(C(=C6)OC)OC)OC,,0,1,1,MLP,Avalon
2,CC1=CC(C[C@@H](C)[C@]1(C2)CCC2=C(C)C)=O,,1,1,2,MLP,Avalon
4,O=C(CCCCCCCCCCC1)OCCOC1=O,,1,0,2,MLP,Avalon
13,C[C@@]1(O)[C@@H](Br)C[C@H](C(C)=C)CC1,,1,1,2,MLP,Avalon
16,CC1(C)[C@@H]2[C@H]1CC=C(C)C2,,1,1,2,MLP,Avalon
31,O=C1N(C)C(C(N(C)C=N2)=C2N1C)=O,,1,0,2,MLP,Avalon
35,CNCCC(OC1=CC=C(C(F)(F)F)C=C1)C2=CC=CC=C2,,1,2,2,MLP,Avalon
36,COC1=CC=C2C(NC(S(CC3=C(C)C(OC)=C(C)C=N3)=O)=N2)=C1,,2,0,2,MLP,Avalon
38,O=C(OCCN(C)C)C1=CC=C(NCCCC)C=C1,,2,1,2,MLP,Avalon
47,ClC1=CC=C(NC(O[C@]2(C#CC3CC3)C(F)(F)F)=O)C2=C1,,2,1,2,MLP,Avalon
49,CC1=C2C(C=C1)=C(C)C=CC(C(C)C)=C2,,1,1,2,MLP,Avalon
53,O=C(C(OC)=C(C1=CC(OC)=C(OC)C=C1)O2)C3=C2C(OC)=C(OC)C(OC)=C3OC,,1,1,2,MLP,Avalon
62,CC(C(C)(C)O1)(C)OB1C(B2OC(C)(C)C(C)(C)O2)CCC3=CC=CC=C3,,1,1,2,MLP,Avalon
65,O=C(C(C#N)=C1)C=C(C1(C#C)C2)C3=C2C=CC=C3,,1,1,2,MLP,Avalon
71,C1OOC(O1)c2ccccc2,,1,1,2,MLP,Avalon
73,O1O[C@H](O[C@@H]1c2ccccc2)c3ccccc3,,1,1,2,MLP,Avalon
75,c1ccccc1,,1,1,2,MLP,Avalon
81,Fc1ccc(F)cc1,,1,1,2,MLP,Avalon
82,CN1C[C@@](C)(c2ccccc2)[C@@]3(C)[C@@H]1N(C)c4ccccc34,,1,0,2,MLP,Avalon
83,C[C@@]12OC(=O)C(=C)[C@]1(C)CC(=O)C=C2,,1,1,2,MLP,Avalon
86,CCOC(=O)\C=C\1/C[C@@](N1S(=O)(=O)c2ccc(C)cc2)(C(=O)OCC)c3ccccc3C,,1,0,2,MLP,Avalon
90,C[C@]1(Cl)CC2O[C@@]3(C)C=C[C@@](C)(O)[C@]2(C[C@@H]1Br)C3(C)C,,1,1,2,MLP,Avalon
100,CC1(C)/C=C/C/C(C=O)=C\CC/C(C=O)=C\C1,,1,1,2,MLP,Avalon
110,N#CCC1=CC=CC=C1,,1,1,2,MLP,Avalon
115,[N-]=[N+]=NC1=CC=C(C(F)(F)F)C=C1,,2,1,2,MLP,Avalon
116,C[C@@](O1)(OO2)CC[C@]3([H])[C@]2([C@]1([H])O4)[C@](CC[C@H]3C)([H])[C@@H](C)C4=O,,2,1,2,MLP,Avalon
120,CC1=CC[C@H](C(C)=C)CC1,,1,1,2,MLP,Avalon
123,C[C@H](CC[C@H]1C(C)C)CC1=O,,1,1,2,MLP,Avalon
129,IC1=C(C(OSC(F)(F)F)(C)C)C=CC=C1,,1,1,2,MLP,Avalon
133,OC(C=C1)=CC=C1C2COC3=CC(O)=CC=C3C2=O,,0,2,2,MLP,Avalon
141,CN3[C@H]1CC[C@@H]3C[C@@H](C1)OC(=O)C(CO)c2ccccc2,,2,2,2,MLP,Avalon
146,CCOc2nc1cccc(C(=O)O)c1n2Cc5ccc(c3ccccc3c4nn[nH]n4)cc5,,0,0,2,MLP,Avalon
151,C[C@@H]1CC[C@H]([C@@H](C1)OC(=O)C)C(C)C,,2,2,2,MLP,Avalon
163,O[C@H](C1)CC[C@@]2(C)C1=CC[C@]3([H])[C@]2([H])CC[C@@]4([H])[C@@]3([H])C[C@H](O)[C@]4([H])[C@H](C)[C@@H](O)CCC(C)C,,2,1,2,MLP,Avalon
165,[H][C@@]1(CO2)[C@](CO[C@@H]1C3=CC(OCO4)=C4C=C3)([H])[C@@H]2C5=CC(OCO6)=C6C=C5,,1,1,2,MLP,Avalon
166,COC1=C(OC)C=C(OC)C(/C=C\C)=C1,,1,1,2,MLP,Avalon
173,CC(C(O)=O)C1=CC=C(CC(C)C)C=C1,,2,1,2,MLP,Avalon
174,O[C@@H]1CCCC[C@H]1NC2CC2,,2,2,2,MLP,Avalon
176,CN(C)C1CCCCC1,,2,1,2,MLP,Avalon
179,N=C(NC1=CC=CC=C1)NC2=CC=CC=C2,,2,2,2,MLP,Avalon
195,OC(=O)c1ccc(O)cc1,,2,2,2,MLP,Avalon
196,CC1=C(/C=C/C(C)=C/C=C/C(C)=C/C=C/C=C(C)/C=C/C=C(C)/C=C/C2=C(C)CCCC2(C)C)C(C)(C)CCC1,,0,0,2,MLP,Avalon
209,CC(C)C1CC[C@]2(C)[C@@]1([H])[C@]3([H])[C@@]2([H])CCC3=C,,0,1,2,MLP,Avalon
218,CC1=C(O)C=C(C)C(OCCCC(C)(C)C(O)=O)=C1,,2,2,2,MLP,Avalon
219,CC1=CC=C(C(O)=O)C=C1OCCCC(C)(C)C(O)=O,,0,2,2,MLP,Avalon
227,COC(=O)C1=C(C)[C@]2(C)C[C@H]3[C@@](C)(CC[C@H]4C(C)(C)[C@@H](O)CC[C@]34C)OC2=C(C)C1=O,,2,2,2,MLP,Avalon
231,COCC(=O)N([C@H](C)C(=O)OC)c1c(C)cccc1C,,2,2,2,MLP,Avalon
284,CC(C)NCC(O)COC1=CC=CC2=CC=CC=C12,,2,2,2,MLP,Avalon
288,O=C1C2=CC=CC=C2C(=O)C2=C1C=CC1=C2NC2=C(N1)C1=C(C=C2)C(=O)C2=C(C=CC=C2)C1=O,,0,0,2,MLP,Avalon
309,CC[C@H]1OC(=O)[C@H](C)[C@H](C[C@@H](O[C@@H]2O[C@H](C)C[C@@H]([C@H]2O)N(C)C)[C@](C)(O)C[C@@H](C)C(=O)[C@H](C)[C@@H](C)[C@]1(C)O)O[C@H]1C[C@@](C)(OC)[C@@H](O)[C@H](C)O1,,0,0,2,MLP,Avalon
318,O=C(CC(C(C)1C)CC2)C21CS(=O)(O)=O,,0,0,2,MLP,Avalon
324,C[C@@H]1[C@]2([C@@]3([H])[C@](C)(O)CC2)[C@@]3([H])[C@@H](C(C)C)CC1,,2,1,2,MLP,Avalon
345,COC1=C(C(C(C(O)=C([C@@H](O)C[C@@](C(CO)=O)(O)C2)C2=C3O)C3C4=O)=O)C4=CC=C1,,0,1,2,MLP,Avalon
366,COC1=C(C2=CC=C1)C(C(C3C2=O)C(O)=C4[C@H](C[C@@](O)(CC4=C3O)C(CO)=O)O[C@H]5C[C@H](N)[C@H](O)[C@H](C)O5)=O,,0,1,2,MLP,Avalon
372,NC(N1C2=C(C=CC=C2)C=CC3=C1C=CC=C3)=O,,2,2,2,MLP,Avalon
407,[H][C@@]12[C@](CC[C@@H](C(C)C)C2)(C)CCC[C@]1(O)C,,2,1,2,MLP,Avalon
417,C[C@@]12CC[C@@H](C(C)C)C[C@@]1([H])C(C)=CCC2,,0,2,2,MLP,Avalon
421,CC12C(CC(C(C)=C)CC2)=C(C)C(CC1)=O,,0,1,2,MLP,Avalon
432,C[C@@H]1CCCCCCCCCCCCC(=O)C1,,0,1,2,MLP,Avalon
436,CC(C)C1=CC=C([C@@]2(C)[C@@](CC3=O)([H])C(C)(C)[C@H](O)CC2)C3=C1,,2,2,2,MLP,Avalon
446,CC1=C(C2=C(CC[C@@](O2)(C)CCC[C@H](C)CCC[C@H](C)CCCC(C)C)C(=C1O)C)C,,0,0,2,MLP,Avalon
7,C=C1CC/C=C(C)/CC[C@@H]2[C@@H]1CC2(C)C,,1,0,3,MLP,Avalon
9,Br[C@@H](CO)[C@](CC[C@H](Br)C(Br)(C)C)(Br)C,,1,1,3,MLP,Avalon
17,CN1[C@H]2CC[C@@H]1C[C@H](OC(C(CO)C3=CC=CC=C3)=O)C2,,2,2,3,MLP,Avalon
39,ClC1=C(N)C=C(OC)C(C(NCCN(CC)CC)=O)=C1,,2,0,3,MLP,Avalon
45,OCC(C(OC1CC(N2C)CCC2C1)=O)C3=CC=CC=C3,,2,2,3,MLP,Avalon
50,O=C1[C@@H](C)[C@]([C@]2([H])O1)([H])CC[C@@](C2=C3C)(C)C=CC3=O,,1,2,3,MLP,Avalon
56,O=C/C=C/C1=CC=CC=C1,,1,1,3,MLP,Avalon
57,O=C([C@@]1(C2C34)[C@@H]3[C@H]5C4(C(OC)=O)C2[C@H]51)OC,,1,2,3,MLP,Avalon
68,O=C1CC[C@@]2(C)C(CCC([C@@](CC[C@@H]3O)([H])[C@]3(C)C4)[C@]2([H])C4=O)=C1,,1,2,3,MLP,Avalon
72,O1O[C@@H](O[C@@H]1c2ccccc2)c3ccccc3,,1,1,3,MLP,Avalon
76,Fc1ccc(C=O)cc1,,1,1,3,MLP,Avalon
79,O=CC1=CC=CC=C1,,1,1,3,MLP,Avalon
80,Fc1ccccc1,,1,1,3,MLP,Avalon
85,Cn1c2c(CC[C@@]2(C)C=C)c3ccccc13,,1,0,3,MLP,Avalon
92,CC1(Cl)CC[C@@]2(CC1Br)C(C)(C)C(=C[C@H]3O[C@@]23C)Br,,1,1,3,MLP,Avalon
101,CC[C@@H](O1)[C@@H](Br)C[C@]1([H])[C@@]2([H])O[C@@H](C/C=C\C#C)[C@H](Br)C2,,1,1,3,MLP,Avalon
107,C[C@@H](CC1)[C@@]2([H])[C@]1([H])[C@@]3(C)[C@]2([H])[C@@H](C(C)=C)CC3,,1,0,3,MLP,Avalon
108,O=C(C)C1=CC=CC=C1,,1,2,3,MLP,Avalon
112,C12=CC=CC=C1C=C3C(C=CC=C3)=C2,,1,1,3,MLP,Avalon
121,CC1=CC[C@@H]2C(C)(C)[C@H]1C2,,1,2,3,MLP,Avalon
127,C[C@H]1CC2=C(C(C)=CO2)CC1,,1,2,3,MLP,Avalon
131,BrC1=CC=CC2=C1C(N=CC=C3)=C3C4=C2C=CC=C4,,1,1,3,MLP,Avalon
132,COC(C=C1)=CC=C1C2COC3=CC(OC)=CC=C3C2=O,,2,0,3,MLP,Avalon
136,NC1=C(S(=O)(CC)=O)C=C(C(NCC2N(CC)CCC2)=O)C(OC)=C1,,2,2,3,MLP,Avalon
139,CN(C)CCCN1C2=C(C=CC=C2)CCC3=C1C=CC=C3,,2,2,3,MLP,Avalon
147,C[C@H]1[C@H]([C@H](C[C@@H](O1)O[C@H]2C[C@@](Cc3c2c(c4c(c3O)C(=O)c5cccc(c5C4=O)OC)O)(C(=O)CO)O)N)O,,0,0,3,MLP,Avalon
148,COc1ccccc1OCCNCC(O)COc3cccc4[nH]c2ccccc2c34,,0,2,3,MLP,Avalon
155,COc1ccc(C=O)cc1,,2,1,3,MLP,Avalon
156,C1=CC=CC2=C1C3C(CC2)[C@@H](C(O3)=O)C,,1,1,3,MLP,Avalon
177,NCCC1=CC=CC=C1,,2,2,3,MLP,Avalon
183,O[C@H]1CCCC[C@@H]1NCC2=CC=CC=C2,,2,2,3,MLP,Avalon
186,O[C@@H]1CCCCC[C@H]1NCC2=CC=CC=C2,,2,2,3,MLP,Avalon
189,CC1(C)C(C(CCC)=O)=C(C)CCC1,,0,0,3,MLP,Avalon
190,O=C(OC)C1=C(C)C(C)=C2O[C@]3(C)CC[C@@]4([H])C(C)(C)[C@@H](O)CC[C@]4(C)[C@@]3([H])C[C@]2(C)C1=O,,2,2,3,MLP,Avalon
192,CC1=C(C)C(C(OC)=O)=C2O[C@]3(C)CC[C@@]4([H])C(C)(C)[C@@H](O)CC[C@]4(C)[C@@]3([H])C[C@]2(C)C1=O,,2,2,3,MLP,Avalon
216,CC1=CC=C(C)C(OCCCC(C)(C)C(O)=O)=C1,,2,2,3,MLP,Avalon
222,O[C@@H](CCCl)C1=CC=CC=C1,,1,1,3,MLP,Avalon
234,CCC1=CC=CC(=C1N(C(C)COC)C(=O)CCl)C,,2,2,3,MLP,Avalon
239,[H][C@]12CN(CC(=O)N1C[C@@H](O)C1=CC=CC=C21)C(=O)C1CCCCC1,,1,1,3,MLP,Avalon
244,C/C(C(O)=O)=C(OC(C)=O)\C=C,,0,2,3,MLP,Avalon
260,C[C@H](CCCC(C)C)[C@@]1([H])CC[C@@]2([H])[C@]3([H])CC=C4C[C@@H](C)CC[C@]4(C)[C@@]3([H])CC[C@@]21C,,2,0,3,MLP,Avalon
277,O=C(C1=C2C=C(C)C=C1O)C3=C(C=CC=C3O)C2=O,,2,0,3,MLP,Avalon
282,CCOC(=O)[C@H](CC1=CNC2=CC=CC=C12)NC(C)=O,,2,2,3,MLP,Avalon
303,[H][C@@]12CCCC[C@]1([H])CN(C[C@@H](O)[C@H](CSC1=CC=CC=C1)NC(=O)C1=CC=CC(O)=C1C)[C@@H](C2)C(=O)NC(C)(C)C,,0,0,3,MLP,Avalon
305,COC1=CC(=CC=C1CC1=CN(C)C2=CC=C(NC(=O)OC3CCCC3)C=C12)C(=O)NS(=O)(=O)C1=CC=CC=C1C,,0,2,3,MLP,Avalon
307,CC(C)[C@H](NC(=O)N(C)CC1=CSC(=N1)C(C)C)C(=O)N[C@H](C[C@H](O)[C@H](CC1=CC=CC=C1)NC(=O)OCC1=CN=CS1)CC1=CC=CC=C1,,0,2,3,MLP,Avalon
308,OCCN(CCO)C1=NC2=C(N=C(N=C2N2CCCCC2)N(CCO)CCO)C(=N1)N1CCCCC1,,0,0,3,MLP,Avalon
325,C/C1=C\CC[C@@](C)(O)/C=C/[C@@H](C(C)C)CC1,,1,0,3,MLP,Avalon
327,CC1=C[C@@]([C@@H](C(C)C)CC[C@]2(O)C)([H])[C@]2([H])CC1,,1,2,3,MLP,Avalon
349,[H]N(C(C1=CC=C(O)C=C1)=O)/N=C/C2=CC=C([N+]([O-])=O)O2,,2,2,3,MLP,Avalon
369,O=C(NN)C1=CC=NC=C1,,0,2,3,MLP,Avalon
378,CC1=CCCC(C)(C)[C@@]12O[C@@H](C)CC2,,1,2,3,MLP,Avalon
380,O=C([C@@H]1CC[C@@H](C)C[C@H]1O)C,,0,0,3,MLP,Avalon
381,CC([C@@H]1CC[C@@H](C)C[C@H]1OC(C[C@@H](O)C)=O)C,,0,2,3,MLP,Avalon
382,CC([C@@H]1CC[C@@H](C)C[C@H]1OCCO)C,,0,1,3,MLP,Avalon
385,CC1(C)C[C@@H](C(O)=O)[C@H](C(C)C)CC1,,2,2,3,MLP,Avalon
390,[NH3+] [C@@H](CC([O-])=O)C(N[C@@H](CC1=CC=CC=C1)C(OC)=O)=O,,0,1,3,MLP,Avalon
425,O=C(SC(C)CC)CC(C)C,,0,2,3,MLP,Avalon
435,CC(C)C1=CC=C([C@]23[C@@](CC4=O)([H])C(C)(C)[C@@H](CC3)OC2=O)C4=C1,,2,2,3,MLP,Avalon
437,CC(C)C1=CC=C([C@@]2(C)[C@@](CC3=O)([H])C(C)(C)C(CC2)=O)C3=C1,,2,2,3,MLP,Avalon
5,CC1(C)CCC[C@@]2(C)[C@H]1CC[C@]3(C)[C@@H]2CCO3,,1,2,4,MLP,Avalon
8,CC1=CC(C(C)(C)[C@H](C)CC2(C)C)=C2C=C1C(C)=O,,1,1,4,MLP,Avalon
11,CCC[C@H](SC(C1=CC(Br)=CC=C1)=O)CCOC(C2=CC(Br)=CC=C2)=O,,1,0,4,MLP,Avalon
21,O[C@H](/C=C/C#CC#CC1=CN(CC2=CC=CC=C2)N=N1)[C@H](O3)[C@@H]3[C@H](O)[C@H]4OC(CC4)=O,,2,2,4,MLP,Avalon
22,IC1=C(C(C)(C)OSC(F)(F)F)C=CC=C1,,1,1,4,MLP,Avalon
24,C[C@H]1C[C@@H](OC(C)=O)[C@H](C(C)C)CC1,,2,1,4,MLP,Avalon
26,CC1=C(C)[C@@]([C@@]2=C(O)C=CC(C)=C2C)=C(O)C=C1,,1,1,4,MLP,Avalon
32,NC1=C2C(C=CC=N2)=CC=C1,,1,1,4,MLP,Avalon
41,O=C1C(C2CCC(NC2=O)=O)C(C3=CC=CC=C31)=O,,2,1,4,MLP,Avalon
42,CC1=C(C(OC)=O)C(C(C(OC)=O)=C(C)N1)C2=C([N+]([O-])=O)C=CC=C2,,2,2,4,MLP,Avalon
46,CN(C)CCCN1C(C=CC=C2)=C2CCC3=C1C=CC=C3,,2,2,4,MLP,Avalon
55,O=CC1=CC=C([N+]([O-])=O)C=C1,,1,1,4,MLP,Avalon
63,CC(C(C)(C)O1)(C)OB1[C@@H](CCCCC)[C@H](B2OC(C)(C)C(C)(C)O2)C,,1,1,4,MLP,Avalon
64,CC(C(C)(C)O1)(C)OB1[C@@H](CCCCC)[C@@H](B2OC(C)(C)C(C)(C)O2)C,,1,1,4,MLP,Avalon
67,O[C@H]1CCC2=C(OC)C=CC=C2[C@H]1C(OC)=O,,1,2,4,MLP,Avalon
91,CC1=C[C@H](O)C(Br)C(C)(C)[C@]12CCC(C)(Cl)C(Br)C2,,1,1,4,MLP,Avalon
102,CC[C@@H](O1)[C@@H](Br)C[C@]1([H])[C@@]2([H])O[C@@H](C/C=C\C3=CN(CC(NC4=CC=CC=C4)=O)N=N3)[C@H](Br)C2,,1,2,4,MLP,Avalon
104,BrC1=C[C@@]([H])(OC)[C@](O2)(C)[C@]3(C[C@]2([H])[C@](Cl)(C)CC3)C1(C)C,,1,1,4,MLP,Avalon
109,[H]C(/C=C/C1=CC=CC=C1)=O,,1,1,4,MLP,Avalon
111,C12=CC=CC=C1C=CC=C2,,1,1,4,MLP,Avalon
114,OC1=C(OC)C=C(C=O)C=C1,,2,1,4,MLP,Avalon
118,CN1C=NC(C(F)(F)F)=C1C(OC)=O,,1,1,4,MLP,Avalon
119,CN1C(C(F)(F)F)=C([N+]([O-])=O)C=C1C(OC)=O,,1,1,4,MLP,Avalon
122,C[C@H]1C[C@@H](O)[C@H](C(C)C)CC1,,1,0,4,MLP,Avalon
124,C[C@H]1C[C@H](O)[C@H](C(C)C)CC1,,1,0,4,MLP,Avalon
128,C[C@@]12CC[C@H](C(C)(C)O2)CC1,,1,2,4,MLP,Avalon
142,CCN(CC)CC(=O)NC1=C(C)C=CC=C1C,,2,1,4,MLP,Avalon
145,O=C7OCC=6C(=O)N2C(\c1nc5c(c(c1C2)CC)cc(OC(=O)N4CCC(N3CCCCC3)CC4)cc5)=C/C=6[C@@]7(O)CC,,0,1,4,MLP,Avalon
149,O2C1(CCC(CC1)C2(C)C)C,,2,2,4,MLP,Avalon
150,O[C@H]1[C@H](C(C)C)CC[C@@H](C)C1,,2,0,4,MLP,Avalon
152,O(c1ccc(\C=C\C)cc1)C,,2,1,4,MLP,Avalon
161,O=C1C(C)=C2O[C@]3(C)CCC4C(C)(C)[C@@H](O)CC[C@]4(C)[C@@]3([H])C[C@@]2(C)C(C)=C1C(OC)=O,,2,2,4,MLP,Avalon
164,CC1(C)CC[C@]2(C)C[C@@]34[C@@H](C)CC[C@@H](O)[C@]3(C)CC[C@H]4[C@@]21[H],,2,2,4,MLP,Avalon
181,O[C@@H]1[C@@H](NCC2=CC=CC=C2)CCC1,,2,2,4,MLP,Avalon
184,O[C@@H]1CCCC[C@H]1NCC2=CC=CC=C2,,2,2,4,MLP,Avalon
187,C/C(C)=C/CC/C(C)=C/CO,,0,0,4,MLP,Avalon
188,C/C(C)=C/CC/C(C)=C/CC/C(C)=C/CO,,0,0,4,MLP,Avalon
193,O=C1C(C(OC)=O)=C(C)C(C)=C2O[C@@]3(C)CC[C@@]4([H])C(C)(C)[C@@H](O)CC[C@]4(C)[C@]3([H])C[C@@]21C,,2,2,4,MLP,Avalon
194,O=C1C(C(OC)=O)=C(C)[C@]2(C)C(O[C@]([C@]3(C)[C@](CC[C@H](O)C4)(C)[C@@]4([H])CC3)([H])C2)=C1C,,2,1,4,MLP,Avalon
198,O=C1CCCCC/C=C/CCCCCCCCO1,,0,2,4,MLP,Avalon
199,O=C1CCCCC/C=C\CCCCCCCCO1,,0,2,4,MLP,Avalon
211,CC([C@H]12)=CC[C@]32[C@]1([H])[C@H](C(C)C)CC[C@H]3C,,0,1,4,MLP,Avalon
213,CC(C12)=CC[C@@]3([H])C1[C@H](C(C)C)CC[C@@]32C,,0,2,4,MLP,Avalon
217,CC1=CC=C(CO)C=C1OCCCC(C)(C)C(O)=O,,2,0,4,MLP,Avalon
236,[H][C@]12CN(CC(=O)N1CCC1=CC=CC=C21)C(=O)[C@H]1CC[C@H](O)CC1,,1,1,4,MLP,Avalon
237,[H][C@]12CN(CC(=O)N1CCC1=CC=CC=C21)C(=O)[C@@H]1CC[C@H](O)CC1,,1,1,4,MLP,Avalon
240,OC12CN(CC(=O)N1CCC1=CC=CC=C21)C(=O)C1CCCCC1,,1,0,4,MLP,Avalon
241,O[C@]12CN(CC(=O)N1CCC1=CC=CC=C21)C(=O)C1CCCCC1,,1,0,4,MLP,Avalon
242,OC1=CC=C(NC(C)=O)C=C1,,0,2,4,MLP,Avalon
251,O[C@@H]1[C@@H](O)[C@H](O)[C@@H](CO)O[C@H]1OC2=CC=CC=C2CO,,0,0,4,MLP,Avalon
275,O=C(C1=C2C=C(C)C=C1O)C3=C(C=C(O)C=C3O)C2=O,,0,2,4,MLP,Avalon
281,C[C@@H](C1=C2C[C@H](O)[C@H]3[C@@]4(C)CCC(C(C)(C)[C@@H]4CC[C@]3(C)[C@@]2(C)CC1)=O)C[C@H](O)[C@@H](O)C(C)(O)C,,0,1,4,MLP,Avalon
283,COC(=O)[C@@H](N)CC1=CNC2=CC=CC=C12,,2,2,4,MLP,Avalon
293,CN1C(C(=O)NC2=NC=C(C)S2)=C(O)C2=C(C=CC=C2)S1(=O)=O,,0,0,4,MLP,Avalon
312,BrC1(CC2(Br)C3)CC(C2)(Br)CC3(Br)C1,,2,2,4,MLP,Avalon
344,O=C1[C@@H](CCCCCC)[C@H](C[C@H](CCCCCCCCCCC)OC([C@H](CC(C)C)NC=O)=O)O1,,2,0,4,MLP,Avalon
356,FC1=CC2=C(C=C1)C(C3CCN(CCC4=C(C)N=C5N(CCCC5)C4=O)CC3)=NO2,,2,0,4,MLP,Avalon
357,CN1CCN(CC1)S(=O)(C2=CC(C3=NC4=C(C(N3)=O)N(N=C4CCC)C)=C(OCC)C=C2)=O,,1,1,4,MLP,Avalon
363,ClC1=C(NC2=CC=CC=C2CC(O)=O)C(Cl)=CC=C1,,0,2,4,MLP,Avalon
384,CC1(C)C[C@@H](C(NC2=CC=C(CC#N)C=C2)=O)[C@H](C(C)C)CC1,,0,2,4,MLP,Avalon
3,C[C@@H]1CCC=C(CC/2)[C@@]1(C)CC2=C(C)\CO,,2,1,5,MLP,Avalon
6,C[C@@]1(CC2)[C@]3(O)C(C)(C)[C@H]2C[C@H]1[C@@H](C)CC3,,2,2,5,MLP,Avalon
10,C[C@@](CC[C@H](Br)C(Br)(C)C)(Br)[C@H](Br)CO,,1,1,5,MLP,Avalon
14,CCCCNc1ccc(cc1)C(=O)OCCN(C)C,,1,2,5,MLP,Avalon
15,CCCCCC=CCC=CCC=CCC=CCCCC(=O)OCC,,2,0,5,MLP,Avalon
19,CC1=C(NC(CN(CC)CC)=O)C(C)=CC=C1,,2,1,5,MLP,Avalon
28,CC(C)C1=CC=C2C(C=CC=C2)=[C@]1[C@]3=CSC(C)=C3C,,1,1,5,MLP,Avalon
30,C12=CC=CC=C1N=C3N2CC/C=C/CCN4C5=C(C=CC=C5)N=C34,,1,1,5,MLP,Avalon
37,NC1=CC=C(S(C2=CC=C(N)C=C2)(=O)=O)C=C1,,2,1,5,MLP,Avalon
54,NC1=C(C(C)C)C=CC=C1C(C)C,,1,2,5,MLP,Avalon
60,COC1=CC=C(/C=C/C)C=C1,,1,2,5,MLP,Avalon
74,C1C[C@H]2OOC(C1)O2,,1,1,5,MLP,Avalon
77,Clc1cccc(Cl)c1,,1,1,5,MLP,Avalon
87,CC1(C)C(Br)C[C@H]2O[C@@]2(C)[C@]13CC(Br)C(C)(Cl)CC3O,,1,1,5,MLP,Avalon
89,C[C@]1(Cl)CC2O[C@@]3(Br)[C@H](O)[C@H]4O[C@@]4(C)[C@]2(C[C@@H]1Br)C3(C)C,,1,1,5,MLP,Avalon
93,C/C1=C\CC(C)(C)/C=C/C/C(C)=C/CC1,,1,1,5,MLP,Avalon
94,C/C1=C\CC(C)(C)/C=C/CC2(C)C(O2)CC1,,1,1,5,MLP,Avalon
97,CC12C(O2)CC(C)(C)/C=C/CC(C)(O3)C3CC1,,1,1,5,MLP,Avalon
105,O=C(C(O)=C1)C2=CC=CC3=CC=CC1=C32,,1,1,5,MLP,Avalon
106,O=C(C(C1=CC=CC=C1)=C2)C3=CC=CC4=CC=CC2=C43,,1,1,5,MLP,Avalon
113,C1(/C=C/C2=CC=CC=C2)=CC=CC=C1,,2,1,5,MLP,Avalon
117,CN1C=NC([N+]([O-])=O)=C1C(F)(F)F,,1,1,5,MLP,Avalon
125,C[C@H](CC[C@@H]1C(C)C)CC1=O,,1,1,5,MLP,Avalon
130,CC#[N][Pd]1(Br)C2=CC=CC3=C2C([N]1=CC=C4)=C4C5=CC=CC=C53,,1,1,5,MLP,Avalon
134,O=C1C=CC2(C)C(C(OC(C3C)=O)C3CC2)=C1C,,2,1,5,MLP,Avalon
153,C[C@@]12C(C)(C)[C@@H](CC1=O)CC2,,2,0,5,MLP,Avalon
154,CC1(C)[C@H]2C[C@@H]1CC=C2C,,2,1,5,MLP,Avalon
158,C1=CC=CC2=C1C3C(CC2)C(C(O3)=O)=C,,1,1,5,MLP,Avalon
160,O=C(N[C@H](CO)C1)[C@H](C(C)C)SC2=C1C3=CC=CC=C3N2,,2,2,5,MLP,Avalon
162,C/C([C@@H]1[C@@](CCCC2=C(C)OC(OC)=CC2=O)(O1)C)=C\C3=CC=C([N+]([O-])=O)C=C3,,2,1,5,MLP,Avalon
168,COC1=C(OC)C=C(OC)C(/C=C/C)=C1,,1,1,5,MLP,Avalon
171,COC1=CC=C2C(C(CC(O)=O)C(C)N2C(C3=CC=C(Cl)C=C3)=O)=C1,,2,0,5,MLP,Avalon
172,CC(OC1=CC=CC=C1C(NC2=NC=C([N+]([O-])=O)S2)=O)=O,,2,0,5,MLP,Avalon
182,O[C@H]1[C@H](NCC2=CC=CC=C2)CCC1,,2,2,5,MLP,Avalon
191,O=C(OC)C1=C(C)C(C)=C2O[C@]3(C)CC[C@@]4([H])C(C)(C)[C@@H](O)CC[C@]4(C)[C@@]3([H])C[C@@]2(C)C1=O,,2,2,5,MLP,Avalon
215,CCCC(S)CCO,,0,0,5,MLP,Avalon
220,CC1=CC=C(C)C(OCCCC(C)(C)C(OC2OC(C(O)=O)C(O)C(O)C2O)=O)=C1,,0,0,5,MLP,Avalon
235,[H][C@]12CN(CC(=O)N1CCC1=CC=CC=C21)C(=O)C1CCCCC1,,1,1,5,MLP,Avalon
238,[H][C@]12CN(CC(=O)N1CCC1=CC(O)=CC=C21)C(=O)C1CCCCC1,,1,1,5,MLP,Avalon
246,NC(C1=CC=CC=C1OCC)=O,,2,2,5,MLP,Avalon
248,CN1C(C)C(C(C)C)C(N1C2=CC=CC=C2)=O,,2,0,5,MLP,Avalon
256,O[C@@H]1[C@@H](O)[C@H](O)[C@@H](CO)O[C@H]1C2=C(OC=C(C3=CC=C(O)C=C3)C4=O)C4=CC=C2O,,0,0,5,MLP,Avalon
267,O=C1OC2=CC3=C(C=CO3)C(O/C=C/C(C)C)=C2C=C1,,0,1,5,MLP,Avalon
286,COC1=CC2=C(C=C1OC)C(=O)C(CC1CCN(CC3=CC=CC=C3)CC1)C2,,1,2,5,MLP,Avalon
289,COC1=CC=C2C=C3C4=C(CC[N+]3=CC2=C1OC)C=C1OCOC1=C4,,0,1,5,MLP,Avalon
297,CC(C)CN1C=NC2=C(N)N=C3C=CC=CC3=C12,,0,1,5,MLP,Avalon
298,CC1=CN=C(C=N1)C(=O)NCCC1=CC=C(C=C1)S(=O)(=O)NC(=O)NC1CCCCC1,,0,0,5,MLP,Avalon
299,CC(=O)N1CCN(CC1)C1=CC=C(OC[C@H]2CO[C@@](CN3C=CN=C3)(O2)C2=C(Cl)C=C(Cl)C=C2)C=C1,,0,1,5,MLP,Avalon
333,CC1=C(C(OC)=O)C(C2=C([N+]([O-])=O)C=CC=C2)=C(C(OC)=O)C(C)=N1,,1,1,5,MLP,Avalon
351,CN(C)CCCN(C(C=CC=C1)=C1CC2)C3=C2C=CC=C3,,0,2,5,MLP,Avalon
373,COC1=CC=C(C=C1)C2=COC3=C(C2=O)C=CC(=C3)OC,,2,1,5,MLP,Avalon
374,CC1OC2(C(C)=CCCC2(C)C)CC1,,2,1,5,MLP,Avalon
398,O=C1CCC(C1C/C=C\CC)CC(OC)=O,,2,1,5,MLP,Avalon
400,CC(C1CCC(C=O)=CC1)=C,,1,1,5,MLP,Avalon
403,CC(C)[C@@H]1CC[C@@]([C@@H](C1)C(=C)C)(C)C=C,,0,1,5,MLP,Avalon
409,CC1(C=C)C(C(C)C)CC(C(C)C)CC1,,0,1,5,MLP,Avalon
413,C[C@@]1(CCC2)CC[C@@H](C(C)C)C[C@@]1([H])C2=C,,0,1,5,MLP,Avalon
428,CC(S)CC(OCC)=O,,0,0,5,MLP,Avalon
434,CC(C)C1=CC=C([C@]23[C@@](C[C@@H]4O)([H])C(C)(C)[C@@](O)(CC3)OC2)C4=C1,,2,2,5,MLP,Avalon
440,CC1=C2C(C(OC2)=O)=C(C(C/C=C(C)/CCC(OCCN3CCOCC3)=O)=C1OC)O,,0,0,5,MLP,Avalon
1,O=C1C[C@@H](C)[C@]2(C)CC(CCC2=C1)=C(C)C,,1,2,1,Logistic Regression,MACCS
12,CC(C)[C@H]1[C@H]2[C@](CC1)(C)[C@H]3[C@@H]2C(CBr)=CC3,,1,1,1,Logistic Regression,MACCS
18,O=C(N[C@H](C(N[C@@H](C1=CC=CC=C1)C(OC(C)(C)C)=O)=O)C)CC2=CC(F)=CC(F)=C2,,2,2,1,Logistic Regression,MACCS
20,O[C@H](/C=C\C#CC#CC1=CN(CC2=CC=CC=C2)N=N1)[C@H](O3)[C@@H]3[C@H](O)[C@H]4OC(CC4)=O,,2,2,1,Logistic Regression,MACCS
25,CC1=C(C)[C@]([C@]2=C(O)C=CC(C)=C2C)=C(O)C=C1,,1,1,1,Logistic Regression,MACCS
27,CC(C)C1=CC=C2C(C=CC=C2)=[C@@]1[C@@]3=CSC(C)=C3C,,1,1,1,Logistic Regression,MACCS
29,C12=CC=CC=C1N3C(C4=NC5=C(C=CC=C5)N4CC/C=C/CC3)=N2,,1,1,1,Logistic Regression,MACCS
34,CC1=CC=CC(C)=C1NC(CN(CC)CC)=O,,1,2,1,Logistic Regression,MACCS
40,ClC1=CC=C2C(N(CCCN(C)C)C(C=CC=C3)=C3S2)=C1,,2,1,1,Logistic Regression,MACCS
43,ClC1=C([C@@H](C(OC)=O)N2CCC(SC=C3)=C3C2)C=CC=C1,,2,1,1,Logistic Regression,MACCS
44,O=C(C(C)=C1)NC(N1[C@@H]2O[C@H](CO)[C@@H](N=[N+]=[N-])C2)=O,,2,0,1,Logistic Regression,MACCS
48,CN(CCC1)[C@@H]1C2=CC=CN=C2,,0,1,1,Logistic Regression,MACCS
51,O=C(C=C(C1=CC(OC)=C(OC)C=C1)O2)C3=C2C(OC)=C(OC)C(OC)=C3OC,,1,1,1,Logistic Regression,MACCS
52,O=C(C=C(C1=CC=C(OC)C=C1)O2)C3=C2C(OC)=C(OC)C(OC)=C3OC,,1,1,1,Logistic Regression,MACCS
58,BrC1=CC2=CC=CC=C2C3=C1C=CC=C3,,1,1,1,Logistic Regression,MACCS
61,CC(O[C@H]1[C@H](C(C)C)CC[C@@H](C)C1)=O,,1,2,1,Logistic Regression,MACCS
69,CC1CCCC2(C1CC(CC2)C(C)C)C,,1,2,1,Logistic Regression,MACCS
78,N#Cc1ccccc1,,1,1,1,Logistic Regression,MACCS
84,C[C@]12OC(=O)C(=C)[C@H]1CC(=O)C=C2,,1,1,1,Logistic Regression,MACCS
88,Cc1cc(O)c(cc1Br)[C@]2(C)CC[C@@H]3C[C@]23C,,1,1,1,Logistic Regression,MACCS
95,CC12C(O2)CC(C)(C)/C=C/C/C(C)=C/CC1,,1,1,1,Logistic Regression,MACCS
96,C/C1=C\CC(C)(C)C(O2)C2C/C(C)=C/CC1,,1,1,1,Logistic Regression,MACCS
98,CC12C(O2)CC(C)(C)C(O3)C3CC(C)(O4)C4CC1,,1,1,1,Logistic Regression,MACCS
99,CC1(C)C/C=C(C)/CC/C=C(C=O)/C/C=C/1,,1,1,1,Logistic Regression,MACCS
103,BrC1=C[C@]([H])(OC)[C@](O2)(C)[C@]3(C[C@]2([H])[C@](Cl)(C)CC3)C1(C)C,,1,1,1,Logistic Regression,MACCS
135,O=C1C(N(C)C)=C(C)N(C)N1C2=CC=CC=C2,,2,1,1,Logistic Regression,MACCS
137,FC(F)(F)C1=CC=C(OC(C2=CC=CC=C2)CCNC)C=C1,,2,1,1,Logistic Regression,MACCS
138,O=C(OC)[C@@H](N1CCC(SC=C2)=C2C1)C3=C(Cl)C=CC=C3,,2,1,1,Logistic Regression,MACCS
140,O=C1C2=C(N=CC=C2)N(C3CC3)C4=C(C(C)=CC=N4)N1,,2,0,1,Logistic Regression,MACCS
143,Cc1ccc(cc1Nc2nccc(n2)c3cccnc3)NC(=O)c4ccc(cc4)CN5CCN(CC5)C,,0,0,1,Logistic Regression,MACCS
144,O=C1N(/N=C\N1c2ccc(cc2)N7CCN(c6ccc(OCC3C[C@@](OC3)(c4ccc(F)cc4F)Cn5ncnc5)cc6)CC7)[C@@H](CC)[C@@H](O)C,,0,0,1,Logistic Regression,MACCS
159,O=C(O)C1=C(OC(C)=O)C=CC=C1,,2,2,1,Logistic Regression,MACCS
178,N=C(N(C)C)N(C)C,,2,2,1,Logistic Regression,MACCS
180,C12=NCCCN1CCCCC2,,2,2,1,Logistic Regression,MACCS
185,O[C@H]1CCCCC[C@@H]1NCC2=CC=CC=C2,,2,2,1,Logistic Regression,MACCS
203,OC(=O)c1ccccc1Nc2cccc(c2)C(F)(F)F,,0,0,1,Logistic Regression,MACCS
204,C[C@@]1(C2(C)C)CC[C@H]2C[C@H]1O,,0,2,1,Logistic Regression,MACCS
206,O=C1O[C@H](CCCCC)CCC1,,0,2,1,Logistic Regression,MACCS
221,CCCC[C@@H](Br)[C@]1(C)CCCC=C1,,1,1,1,Logistic Regression,MACCS
223,COC([C@H](O)[C@@H](O)C(OC)=O)=O,,1,0,1,Logistic Regression,MACCS
224,CC1=CC=C(S(N)=O)C=C1,,1,1,1,Logistic Regression,MACCS
225,OC(C)C1=CC=C(Br)C=C1,,1,1,1,Logistic Regression,MACCS
226,CC(C)[C@@H]1Sc2[nH]c3ccccc3c2C[C@@H](CO)NC1=O,,2,2,1,Logistic Regression,MACCS
249,CCN(CC)C1=CC=C2C(OC(C(C3=NC4=C(C=CC=C4)S3)=C2)=O)=C1,,2,0,1,Logistic Regression,MACCS
278,O=C1C[C@@H](C2=CC=CC=C2)OC3=CC=CC=C31,,0,1,1,Logistic Regression,MACCS
285,C\C(\C=C1/SC(=S)N(CC(O)=O)C1=O)=C/C1=CC=CC=C1,,2,2,1,Logistic Regression,MACCS
287,ClC1=C(Cl)C(=CC=C1)N1CCN(CCCCOC2=CC3=C(CCC(=O)N3)C=C2)CC1,,1,0,1,Logistic Regression,MACCS
290,C\N=C(\NCCSCC1=C(C)NC=N1)NC#N,,0,1,1,Logistic Regression,MACCS
291,ClC1=C(NC2=NCCN2)C2=NSN=C2C=C1,,0,1,1,Logistic Regression,MACCS
296,CC1(C)SC2[C@H](NC(=O)CC3=CC=CC=C3)C(=O)N2[C@H]1C(O)=O,,0,2,1,Logistic Regression,MACCS
322,O=C(C1=C(S(=O)(NC(NC2=NC(OC)=CC(OC)=N2)=O)=O)N(C)N=C1Cl)OC,,2,0,1,Logistic Regression,MACCS
326,CC(CC1)=C[C@@]2([H])C1=C(C)CC[C@@H]2C(C)C,,2,1,1,Logistic Regression,MACCS
328,CC1=C[C@@]([C@@H](C(C)C)CC[C@]2(O)C)([H])[C@@]2([H])CC1,,2,1,1,Logistic Regression,MACCS
329,CC1=C[C@@]([C@@H](C(C)C)CC[C@@]2(O)C)([H])[C@]2([H])CC1,,2,1,1,Logistic Regression,MACCS
332,ClC1=CC(N2CCCN(C)C)=C(C=C1)SC3=C2C=CC=C3,,2,1,1,Logistic Regression,MACCS
339,COC1=C2O[C@@H]3[C@]45C2=C(C=C1)C[C@@H](N(CC5)C)[C@]4([H])C=C[C@@H]3O,,1,1,1,Logistic Regression,MACCS
360,O=S(CC1=NC=C(C(OC)=C1C)CO)C2=NC3=C(N2)C=CC(OC)=C3,,0,2,1,Logistic Regression,MACCS
386,O[C@@H]1C[C@H](C)CC[C@H]1C(C)=O,,0,2,1,Logistic Regression,MACCS
439,O=C1NC2=C(N1CCCN3CCC(CC3)N4C(NC5=CC(Cl)=CC=C54)=O)C=CC=C2,,0,0,1,Logistic Regression,MACCS
448,CO[C@H]1[C@@H](C[C@@H]2CN3CCC4=C([C@H]3C[C@@H]2[C@@H]1C(=O)OC)NC5=C4C=CC(=C5)OC)OC(=O)C6=CC(=C(C(=C6)OC)OC)OC,,0,1,1,Logistic Regression,MACCS
2,CC1=CC(C[C@@H](C)[C@]1(C2)CCC2=C(C)C)=O,,1,0,2,Logistic Regression,MACCS
4,O=C(CCCCCCCCCCC1)OCCOC1=O,,1,0,2,Logistic Regression,MACCS
13,C[C@@]1(O)[C@@H](Br)C[C@H](C(C)=C)CC1,,1,1,2,Logistic Regression,MACCS
16,CC1(C)[C@@H]2[C@H]1CC=C(C)C2,,1,0,2,Logistic Regression,MACCS
31,O=C1N(C)C(C(N(C)C=N2)=C2N1C)=O,,1,2,2,Logistic Regression,MACCS
35,CNCCC(OC1=CC=C(C(F)(F)F)C=C1)C2=CC=CC=C2,,1,2,2,Logistic Regression,MACCS
36,COC1=CC=C2C(NC(S(CC3=C(C)C(OC)=C(C)C=N3)=O)=N2)=C1,,2,2,2,Logistic Regression,MACCS
38,O=C(OCCN(C)C)C1=CC=C(NCCCC)C=C1,,2,1,2,Logistic Regression,MACCS
47,ClC1=CC=C(NC(O[C@]2(C#CC3CC3)C(F)(F)F)=O)C2=C1,,2,2,2,Logistic Regression,MACCS
49,CC1=C2C(C=C1)=C(C)C=CC(C(C)C)=C2,,1,1,2,Logistic Regression,MACCS
53,O=C(C(OC)=C(C1=CC(OC)=C(OC)C=C1)O2)C3=C2C(OC)=C(OC)C(OC)=C3OC,,1,1,2,Logistic Regression,MACCS
62,CC(C(C)(C)O1)(C)OB1C(B2OC(C)(C)C(C)(C)O2)CCC3=CC=CC=C3,,1,1,2,Logistic Regression,MACCS
65,O=C(C(C#N)=C1)C=C(C1(C#C)C2)C3=C2C=CC=C3,,1,2,2,Logistic Regression,MACCS
71,C1OOC(O1)c2ccccc2,,1,1,2,Logistic Regression,MACCS
73,O1O[C@H](O[C@@H]1c2ccccc2)c3ccccc3,,1,1,2,Logistic Regression,MACCS
75,c1ccccc1,,1,1,2,Logistic Regression,MACCS
81,Fc1ccc(F)cc1,,1,1,2,Logistic Regression,MACCS
82,CN1C[C@@](C)(c2ccccc2)[C@@]3(C)[C@@H]1N(C)c4ccccc34,,1,1,2,Logistic Regression,MACCS
83,C[C@@]12OC(=O)C(=C)[C@]1(C)CC(=O)C=C2,,1,1,2,Logistic Regression,MACCS
86,CCOC(=O)\C=C\1/C[C@@](N1S(=O)(=O)c2ccc(C)cc2)(C(=O)OCC)c3ccccc3C,,1,2,2,Logistic Regression,MACCS
90,C[C@]1(Cl)CC2O[C@@]3(C)C=C[C@@](C)(O)[C@]2(C[C@@H]1Br)C3(C)C,,1,1,2,Logistic Regression,MACCS
100,CC1(C)/C=C/C/C(C=O)=C\CC/C(C=O)=C\C1,,1,0,2,Logistic Regression,MACCS
110,N#CCC1=CC=CC=C1,,1,0,2,Logistic Regression,MACCS
115,[N-]=[N+]=NC1=CC=C(C(F)(F)F)C=C1,,2,1,2,Logistic Regression,MACCS
116,C[C@@](O1)(OO2)CC[C@]3([H])[C@]2([C@]1([H])O4)[C@](CC[C@H]3C)([H])[C@@H](C)C4=O,,2,1,2,Logistic Regression,MACCS
120,CC1=CC[C@H](C(C)=C)CC1,,1,0,2,Logistic Regression,MACCS
123,C[C@H](CC[C@H]1C(C)C)CC1=O,,1,1,2,Logistic Regression,MACCS
129,IC1=C(C(OSC(F)(F)F)(C)C)C=CC=C1,,1,1,2,Logistic Regression,MACCS
133,OC(C=C1)=CC=C1C2COC3=CC(O)=CC=C3C2=O,,0,0,2,Logistic Regression,MACCS
141,CN3[C@H]1CC[C@@H]3C[C@@H](C1)OC(=O)C(CO)c2ccccc2,,2,2,2,Logistic Regression,MACCS
146,CCOc2nc1cccc(C(=O)O)c1n2Cc5ccc(c3ccccc3c4nn[nH]n4)cc5,,0,2,2,Logistic Regression,MACCS
151,C[C@@H]1CC[C@H]([C@@H](C1)OC(=O)C)C(C)C,,2,2,2,Logistic Regression,MACCS
163,O[C@H](C1)CC[C@@]2(C)C1=CC[C@]3([H])[C@]2([H])CC[C@@]4([H])[C@@]3([H])C[C@H](O)[C@]4([H])[C@H](C)[C@@H](O)CCC(C)C,,2,2,2,Logistic Regression,MACCS
165,[H][C@@]1(CO2)[C@](CO[C@@H]1C3=CC(OCO4)=C4C=C3)([H])[C@@H]2C5=CC(OCO6)=C6C=C5,,1,0,2,Logistic Regression,MACCS
166,COC1=C(OC)C=C(OC)C(/C=C\C)=C1,,1,1,2,Logistic Regression,MACCS
173,CC(C(O)=O)C1=CC=C(CC(C)C)C=C1,,2,0,2,Logistic Regression,MACCS
174,O[C@@H]1CCCC[C@H]1NC2CC2,,2,2,2,Logistic Regression,MACCS
176,CN(C)C1CCCCC1,,2,2,2,Logistic Regression,MACCS
179,N=C(NC1=CC=CC=C1)NC2=CC=CC=C2,,2,2,2,Logistic Regression,MACCS
195,OC(=O)c1ccc(O)cc1,,2,1,2,Logistic Regression,MACCS
196,CC1=C(/C=C/C(C)=C/C=C/C(C)=C/C=C/C=C(C)/C=C/C=C(C)/C=C/C2=C(C)CCCC2(C)C)C(C)(C)CCC1,,0,0,2,Logistic Regression,MACCS
209,CC(C)C1CC[C@]2(C)[C@@]1([H])[C@]3([H])[C@@]2([H])CCC3=C,,0,1,2,Logistic Regression,MACCS
218,CC1=C(O)C=C(C)C(OCCCC(C)(C)C(O)=O)=C1,,2,2,2,Logistic Regression,MACCS
219,CC1=CC=C(C(O)=O)C=C1OCCCC(C)(C)C(O)=O,,0,2,2,Logistic Regression,MACCS
227,COC(=O)C1=C(C)[C@]2(C)C[C@H]3[C@@](C)(CC[C@H]4C(C)(C)[C@@H](O)CC[C@]34C)OC2=C(C)C1=O,,2,2,2,Logistic Regression,MACCS
231,COCC(=O)N([C@H](C)C(=O)OC)c1c(C)cccc1C,,2,2,2,Logistic Regression,MACCS
284,CC(C)NCC(O)COC1=CC=CC2=CC=CC=C12,,2,1,2,Logistic Regression,MACCS
288,O=C1C2=CC=CC=C2C(=O)C2=C1C=CC1=C2NC2=C(N1)C1=C(C=C2)C(=O)C2=C(C=CC=C2)C1=O,,0,0,2,Logistic Regression,MACCS
309,CC[C@H]1OC(=O)[C@H](C)[C@H](C[C@@H](O[C@@H]2O[C@H](C)C[C@@H]([C@H]2O)N(C)C)[C@](C)(O)C[C@@H](C)C(=O)[C@H](C)[C@@H](C)[C@]1(C)O)O[C@H]1C[C@@](C)(OC)[C@@H](O)[C@H](C)O1,,0,0,2,Logistic Regression,MACCS
318,O=C(CC(C(C)1C)CC2)C21CS(=O)(O)=O,,0,2,2,Logistic Regression,MACCS
324,C[C@@H]1[C@]2([C@@]3([H])[C@](C)(O)CC2)[C@@]3([H])[C@@H](C(C)C)CC1,,2,1,2,Logistic Regression,MACCS
345,COC1=C(C(C(C(O)=C([C@@H](O)C[C@@](C(CO)=O)(O)C2)C2=C3O)C3C4=O)=O)C4=CC=C1,,0,0,2,Logistic Regression,MACCS
366,COC1=C(C2=CC=C1)C(C(C3C2=O)C(O)=C4[C@H](C[C@@](O)(CC4=C3O)C(CO)=O)O[C@H]5C[C@H](N)[C@H](O)[C@H](C)O5)=O,,0,2,2,Logistic Regression,MACCS
372,NC(N1C2=C(C=CC=C2)C=CC3=C1C=CC=C3)=O,,2,1,2,Logistic Regression,MACCS
407,[H][C@@]12[C@](CC[C@@H](C(C)C)C2)(C)CCC[C@]1(O)C,,2,1,2,Logistic Regression,MACCS
417,C[C@@]12CC[C@@H](C(C)C)C[C@@]1([H])C(C)=CCC2,,0,2,2,Logistic Regression,MACCS
421,CC12C(CC(C(C)=C)CC2)=C(C)C(CC1)=O,,0,1,2,Logistic Regression,MACCS
432,C[C@@H]1CCCCCCCCCCCCC(=O)C1,,0,1,2,Logistic Regression,MACCS
436,CC(C)C1=CC=C([C@@]2(C)[C@@](CC3=O)([H])C(C)(C)[C@H](O)CC2)C3=C1,,2,1,2,Logistic Regression,MACCS
446,CC1=C(C2=C(CC[C@@](O2)(C)CCC[C@H](C)CCC[C@H](C)CCCC(C)C)C(=C1O)C)C,,0,0,2,Logistic Regression,MACCS
7,C=C1CC/C=C(C)/CC[C@@H]2[C@@H]1CC2(C)C,,1,0,3,Logistic Regression,MACCS
9,Br[C@@H](CO)[C@](CC[C@H](Br)C(Br)(C)C)(Br)C,,1,1,3,Logistic Regression,MACCS
17,CN1[C@H]2CC[C@@H]1C[C@H](OC(C(CO)C3=CC=CC=C3)=O)C2,,2,2,3,Logistic Regression,MACCS
39,ClC1=C(N)C=C(OC)C(C(NCCN(CC)CC)=O)=C1,,2,2,3,Logistic Regression,MACCS
45,OCC(C(OC1CC(N2C)CCC2C1)=O)C3=CC=CC=C3,,2,2,3,Logistic Regression,MACCS
50,O=C1[C@@H](C)[C@]([C@]2([H])O1)([H])CC[C@@](C2=C3C)(C)C=CC3=O,,1,2,3,Logistic Regression,MACCS
56,O=C/C=C/C1=CC=CC=C1,,1,1,3,Logistic Regression,MACCS
57,O=C([C@@]1(C2C34)[C@@H]3[C@H]5C4(C(OC)=O)C2[C@H]51)OC,,1,2,3,Logistic Regression,MACCS
68,O=C1CC[C@@]2(C)C(CCC([C@@](CC[C@@H]3O)([H])[C@]3(C)C4)[C@]2([H])C4=O)=C1,,1,2,3,Logistic Regression,MACCS
72,O1O[C@@H](O[C@@H]1c2ccccc2)c3ccccc3,,1,1,3,Logistic Regression,MACCS
76,Fc1ccc(C=O)cc1,,1,1,3,Logistic Regression,MACCS
79,O=CC1=CC=CC=C1,,1,1,3,Logistic Regression,MACCS
80,Fc1ccccc1,,1,1,3,Logistic Regression,MACCS
85,Cn1c2c(CC[C@@]2(C)C=C)c3ccccc13,,1,0,3,Logistic Regression,MACCS
92,CC1(Cl)CC[C@@]2(CC1Br)C(C)(C)C(=C[C@H]3O[C@@]23C)Br,,1,1,3,Logistic Regression,MACCS
101,CC[C@@H](O1)[C@@H](Br)C[C@]1([H])[C@@]2([H])O[C@@H](C/C=C\C#C)[C@H](Br)C2,,1,1,3,Logistic Regression,MACCS
107,C[C@@H](CC1)[C@@]2([H])[C@]1([H])[C@@]3(C)[C@]2([H])[C@@H](C(C)=C)CC3,,1,0,3,Logistic Regression,MACCS
108,O=C(C)C1=CC=CC=C1,,1,1,3,Logistic Regression,MACCS
112,C12=CC=CC=C1C=C3C(C=CC=C3)=C2,,1,1,3,Logistic Regression,MACCS
121,CC1=CC[C@@H]2C(C)(C)[C@H]1C2,,1,2,3,Logistic Regression,MACCS
127,C[C@H]1CC2=C(C(C)=CO2)CC1,,1,1,3,Logistic Regression,MACCS
131,BrC1=CC=CC2=C1C(N=CC=C3)=C3C4=C2C=CC=C4,,1,1,3,Logistic Regression,MACCS
132,COC(C=C1)=CC=C1C2COC3=CC(OC)=CC=C3C2=O,,2,1,3,Logistic Regression,MACCS
136,NC1=C(S(=O)(CC)=O)C=C(C(NCC2N(CC)CCC2)=O)C(OC)=C1,,2,2,3,Logistic Regression,MACCS
139,CN(C)CCCN1C2=C(C=CC=C2)CCC3=C1C=CC=C3,,2,2,3,Logistic Regression,MACCS
147,C[C@H]1[C@H]([C@H](C[C@@H](O1)O[C@H]2C[C@@](Cc3c2c(c4c(c3O)C(=O)c5cccc(c5C4=O)OC)O)(C(=O)CO)O)N)O,,0,0,3,Logistic Regression,MACCS
148,COc1ccccc1OCCNCC(O)COc3cccc4[nH]c2ccccc2c34,,0,0,3,Logistic Regression,MACCS
155,COc1ccc(C=O)cc1,,2,2,3,Logistic Regression,MACCS
156,C1=CC=CC2=C1C3C(CC2)[C@@H](C(O3)=O)C,,1,2,3,Logistic Regression,MACCS
177,NCCC1=CC=CC=C1,,2,1,3,Logistic Regression,MACCS
183,O[C@H]1CCCC[C@@H]1NCC2=CC=CC=C2,,2,2,3,Logistic Regression,MACCS
186,O[C@@H]1CCCCC[C@H]1NCC2=CC=CC=C2,,2,2,3,Logistic Regression,MACCS
189,CC1(C)C(C(CCC)=O)=C(C)CCC1,,0,1,3,Logistic Regression,MACCS
190,O=C(OC)C1=C(C)C(C)=C2O[C@]3(C)CC[C@@]4([H])C(C)(C)[C@@H](O)CC[C@]4(C)[C@@]3([H])C[C@]2(C)C1=O,,2,2,3,Logistic Regression,MACCS
192,CC1=C(C)C(C(OC)=O)=C2O[C@]3(C)CC[C@@]4([H])C(C)(C)[C@@H](O)CC[C@]4(C)[C@@]3([H])C[C@]2(C)C1=O,,2,2,3,Logistic Regression,MACCS
216,CC1=CC=C(C)C(OCCCC(C)(C)C(O)=O)=C1,,2,2,3,Logistic Regression,MACCS
222,O[C@@H](CCCl)C1=CC=CC=C1,,1,1,3,Logistic Regression,MACCS
234,CCC1=CC=CC(=C1N(C(C)COC)C(=O)CCl)C,,2,2,3,Logistic Regression,MACCS
239,[H][C@]12CN(CC(=O)N1C[C@@H](O)C1=CC=CC=C21)C(=O)C1CCCCC1,,1,1,3,Logistic Regression,MACCS
244,C/C(C(O)=O)=C(OC(C)=O)\C=C,,0,1,3,Logistic Regression,MACCS
260,C[C@H](CCCC(C)C)[C@@]1([H])CC[C@@]2([H])[C@]3([H])CC=C4C[C@@H](C)CC[C@]4(C)[C@@]3([H])CC[C@@]21C,,2,2,3,Logistic Regression,MACCS
277,O=C(C1=C2C=C(C)C=C1O)C3=C(C=CC=C3O)C2=O,,2,0,3,Logistic Regression,MACCS
282,CCOC(=O)[C@H](CC1=CNC2=CC=CC=C12)NC(C)=O,,2,2,3,Logistic Regression,MACCS
303,[H][C@@]12CCCC[C@]1([H])CN(C[C@@H](O)[C@H](CSC1=CC=CC=C1)NC(=O)C1=CC=CC(O)=C1C)[C@@H](C2)C(=O)NC(C)(C)C,,0,2,3,Logistic Regression,MACCS
305,COC1=CC(=CC=C1CC1=CN(C)C2=CC=C(NC(=O)OC3CCCC3)C=C12)C(=O)NS(=O)(=O)C1=CC=CC=C1C,,0,0,3,Logistic Regression,MACCS
307,CC(C)[C@H](NC(=O)N(C)CC1=CSC(=N1)C(C)C)C(=O)N[C@H](C[C@H](O)[C@H](CC1=CC=CC=C1)NC(=O)OCC1=CN=CS1)CC1=CC=CC=C1,,0,0,3,Logistic Regression,MACCS
308,OCCN(CCO)C1=NC2=C(N=C(N=C2N2CCCCC2)N(CCO)CCO)C(=N1)N1CCCCC1,,0,0,3,Logistic Regression,MACCS
325,C/C1=C\CC[C@@](C)(O)/C=C/[C@@H](C(C)C)CC1,,1,1,3,Logistic Regression,MACCS
327,CC1=C[C@@]([C@@H](C(C)C)CC[C@]2(O)C)([H])[C@]2([H])CC1,,1,2,3,Logistic Regression,MACCS
349,[H]N(C(C1=CC=C(O)C=C1)=O)/N=C/C2=CC=C([N+]([O-])=O)O2,,2,2,3,Logistic Regression,MACCS
369,O=C(NN)C1=CC=NC=C1,,0,2,3,Logistic Regression,MACCS
378,CC1=CCCC(C)(C)[C@@]12O[C@@H](C)CC2,,1,1,3,Logistic Regression,MACCS
380,O=C([C@@H]1CC[C@@H](C)C[C@H]1O)C,,0,0,3,Logistic Regression,MACCS
381,CC([C@@H]1CC[C@@H](C)C[C@H]1OC(C[C@@H](O)C)=O)C,,0,2,3,Logistic Regression,MACCS
382,CC([C@@H]1CC[C@@H](C)C[C@H]1OCCO)C,,0,1,3,Logistic Regression,MACCS
385,CC1(C)C[C@@H](C(O)=O)[C@H](C(C)C)CC1,,2,2,3,Logistic Regression,MACCS
390,[NH3+] [C@@H](CC([O-])=O)C(N[C@@H](CC1=CC=CC=C1)C(OC)=O)=O,,0,1,3,Logistic Regression,MACCS
425,O=C(SC(C)CC)CC(C)C,,0,0,3,Logistic Regression,MACCS
435,CC(C)C1=CC=C([C@]23[C@@](CC4=O)([H])C(C)(C)[C@@H](CC3)OC2=O)C4=C1,,2,2,3,Logistic Regression,MACCS
437,CC(C)C1=CC=C([C@@]2(C)[C@@](CC3=O)([H])C(C)(C)C(CC2)=O)C3=C1,,2,1,3,Logistic Regression,MACCS
5,CC1(C)CCC[C@@]2(C)[C@H]1CC[C@]3(C)[C@@H]2CCO3,,1,1,4,Logistic Regression,MACCS
8,CC1=CC(C(C)(C)[C@H](C)CC2(C)C)=C2C=C1C(C)=O,,1,1,4,Logistic Regression,MACCS
11,CCC[C@H](SC(C1=CC(Br)=CC=C1)=O)CCOC(C2=CC(Br)=CC=C2)=O,,1,1,4,Logistic Regression,MACCS
21,O[C@H](/C=C/C#CC#CC1=CN(CC2=CC=CC=C2)N=N1)[C@H](O3)[C@@H]3[C@H](O)[C@H]4OC(CC4)=O,,2,2,4,Logistic Regression,MACCS
22,IC1=C(C(C)(C)OSC(F)(F)F)C=CC=C1,,1,1,4,Logistic Regression,MACCS
24,C[C@H]1C[C@@H](OC(C)=O)[C@H](C(C)C)CC1,,2,2,4,Logistic Regression,MACCS
26,CC1=C(C)[C@@]([C@@]2=C(O)C=CC(C)=C2C)=C(O)C=C1,,1,1,4,Logistic Regression,MACCS
32,NC1=C2C(C=CC=N2)=CC=C1,,1,0,4,Logistic Regression,MACCS
41,O=C1C(C2CCC(NC2=O)=O)C(C3=CC=CC=C31)=O,,2,2,4,Logistic Regression,MACCS
42,CC1=C(C(OC)=O)C(C(C(OC)=O)=C(C)N1)C2=C([N+]([O-])=O)C=CC=C2,,2,1,4,Logistic Regression,MACCS
46,CN(C)CCCN1C(C=CC=C2)=C2CCC3=C1C=CC=C3,,2,2,4,Logistic Regression,MACCS
55,O=CC1=CC=C([N+]([O-])=O)C=C1,,1,1,4,Logistic Regression,MACCS
63,CC(C(C)(C)O1)(C)OB1[C@@H](CCCCC)[C@H](B2OC(C)(C)C(C)(C)O2)C,,1,1,4,Logistic Regression,MACCS
64,CC(C(C)(C)O1)(C)OB1[C@@H](CCCCC)[C@@H](B2OC(C)(C)C(C)(C)O2)C,,1,1,4,Logistic Regression,MACCS
67,O[C@H]1CCC2=C(OC)C=CC=C2[C@H]1C(OC)=O,,1,2,4,Logistic Regression,MACCS
91,CC1=C[C@H](O)C(Br)C(C)(C)[C@]12CCC(C)(Cl)C(Br)C2,,1,1,4,Logistic Regression,MACCS
102,CC[C@@H](O1)[C@@H](Br)C[C@]1([H])[C@@]2([H])O[C@@H](C/C=C\C3=CN(CC(NC4=CC=CC=C4)=O)N=N3)[C@H](Br)C2,,1,1,4,Logistic Regression,MACCS
104,BrC1=C[C@@]([H])(OC)[C@](O2)(C)[C@]3(C[C@]2([H])[C@](Cl)(C)CC3)C1(C)C,,1,1,4,Logistic Regression,MACCS
109,[H]C(/C=C/C1=CC=CC=C1)=O,,1,1,4,Logistic Regression,MACCS
111,C12=CC=CC=C1C=CC=C2,,1,1,4,Logistic Regression,MACCS
114,OC1=C(OC)C=C(C=O)C=C1,,2,1,4,Logistic Regression,MACCS
118,CN1C=NC(C(F)(F)F)=C1C(OC)=O,,1,1,4,Logistic Regression,MACCS
119,CN1C(C(F)(F)F)=C([N+]([O-])=O)C=C1C(OC)=O,,1,1,4,Logistic Regression,MACCS
122,C[C@H]1C[C@@H](O)[C@H](C(C)C)CC1,,1,2,4,Logistic Regression,MACCS
124,C[C@H]1C[C@H](O)[C@H](C(C)C)CC1,,1,2,4,Logistic Regression,MACCS
128,C[C@@]12CC[C@H](C(C)(C)O2)CC1,,1,2,4,Logistic Regression,MACCS
142,CCN(CC)CC(=O)NC1=C(C)C=CC=C1C,,2,1,4,Logistic Regression,MACCS
145,O=C7OCC=6C(=O)N2C(\c1nc5c(c(c1C2)CC)cc(OC(=O)N4CCC(N3CCCCC3)CC4)cc5)=C/C=6[C@@]7(O)CC,,0,0,4,Logistic Regression,MACCS
149,O2C1(CCC(CC1)C2(C)C)C,,2,2,4,Logistic Regression,MACCS
150,O[C@H]1[C@H](C(C)C)CC[C@@H](C)C1,,2,2,4,Logistic Regression,MACCS
152,O(c1ccc(\C=C\C)cc1)C,,2,1,4,Logistic Regression,MACCS
161,O=C1C(C)=C2O[C@]3(C)CCC4C(C)(C)[C@@H](O)CC[C@]4(C)[C@@]3([H])C[C@@]2(C)C(C)=C1C(OC)=O,,2,2,4,Logistic Regression,MACCS
164,CC1(C)CC[C@]2(C)C[C@@]34[C@@H](C)CC[C@@H](O)[C@]3(C)CC[C@H]4[C@@]21[H],,2,2,4,Logistic Regression,MACCS
181,O[C@@H]1[C@@H](NCC2=CC=CC=C2)CCC1,,2,2,4,Logistic Regression,MACCS
184,O[C@@H]1CCCC[C@H]1NCC2=CC=CC=C2,,2,2,4,Logistic Regression,MACCS
187,C/C(C)=C/CC/C(C)=C/CO,,0,0,4,Logistic Regression,MACCS
188,C/C(C)=C/CC/C(C)=C/CC/C(C)=C/CO,,0,0,4,Logistic Regression,MACCS
193,O=C1C(C(OC)=O)=C(C)C(C)=C2O[C@@]3(C)CC[C@@]4([H])C(C)(C)[C@@H](O)CC[C@]4(C)[C@]3([H])C[C@@]21C,,2,2,4,Logistic Regression,MACCS
194,O=C1C(C(OC)=O)=C(C)[C@]2(C)C(O[C@]([C@]3(C)[C@](CC[C@H](O)C4)(C)[C@@]4([H])CC3)([H])C2)=C1C,,2,2,4,Logistic Regression,MACCS
198,O=C1CCCCC/C=C/CCCCCCCCO1,,0,1,4,Logistic Regression,MACCS
199,O=C1CCCCC/C=C\CCCCCCCCO1,,0,1,4,Logistic Regression,MACCS
211,CC([C@H]12)=CC[C@]32[C@]1([H])[C@H](C(C)C)CC[C@H]3C,,0,1,4,Logistic Regression,MACCS
213,CC(C12)=CC[C@@]3([H])C1[C@H](C(C)C)CC[C@@]32C,,0,1,4,Logistic Regression,MACCS
217,CC1=CC=C(CO)C=C1OCCCC(C)(C)C(O)=O,,2,0,4,Logistic Regression,MACCS
236,[H][C@]12CN(CC(=O)N1CCC1=CC=CC=C21)C(=O)[C@H]1CC[C@H](O)CC1,,1,1,4,Logistic Regression,MACCS
237,[H][C@]12CN(CC(=O)N1CCC1=CC=CC=C21)C(=O)[C@@H]1CC[C@H](O)CC1,,1,1,4,Logistic Regression,MACCS
240,OC12CN(CC(=O)N1CCC1=CC=CC=C21)C(=O)C1CCCCC1,,1,1,4,Logistic Regression,MACCS
241,O[C@]12CN(CC(=O)N1CCC1=CC=CC=C21)C(=O)C1CCCCC1,,1,1,4,Logistic Regression,MACCS
242,OC1=CC=C(NC(C)=O)C=C1,,0,2,4,Logistic Regression,MACCS
251,O[C@@H]1[C@@H](O)[C@H](O)[C@@H](CO)O[C@H]1OC2=CC=CC=C2CO,,0,0,4,Logistic Regression,MACCS
275,O=C(C1=C2C=C(C)C=C1O)C3=C(C=C(O)C=C3O)C2=O,,0,0,4,Logistic Regression,MACCS
281,C[C@@H](C1=C2C[C@H](O)[C@H]3[C@@]4(C)CCC(C(C)(C)[C@@H]4CC[C@]3(C)[C@@]2(C)CC1)=O)C[C@H](O)[C@@H](O)C(C)(O)C,,0,0,4,Logistic Regression,MACCS
283,COC(=O)[C@@H](N)CC1=CNC2=CC=CC=C12,,2,2,4,Logistic Regression,MACCS
293,CN1C(C(=O)NC2=NC=C(C)S2)=C(O)C2=C(C=CC=C2)S1(=O)=O,,0,2,4,Logistic Regression,MACCS
312,BrC1(CC2(Br)C3)CC(C2)(Br)CC3(Br)C1,,2,1,4,Logistic Regression,MACCS
344,O=C1[C@@H](CCCCCC)[C@H](C[C@H](CCCCCCCCCCC)OC([C@H](CC(C)C)NC=O)=O)O1,,2,0,4,Logistic Regression,MACCS
356,FC1=CC2=C(C=C1)C(C3CCN(CCC4=C(C)N=C5N(CCCC5)C4=O)CC3)=NO2,,2,1,4,Logistic Regression,MACCS
357,CN1CCN(CC1)S(=O)(C2=CC(C3=NC4=C(C(N3)=O)N(N=C4CCC)C)=C(OCC)C=C2)=O,,1,0,4,Logistic Regression,MACCS
363,ClC1=C(NC2=CC=CC=C2CC(O)=O)C(Cl)=CC=C1,,0,2,4,Logistic Regression,MACCS
384,CC1(C)C[C@@H](C(NC2=CC=C(CC#N)C=C2)=O)[C@H](C(C)C)CC1,,0,2,4,Logistic Regression,MACCS
3,C[C@@H]1CCC=C(CC/2)[C@@]1(C)CC2=C(C)\CO,,2,2,5,Logistic Regression,MACCS
6,C[C@@]1(CC2)[C@]3(O)C(C)(C)[C@H]2C[C@H]1[C@@H](C)CC3,,2,0,5,Logistic Regression,MACCS
10,C[C@@](CC[C@H](Br)C(Br)(C)C)(Br)[C@H](Br)CO,,1,1,5,Logistic Regression,MACCS
14,CCCCNc1ccc(cc1)C(=O)OCCN(C)C,,1,2,5,Logistic Regression,MACCS
15,CCCCCC=CCC=CCC=CCC=CCCCC(=O)OCC,,2,0,5,Logistic Regression,MACCS
19,CC1=C(NC(CN(CC)CC)=O)C(C)=CC=C1,,2,1,5,Logistic Regression,MACCS
28,CC(C)C1=CC=C2C(C=CC=C2)=[C@]1[C@]3=CSC(C)=C3C,,1,1,5,Logistic Regression,MACCS
30,C12=CC=CC=C1N=C3N2CC/C=C/CCN4C5=C(C=CC=C5)N=C34,,1,1,5,Logistic Regression,MACCS
37,NC1=CC=C(S(C2=CC=C(N)C=C2)(=O)=O)C=C1,,2,2,5,Logistic Regression,MACCS
54,NC1=C(C(C)C)C=CC=C1C(C)C,,1,2,5,Logistic Regression,MACCS
60,COC1=CC=C(/C=C/C)C=C1,,1,2,5,Logistic Regression,MACCS
74,C1C[C@H]2OOC(C1)O2,,1,2,5,Logistic Regression,MACCS
77,Clc1cccc(Cl)c1,,1,1,5,Logistic Regression,MACCS
87,CC1(C)C(Br)C[C@H]2O[C@@]2(C)[C@]13CC(Br)C(C)(Cl)CC3O,,1,1,5,Logistic Regression,MACCS
89,C[C@]1(Cl)CC2O[C@@]3(Br)[C@H](O)[C@H]4O[C@@]4(C)[C@]2(C[C@@H]1Br)C3(C)C,,1,1,5,Logistic Regression,MACCS
93,C/C1=C\CC(C)(C)/C=C/C/C(C)=C/CC1,,1,1,5,Logistic Regression,MACCS
94,C/C1=C\CC(C)(C)/C=C/CC2(C)C(O2)CC1,,1,1,5,Logistic Regression,MACCS
97,CC12C(O2)CC(C)(C)/C=C/CC(C)(O3)C3CC1,,1,1,5,Logistic Regression,MACCS
105,O=C(C(O)=C1)C2=CC=CC3=CC=CC1=C32,,1,1,5,Logistic Regression,MACCS
106,O=C(C(C1=CC=CC=C1)=C2)C3=CC=CC4=CC=CC2=C43,,1,1,5,Logistic Regression,MACCS
113,C1(/C=C/C2=CC=CC=C2)=CC=CC=C1,,2,1,5,Logistic Regression,MACCS
117,CN1C=NC([N+]([O-])=O)=C1C(F)(F)F,,1,1,5,Logistic Regression,MACCS
125,C[C@H](CC[C@@H]1C(C)C)CC1=O,,1,1,5,Logistic Regression,MACCS
130,CC#[N][Pd]1(Br)C2=CC=CC3=C2C([N]1=CC=C4)=C4C5=CC=CC=C53,,1,1,5,Logistic Regression,MACCS
134,O=C1C=CC2(C)C(C(OC(C3C)=O)C3CC2)=C1C,,2,1,5,Logistic Regression,MACCS
153,C[C@@]12C(C)(C)[C@@H](CC1=O)CC2,,2,0,5,Logistic Regression,MACCS
154,CC1(C)[C@H]2C[C@@H]1CC=C2C,,2,1,5,Logistic Regression,MACCS
158,C1=CC=CC2=C1C3C(CC2)C(C(O3)=O)=C,,1,1,5,Logistic Regression,MACCS
160,O=C(N[C@H](CO)C1)[C@H](C(C)C)SC2=C1C3=CC=CC=C3N2,,2,2,5,Logistic Regression,MACCS
162,C/C([C@@H]1[C@@](CCCC2=C(C)OC(OC)=CC2=O)(O1)C)=C\C3=CC=C([N+]([O-])=O)C=C3,,2,2,5,Logistic Regression,MACCS
168,COC1=C(OC)C=C(OC)C(/C=C/C)=C1,,1,1,5,Logistic Regression,MACCS
171,COC1=CC=C2C(C(CC(O)=O)C(C)N2C(C3=CC=C(Cl)C=C3)=O)=C1,,2,1,5,Logistic Regression,MACCS
172,CC(OC1=CC=CC=C1C(NC2=NC=C([N+]([O-])=O)S2)=O)=O,,2,2,5,Logistic Regression,MACCS
182,O[C@H]1[C@H](NCC2=CC=CC=C2)CCC1,,2,2,5,Logistic Regression,MACCS
191,O=C(OC)C1=C(C)C(C)=C2O[C@]3(C)CC[C@@]4([H])C(C)(C)[C@@H](O)CC[C@]4(C)[C@@]3([H])C[C@@]2(C)C1=O,,2,2,5,Logistic Regression,MACCS
215,CCCC(S)CCO,,0,0,5,Logistic Regression,MACCS
220,CC1=CC=C(C)C(OCCCC(C)(C)C(OC2OC(C(O)=O)C(O)C(O)C2O)=O)=C1,,0,0,5,Logistic Regression,MACCS
235,[H][C@]12CN(CC(=O)N1CCC1=CC=CC=C21)C(=O)C1CCCCC1,,1,1,5,Logistic Regression,MACCS
238,[H][C@]12CN(CC(=O)N1CCC1=CC(O)=CC=C21)C(=O)C1CCCCC1,,1,2,5,Logistic Regression,MACCS
246,NC(C1=CC=CC=C1OCC)=O,,2,2,5,Logistic Regression,MACCS
248,CN1C(C)C(C(C)C)C(N1C2=CC=CC=C2)=O,,2,2,5,Logistic Regression,MACCS
256,O[C@@H]1[C@@H](O)[C@H](O)[C@@H](CO)O[C@H]1C2=C(OC=C(C3=CC=C(O)C=C3)C4=O)C4=CC=C2O,,0,0,5,Logistic Regression,MACCS
267,O=C1OC2=CC3=C(C=CO3)C(O/C=C/C(C)C)=C2C=C1,,0,1,5,Logistic Regression,MACCS
286,COC1=CC2=C(C=C1OC)C(=O)C(CC1CCN(CC3=CC=CC=C3)CC1)C2,,1,1,5,Logistic Regression,MACCS
289,COC1=CC=C2C=C3C4=C(CC[N+]3=CC2=C1OC)C=C1OCOC1=C4,,0,1,5,Logistic Regression,MACCS
297,CC(C)CN1C=NC2=C(N)N=C3C=CC=CC3=C12,,0,1,5,Logistic Regression,MACCS
298,CC1=CN=C(C=N1)C(=O)NCCC1=CC=C(C=C1)S(=O)(=O)NC(=O)NC1CCCCC1,,0,0,5,Logistic Regression,MACCS
299,CC(=O)N1CCN(CC1)C1=CC=C(OC[C@H]2CO[C@@](CN3C=CN=C3)(O2)C2=C(Cl)C=C(Cl)C=C2)C=C1,,0,0,5,Logistic Regression,MACCS
333,CC1=C(C(OC)=O)C(C2=C([N+]([O-])=O)C=CC=C2)=C(C(OC)=O)C(C)=N1,,1,1,5,Logistic Regression,MACCS
351,CN(C)CCCN(C(C=CC=C1)=C1CC2)C3=C2C=CC=C3,,0,2,5,Logistic Regression,MACCS
373,COC1=CC=C(C=C1)C2=COC3=C(C2=O)C=CC(=C3)OC,,2,2,5,Logistic Regression,MACCS
374,CC1OC2(C(C)=CCCC2(C)C)CC1,,2,1,5,Logistic Regression,MACCS
398,O=C1CCC(C1C/C=C\CC)CC(OC)=O,,2,2,5,Logistic Regression,MACCS
400,CC(C1CCC(C=O)=CC1)=C,,1,0,5,Logistic Regression,MACCS
403,CC(C)[C@@H]1CC[C@@]([C@@H](C1)C(=C)C)(C)C=C,,0,0,5,Logistic Regression,MACCS
409,CC1(C=C)C(C(C)C)CC(C(C)C)CC1,,0,0,5,Logistic Regression,MACCS
413,C[C@@]1(CCC2)CC[C@@H](C(C)C)C[C@@]1([H])C2=C,,0,0,5,Logistic Regression,MACCS
428,CC(S)CC(OCC)=O,,0,0,5,Logistic Regression,MACCS
434,CC(C)C1=CC=C([C@]23[C@@](C[C@@H]4O)([H])C(C)(C)[C@@](O)(CC3)OC2)C4=C1,,2,2,5,Logistic Regression,MACCS
440,CC1=C2C(C(OC2)=O)=C(C(C/C=C(C)/CCC(OCCN3CCOCC3)=O)=C1OC)O,,0,2,5,Logistic Regression,MACCS
1,O=C1C[C@@H](C)[C@]2(C)CC(CCC2=C1)=C(C)C,,1,2,1,SVM,MACCS
12,CC(C)[C@H]1[C@H]2[C@](CC1)(C)[C@H]3[C@@H]2C(CBr)=CC3,,1,1,1,SVM,MACCS
18,O=C(N[C@H](C(N[C@@H](C1=CC=CC=C1)C(OC(C)(C)C)=O)=O)C)CC2=CC(F)=CC(F)=C2,,2,2,1,SVM,MACCS
20,O[C@H](/C=C\C#CC#CC1=CN(CC2=CC=CC=C2)N=N1)[C@H](O3)[C@@H]3[C@H](O)[C@H]4OC(CC4)=O,,2,2,1,SVM,MACCS
25,CC1=C(C)[C@]([C@]2=C(O)C=CC(C)=C2C)=C(O)C=C1,,1,1,1,SVM,MACCS
27,CC(C)C1=CC=C2C(C=CC=C2)=[C@@]1[C@@]3=CSC(C)=C3C,,1,1,1,SVM,MACCS
29,C12=CC=CC=C1N3C(C4=NC5=C(C=CC=C5)N4CC/C=C/CC3)=N2,,1,1,1,SVM,MACCS
34,CC1=CC=CC(C)=C1NC(CN(CC)CC)=O,,1,2,1,SVM,MACCS
40,ClC1=CC=C2C(N(CCCN(C)C)C(C=CC=C3)=C3S2)=C1,,2,2,1,SVM,MACCS
43,ClC1=C([C@@H](C(OC)=O)N2CCC(SC=C3)=C3C2)C=CC=C1,,2,1,1,SVM,MACCS
44,O=C(C(C)=C1)NC(N1[C@@H]2O[C@H](CO)[C@@H](N=[N+]=[N-])C2)=O,,2,0,1,SVM,MACCS
48,CN(CCC1)[C@@H]1C2=CC=CN=C2,,0,1,1,SVM,MACCS
51,O=C(C=C(C1=CC(OC)=C(OC)C=C1)O2)C3=C2C(OC)=C(OC)C(OC)=C3OC,,1,1,1,SVM,MACCS
52,O=C(C=C(C1=CC=C(OC)C=C1)O2)C3=C2C(OC)=C(OC)C(OC)=C3OC,,1,1,1,SVM,MACCS
58,BrC1=CC2=CC=CC=C2C3=C1C=CC=C3,,1,1,1,SVM,MACCS
61,CC(O[C@H]1[C@H](C(C)C)CC[C@@H](C)C1)=O,,1,2,1,SVM,MACCS
69,CC1CCCC2(C1CC(CC2)C(C)C)C,,1,1,1,SVM,MACCS
78,N#Cc1ccccc1,,1,1,1,SVM,MACCS
84,C[C@]12OC(=O)C(=C)[C@H]1CC(=O)C=C2,,1,1,1,SVM,MACCS
88,Cc1cc(O)c(cc1Br)[C@]2(C)CC[C@@H]3C[C@]23C,,1,1,1,SVM,MACCS
95,CC12C(O2)CC(C)(C)/C=C/C/C(C)=C/CC1,,1,1,1,SVM,MACCS
96,C/C1=C\CC(C)(C)C(O2)C2C/C(C)=C/CC1,,1,1,1,SVM,MACCS
98,CC12C(O2)CC(C)(C)C(O3)C3CC(C)(O4)C4CC1,,1,1,1,SVM,MACCS
99,CC1(C)C/C=C(C)/CC/C=C(C=O)/C/C=C/1,,1,1,1,SVM,MACCS
103,BrC1=C[C@]([H])(OC)[C@](O2)(C)[C@]3(C[C@]2([H])[C@](Cl)(C)CC3)C1(C)C,,1,1,1,SVM,MACCS
135,O=C1C(N(C)C)=C(C)N(C)N1C2=CC=CC=C2,,2,2,1,SVM,MACCS
137,FC(F)(F)C1=CC=C(OC(C2=CC=CC=C2)CCNC)C=C1,,2,1,1,SVM,MACCS
138,O=C(OC)[C@@H](N1CCC(SC=C2)=C2C1)C3=C(Cl)C=CC=C3,,2,1,1,SVM,MACCS
140,O=C1C2=C(N=CC=C2)N(C3CC3)C4=C(C(C)=CC=N4)N1,,2,2,1,SVM,MACCS
143,Cc1ccc(cc1Nc2nccc(n2)c3cccnc3)NC(=O)c4ccc(cc4)CN5CCN(CC5)C,,0,0,1,SVM,MACCS
144,O=C1N(/N=C\N1c2ccc(cc2)N7CCN(c6ccc(OCC3C[C@@](OC3)(c4ccc(F)cc4F)Cn5ncnc5)cc6)CC7)[C@@H](CC)[C@@H](O)C,,0,0,1,SVM,MACCS
159,O=C(O)C1=C(OC(C)=O)C=CC=C1,,2,2,1,SVM,MACCS
178,N=C(N(C)C)N(C)C,,2,2,1,SVM,MACCS
180,C12=NCCCN1CCCCC2,,2,1,1,SVM,MACCS
185,O[C@H]1CCCCC[C@@H]1NCC2=CC=CC=C2,,2,2,1,SVM,MACCS
203,OC(=O)c1ccccc1Nc2cccc(c2)C(F)(F)F,,0,2,1,SVM,MACCS
204,C[C@@]1(C2(C)C)CC[C@H]2C[C@H]1O,,0,2,1,SVM,MACCS
206,O=C1O[C@H](CCCCC)CCC1,,0,2,1,SVM,MACCS
221,CCCC[C@@H](Br)[C@]1(C)CCCC=C1,,1,1,1,SVM,MACCS
223,COC([C@H](O)[C@@H](O)C(OC)=O)=O,,1,0,1,SVM,MACCS
224,CC1=CC=C(S(N)=O)C=C1,,1,2,1,SVM,MACCS
225,OC(C)C1=CC=C(Br)C=C1,,1,1,1,SVM,MACCS
226,CC(C)[C@@H]1Sc2[nH]c3ccccc3c2C[C@@H](CO)NC1=O,,2,2,1,SVM,MACCS
249,CCN(CC)C1=CC=C2C(OC(C(C3=NC4=C(C=CC=C4)S3)=C2)=O)=C1,,2,2,1,SVM,MACCS
278,O=C1C[C@@H](C2=CC=CC=C2)OC3=CC=CC=C31,,0,1,1,SVM,MACCS
285,C\C(\C=C1/SC(=S)N(CC(O)=O)C1=O)=C/C1=CC=CC=C1,,2,2,1,SVM,MACCS
287,ClC1=C(Cl)C(=CC=C1)N1CCN(CCCCOC2=CC3=C(CCC(=O)N3)C=C2)CC1,,1,2,1,SVM,MACCS
290,C\N=C(\NCCSCC1=C(C)NC=N1)NC#N,,0,2,1,SVM,MACCS
291,ClC1=C(NC2=NCCN2)C2=NSN=C2C=C1,,0,2,1,SVM,MACCS
296,CC1(C)SC2[C@H](NC(=O)CC3=CC=CC=C3)C(=O)N2[C@H]1C(O)=O,,0,2,1,SVM,MACCS
322,O=C(C1=C(S(=O)(NC(NC2=NC(OC)=CC(OC)=N2)=O)=O)N(C)N=C1Cl)OC,,2,0,1,SVM,MACCS
326,CC(CC1)=C[C@@]2([H])C1=C(C)CC[C@@H]2C(C)C,,2,1,1,SVM,MACCS
328,CC1=C[C@@]([C@@H](C(C)C)CC[C@]2(O)C)([H])[C@@]2([H])CC1,,2,2,1,SVM,MACCS
329,CC1=C[C@@]([C@@H](C(C)C)CC[C@@]2(O)C)([H])[C@]2([H])CC1,,2,2,1,SVM,MACCS
332,ClC1=CC(N2CCCN(C)C)=C(C=C1)SC3=C2C=CC=C3,,2,2,1,SVM,MACCS
339,COC1=C2O[C@@H]3[C@]45C2=C(C=C1)C[C@@H](N(CC5)C)[C@]4([H])C=C[C@@H]3O,,1,1,1,SVM,MACCS
360,O=S(CC1=NC=C(C(OC)=C1C)CO)C2=NC3=C(N2)C=CC(OC)=C3,,0,2,1,SVM,MACCS
386,O[C@@H]1C[C@H](C)CC[C@H]1C(C)=O,,0,2,1,SVM,MACCS
439,O=C1NC2=C(N1CCCN3CCC(CC3)N4C(NC5=CC(Cl)=CC=C54)=O)C=CC=C2,,0,0,1,SVM,MACCS
448,CO[C@H]1[C@@H](C[C@@H]2CN3CCC4=C([C@H]3C[C@@H]2[C@@H]1C(=O)OC)NC5=C4C=CC(=C5)OC)OC(=O)C6=CC(=C(C(=C6)OC)OC)OC,,0,0,1,SVM,MACCS
2,CC1=CC(C[C@@H](C)[C@]1(C2)CCC2=C(C)C)=O,,1,2,2,SVM,MACCS
4,O=C(CCCCCCCCCCC1)OCCOC1=O,,1,0,2,SVM,MACCS
13,C[C@@]1(O)[C@@H](Br)C[C@H](C(C)=C)CC1,,1,1,2,SVM,MACCS
16,CC1(C)[C@@H]2[C@H]1CC=C(C)C2,,1,0,2,SVM,MACCS
31,O=C1N(C)C(C(N(C)C=N2)=C2N1C)=O,,1,2,2,SVM,MACCS
35,CNCCC(OC1=CC=C(C(F)(F)F)C=C1)C2=CC=CC=C2,,1,2,2,SVM,MACCS
36,COC1=CC=C2C(NC(S(CC3=C(C)C(OC)=C(C)C=N3)=O)=N2)=C1,,2,0,2,SVM,MACCS
38,O=C(OCCN(C)C)C1=CC=C(NCCCC)C=C1,,2,1,2,SVM,MACCS
47,ClC1=CC=C(NC(O[C@]2(C#CC3CC3)C(F)(F)F)=O)C2=C1,,2,0,2,SVM,MACCS
49,CC1=C2C(C=C1)=C(C)C=CC(C(C)C)=C2,,1,1,2,SVM,MACCS
53,O=C(C(OC)=C(C1=CC(OC)=C(OC)C=C1)O2)C3=C2C(OC)=C(OC)C(OC)=C3OC,,1,1,2,SVM,MACCS
62,CC(C(C)(C)O1)(C)OB1C(B2OC(C)(C)C(C)(C)O2)CCC3=CC=CC=C3,,1,1,2,SVM,MACCS
65,O=C(C(C#N)=C1)C=C(C1(C#C)C2)C3=C2C=CC=C3,,1,1,2,SVM,MACCS
71,C1OOC(O1)c2ccccc2,,1,1,2,SVM,MACCS
73,O1O[C@H](O[C@@H]1c2ccccc2)c3ccccc3,,1,1,2,SVM,MACCS
75,c1ccccc1,,1,1,2,SVM,MACCS
81,Fc1ccc(F)cc1,,1,1,2,SVM,MACCS
82,CN1C[C@@](C)(c2ccccc2)[C@@]3(C)[C@@H]1N(C)c4ccccc34,,1,1,2,SVM,MACCS
83,C[C@@]12OC(=O)C(=C)[C@]1(C)CC(=O)C=C2,,1,1,2,SVM,MACCS
86,CCOC(=O)\C=C\1/C[C@@](N1S(=O)(=O)c2ccc(C)cc2)(C(=O)OCC)c3ccccc3C,,1,0,2,SVM,MACCS
90,C[C@]1(Cl)CC2O[C@@]3(C)C=C[C@@](C)(O)[C@]2(C[C@@H]1Br)C3(C)C,,1,1,2,SVM,MACCS
100,CC1(C)/C=C/C/C(C=O)=C\CC/C(C=O)=C\C1,,1,1,2,SVM,MACCS
110,N#CCC1=CC=CC=C1,,1,1,2,SVM,MACCS
115,[N-]=[N+]=NC1=CC=C(C(F)(F)F)C=C1,,2,1,2,SVM,MACCS
116,C[C@@](O1)(OO2)CC[C@]3([H])[C@]2([C@]1([H])O4)[C@](CC[C@H]3C)([H])[C@@H](C)C4=O,,2,1,2,SVM,MACCS
120,CC1=CC[C@H](C(C)=C)CC1,,1,1,2,SVM,MACCS
123,C[C@H](CC[C@H]1C(C)C)CC1=O,,1,1,2,SVM,MACCS
129,IC1=C(C(OSC(F)(F)F)(C)C)C=CC=C1,,1,1,2,SVM,MACCS
133,OC(C=C1)=CC=C1C2COC3=CC(O)=CC=C3C2=O,,0,0,2,SVM,MACCS
141,CN3[C@H]1CC[C@@H]3C[C@@H](C1)OC(=O)C(CO)c2ccccc2,,2,2,2,SVM,MACCS
146,CCOc2nc1cccc(C(=O)O)c1n2Cc5ccc(c3ccccc3c4nn[nH]n4)cc5,,0,2,2,SVM,MACCS
151,C[C@@H]1CC[C@H]([C@@H](C1)OC(=O)C)C(C)C,,2,1,2,SVM,MACCS
163,O[C@H](C1)CC[C@@]2(C)C1=CC[C@]3([H])[C@]2([H])CC[C@@]4([H])[C@@]3([H])C[C@H](O)[C@]4([H])[C@H](C)[C@@H](O)CCC(C)C,,2,2,2,SVM,MACCS
165,[H][C@@]1(CO2)[C@](CO[C@@H]1C3=CC(OCO4)=C4C=C3)([H])[C@@H]2C5=CC(OCO6)=C6C=C5,,1,0,2,SVM,MACCS
166,COC1=C(OC)C=C(OC)C(/C=C\C)=C1,,1,1,2,SVM,MACCS
173,CC(C(O)=O)C1=CC=C(CC(C)C)C=C1,,2,1,2,SVM,MACCS
174,O[C@@H]1CCCC[C@H]1NC2CC2,,2,2,2,SVM,MACCS
176,CN(C)C1CCCCC1,,2,1,2,SVM,MACCS
179,N=C(NC1=CC=CC=C1)NC2=CC=CC=C2,,2,2,2,SVM,MACCS
195,OC(=O)c1ccc(O)cc1,,2,2,2,SVM,MACCS
196,CC1=C(/C=C/C(C)=C/C=C/C(C)=C/C=C/C=C(C)/C=C/C=C(C)/C=C/C2=C(C)CCCC2(C)C)C(C)(C)CCC1,,0,0,2,SVM,MACCS
209,CC(C)C1CC[C@]2(C)[C@@]1([H])[C@]3([H])[C@@]2([H])CCC3=C,,0,1,2,SVM,MACCS
218,CC1=C(O)C=C(C)C(OCCCC(C)(C)C(O)=O)=C1,,2,2,2,SVM,MACCS
219,CC1=CC=C(C(O)=O)C=C1OCCCC(C)(C)C(O)=O,,0,2,2,SVM,MACCS
227,COC(=O)C1=C(C)[C@]2(C)C[C@H]3[C@@](C)(CC[C@H]4C(C)(C)[C@@H](O)CC[C@]34C)OC2=C(C)C1=O,,2,2,2,SVM,MACCS
231,COCC(=O)N([C@H](C)C(=O)OC)c1c(C)cccc1C,,2,2,2,SVM,MACCS
284,CC(C)NCC(O)COC1=CC=CC2=CC=CC=C12,,2,2,2,SVM,MACCS
288,O=C1C2=CC=CC=C2C(=O)C2=C1C=CC1=C2NC2=C(N1)C1=C(C=C2)C(=O)C2=C(C=CC=C2)C1=O,,0,0,2,SVM,MACCS
309,CC[C@H]1OC(=O)[C@H](C)[C@H](C[C@@H](O[C@@H]2O[C@H](C)C[C@@H]([C@H]2O)N(C)C)[C@](C)(O)C[C@@H](C)C(=O)[C@H](C)[C@@H](C)[C@]1(C)O)O[C@H]1C[C@@](C)(OC)[C@@H](O)[C@H](C)O1,,0,0,2,SVM,MACCS
318,O=C(CC(C(C)1C)CC2)C21CS(=O)(O)=O,,0,0,2,SVM,MACCS
324,C[C@@H]1[C@]2([C@@]3([H])[C@](C)(O)CC2)[C@@]3([H])[C@@H](C(C)C)CC1,,2,2,2,SVM,MACCS
345,COC1=C(C(C(C(O)=C([C@@H](O)C[C@@](C(CO)=O)(O)C2)C2=C3O)C3C4=O)=O)C4=CC=C1,,0,0,2,SVM,MACCS
366,COC1=C(C2=CC=C1)C(C(C3C2=O)C(O)=C4[C@H](C[C@@](O)(CC4=C3O)C(CO)=O)O[C@H]5C[C@H](N)[C@H](O)[C@H](C)O5)=O,,0,0,2,SVM,MACCS
372,NC(N1C2=C(C=CC=C2)C=CC3=C1C=CC=C3)=O,,2,2,2,SVM,MACCS
407,[H][C@@]12[C@](CC[C@@H](C(C)C)C2)(C)CCC[C@]1(O)C,,2,2,2,SVM,MACCS
417,C[C@@]12CC[C@@H](C(C)C)C[C@@]1([H])C(C)=CCC2,,0,0,2,SVM,MACCS
421,CC12C(CC(C(C)=C)CC2)=C(C)C(CC1)=O,,0,1,2,SVM,MACCS
432,C[C@@H]1CCCCCCCCCCCCC(=O)C1,,0,1,2,SVM,MACCS
436,CC(C)C1=CC=C([C@@]2(C)[C@@](CC3=O)([H])C(C)(C)[C@H](O)CC2)C3=C1,,2,2,2,SVM,MACCS
446,CC1=C(C2=C(CC[C@@](O2)(C)CCC[C@H](C)CCC[C@H](C)CCCC(C)C)C(=C1O)C)C,,0,2,2,SVM,MACCS
7,C=C1CC/C=C(C)/CC[C@@H]2[C@@H]1CC2(C)C,,1,0,3,SVM,MACCS
9,Br[C@@H](CO)[C@](CC[C@H](Br)C(Br)(C)C)(Br)C,,1,1,3,SVM,MACCS
17,CN1[C@H]2CC[C@@H]1C[C@H](OC(C(CO)C3=CC=CC=C3)=O)C2,,2,2,3,SVM,MACCS
39,ClC1=C(N)C=C(OC)C(C(NCCN(CC)CC)=O)=C1,,2,2,3,SVM,MACCS
45,OCC(C(OC1CC(N2C)CCC2C1)=O)C3=CC=CC=C3,,2,2,3,SVM,MACCS
50,O=C1[C@@H](C)[C@]([C@]2([H])O1)([H])CC[C@@](C2=C3C)(C)C=CC3=O,,1,2,3,SVM,MACCS
56,O=C/C=C/C1=CC=CC=C1,,1,1,3,SVM,MACCS
57,O=C([C@@]1(C2C34)[C@@H]3[C@H]5C4(C(OC)=O)C2[C@H]51)OC,,1,2,3,SVM,MACCS
68,O=C1CC[C@@]2(C)C(CCC([C@@](CC[C@@H]3O)([H])[C@]3(C)C4)[C@]2([H])C4=O)=C1,,1,2,3,SVM,MACCS
72,O1O[C@@H](O[C@@H]1c2ccccc2)c3ccccc3,,1,1,3,SVM,MACCS
76,Fc1ccc(C=O)cc1,,1,1,3,SVM,MACCS
79,O=CC1=CC=CC=C1,,1,1,3,SVM,MACCS
80,Fc1ccccc1,,1,1,3,SVM,MACCS
85,Cn1c2c(CC[C@@]2(C)C=C)c3ccccc13,,1,1,3,SVM,MACCS
92,CC1(Cl)CC[C@@]2(CC1Br)C(C)(C)C(=C[C@H]3O[C@@]23C)Br,,1,1,3,SVM,MACCS
101,CC[C@@H](O1)[C@@H](Br)C[C@]1([H])[C@@]2([H])O[C@@H](C/C=C\C#C)[C@H](Br)C2,,1,1,3,SVM,MACCS
107,C[C@@H](CC1)[C@@]2([H])[C@]1([H])[C@@]3(C)[C@]2([H])[C@@H](C(C)=C)CC3,,1,0,3,SVM,MACCS
108,O=C(C)C1=CC=CC=C1,,1,1,3,SVM,MACCS
112,C12=CC=CC=C1C=C3C(C=CC=C3)=C2,,1,1,3,SVM,MACCS
121,CC1=CC[C@@H]2C(C)(C)[C@H]1C2,,1,2,3,SVM,MACCS
127,C[C@H]1CC2=C(C(C)=CO2)CC1,,1,1,3,SVM,MACCS
131,BrC1=CC=CC2=C1C(N=CC=C3)=C3C4=C2C=CC=C4,,1,1,3,SVM,MACCS
132,COC(C=C1)=CC=C1C2COC3=CC(OC)=CC=C3C2=O,,2,0,3,SVM,MACCS
136,NC1=C(S(=O)(CC)=O)C=C(C(NCC2N(CC)CCC2)=O)C(OC)=C1,,2,2,3,SVM,MACCS
139,CN(C)CCCN1C2=C(C=CC=C2)CCC3=C1C=CC=C3,,2,2,3,SVM,MACCS
147,C[C@H]1[C@H]([C@H](C[C@@H](O1)O[C@H]2C[C@@](Cc3c2c(c4c(c3O)C(=O)c5cccc(c5C4=O)OC)O)(C(=O)CO)O)N)O,,0,0,3,SVM,MACCS
148,COc1ccccc1OCCNCC(O)COc3cccc4[nH]c2ccccc2c34,,0,2,3,SVM,MACCS
155,COc1ccc(C=O)cc1,,2,2,3,SVM,MACCS
156,C1=CC=CC2=C1C3C(CC2)[C@@H](C(O3)=O)C,,1,2,3,SVM,MACCS
177,NCCC1=CC=CC=C1,,2,1,3,SVM,MACCS
183,O[C@H]1CCCC[C@@H]1NCC2=CC=CC=C2,,2,2,3,SVM,MACCS
186,O[C@@H]1CCCCC[C@H]1NCC2=CC=CC=C2,,2,2,3,SVM,MACCS
189,CC1(C)C(C(CCC)=O)=C(C)CCC1,,0,1,3,SVM,MACCS
190,O=C(OC)C1=C(C)C(C)=C2O[C@]3(C)CC[C@@]4([H])C(C)(C)[C@@H](O)CC[C@]4(C)[C@@]3([H])C[C@]2(C)C1=O,,2,2,3,SVM,MACCS
192,CC1=C(C)C(C(OC)=O)=C2O[C@]3(C)CC[C@@]4([H])C(C)(C)[C@@H](O)CC[C@]4(C)[C@@]3([H])C[C@]2(C)C1=O,,2,2,3,SVM,MACCS
216,CC1=CC=C(C)C(OCCCC(C)(C)C(O)=O)=C1,,2,2,3,SVM,MACCS
222,O[C@@H](CCCl)C1=CC=CC=C1,,1,1,3,SVM,MACCS
234,CCC1=CC=CC(=C1N(C(C)COC)C(=O)CCl)C,,2,2,3,SVM,MACCS
239,[H][C@]12CN(CC(=O)N1C[C@@H](O)C1=CC=CC=C21)C(=O)C1CCCCC1,,1,1,3,SVM,MACCS
244,C/C(C(O)=O)=C(OC(C)=O)\C=C,,0,1,3,SVM,MACCS
260,C[C@H](CCCC(C)C)[C@@]1([H])CC[C@@]2([H])[C@]3([H])CC=C4C[C@@H](C)CC[C@]4(C)[C@@]3([H])CC[C@@]21C,,2,2,3,SVM,MACCS
277,O=C(C1=C2C=C(C)C=C1O)C3=C(C=CC=C3O)C2=O,,2,0,3,SVM,MACCS
282,CCOC(=O)[C@H](CC1=CNC2=CC=CC=C12)NC(C)=O,,2,2,3,SVM,MACCS
303,[H][C@@]12CCCC[C@]1([H])CN(C[C@@H](O)[C@H](CSC1=CC=CC=C1)NC(=O)C1=CC=CC(O)=C1C)[C@@H](C2)C(=O)NC(C)(C)C,,0,2,3,SVM,MACCS
305,COC1=CC(=CC=C1CC1=CN(C)C2=CC=C(NC(=O)OC3CCCC3)C=C12)C(=O)NS(=O)(=O)C1=CC=CC=C1C,,0,0,3,SVM,MACCS
307,CC(C)[C@H](NC(=O)N(C)CC1=CSC(=N1)C(C)C)C(=O)N[C@H](C[C@H](O)[C@H](CC1=CC=CC=C1)NC(=O)OCC1=CN=CS1)CC1=CC=CC=C1,,0,0,3,SVM,MACCS
308,OCCN(CCO)C1=NC2=C(N=C(N=C2N2CCCCC2)N(CCO)CCO)C(=N1)N1CCCCC1,,0,0,3,SVM,MACCS
325,C/C1=C\CC[C@@](C)(O)/C=C/[C@@H](C(C)C)CC1,,1,1,3,SVM,MACCS
327,CC1=C[C@@]([C@@H](C(C)C)CC[C@]2(O)C)([H])[C@]2([H])CC1,,1,2,3,SVM,MACCS
349,[H]N(C(C1=CC=C(O)C=C1)=O)/N=C/C2=CC=C([N+]([O-])=O)O2,,2,2,3,SVM,MACCS
369,O=C(NN)C1=CC=NC=C1,,0,2,3,SVM,MACCS
378,CC1=CCCC(C)(C)[C@@]12O[C@@H](C)CC2,,1,2,3,SVM,MACCS
380,O=C([C@@H]1CC[C@@H](C)C[C@H]1O)C,,0,0,3,SVM,MACCS
381,CC([C@@H]1CC[C@@H](C)C[C@H]1OC(C[C@@H](O)C)=O)C,,0,2,3,SVM,MACCS
382,CC([C@@H]1CC[C@@H](C)C[C@H]1OCCO)C,,0,2,3,SVM,MACCS
385,CC1(C)C[C@@H](C(O)=O)[C@H](C(C)C)CC1,,2,2,3,SVM,MACCS
390,[NH3+] [C@@H](CC([O-])=O)C(N[C@@H](CC1=CC=CC=C1)C(OC)=O)=O,,0,1,3,SVM,MACCS
425,O=C(SC(C)CC)CC(C)C,,0,0,3,SVM,MACCS
435,CC(C)C1=CC=C([C@]23[C@@](CC4=O)([H])C(C)(C)[C@@H](CC3)OC2=O)C4=C1,,2,2,3,SVM,MACCS
437,CC(C)C1=CC=C([C@@]2(C)[C@@](CC3=O)([H])C(C)(C)C(CC2)=O)C3=C1,,2,1,3,SVM,MACCS
5,CC1(C)CCC[C@@]2(C)[C@H]1CC[C@]3(C)[C@@H]2CCO3,,1,1,4,SVM,MACCS
8,CC1=CC(C(C)(C)[C@H](C)CC2(C)C)=C2C=C1C(C)=O,,1,1,4,SVM,MACCS
11,CCC[C@H](SC(C1=CC(Br)=CC=C1)=O)CCOC(C2=CC(Br)=CC=C2)=O,,1,2,4,SVM,MACCS
21,O[C@H](/C=C/C#CC#CC1=CN(CC2=CC=CC=C2)N=N1)[C@H](O3)[C@@H]3[C@H](O)[C@H]4OC(CC4)=O,,2,2,4,SVM,MACCS
22,IC1=C(C(C)(C)OSC(F)(F)F)C=CC=C1,,1,1,4,SVM,MACCS
24,C[C@H]1C[C@@H](OC(C)=O)[C@H](C(C)C)CC1,,2,2,4,SVM,MACCS
26,CC1=C(C)[C@@]([C@@]2=C(O)C=CC(C)=C2C)=C(O)C=C1,,1,1,4,SVM,MACCS
32,NC1=C2C(C=CC=N2)=CC=C1,,1,0,4,SVM,MACCS
41,O=C1C(C2CCC(NC2=O)=O)C(C3=CC=CC=C31)=O,,2,2,4,SVM,MACCS
42,CC1=C(C(OC)=O)C(C(C(OC)=O)=C(C)N1)C2=C([N+]([O-])=O)C=CC=C2,,2,1,4,SVM,MACCS
46,CN(C)CCCN1C(C=CC=C2)=C2CCC3=C1C=CC=C3,,2,2,4,SVM,MACCS
55,O=CC1=CC=C([N+]([O-])=O)C=C1,,1,1,4,SVM,MACCS
63,CC(C(C)(C)O1)(C)OB1[C@@H](CCCCC)[C@H](B2OC(C)(C)C(C)(C)O2)C,,1,1,4,SVM,MACCS
64,CC(C(C)(C)O1)(C)OB1[C@@H](CCCCC)[C@@H](B2OC(C)(C)C(C)(C)O2)C,,1,1,4,SVM,MACCS
67,O[C@H]1CCC2=C(OC)C=CC=C2[C@H]1C(OC)=O,,1,2,4,SVM,MACCS
91,CC1=C[C@H](O)C(Br)C(C)(C)[C@]12CCC(C)(Cl)C(Br)C2,,1,1,4,SVM,MACCS
102,CC[C@@H](O1)[C@@H](Br)C[C@]1([H])[C@@]2([H])O[C@@H](C/C=C\C3=CN(CC(NC4=CC=CC=C4)=O)N=N3)[C@H](Br)C2,,1,2,4,SVM,MACCS
104,BrC1=C[C@@]([H])(OC)[C@](O2)(C)[C@]3(C[C@]2([H])[C@](Cl)(C)CC3)C1(C)C,,1,1,4,SVM,MACCS
109,[H]C(/C=C/C1=CC=CC=C1)=O,,1,1,4,SVM,MACCS
111,C12=CC=CC=C1C=CC=C2,,1,1,4,SVM,MACCS
114,OC1=C(OC)C=C(C=O)C=C1,,2,1,4,SVM,MACCS
118,CN1C=NC(C(F)(F)F)=C1C(OC)=O,,1,1,4,SVM,MACCS
119,CN1C(C(F)(F)F)=C([N+]([O-])=O)C=C1C(OC)=O,,1,1,4,SVM,MACCS
122,C[C@H]1C[C@@H](O)[C@H](C(C)C)CC1,,1,0,4,SVM,MACCS
124,C[C@H]1C[C@H](O)[C@H](C(C)C)CC1,,1,0,4,SVM,MACCS
128,C[C@@]12CC[C@H](C(C)(C)O2)CC1,,1,1,4,SVM,MACCS
142,CCN(CC)CC(=O)NC1=C(C)C=CC=C1C,,2,2,4,SVM,MACCS
145,O=C7OCC=6C(=O)N2C(\c1nc5c(c(c1C2)CC)cc(OC(=O)N4CCC(N3CCCCC3)CC4)cc5)=C/C=6[C@@]7(O)CC,,0,0,4,SVM,MACCS
149,O2C1(CCC(CC1)C2(C)C)C,,2,1,4,SVM,MACCS
150,O[C@H]1[C@H](C(C)C)CC[C@@H](C)C1,,2,0,4,SVM,MACCS
152,O(c1ccc(\C=C\C)cc1)C,,2,1,4,SVM,MACCS
161,O=C1C(C)=C2O[C@]3(C)CCC4C(C)(C)[C@@H](O)CC[C@]4(C)[C@@]3([H])C[C@@]2(C)C(C)=C1C(OC)=O,,2,2,4,SVM,MACCS
164,CC1(C)CC[C@]2(C)C[C@@]34[C@@H](C)CC[C@@H](O)[C@]3(C)CC[C@H]4[C@@]21[H],,2,2,4,SVM,MACCS
181,O[C@@H]1[C@@H](NCC2=CC=CC=C2)CCC1,,2,2,4,SVM,MACCS
184,O[C@@H]1CCCC[C@H]1NCC2=CC=CC=C2,,2,2,4,SVM,MACCS
187,C/C(C)=C/CC/C(C)=C/CO,,0,0,4,SVM,MACCS
188,C/C(C)=C/CC/C(C)=C/CC/C(C)=C/CO,,0,0,4,SVM,MACCS
193,O=C1C(C(OC)=O)=C(C)C(C)=C2O[C@@]3(C)CC[C@@]4([H])C(C)(C)[C@@H](O)CC[C@]4(C)[C@]3([H])C[C@@]21C,,2,2,4,SVM,MACCS
194,O=C1C(C(OC)=O)=C(C)[C@]2(C)C(O[C@]([C@]3(C)[C@](CC[C@H](O)C4)(C)[C@@]4([H])CC3)([H])C2)=C1C,,2,1,4,SVM,MACCS
198,O=C1CCCCC/C=C/CCCCCCCCO1,,0,1,4,SVM,MACCS
199,O=C1CCCCC/C=C\CCCCCCCCO1,,0,1,4,SVM,MACCS
211,CC([C@H]12)=CC[C@]32[C@]1([H])[C@H](C(C)C)CC[C@H]3C,,0,1,4,SVM,MACCS
213,CC(C12)=CC[C@@]3([H])C1[C@H](C(C)C)CC[C@@]32C,,0,1,4,SVM,MACCS
217,CC1=CC=C(CO)C=C1OCCCC(C)(C)C(O)=O,,2,2,4,SVM,MACCS
236,[H][C@]12CN(CC(=O)N1CCC1=CC=CC=C21)C(=O)[C@H]1CC[C@H](O)CC1,,1,1,4,SVM,MACCS
237,[H][C@]12CN(CC(=O)N1CCC1=CC=CC=C21)C(=O)[C@@H]1CC[C@H](O)CC1,,1,1,4,SVM,MACCS
240,OC12CN(CC(=O)N1CCC1=CC=CC=C21)C(=O)C1CCCCC1,,1,1,4,SVM,MACCS
241,O[C@]12CN(CC(=O)N1CCC1=CC=CC=C21)C(=O)C1CCCCC1,,1,1,4,SVM,MACCS
242,OC1=CC=C(NC(C)=O)C=C1,,0,2,4,SVM,MACCS
251,O[C@@H]1[C@@H](O)[C@H](O)[C@@H](CO)O[C@H]1OC2=CC=CC=C2CO,,0,0,4,SVM,MACCS
275,O=C(C1=C2C=C(C)C=C1O)C3=C(C=C(O)C=C3O)C2=O,,0,2,4,SVM,MACCS
281,C[C@@H](C1=C2C[C@H](O)[C@H]3[C@@]4(C)CCC(C(C)(C)[C@@H]4CC[C@]3(C)[C@@]2(C)CC1)=O)C[C@H](O)[C@@H](O)C(C)(O)C,,0,0,4,SVM,MACCS
283,COC(=O)[C@@H](N)CC1=CNC2=CC=CC=C12,,2,2,4,SVM,MACCS
293,CN1C(C(=O)NC2=NC=C(C)S2)=C(O)C2=C(C=CC=C2)S1(=O)=O,,0,0,4,SVM,MACCS
312,BrC1(CC2(Br)C3)CC(C2)(Br)CC3(Br)C1,,2,1,4,SVM,MACCS
344,O=C1[C@@H](CCCCCC)[C@H](C[C@H](CCCCCCCCCCC)OC([C@H](CC(C)C)NC=O)=O)O1,,2,0,4,SVM,MACCS
356,FC1=CC2=C(C=C1)C(C3CCN(CCC4=C(C)N=C5N(CCCC5)C4=O)CC3)=NO2,,2,0,4,SVM,MACCS
357,CN1CCN(CC1)S(=O)(C2=CC(C3=NC4=C(C(N3)=O)N(N=C4CCC)C)=C(OCC)C=C2)=O,,1,0,4,SVM,MACCS
363,ClC1=C(NC2=CC=CC=C2CC(O)=O)C(Cl)=CC=C1,,0,2,4,SVM,MACCS
384,CC1(C)C[C@@H](C(NC2=CC=C(CC#N)C=C2)=O)[C@H](C(C)C)CC1,,0,2,4,SVM,MACCS
3,C[C@@H]1CCC=C(CC/2)[C@@]1(C)CC2=C(C)\CO,,2,2,5,SVM,MACCS
6,C[C@@]1(CC2)[C@]3(O)C(C)(C)[C@H]2C[C@H]1[C@@H](C)CC3,,2,2,5,SVM,MACCS
10,C[C@@](CC[C@H](Br)C(Br)(C)C)(Br)[C@H](Br)CO,,1,1,5,SVM,MACCS
14,CCCCNc1ccc(cc1)C(=O)OCCN(C)C,,1,2,5,SVM,MACCS
15,CCCCCC=CCC=CCC=CCC=CCCCC(=O)OCC,,2,0,5,SVM,MACCS
19,CC1=C(NC(CN(CC)CC)=O)C(C)=CC=C1,,2,2,5,SVM,MACCS
28,CC(C)C1=CC=C2C(C=CC=C2)=[C@]1[C@]3=CSC(C)=C3C,,1,1,5,SVM,MACCS
30,C12=CC=CC=C1N=C3N2CC/C=C/CCN4C5=C(C=CC=C5)N=C34,,1,1,5,SVM,MACCS
37,NC1=CC=C(S(C2=CC=C(N)C=C2)(=O)=O)C=C1,,2,2,5,SVM,MACCS
54,NC1=C(C(C)C)C=CC=C1C(C)C,,1,1,5,SVM,MACCS
60,COC1=CC=C(/C=C/C)C=C1,,1,2,5,SVM,MACCS
74,C1C[C@H]2OOC(C1)O2,,1,1,5,SVM,MACCS
77,Clc1cccc(Cl)c1,,1,1,5,SVM,MACCS
87,CC1(C)C(Br)C[C@H]2O[C@@]2(C)[C@]13CC(Br)C(C)(Cl)CC3O,,1,1,5,SVM,MACCS
89,C[C@]1(Cl)CC2O[C@@]3(Br)[C@H](O)[C@H]4O[C@@]4(C)[C@]2(C[C@@H]1Br)C3(C)C,,1,1,5,SVM,MACCS
93,C/C1=C\CC(C)(C)/C=C/C/C(C)=C/CC1,,1,1,5,SVM,MACCS
94,C/C1=C\CC(C)(C)/C=C/CC2(C)C(O2)CC1,,1,1,5,SVM,MACCS
97,CC12C(O2)CC(C)(C)/C=C/CC(C)(O3)C3CC1,,1,1,5,SVM,MACCS
105,O=C(C(O)=C1)C2=CC=CC3=CC=CC1=C32,,1,1,5,SVM,MACCS
106,O=C(C(C1=CC=CC=C1)=C2)C3=CC=CC4=CC=CC2=C43,,1,1,5,SVM,MACCS
113,C1(/C=C/C2=CC=CC=C2)=CC=CC=C1,,2,1,5,SVM,MACCS
117,CN1C=NC([N+]([O-])=O)=C1C(F)(F)F,,1,1,5,SVM,MACCS
125,C[C@H](CC[C@@H]1C(C)C)CC1=O,,1,1,5,SVM,MACCS
130,CC#[N][Pd]1(Br)C2=CC=CC3=C2C([N]1=CC=C4)=C4C5=CC=CC=C53,,1,0,5,SVM,MACCS
134,O=C1C=CC2(C)C(C(OC(C3C)=O)C3CC2)=C1C,,2,1,5,SVM,MACCS
153,C[C@@]12C(C)(C)[C@@H](CC1=O)CC2,,2,1,5,SVM,MACCS
154,CC1(C)[C@H]2C[C@@H]1CC=C2C,,2,1,5,SVM,MACCS
158,C1=CC=CC2=C1C3C(CC2)C(C(O3)=O)=C,,1,1,5,SVM,MACCS
160,O=C(N[C@H](CO)C1)[C@H](C(C)C)SC2=C1C3=CC=CC=C3N2,,2,2,5,SVM,MACCS
162,C/C([C@@H]1[C@@](CCCC2=C(C)OC(OC)=CC2=O)(O1)C)=C\C3=CC=C([N+]([O-])=O)C=C3,,2,2,5,SVM,MACCS
168,COC1=C(OC)C=C(OC)C(/C=C/C)=C1,,1,1,5,SVM,MACCS
171,COC1=CC=C2C(C(CC(O)=O)C(C)N2C(C3=CC=C(Cl)C=C3)=O)=C1,,2,2,5,SVM,MACCS
172,CC(OC1=CC=CC=C1C(NC2=NC=C([N+]([O-])=O)S2)=O)=O,,2,2,5,SVM,MACCS
182,O[C@H]1[C@H](NCC2=CC=CC=C2)CCC1,,2,2,5,SVM,MACCS
191,O=C(OC)C1=C(C)C(C)=C2O[C@]3(C)CC[C@@]4([H])C(C)(C)[C@@H](O)CC[C@]4(C)[C@@]3([H])C[C@@]2(C)C1=O,,2,2,5,SVM,MACCS
215,CCCC(S)CCO,,0,0,5,SVM,MACCS
220,CC1=CC=C(C)C(OCCCC(C)(C)C(OC2OC(C(O)=O)C(O)C(O)C2O)=O)=C1,,0,0,5,SVM,MACCS
235,[H][C@]12CN(CC(=O)N1CCC1=CC=CC=C21)C(=O)C1CCCCC1,,1,1,5,SVM,MACCS
238,[H][C@]12CN(CC(=O)N1CCC1=CC(O)=CC=C21)C(=O)C1CCCCC1,,1,1,5,SVM,MACCS
246,NC(C1=CC=CC=C1OCC)=O,,2,2,5,SVM,MACCS
248,CN1C(C)C(C(C)C)C(N1C2=CC=CC=C2)=O,,2,2,5,SVM,MACCS
256,O[C@@H]1[C@@H](O)[C@H](O)[C@@H](CO)O[C@H]1C2=C(OC=C(C3=CC=C(O)C=C3)C4=O)C4=CC=C2O,,0,0,5,SVM,MACCS
267,O=C1OC2=CC3=C(C=CO3)C(O/C=C/C(C)C)=C2C=C1,,0,2,5,SVM,MACCS
286,COC1=CC2=C(C=C1OC)C(=O)C(CC1CCN(CC3=CC=CC=C3)CC1)C2,,1,1,5,SVM,MACCS
289,COC1=CC=C2C=C3C4=C(CC[N+]3=CC2=C1OC)C=C1OCOC1=C4,,0,1,5,SVM,MACCS
297,CC(C)CN1C=NC2=C(N)N=C3C=CC=CC3=C12,,0,1,5,SVM,MACCS
298,CC1=CN=C(C=N1)C(=O)NCCC1=CC=C(C=C1)S(=O)(=O)NC(=O)NC1CCCCC1,,0,2,5,SVM,MACCS
299,CC(=O)N1CCN(CC1)C1=CC=C(OC[C@H]2CO[C@@](CN3C=CN=C3)(O2)C2=C(Cl)C=C(Cl)C=C2)C=C1,,0,0,5,SVM,MACCS
333,CC1=C(C(OC)=O)C(C2=C([N+]([O-])=O)C=CC=C2)=C(C(OC)=O)C(C)=N1,,1,1,5,SVM,MACCS
351,CN(C)CCCN(C(C=CC=C1)=C1CC2)C3=C2C=CC=C3,,0,2,5,SVM,MACCS
373,COC1=CC=C(C=C1)C2=COC3=C(C2=O)C=CC(=C3)OC,,2,2,5,SVM,MACCS
374,CC1OC2(C(C)=CCCC2(C)C)CC1,,2,1,5,SVM,MACCS
398,O=C1CCC(C1C/C=C\CC)CC(OC)=O,,2,0,5,SVM,MACCS
400,CC(C1CCC(C=O)=CC1)=C,,1,1,5,SVM,MACCS
403,CC(C)[C@@H]1CC[C@@]([C@@H](C1)C(=C)C)(C)C=C,,0,1,5,SVM,MACCS
409,CC1(C=C)C(C(C)C)CC(C(C)C)CC1,,0,1,5,SVM,MACCS
413,C[C@@]1(CCC2)CC[C@@H](C(C)C)C[C@@]1([H])C2=C,,0,1,5,SVM,MACCS
428,CC(S)CC(OCC)=O,,0,0,5,SVM,MACCS
434,CC(C)C1=CC=C([C@]23[C@@](C[C@@H]4O)([H])C(C)(C)[C@@](O)(CC3)OC2)C4=C1,,2,2,5,SVM,MACCS
440,CC1=C2C(C(OC2)=O)=C(C(C/C=C(C)/CCC(OCCN3CCOCC3)=O)=C1OC)O,,0,0,5,SVM,MACCS
1,O=C1C[C@@H](C)[C@]2(C)CC(CCC2=C1)=C(C)C,,1,1,1,Random Forest,MACCS
12,CC(C)[C@H]1[C@H]2[C@](CC1)(C)[C@H]3[C@@H]2C(CBr)=CC3,,1,1,1,Random Forest,MACCS
18,O=C(N[C@H](C(N[C@@H](C1=CC=CC=C1)C(OC(C)(C)C)=O)=O)C)CC2=CC(F)=CC(F)=C2,,2,2,1,Random Forest,MACCS
20,O[C@H](/C=C\C#CC#CC1=CN(CC2=CC=CC=C2)N=N1)[C@H](O3)[C@@H]3[C@H](O)[C@H]4OC(CC4)=O,,2,2,1,Random Forest,MACCS
25,CC1=C(C)[C@]([C@]2=C(O)C=CC(C)=C2C)=C(O)C=C1,,1,1,1,Random Forest,MACCS
27,CC(C)C1=CC=C2C(C=CC=C2)=[C@@]1[C@@]3=CSC(C)=C3C,,1,1,1,Random Forest,MACCS
29,C12=CC=CC=C1N3C(C4=NC5=C(C=CC=C5)N4CC/C=C/CC3)=N2,,1,1,1,Random Forest,MACCS
34,CC1=CC=CC(C)=C1NC(CN(CC)CC)=O,,1,2,1,Random Forest,MACCS
40,ClC1=CC=C2C(N(CCCN(C)C)C(C=CC=C3)=C3S2)=C1,,2,2,1,Random Forest,MACCS
43,ClC1=C([C@@H](C(OC)=O)N2CCC(SC=C3)=C3C2)C=CC=C1,,2,1,1,Random Forest,MACCS
44,O=C(C(C)=C1)NC(N1[C@@H]2O[C@H](CO)[C@@H](N=[N+]=[N-])C2)=O,,2,0,1,Random Forest,MACCS
48,CN(CCC1)[C@@H]1C2=CC=CN=C2,,0,1,1,Random Forest,MACCS
51,O=C(C=C(C1=CC(OC)=C(OC)C=C1)O2)C3=C2C(OC)=C(OC)C(OC)=C3OC,,1,1,1,Random Forest,MACCS
52,O=C(C=C(C1=CC=C(OC)C=C1)O2)C3=C2C(OC)=C(OC)C(OC)=C3OC,,1,1,1,Random Forest,MACCS
58,BrC1=CC2=CC=CC=C2C3=C1C=CC=C3,,1,1,1,Random Forest,MACCS
61,CC(O[C@H]1[C@H](C(C)C)CC[C@@H](C)C1)=O,,1,2,1,Random Forest,MACCS
69,CC1CCCC2(C1CC(CC2)C(C)C)C,,1,0,1,Random Forest,MACCS
78,N#Cc1ccccc1,,1,1,1,Random Forest,MACCS
84,C[C@]12OC(=O)C(=C)[C@H]1CC(=O)C=C2,,1,1,1,Random Forest,MACCS
88,Cc1cc(O)c(cc1Br)[C@]2(C)CC[C@@H]3C[C@]23C,,1,1,1,Random Forest,MACCS
95,CC12C(O2)CC(C)(C)/C=C/C/C(C)=C/CC1,,1,1,1,Random Forest,MACCS
96,C/C1=C\CC(C)(C)C(O2)C2C/C(C)=C/CC1,,1,1,1,Random Forest,MACCS
98,CC12C(O2)CC(C)(C)C(O3)C3CC(C)(O4)C4CC1,,1,1,1,Random Forest,MACCS
99,CC1(C)C/C=C(C)/CC/C=C(C=O)/C/C=C/1,,1,1,1,Random Forest,MACCS
103,BrC1=C[C@]([H])(OC)[C@](O2)(C)[C@]3(C[C@]2([H])[C@](Cl)(C)CC3)C1(C)C,,1,1,1,Random Forest,MACCS
135,O=C1C(N(C)C)=C(C)N(C)N1C2=CC=CC=C2,,2,2,1,Random Forest,MACCS
137,FC(F)(F)C1=CC=C(OC(C2=CC=CC=C2)CCNC)C=C1,,2,1,1,Random Forest,MACCS
138,O=C(OC)[C@@H](N1CCC(SC=C2)=C2C1)C3=C(Cl)C=CC=C3,,2,1,1,Random Forest,MACCS
140,O=C1C2=C(N=CC=C2)N(C3CC3)C4=C(C(C)=CC=N4)N1,,2,2,1,Random Forest,MACCS
143,Cc1ccc(cc1Nc2nccc(n2)c3cccnc3)NC(=O)c4ccc(cc4)CN5CCN(CC5)C,,0,0,1,Random Forest,MACCS
144,O=C1N(/N=C\N1c2ccc(cc2)N7CCN(c6ccc(OCC3C[C@@](OC3)(c4ccc(F)cc4F)Cn5ncnc5)cc6)CC7)[C@@H](CC)[C@@H](O)C,,0,0,1,Random Forest,MACCS
159,O=C(O)C1=C(OC(C)=O)C=CC=C1,,2,2,1,Random Forest,MACCS
178,N=C(N(C)C)N(C)C,,2,2,1,Random Forest,MACCS
180,C12=NCCCN1CCCCC2,,2,1,1,Random Forest,MACCS
185,O[C@H]1CCCCC[C@@H]1NCC2=CC=CC=C2,,2,2,1,Random Forest,MACCS
203,OC(=O)c1ccccc1Nc2cccc(c2)C(F)(F)F,,0,0,1,Random Forest,MACCS
204,C[C@@]1(C2(C)C)CC[C@H]2C[C@H]1O,,0,2,1,Random Forest,MACCS
206,O=C1O[C@H](CCCCC)CCC1,,0,2,1,Random Forest,MACCS
221,CCCC[C@@H](Br)[C@]1(C)CCCC=C1,,1,1,1,Random Forest,MACCS
223,COC([C@H](O)[C@@H](O)C(OC)=O)=O,,1,0,1,Random Forest,MACCS
224,CC1=CC=C(S(N)=O)C=C1,,1,1,1,Random Forest,MACCS
225,OC(C)C1=CC=C(Br)C=C1,,1,1,1,Random Forest,MACCS
226,CC(C)[C@@H]1Sc2[nH]c3ccccc3c2C[C@@H](CO)NC1=O,,2,2,1,Random Forest,MACCS
249,CCN(CC)C1=CC=C2C(OC(C(C3=NC4=C(C=CC=C4)S3)=C2)=O)=C1,,2,2,1,Random Forest,MACCS
278,O=C1C[C@@H](C2=CC=CC=C2)OC3=CC=CC=C31,,0,1,1,Random Forest,MACCS
285,C\C(\C=C1/SC(=S)N(CC(O)=O)C1=O)=C/C1=CC=CC=C1,,2,2,1,Random Forest,MACCS
287,ClC1=C(Cl)C(=CC=C1)N1CCN(CCCCOC2=CC3=C(CCC(=O)N3)C=C2)CC1,,1,2,1,Random Forest,MACCS
290,C\N=C(\NCCSCC1=C(C)NC=N1)NC#N,,0,2,1,Random Forest,MACCS
291,ClC1=C(NC2=NCCN2)C2=NSN=C2C=C1,,0,2,1,Random Forest,MACCS
296,CC1(C)SC2[C@H](NC(=O)CC3=CC=CC=C3)C(=O)N2[C@H]1C(O)=O,,0,0,1,Random Forest,MACCS
322,O=C(C1=C(S(=O)(NC(NC2=NC(OC)=CC(OC)=N2)=O)=O)N(C)N=C1Cl)OC,,2,0,1,Random Forest,MACCS
326,CC(CC1)=C[C@@]2([H])C1=C(C)CC[C@@H]2C(C)C,,2,0,1,Random Forest,MACCS
328,CC1=C[C@@]([C@@H](C(C)C)CC[C@]2(O)C)([H])[C@@]2([H])CC1,,2,1,1,Random Forest,MACCS
329,CC1=C[C@@]([C@@H](C(C)C)CC[C@@]2(O)C)([H])[C@]2([H])CC1,,2,1,1,Random Forest,MACCS
332,ClC1=CC(N2CCCN(C)C)=C(C=C1)SC3=C2C=CC=C3,,2,2,1,Random Forest,MACCS
339,COC1=C2O[C@@H]3[C@]45C2=C(C=C1)C[C@@H](N(CC5)C)[C@]4([H])C=C[C@@H]3O,,1,1,1,Random Forest,MACCS
360,O=S(CC1=NC=C(C(OC)=C1C)CO)C2=NC3=C(N2)C=CC(OC)=C3,,0,2,1,Random Forest,MACCS
386,O[C@@H]1C[C@H](C)CC[C@H]1C(C)=O,,0,0,1,Random Forest,MACCS
439,O=C1NC2=C(N1CCCN3CCC(CC3)N4C(NC5=CC(Cl)=CC=C54)=O)C=CC=C2,,0,0,1,Random Forest,MACCS
448,CO[C@H]1[C@@H](C[C@@H]2CN3CCC4=C([C@H]3C[C@@H]2[C@@H]1C(=O)OC)NC5=C4C=CC(=C5)OC)OC(=O)C6=CC(=C(C(=C6)OC)OC)OC,,0,0,1,Random Forest,MACCS
2,CC1=CC(C[C@@H](C)[C@]1(C2)CCC2=C(C)C)=O,,1,1,2,Random Forest,MACCS
4,O=C(CCCCCCCCCCC1)OCCOC1=O,,1,0,2,Random Forest,MACCS
13,C[C@@]1(O)[C@@H](Br)C[C@H](C(C)=C)CC1,,1,1,2,Random Forest,MACCS
16,CC1(C)[C@@H]2[C@H]1CC=C(C)C2,,1,0,2,Random Forest,MACCS
31,O=C1N(C)C(C(N(C)C=N2)=C2N1C)=O,,1,2,2,Random Forest,MACCS
35,CNCCC(OC1=CC=C(C(F)(F)F)C=C1)C2=CC=CC=C2,,1,2,2,Random Forest,MACCS
36,COC1=CC=C2C(NC(S(CC3=C(C)C(OC)=C(C)C=N3)=O)=N2)=C1,,2,0,2,Random Forest,MACCS
38,O=C(OCCN(C)C)C1=CC=C(NCCCC)C=C1,,2,1,2,Random Forest,MACCS
47,ClC1=CC=C(NC(O[C@]2(C#CC3CC3)C(F)(F)F)=O)C2=C1,,2,2,2,Random Forest,MACCS
49,CC1=C2C(C=C1)=C(C)C=CC(C(C)C)=C2,,1,1,2,Random Forest,MACCS
53,O=C(C(OC)=C(C1=CC(OC)=C(OC)C=C1)O2)C3=C2C(OC)=C(OC)C(OC)=C3OC,,1,1,2,Random Forest,MACCS
62,CC(C(C)(C)O1)(C)OB1C(B2OC(C)(C)C(C)(C)O2)CCC3=CC=CC=C3,,1,1,2,Random Forest,MACCS
65,O=C(C(C#N)=C1)C=C(C1(C#C)C2)C3=C2C=CC=C3,,1,1,2,Random Forest,MACCS
71,C1OOC(O1)c2ccccc2,,1,1,2,Random Forest,MACCS
73,O1O[C@H](O[C@@H]1c2ccccc2)c3ccccc3,,1,1,2,Random Forest,MACCS
75,c1ccccc1,,1,1,2,Random Forest,MACCS
81,Fc1ccc(F)cc1,,1,1,2,Random Forest,MACCS
82,CN1C[C@@](C)(c2ccccc2)[C@@]3(C)[C@@H]1N(C)c4ccccc34,,1,2,2,Random Forest,MACCS
83,C[C@@]12OC(=O)C(=C)[C@]1(C)CC(=O)C=C2,,1,1,2,Random Forest,MACCS
86,CCOC(=O)\C=C\1/C[C@@](N1S(=O)(=O)c2ccc(C)cc2)(C(=O)OCC)c3ccccc3C,,1,2,2,Random Forest,MACCS
90,C[C@]1(Cl)CC2O[C@@]3(C)C=C[C@@](C)(O)[C@]2(C[C@@H]1Br)C3(C)C,,1,1,2,Random Forest,MACCS
100,CC1(C)/C=C/C/C(C=O)=C\CC/C(C=O)=C\C1,,1,1,2,Random Forest,MACCS
110,N#CCC1=CC=CC=C1,,1,1,2,Random Forest,MACCS
115,[N-]=[N+]=NC1=CC=C(C(F)(F)F)C=C1,,2,1,2,Random Forest,MACCS
116,C[C@@](O1)(OO2)CC[C@]3([H])[C@]2([C@]1([H])O4)[C@](CC[C@H]3C)([H])[C@@H](C)C4=O,,2,1,2,Random Forest,MACCS
120,CC1=CC[C@H](C(C)=C)CC1,,1,1,2,Random Forest,MACCS
123,C[C@H](CC[C@H]1C(C)C)CC1=O,,1,1,2,Random Forest,MACCS
129,IC1=C(C(OSC(F)(F)F)(C)C)C=CC=C1,,1,1,2,Random Forest,MACCS
133,OC(C=C1)=CC=C1C2COC3=CC(O)=CC=C3C2=O,,0,2,2,Random Forest,MACCS
141,CN3[C@H]1CC[C@@H]3C[C@@H](C1)OC(=O)C(CO)c2ccccc2,,2,2,2,Random Forest,MACCS
146,CCOc2nc1cccc(C(=O)O)c1n2Cc5ccc(c3ccccc3c4nn[nH]n4)cc5,,0,0,2,Random Forest,MACCS
151,C[C@@H]1CC[C@H]([C@@H](C1)OC(=O)C)C(C)C,,2,2,2,Random Forest,MACCS
163,O[C@H](C1)CC[C@@]2(C)C1=CC[C@]3([H])[C@]2([H])CC[C@@]4([H])[C@@]3([H])C[C@H](O)[C@]4([H])[C@H](C)[C@@H](O)CCC(C)C,,2,2,2,Random Forest,MACCS
165,[H][C@@]1(CO2)[C@](CO[C@@H]1C3=CC(OCO4)=C4C=C3)([H])[C@@H]2C5=CC(OCO6)=C6C=C5,,1,1,2,Random Forest,MACCS
166,COC1=C(OC)C=C(OC)C(/C=C\C)=C1,,1,1,2,Random Forest,MACCS
173,CC(C(O)=O)C1=CC=C(CC(C)C)C=C1,,2,1,2,Random Forest,MACCS
174,O[C@@H]1CCCC[C@H]1NC2CC2,,2,2,2,Random Forest,MACCS
176,CN(C)C1CCCCC1,,2,2,2,Random Forest,MACCS
179,N=C(NC1=CC=CC=C1)NC2=CC=CC=C2,,2,1,2,Random Forest,MACCS
195,OC(=O)c1ccc(O)cc1,,2,2,2,Random Forest,MACCS
196,CC1=C(/C=C/C(C)=C/C=C/C(C)=C/C=C/C=C(C)/C=C/C=C(C)/C=C/C2=C(C)CCCC2(C)C)C(C)(C)CCC1,,0,0,2,Random Forest,MACCS
209,CC(C)C1CC[C@]2(C)[C@@]1([H])[C@]3([H])[C@@]2([H])CCC3=C,,0,1,2,Random Forest,MACCS
218,CC1=C(O)C=C(C)C(OCCCC(C)(C)C(O)=O)=C1,,2,2,2,Random Forest,MACCS
219,CC1=CC=C(C(O)=O)C=C1OCCCC(C)(C)C(O)=O,,0,2,2,Random Forest,MACCS
227,COC(=O)C1=C(C)[C@]2(C)C[C@H]3[C@@](C)(CC[C@H]4C(C)(C)[C@@H](O)CC[C@]34C)OC2=C(C)C1=O,,2,2,2,Random Forest,MACCS
231,COCC(=O)N([C@H](C)C(=O)OC)c1c(C)cccc1C,,2,2,2,Random Forest,MACCS
284,CC(C)NCC(O)COC1=CC=CC2=CC=CC=C12,,2,2,2,Random Forest,MACCS
288,O=C1C2=CC=CC=C2C(=O)C2=C1C=CC1=C2NC2=C(N1)C1=C(C=C2)C(=O)C2=C(C=CC=C2)C1=O,,0,2,2,Random Forest,MACCS
309,CC[C@H]1OC(=O)[C@H](C)[C@H](C[C@@H](O[C@@H]2O[C@H](C)C[C@@H]([C@H]2O)N(C)C)[C@](C)(O)C[C@@H](C)C(=O)[C@H](C)[C@@H](C)[C@]1(C)O)O[C@H]1C[C@@](C)(OC)[C@@H](O)[C@H](C)O1,,0,0,2,Random Forest,MACCS
318,O=C(CC(C(C)1C)CC2)C21CS(=O)(O)=O,,0,0,2,Random Forest,MACCS
324,C[C@@H]1[C@]2([C@@]3([H])[C@](C)(O)CC2)[C@@]3([H])[C@@H](C(C)C)CC1,,2,2,2,Random Forest,MACCS
345,COC1=C(C(C(C(O)=C([C@@H](O)C[C@@](C(CO)=O)(O)C2)C2=C3O)C3C4=O)=O)C4=CC=C1,,0,0,2,Random Forest,MACCS
366,COC1=C(C2=CC=C1)C(C(C3C2=O)C(O)=C4[C@H](C[C@@](O)(CC4=C3O)C(CO)=O)O[C@H]5C[C@H](N)[C@H](O)[C@H](C)O5)=O,,0,0,2,Random Forest,MACCS
372,NC(N1C2=C(C=CC=C2)C=CC3=C1C=CC=C3)=O,,2,1,2,Random Forest,MACCS
407,[H][C@@]12[C@](CC[C@@H](C(C)C)C2)(C)CCC[C@]1(O)C,,2,2,2,Random Forest,MACCS
417,C[C@@]12CC[C@@H](C(C)C)C[C@@]1([H])C(C)=CCC2,,0,0,2,Random Forest,MACCS
421,CC12C(CC(C(C)=C)CC2)=C(C)C(CC1)=O,,0,1,2,Random Forest,MACCS
432,C[C@@H]1CCCCCCCCCCCCC(=O)C1,,0,1,2,Random Forest,MACCS
436,CC(C)C1=CC=C([C@@]2(C)[C@@](CC3=O)([H])C(C)(C)[C@H](O)CC2)C3=C1,,2,2,2,Random Forest,MACCS
446,CC1=C(C2=C(CC[C@@](O2)(C)CCC[C@H](C)CCC[C@H](C)CCCC(C)C)C(=C1O)C)C,,0,2,2,Random Forest,MACCS
7,C=C1CC/C=C(C)/CC[C@@H]2[C@@H]1CC2(C)C,,1,0,3,Random Forest,MACCS
9,Br[C@@H](CO)[C@](CC[C@H](Br)C(Br)(C)C)(Br)C,,1,1,3,Random Forest,MACCS
17,CN1[C@H]2CC[C@@H]1C[C@H](OC(C(CO)C3=CC=CC=C3)=O)C2,,2,2,3,Random Forest,MACCS
39,ClC1=C(N)C=C(OC)C(C(NCCN(CC)CC)=O)=C1,,2,1,3,Random Forest,MACCS
45,OCC(C(OC1CC(N2C)CCC2C1)=O)C3=CC=CC=C3,,2,2,3,Random Forest,MACCS
50,O=C1[C@@H](C)[C@]([C@]2([H])O1)([H])CC[C@@](C2=C3C)(C)C=CC3=O,,1,2,3,Random Forest,MACCS
56,O=C/C=C/C1=CC=CC=C1,,1,1,3,Random Forest,MACCS
57,O=C([C@@]1(C2C34)[C@@H]3[C@H]5C4(C(OC)=O)C2[C@H]51)OC,,1,1,3,Random Forest,MACCS
68,O=C1CC[C@@]2(C)C(CCC([C@@](CC[C@@H]3O)([H])[C@]3(C)C4)[C@]2([H])C4=O)=C1,,1,2,3,Random Forest,MACCS
72,O1O[C@@H](O[C@@H]1c2ccccc2)c3ccccc3,,1,1,3,Random Forest,MACCS
76,Fc1ccc(C=O)cc1,,1,1,3,Random Forest,MACCS
79,O=CC1=CC=CC=C1,,1,1,3,Random Forest,MACCS
80,Fc1ccccc1,,1,1,3,Random Forest,MACCS
85,Cn1c2c(CC[C@@]2(C)C=C)c3ccccc13,,1,1,3,Random Forest,MACCS
92,CC1(Cl)CC[C@@]2(CC1Br)C(C)(C)C(=C[C@H]3O[C@@]23C)Br,,1,1,3,Random Forest,MACCS
101,CC[C@@H](O1)[C@@H](Br)C[C@]1([H])[C@@]2([H])O[C@@H](C/C=C\C#C)[C@H](Br)C2,,1,1,3,Random Forest,MACCS
107,C[C@@H](CC1)[C@@]2([H])[C@]1([H])[C@@]3(C)[C@]2([H])[C@@H](C(C)=C)CC3,,1,0,3,Random Forest,MACCS
108,O=C(C)C1=CC=CC=C1,,1,1,3,Random Forest,MACCS
112,C12=CC=CC=C1C=C3C(C=CC=C3)=C2,,1,1,3,Random Forest,MACCS
121,CC1=CC[C@@H]2C(C)(C)[C@H]1C2,,1,2,3,Random Forest,MACCS
127,C[C@H]1CC2=C(C(C)=CO2)CC1,,1,1,3,Random Forest,MACCS
131,BrC1=CC=CC2=C1C(N=CC=C3)=C3C4=C2C=CC=C4,,1,1,3,Random Forest,MACCS
132,COC(C=C1)=CC=C1C2COC3=CC(OC)=CC=C3C2=O,,2,1,3,Random Forest,MACCS
136,NC1=C(S(=O)(CC)=O)C=C(C(NCC2N(CC)CCC2)=O)C(OC)=C1,,2,0,3,Random Forest,MACCS
139,CN(C)CCCN1C2=C(C=CC=C2)CCC3=C1C=CC=C3,,2,2,3,Random Forest,MACCS
147,C[C@H]1[C@H]([C@H](C[C@@H](O1)O[C@H]2C[C@@](Cc3c2c(c4c(c3O)C(=O)c5cccc(c5C4=O)OC)O)(C(=O)CO)O)N)O,,0,0,3,Random Forest,MACCS
148,COc1ccccc1OCCNCC(O)COc3cccc4[nH]c2ccccc2c34,,0,2,3,Random Forest,MACCS
155,COc1ccc(C=O)cc1,,2,2,3,Random Forest,MACCS
156,C1=CC=CC2=C1C3C(CC2)[C@@H](C(O3)=O)C,,1,1,3,Random Forest,MACCS
177,NCCC1=CC=CC=C1,,2,1,3,Random Forest,MACCS
183,O[C@H]1CCCC[C@@H]1NCC2=CC=CC=C2,,2,2,3,Random Forest,MACCS
186,O[C@@H]1CCCCC[C@H]1NCC2=CC=CC=C2,,2,2,3,Random Forest,MACCS
189,CC1(C)C(C(CCC)=O)=C(C)CCC1,,0,1,3,Random Forest,MACCS
190,O=C(OC)C1=C(C)C(C)=C2O[C@]3(C)CC[C@@]4([H])C(C)(C)[C@@H](O)CC[C@]4(C)[C@@]3([H])C[C@]2(C)C1=O,,2,2,3,Random Forest,MACCS
192,CC1=C(C)C(C(OC)=O)=C2O[C@]3(C)CC[C@@]4([H])C(C)(C)[C@@H](O)CC[C@]4(C)[C@@]3([H])C[C@]2(C)C1=O,,2,2,3,Random Forest,MACCS
216,CC1=CC=C(C)C(OCCCC(C)(C)C(O)=O)=C1,,2,2,3,Random Forest,MACCS
222,O[C@@H](CCCl)C1=CC=CC=C1,,1,1,3,Random Forest,MACCS
234,CCC1=CC=CC(=C1N(C(C)COC)C(=O)CCl)C,,2,2,3,Random Forest,MACCS
239,[H][C@]12CN(CC(=O)N1C[C@@H](O)C1=CC=CC=C21)C(=O)C1CCCCC1,,1,1,3,Random Forest,MACCS
244,C/C(C(O)=O)=C(OC(C)=O)\C=C,,0,1,3,Random Forest,MACCS
260,C[C@H](CCCC(C)C)[C@@]1([H])CC[C@@]2([H])[C@]3([H])CC=C4C[C@@H](C)CC[C@]4(C)[C@@]3([H])CC[C@@]21C,,2,0,3,Random Forest,MACCS
277,O=C(C1=C2C=C(C)C=C1O)C3=C(C=CC=C3O)C2=O,,2,0,3,Random Forest,MACCS
282,CCOC(=O)[C@H](CC1=CNC2=CC=CC=C12)NC(C)=O,,2,2,3,Random Forest,MACCS
303,[H][C@@]12CCCC[C@]1([H])CN(C[C@@H](O)[C@H](CSC1=CC=CC=C1)NC(=O)C1=CC=CC(O)=C1C)[C@@H](C2)C(=O)NC(C)(C)C,,0,0,3,Random Forest,MACCS
305,COC1=CC(=CC=C1CC1=CN(C)C2=CC=C(NC(=O)OC3CCCC3)C=C12)C(=O)NS(=O)(=O)C1=CC=CC=C1C,,0,2,3,Random Forest,MACCS
307,CC(C)[C@H](NC(=O)N(C)CC1=CSC(=N1)C(C)C)C(=O)N[C@H](C[C@H](O)[C@H](CC1=CC=CC=C1)NC(=O)OCC1=CN=CS1)CC1=CC=CC=C1,,0,0,3,Random Forest,MACCS
308,OCCN(CCO)C1=NC2=C(N=C(N=C2N2CCCCC2)N(CCO)CCO)C(=N1)N1CCCCC1,,0,0,3,Random Forest,MACCS
325,C/C1=C\CC[C@@](C)(O)/C=C/[C@@H](C(C)C)CC1,,1,2,3,Random Forest,MACCS
327,CC1=C[C@@]([C@@H](C(C)C)CC[C@]2(O)C)([H])[C@]2([H])CC1,,1,2,3,Random Forest,MACCS
349,[H]N(C(C1=CC=C(O)C=C1)=O)/N=C/C2=CC=C([N+]([O-])=O)O2,,2,2,3,Random Forest,MACCS
369,O=C(NN)C1=CC=NC=C1,,0,2,3,Random Forest,MACCS
378,CC1=CCCC(C)(C)[C@@]12O[C@@H](C)CC2,,1,2,3,Random Forest,MACCS
380,O=C([C@@H]1CC[C@@H](C)C[C@H]1O)C,,0,0,3,Random Forest,MACCS
381,CC([C@@H]1CC[C@@H](C)C[C@H]1OC(C[C@@H](O)C)=O)C,,0,2,3,Random Forest,MACCS
382,CC([C@@H]1CC[C@@H](C)C[C@H]1OCCO)C,,0,2,3,Random Forest,MACCS
385,CC1(C)C[C@@H](C(O)=O)[C@H](C(C)C)CC1,,2,2,3,Random Forest,MACCS
390,[NH3+] [C@@H](CC([O-])=O)C(N[C@@H](CC1=CC=CC=C1)C(OC)=O)=O,,0,1,3,Random Forest,MACCS
425,O=C(SC(C)CC)CC(C)C,,0,1,3,Random Forest,MACCS
435,CC(C)C1=CC=C([C@]23[C@@](CC4=O)([H])C(C)(C)[C@@H](CC3)OC2=O)C4=C1,,2,2,3,Random Forest,MACCS
437,CC(C)C1=CC=C([C@@]2(C)[C@@](CC3=O)([H])C(C)(C)C(CC2)=O)C3=C1,,2,1,3,Random Forest,MACCS
5,CC1(C)CCC[C@@]2(C)[C@H]1CC[C@]3(C)[C@@H]2CCO3,,1,1,4,Random Forest,MACCS
8,CC1=CC(C(C)(C)[C@H](C)CC2(C)C)=C2C=C1C(C)=O,,1,1,4,Random Forest,MACCS
11,CCC[C@H](SC(C1=CC(Br)=CC=C1)=O)CCOC(C2=CC(Br)=CC=C2)=O,,1,1,4,Random Forest,MACCS
21,O[C@H](/C=C/C#CC#CC1=CN(CC2=CC=CC=C2)N=N1)[C@H](O3)[C@@H]3[C@H](O)[C@H]4OC(CC4)=O,,2,2,4,Random Forest,MACCS
22,IC1=C(C(C)(C)OSC(F)(F)F)C=CC=C1,,1,1,4,Random Forest,MACCS
24,C[C@H]1C[C@@H](OC(C)=O)[C@H](C(C)C)CC1,,2,1,4,Random Forest,MACCS
26,CC1=C(C)[C@@]([C@@]2=C(O)C=CC(C)=C2C)=C(O)C=C1,,1,1,4,Random Forest,MACCS
32,NC1=C2C(C=CC=N2)=CC=C1,,1,1,4,Random Forest,MACCS
41,O=C1C(C2CCC(NC2=O)=O)C(C3=CC=CC=C31)=O,,2,2,4,Random Forest,MACCS
42,CC1=C(C(OC)=O)C(C(C(OC)=O)=C(C)N1)C2=C([N+]([O-])=O)C=CC=C2,,2,1,4,Random Forest,MACCS
46,CN(C)CCCN1C(C=CC=C2)=C2CCC3=C1C=CC=C3,,2,2,4,Random Forest,MACCS
55,O=CC1=CC=C([N+]([O-])=O)C=C1,,1,2,4,Random Forest,MACCS
63,CC(C(C)(C)O1)(C)OB1[C@@H](CCCCC)[C@H](B2OC(C)(C)C(C)(C)O2)C,,1,1,4,Random Forest,MACCS
64,CC(C(C)(C)O1)(C)OB1[C@@H](CCCCC)[C@@H](B2OC(C)(C)C(C)(C)O2)C,,1,1,4,Random Forest,MACCS
67,O[C@H]1CCC2=C(OC)C=CC=C2[C@H]1C(OC)=O,,1,2,4,Random Forest,MACCS
91,CC1=C[C@H](O)C(Br)C(C)(C)[C@]12CCC(C)(Cl)C(Br)C2,,1,1,4,Random Forest,MACCS
102,CC[C@@H](O1)[C@@H](Br)C[C@]1([H])[C@@]2([H])O[C@@H](C/C=C\C3=CN(CC(NC4=CC=CC=C4)=O)N=N3)[C@H](Br)C2,,1,2,4,Random Forest,MACCS
104,BrC1=C[C@@]([H])(OC)[C@](O2)(C)[C@]3(C[C@]2([H])[C@](Cl)(C)CC3)C1(C)C,,1,1,4,Random Forest,MACCS
109,[H]C(/C=C/C1=CC=CC=C1)=O,,1,1,4,Random Forest,MACCS
111,C12=CC=CC=C1C=CC=C2,,1,1,4,Random Forest,MACCS
114,OC1=C(OC)C=C(C=O)C=C1,,2,1,4,Random Forest,MACCS
118,CN1C=NC(C(F)(F)F)=C1C(OC)=O,,1,1,4,Random Forest,MACCS
119,CN1C(C(F)(F)F)=C([N+]([O-])=O)C=C1C(OC)=O,,1,1,4,Random Forest,MACCS
122,C[C@H]1C[C@@H](O)[C@H](C(C)C)CC1,,1,0,4,Random Forest,MACCS
124,C[C@H]1C[C@H](O)[C@H](C(C)C)CC1,,1,0,4,Random Forest,MACCS
128,C[C@@]12CC[C@H](C(C)(C)O2)CC1,,1,1,4,Random Forest,MACCS
142,CCN(CC)CC(=O)NC1=C(C)C=CC=C1C,,2,2,4,Random Forest,MACCS
145,O=C7OCC=6C(=O)N2C(\c1nc5c(c(c1C2)CC)cc(OC(=O)N4CCC(N3CCCCC3)CC4)cc5)=C/C=6[C@@]7(O)CC,,0,0,4,Random Forest,MACCS
149,O2C1(CCC(CC1)C2(C)C)C,,2,1,4,Random Forest,MACCS
150,O[C@H]1[C@H](C(C)C)CC[C@@H](C)C1,,2,0,4,Random Forest,MACCS
152,O(c1ccc(\C=C\C)cc1)C,,2,1,4,Random Forest,MACCS
161,O=C1C(C)=C2O[C@]3(C)CCC4C(C)(C)[C@@H](O)CC[C@]4(C)[C@@]3([H])C[C@@]2(C)C(C)=C1C(OC)=O,,2,2,4,Random Forest,MACCS
164,CC1(C)CC[C@]2(C)C[C@@]34[C@@H](C)CC[C@@H](O)[C@]3(C)CC[C@H]4[C@@]21[H],,2,2,4,Random Forest,MACCS
181,O[C@@H]1[C@@H](NCC2=CC=CC=C2)CCC1,,2,2,4,Random Forest,MACCS
184,O[C@@H]1CCCC[C@H]1NCC2=CC=CC=C2,,2,2,4,Random Forest,MACCS
187,C/C(C)=C/CC/C(C)=C/CO,,0,1,4,Random Forest,MACCS
188,C/C(C)=C/CC/C(C)=C/CC/C(C)=C/CO,,0,1,4,Random Forest,MACCS
193,O=C1C(C(OC)=O)=C(C)C(C)=C2O[C@@]3(C)CC[C@@]4([H])C(C)(C)[C@@H](O)CC[C@]4(C)[C@]3([H])C[C@@]21C,,2,2,4,Random Forest,MACCS
194,O=C1C(C(OC)=O)=C(C)[C@]2(C)C(O[C@]([C@]3(C)[C@](CC[C@H](O)C4)(C)[C@@]4([H])CC3)([H])C2)=C1C,,2,2,4,Random Forest,MACCS
198,O=C1CCCCC/C=C/CCCCCCCCO1,,0,1,4,Random Forest,MACCS
199,O=C1CCCCC/C=C\CCCCCCCCO1,,0,1,4,Random Forest,MACCS
211,CC([C@H]12)=CC[C@]32[C@]1([H])[C@H](C(C)C)CC[C@H]3C,,0,1,4,Random Forest,MACCS
213,CC(C12)=CC[C@@]3([H])C1[C@H](C(C)C)CC[C@@]32C,,0,1,4,Random Forest,MACCS
217,CC1=CC=C(CO)C=C1OCCCC(C)(C)C(O)=O,,2,2,4,Random Forest,MACCS
236,[H][C@]12CN(CC(=O)N1CCC1=CC=CC=C21)C(=O)[C@H]1CC[C@H](O)CC1,,1,1,4,Random Forest,MACCS
237,[H][C@]12CN(CC(=O)N1CCC1=CC=CC=C21)C(=O)[C@@H]1CC[C@H](O)CC1,,1,1,4,Random Forest,MACCS
240,OC12CN(CC(=O)N1CCC1=CC=CC=C21)C(=O)C1CCCCC1,,1,1,4,Random Forest,MACCS
241,O[C@]12CN(CC(=O)N1CCC1=CC=CC=C21)C(=O)C1CCCCC1,,1,1,4,Random Forest,MACCS
242,OC1=CC=C(NC(C)=O)C=C1,,0,2,4,Random Forest,MACCS
251,O[C@@H]1[C@@H](O)[C@H](O)[C@@H](CO)O[C@H]1OC2=CC=CC=C2CO,,0,0,4,Random Forest,MACCS
275,O=C(C1=C2C=C(C)C=C1O)C3=C(C=C(O)C=C3O)C2=O,,0,2,4,Random Forest,MACCS
281,C[C@@H](C1=C2C[C@H](O)[C@H]3[C@@]4(C)CCC(C(C)(C)[C@@H]4CC[C@]3(C)[C@@]2(C)CC1)=O)C[C@H](O)[C@@H](O)C(C)(O)C,,0,2,4,Random Forest,MACCS
283,COC(=O)[C@@H](N)CC1=CNC2=CC=CC=C12,,2,2,4,Random Forest,MACCS
293,CN1C(C(=O)NC2=NC=C(C)S2)=C(O)C2=C(C=CC=C2)S1(=O)=O,,0,2,4,Random Forest,MACCS
312,BrC1(CC2(Br)C3)CC(C2)(Br)CC3(Br)C1,,2,1,4,Random Forest,MACCS
344,O=C1[C@@H](CCCCCC)[C@H](C[C@H](CCCCCCCCCCC)OC([C@H](CC(C)C)NC=O)=O)O1,,2,2,4,Random Forest,MACCS
356,FC1=CC2=C(C=C1)C(C3CCN(CCC4=C(C)N=C5N(CCCC5)C4=O)CC3)=NO2,,2,0,4,Random Forest,MACCS
357,CN1CCN(CC1)S(=O)(C2=CC(C3=NC4=C(C(N3)=O)N(N=C4CCC)C)=C(OCC)C=C2)=O,,1,0,4,Random Forest,MACCS
363,ClC1=C(NC2=CC=CC=C2CC(O)=O)C(Cl)=CC=C1,,0,2,4,Random Forest,MACCS
384,CC1(C)C[C@@H](C(NC2=CC=C(CC#N)C=C2)=O)[C@H](C(C)C)CC1,,0,2,4,Random Forest,MACCS
3,C[C@@H]1CCC=C(CC/2)[C@@]1(C)CC2=C(C)\CO,,2,0,5,Random Forest,MACCS
6,C[C@@]1(CC2)[C@]3(O)C(C)(C)[C@H]2C[C@H]1[C@@H](C)CC3,,2,2,5,Random Forest,MACCS
10,C[C@@](CC[C@H](Br)C(Br)(C)C)(Br)[C@H](Br)CO,,1,1,5,Random Forest,MACCS
14,CCCCNc1ccc(cc1)C(=O)OCCN(C)C,,1,2,5,Random Forest,MACCS
15,CCCCCC=CCC=CCC=CCC=CCCCC(=O)OCC,,2,0,5,Random Forest,MACCS
19,CC1=C(NC(CN(CC)CC)=O)C(C)=CC=C1,,2,2,5,Random Forest,MACCS
28,CC(C)C1=CC=C2C(C=CC=C2)=[C@]1[C@]3=CSC(C)=C3C,,1,1,5,Random Forest,MACCS
30,C12=CC=CC=C1N=C3N2CC/C=C/CCN4C5=C(C=CC=C5)N=C34,,1,1,5,Random Forest,MACCS
37,NC1=CC=C(S(C2=CC=C(N)C=C2)(=O)=O)C=C1,,2,2,5,Random Forest,MACCS
54,NC1=C(C(C)C)C=CC=C1C(C)C,,1,2,5,Random Forest,MACCS
60,COC1=CC=C(/C=C/C)C=C1,,1,2,5,Random Forest,MACCS
74,C1C[C@H]2OOC(C1)O2,,1,1,5,Random Forest,MACCS
77,Clc1cccc(Cl)c1,,1,1,5,Random Forest,MACCS
87,CC1(C)C(Br)C[C@H]2O[C@@]2(C)[C@]13CC(Br)C(C)(Cl)CC3O,,1,1,5,Random Forest,MACCS
89,C[C@]1(Cl)CC2O[C@@]3(Br)[C@H](O)[C@H]4O[C@@]4(C)[C@]2(C[C@@H]1Br)C3(C)C,,1,1,5,Random Forest,MACCS
93,C/C1=C\CC(C)(C)/C=C/C/C(C)=C/CC1,,1,1,5,Random Forest,MACCS
94,C/C1=C\CC(C)(C)/C=C/CC2(C)C(O2)CC1,,1,1,5,Random Forest,MACCS
97,CC12C(O2)CC(C)(C)/C=C/CC(C)(O3)C3CC1,,1,1,5,Random Forest,MACCS
105,O=C(C(O)=C1)C2=CC=CC3=CC=CC1=C32,,1,1,5,Random Forest,MACCS
106,O=C(C(C1=CC=CC=C1)=C2)C3=CC=CC4=CC=CC2=C43,,1,1,5,Random Forest,MACCS
113,C1(/C=C/C2=CC=CC=C2)=CC=CC=C1,,2,1,5,Random Forest,MACCS
117,CN1C=NC([N+]([O-])=O)=C1C(F)(F)F,,1,1,5,Random Forest,MACCS
125,C[C@H](CC[C@@H]1C(C)C)CC1=O,,1,1,5,Random Forest,MACCS
130,CC#[N][Pd]1(Br)C2=CC=CC3=C2C([N]1=CC=C4)=C4C5=CC=CC=C53,,1,1,5,Random Forest,MACCS
134,O=C1C=CC2(C)C(C(OC(C3C)=O)C3CC2)=C1C,,2,1,5,Random Forest,MACCS
153,C[C@@]12C(C)(C)[C@@H](CC1=O)CC2,,2,1,5,Random Forest,MACCS
154,CC1(C)[C@H]2C[C@@H]1CC=C2C,,2,1,5,Random Forest,MACCS
158,C1=CC=CC2=C1C3C(CC2)C(C(O3)=O)=C,,1,1,5,Random Forest,MACCS
160,O=C(N[C@H](CO)C1)[C@H](C(C)C)SC2=C1C3=CC=CC=C3N2,,2,2,5,Random Forest,MACCS
162,C/C([C@@H]1[C@@](CCCC2=C(C)OC(OC)=CC2=O)(O1)C)=C\C3=CC=C([N+]([O-])=O)C=C3,,2,2,5,Random Forest,MACCS
168,COC1=C(OC)C=C(OC)C(/C=C/C)=C1,,1,1,5,Random Forest,MACCS
171,COC1=CC=C2C(C(CC(O)=O)C(C)N2C(C3=CC=C(Cl)C=C3)=O)=C1,,2,2,5,Random Forest,MACCS
172,CC(OC1=CC=CC=C1C(NC2=NC=C([N+]([O-])=O)S2)=O)=O,,2,2,5,Random Forest,MACCS
182,O[C@H]1[C@H](NCC2=CC=CC=C2)CCC1,,2,2,5,Random Forest,MACCS
191,O=C(OC)C1=C(C)C(C)=C2O[C@]3(C)CC[C@@]4([H])C(C)(C)[C@@H](O)CC[C@]4(C)[C@@]3([H])C[C@@]2(C)C1=O,,2,2,5,Random Forest,MACCS
215,CCCC(S)CCO,,0,0,5,Random Forest,MACCS
220,CC1=CC=C(C)C(OCCCC(C)(C)C(OC2OC(C(O)=O)C(O)C(O)C2O)=O)=C1,,0,0,5,Random Forest,MACCS
235,[H][C@]12CN(CC(=O)N1CCC1=CC=CC=C21)C(=O)C1CCCCC1,,1,1,5,Random Forest,MACCS
238,[H][C@]12CN(CC(=O)N1CCC1=CC(O)=CC=C21)C(=O)C1CCCCC1,,1,1,5,Random Forest,MACCS
246,NC(C1=CC=CC=C1OCC)=O,,2,2,5,Random Forest,MACCS
248,CN1C(C)C(C(C)C)C(N1C2=CC=CC=C2)=O,,2,2,5,Random Forest,MACCS
256,O[C@@H]1[C@@H](O)[C@H](O)[C@@H](CO)O[C@H]1C2=C(OC=C(C3=CC=C(O)C=C3)C4=O)C4=CC=C2O,,0,0,5,Random Forest,MACCS
267,O=C1OC2=CC3=C(C=CO3)C(O/C=C/C(C)C)=C2C=C1,,0,1,5,Random Forest,MACCS
286,COC1=CC2=C(C=C1OC)C(=O)C(CC1CCN(CC3=CC=CC=C3)CC1)C2,,1,2,5,Random Forest,MACCS
289,COC1=CC=C2C=C3C4=C(CC[N+]3=CC2=C1OC)C=C1OCOC1=C4,,0,2,5,Random Forest,MACCS
297,CC(C)CN1C=NC2=C(N)N=C3C=CC=CC3=C12,,0,2,5,Random Forest,MACCS
298,CC1=CN=C(C=N1)C(=O)NCCC1=CC=C(C=C1)S(=O)(=O)NC(=O)NC1CCCCC1,,0,0,5,Random Forest,MACCS
299,CC(=O)N1CCN(CC1)C1=CC=C(OC[C@H]2CO[C@@](CN3C=CN=C3)(O2)C2=C(Cl)C=C(Cl)C=C2)C=C1,,0,0,5,Random Forest,MACCS
333,CC1=C(C(OC)=O)C(C2=C([N+]([O-])=O)C=CC=C2)=C(C(OC)=O)C(C)=N1,,1,2,5,Random Forest,MACCS
351,CN(C)CCCN(C(C=CC=C1)=C1CC2)C3=C2C=CC=C3,,0,2,5,Random Forest,MACCS
373,COC1=CC=C(C=C1)C2=COC3=C(C2=O)C=CC(=C3)OC,,2,1,5,Random Forest,MACCS
374,CC1OC2(C(C)=CCCC2(C)C)CC1,,2,1,5,Random Forest,MACCS
398,O=C1CCC(C1C/C=C\CC)CC(OC)=O,,2,0,5,Random Forest,MACCS
400,CC(C1CCC(C=O)=CC1)=C,,1,1,5,Random Forest,MACCS
403,CC(C)[C@@H]1CC[C@@]([C@@H](C1)C(=C)C)(C)C=C,,0,1,5,Random Forest,MACCS
409,CC1(C=C)C(C(C)C)CC(C(C)C)CC1,,0,1,5,Random Forest,MACCS
413,C[C@@]1(CCC2)CC[C@@H](C(C)C)C[C@@]1([H])C2=C,,0,0,5,Random Forest,MACCS
428,CC(S)CC(OCC)=O,,0,0,5,Random Forest,MACCS
434,CC(C)C1=CC=C([C@]23[C@@](C[C@@H]4O)([H])C(C)(C)[C@@](O)(CC3)OC2)C4=C1,,2,2,5,Random Forest,MACCS
440,CC1=C2C(C(OC2)=O)=C(C(C/C=C(C)/CCC(OCCN3CCOCC3)=O)=C1OC)O,,0,2,5,Random Forest,MACCS
1,O=C1C[C@@H](C)[C@]2(C)CC(CCC2=C1)=C(C)C,,1,1,1,kNN,MACCS
12,CC(C)[C@H]1[C@H]2[C@](CC1)(C)[C@H]3[C@@H]2C(CBr)=CC3,,1,1,1,kNN,MACCS
18,O=C(N[C@H](C(N[C@@H](C1=CC=CC=C1)C(OC(C)(C)C)=O)=O)C)CC2=CC(F)=CC(F)=C2,,2,1,1,kNN,MACCS
20,O[C@H](/C=C\C#CC#CC1=CN(CC2=CC=CC=C2)N=N1)[C@H](O3)[C@@H]3[C@H](O)[C@H]4OC(CC4)=O,,2,1,1,kNN,MACCS
25,CC1=C(C)[C@]([C@]2=C(O)C=CC(C)=C2C)=C(O)C=C1,,1,2,1,kNN,MACCS
27,CC(C)C1=CC=C2C(C=CC=C2)=[C@@]1[C@@]3=CSC(C)=C3C,,1,1,1,kNN,MACCS
29,C12=CC=CC=C1N3C(C4=NC5=C(C=CC=C5)N4CC/C=C/CC3)=N2,,1,1,1,kNN,MACCS
34,CC1=CC=CC(C)=C1NC(CN(CC)CC)=O,,1,2,1,kNN,MACCS
40,ClC1=CC=C2C(N(CCCN(C)C)C(C=CC=C3)=C3S2)=C1,,2,1,1,kNN,MACCS
43,ClC1=C([C@@H](C(OC)=O)N2CCC(SC=C3)=C3C2)C=CC=C1,,2,1,1,kNN,MACCS
44,O=C(C(C)=C1)NC(N1[C@@H]2O[C@H](CO)[C@@H](N=[N+]=[N-])C2)=O,,2,1,1,kNN,MACCS
48,CN(CCC1)[C@@H]1C2=CC=CN=C2,,0,1,1,kNN,MACCS
51,O=C(C=C(C1=CC(OC)=C(OC)C=C1)O2)C3=C2C(OC)=C(OC)C(OC)=C3OC,,1,1,1,kNN,MACCS
52,O=C(C=C(C1=CC=C(OC)C=C1)O2)C3=C2C(OC)=C(OC)C(OC)=C3OC,,1,1,1,kNN,MACCS
58,BrC1=CC2=CC=CC=C2C3=C1C=CC=C3,,1,1,1,kNN,MACCS
61,CC(O[C@H]1[C@H](C(C)C)CC[C@@H](C)C1)=O,,1,1,1,kNN,MACCS
69,CC1CCCC2(C1CC(CC2)C(C)C)C,,1,0,1,kNN,MACCS
78,N#Cc1ccccc1,,1,1,1,kNN,MACCS
84,C[C@]12OC(=O)C(=C)[C@H]1CC(=O)C=C2,,1,1,1,kNN,MACCS
88,Cc1cc(O)c(cc1Br)[C@]2(C)CC[C@@H]3C[C@]23C,,1,2,1,kNN,MACCS
95,CC12C(O2)CC(C)(C)/C=C/C/C(C)=C/CC1,,1,1,1,kNN,MACCS
96,C/C1=C\CC(C)(C)C(O2)C2C/C(C)=C/CC1,,1,1,1,kNN,MACCS
98,CC12C(O2)CC(C)(C)C(O3)C3CC(C)(O4)C4CC1,,1,1,1,kNN,MACCS
99,CC1(C)C/C=C(C)/CC/C=C(C=O)/C/C=C/1,,1,1,1,kNN,MACCS
103,BrC1=C[C@]([H])(OC)[C@](O2)(C)[C@]3(C[C@]2([H])[C@](Cl)(C)CC3)C1(C)C,,1,1,1,kNN,MACCS
135,O=C1C(N(C)C)=C(C)N(C)N1C2=CC=CC=C2,,2,1,1,kNN,MACCS
137,FC(F)(F)C1=CC=C(OC(C2=CC=CC=C2)CCNC)C=C1,,2,1,1,kNN,MACCS
138,O=C(OC)[C@@H](N1CCC(SC=C2)=C2C1)C3=C(Cl)C=CC=C3,,2,1,1,kNN,MACCS
140,O=C1C2=C(N=CC=C2)N(C3CC3)C4=C(C(C)=CC=N4)N1,,2,1,1,kNN,MACCS
143,Cc1ccc(cc1Nc2nccc(n2)c3cccnc3)NC(=O)c4ccc(cc4)CN5CCN(CC5)C,,0,2,1,kNN,MACCS
144,O=C1N(/N=C\N1c2ccc(cc2)N7CCN(c6ccc(OCC3C[C@@](OC3)(c4ccc(F)cc4F)Cn5ncnc5)cc6)CC7)[C@@H](CC)[C@@H](O)C,,0,0,1,kNN,MACCS
159,O=C(O)C1=C(OC(C)=O)C=CC=C1,,2,2,1,kNN,MACCS
178,N=C(N(C)C)N(C)C,,2,1,1,kNN,MACCS
180,C12=NCCCN1CCCCC2,,2,1,1,kNN,MACCS
185,O[C@H]1CCCCC[C@@H]1NCC2=CC=CC=C2,,2,2,1,kNN,MACCS
203,OC(=O)c1ccccc1Nc2cccc(c2)C(F)(F)F,,0,0,1,kNN,MACCS
204,C[C@@]1(C2(C)C)CC[C@H]2C[C@H]1O,,0,2,1,kNN,MACCS
206,O=C1O[C@H](CCCCC)CCC1,,0,2,1,kNN,MACCS
221,CCCC[C@@H](Br)[C@]1(C)CCCC=C1,,1,0,1,kNN,MACCS
223,COC([C@H](O)[C@@H](O)C(OC)=O)=O,,1,2,1,kNN,MACCS
224,CC1=CC=C(S(N)=O)C=C1,,1,1,1,kNN,MACCS
225,OC(C)C1=CC=C(Br)C=C1,,1,1,1,kNN,MACCS
226,CC(C)[C@@H]1Sc2[nH]c3ccccc3c2C[C@@H](CO)NC1=O,,2,2,1,kNN,MACCS
249,CCN(CC)C1=CC=C2C(OC(C(C3=NC4=C(C=CC=C4)S3)=C2)=O)=C1,,2,1,1,kNN,MACCS
278,O=C1C[C@@H](C2=CC=CC=C2)OC3=CC=CC=C31,,0,1,1,kNN,MACCS
285,C\C(\C=C1/SC(=S)N(CC(O)=O)C1=O)=C/C1=CC=CC=C1,,2,1,1,kNN,MACCS
287,ClC1=C(Cl)C(=CC=C1)N1CCN(CCCCOC2=CC3=C(CCC(=O)N3)C=C2)CC1,,1,1,1,kNN,MACCS
290,C\N=C(\NCCSCC1=C(C)NC=N1)NC#N,,0,2,1,kNN,MACCS
291,ClC1=C(NC2=NCCN2)C2=NSN=C2C=C1,,0,1,1,kNN,MACCS
296,CC1(C)SC2[C@H](NC(=O)CC3=CC=CC=C3)C(=O)N2[C@H]1C(O)=O,,0,2,1,kNN,MACCS
322,O=C(C1=C(S(=O)(NC(NC2=NC(OC)=CC(OC)=N2)=O)=O)N(C)N=C1Cl)OC,,2,0,1,kNN,MACCS
326,CC(CC1)=C[C@@]2([H])C1=C(C)CC[C@@H]2C(C)C,,2,0,1,kNN,MACCS
328,CC1=C[C@@]([C@@H](C(C)C)CC[C@]2(O)C)([H])[C@@]2([H])CC1,,2,2,1,kNN,MACCS
329,CC1=C[C@@]([C@@H](C(C)C)CC[C@@]2(O)C)([H])[C@]2([H])CC1,,2,2,1,kNN,MACCS
332,ClC1=CC(N2CCCN(C)C)=C(C=C1)SC3=C2C=CC=C3,,2,1,1,kNN,MACCS
339,COC1=C2O[C@@H]3[C@]45C2=C(C=C1)C[C@@H](N(CC5)C)[C@]4([H])C=C[C@@H]3O,,1,2,1,kNN,MACCS
360,O=S(CC1=NC=C(C(OC)=C1C)CO)C2=NC3=C(N2)C=CC(OC)=C3,,0,2,1,kNN,MACCS
386,O[C@@H]1C[C@H](C)CC[C@H]1C(C)=O,,0,1,1,kNN,MACCS
439,O=C1NC2=C(N1CCCN3CCC(CC3)N4C(NC5=CC(Cl)=CC=C54)=O)C=CC=C2,,0,1,1,kNN,MACCS
448,CO[C@H]1[C@@H](C[C@@H]2CN3CCC4=C([C@H]3C[C@@H]2[C@@H]1C(=O)OC)NC5=C4C=CC(=C5)OC)OC(=O)C6=CC(=C(C(=C6)OC)OC)OC,,0,1,1,kNN,MACCS
2,CC1=CC(C[C@@H](C)[C@]1(C2)CCC2=C(C)C)=O,,1,2,2,kNN,MACCS
4,O=C(CCCCCCCCCCC1)OCCOC1=O,,1,0,2,kNN,MACCS
13,C[C@@]1(O)[C@@H](Br)C[C@H](C(C)=C)CC1,,1,1,2,kNN,MACCS
16,CC1(C)[C@@H]2[C@H]1CC=C(C)C2,,1,1,2,kNN,MACCS
31,O=C1N(C)C(C(N(C)C=N2)=C2N1C)=O,,1,2,2,kNN,MACCS
35,CNCCC(OC1=CC=C(C(F)(F)F)C=C1)C2=CC=CC=C2,,1,2,2,kNN,MACCS
36,COC1=CC=C2C(NC(S(CC3=C(C)C(OC)=C(C)C=N3)=O)=N2)=C1,,2,2,2,kNN,MACCS
38,O=C(OCCN(C)C)C1=CC=C(NCCCC)C=C1,,2,1,2,kNN,MACCS
47,ClC1=CC=C(NC(O[C@]2(C#CC3CC3)C(F)(F)F)=O)C2=C1,,2,0,2,kNN,MACCS
49,CC1=C2C(C=C1)=C(C)C=CC(C(C)C)=C2,,1,1,2,kNN,MACCS
53,O=C(C(OC)=C(C1=CC(OC)=C(OC)C=C1)O2)C3=C2C(OC)=C(OC)C(OC)=C3OC,,1,1,2,kNN,MACCS
62,CC(C(C)(C)O1)(C)OB1C(B2OC(C)(C)C(C)(C)O2)CCC3=CC=CC=C3,,1,1,2,kNN,MACCS
65,O=C(C(C#N)=C1)C=C(C1(C#C)C2)C3=C2C=CC=C3,,1,1,2,kNN,MACCS
71,C1OOC(O1)c2ccccc2,,1,1,2,kNN,MACCS
73,O1O[C@H](O[C@@H]1c2ccccc2)c3ccccc3,,1,1,2,kNN,MACCS
75,c1ccccc1,,1,1,2,kNN,MACCS
81,Fc1ccc(F)cc1,,1,1,2,kNN,MACCS
82,CN1C[C@@](C)(c2ccccc2)[C@@]3(C)[C@@H]1N(C)c4ccccc34,,1,1,2,kNN,MACCS
83,C[C@@]12OC(=O)C(=C)[C@]1(C)CC(=O)C=C2,,1,1,2,kNN,MACCS
86,CCOC(=O)\C=C\1/C[C@@](N1S(=O)(=O)c2ccc(C)cc2)(C(=O)OCC)c3ccccc3C,,1,1,2,kNN,MACCS
90,C[C@]1(Cl)CC2O[C@@]3(C)C=C[C@@](C)(O)[C@]2(C[C@@H]1Br)C3(C)C,,1,1,2,kNN,MACCS
100,CC1(C)/C=C/C/C(C=O)=C\CC/C(C=O)=C\C1,,1,1,2,kNN,MACCS
110,N#CCC1=CC=CC=C1,,1,1,2,kNN,MACCS
115,[N-]=[N+]=NC1=CC=C(C(F)(F)F)C=C1,,2,1,2,kNN,MACCS
116,C[C@@](O1)(OO2)CC[C@]3([H])[C@]2([C@]1([H])O4)[C@](CC[C@H]3C)([H])[C@@H](C)C4=O,,2,1,2,kNN,MACCS
120,CC1=CC[C@H](C(C)=C)CC1,,1,0,2,kNN,MACCS
123,C[C@H](CC[C@H]1C(C)C)CC1=O,,1,1,2,kNN,MACCS
129,IC1=C(C(OSC(F)(F)F)(C)C)C=CC=C1,,1,1,2,kNN,MACCS
133,OC(C=C1)=CC=C1C2COC3=CC(O)=CC=C3C2=O,,0,2,2,kNN,MACCS
141,CN3[C@H]1CC[C@@H]3C[C@@H](C1)OC(=O)C(CO)c2ccccc2,,2,2,2,kNN,MACCS
146,CCOc2nc1cccc(C(=O)O)c1n2Cc5ccc(c3ccccc3c4nn[nH]n4)cc5,,0,0,2,kNN,MACCS
151,C[C@@H]1CC[C@H]([C@@H](C1)OC(=O)C)C(C)C,,2,1,2,kNN,MACCS
163,O[C@H](C1)CC[C@@]2(C)C1=CC[C@]3([H])[C@]2([H])CC[C@@]4([H])[C@@]3([H])C[C@H](O)[C@]4([H])[C@H](C)[C@@H](O)CCC(C)C,,2,1,2,kNN,MACCS
165,[H][C@@]1(CO2)[C@](CO[C@@H]1C3=CC(OCO4)=C4C=C3)([H])[C@@H]2C5=CC(OCO6)=C6C=C5,,1,0,2,kNN,MACCS
166,COC1=C(OC)C=C(OC)C(/C=C\C)=C1,,1,1,2,kNN,MACCS
173,CC(C(O)=O)C1=CC=C(CC(C)C)C=C1,,2,1,2,kNN,MACCS
174,O[C@@H]1CCCC[C@H]1NC2CC2,,2,2,2,kNN,MACCS
176,CN(C)C1CCCCC1,,2,1,2,kNN,MACCS
179,N=C(NC1=CC=CC=C1)NC2=CC=CC=C2,,2,2,2,kNN,MACCS
195,OC(=O)c1ccc(O)cc1,,2,2,2,kNN,MACCS
196,CC1=C(/C=C/C(C)=C/C=C/C(C)=C/C=C/C=C(C)/C=C/C=C(C)/C=C/C2=C(C)CCCC2(C)C)C(C)(C)CCC1,,0,1,2,kNN,MACCS
209,CC(C)C1CC[C@]2(C)[C@@]1([H])[C@]3([H])[C@@]2([H])CCC3=C,,0,1,2,kNN,MACCS
218,CC1=C(O)C=C(C)C(OCCCC(C)(C)C(O)=O)=C1,,2,2,2,kNN,MACCS
219,CC1=CC=C(C(O)=O)C=C1OCCCC(C)(C)C(O)=O,,0,2,2,kNN,MACCS
227,COC(=O)C1=C(C)[C@]2(C)C[C@H]3[C@@](C)(CC[C@H]4C(C)(C)[C@@H](O)CC[C@]34C)OC2=C(C)C1=O,,2,2,2,kNN,MACCS
231,COCC(=O)N([C@H](C)C(=O)OC)c1c(C)cccc1C,,2,2,2,kNN,MACCS
284,CC(C)NCC(O)COC1=CC=CC2=CC=CC=C12,,2,2,2,kNN,MACCS
288,O=C1C2=CC=CC=C2C(=O)C2=C1C=CC1=C2NC2=C(N1)C1=C(C=C2)C(=O)C2=C(C=CC=C2)C1=O,,0,0,2,kNN,MACCS
309,CC[C@H]1OC(=O)[C@H](C)[C@H](C[C@@H](O[C@@H]2O[C@H](C)C[C@@H]([C@H]2O)N(C)C)[C@](C)(O)C[C@@H](C)C(=O)[C@H](C)[C@@H](C)[C@]1(C)O)O[C@H]1C[C@@](C)(OC)[C@@H](O)[C@H](C)O1,,0,2,2,kNN,MACCS
318,O=C(CC(C(C)1C)CC2)C21CS(=O)(O)=O,,0,2,2,kNN,MACCS
324,C[C@@H]1[C@]2([C@@]3([H])[C@](C)(O)CC2)[C@@]3([H])[C@@H](C(C)C)CC1,,2,2,2,kNN,MACCS
345,COC1=C(C(C(C(O)=C([C@@H](O)C[C@@](C(CO)=O)(O)C2)C2=C3O)C3C4=O)=O)C4=CC=C1,,0,0,2,kNN,MACCS
366,COC1=C(C2=CC=C1)C(C(C3C2=O)C(O)=C4[C@H](C[C@@](O)(CC4=C3O)C(CO)=O)O[C@H]5C[C@H](N)[C@H](O)[C@H](C)O5)=O,,0,0,2,kNN,MACCS
372,NC(N1C2=C(C=CC=C2)C=CC3=C1C=CC=C3)=O,,2,1,2,kNN,MACCS
407,[H][C@@]12[C@](CC[C@@H](C(C)C)C2)(C)CCC[C@]1(O)C,,2,2,2,kNN,MACCS
417,C[C@@]12CC[C@@H](C(C)C)C[C@@]1([H])C(C)=CCC2,,0,1,2,kNN,MACCS
421,CC12C(CC(C(C)=C)CC2)=C(C)C(CC1)=O,,0,0,2,kNN,MACCS
432,C[C@@H]1CCCCCCCCCCCCC(=O)C1,,0,1,2,kNN,MACCS
436,CC(C)C1=CC=C([C@@]2(C)[C@@](CC3=O)([H])C(C)(C)[C@H](O)CC2)C3=C1,,2,2,2,kNN,MACCS
446,CC1=C(C2=C(CC[C@@](O2)(C)CCC[C@H](C)CCC[C@H](C)CCCC(C)C)C(=C1O)C)C,,0,2,2,kNN,MACCS
7,C=C1CC/C=C(C)/CC[C@@H]2[C@@H]1CC2(C)C,,1,0,3,kNN,MACCS
9,Br[C@@H](CO)[C@](CC[C@H](Br)C(Br)(C)C)(Br)C,,1,0,3,kNN,MACCS
17,CN1[C@H]2CC[C@@H]1C[C@H](OC(C(CO)C3=CC=CC=C3)=O)C2,,2,1,3,kNN,MACCS
39,ClC1=C(N)C=C(OC)C(C(NCCN(CC)CC)=O)=C1,,2,2,3,kNN,MACCS
45,OCC(C(OC1CC(N2C)CCC2C1)=O)C3=CC=CC=C3,,2,1,3,kNN,MACCS
50,O=C1[C@@H](C)[C@]([C@]2([H])O1)([H])CC[C@@](C2=C3C)(C)C=CC3=O,,1,2,3,kNN,MACCS
56,O=C/C=C/C1=CC=CC=C1,,1,1,3,kNN,MACCS
57,O=C([C@@]1(C2C34)[C@@H]3[C@H]5C4(C(OC)=O)C2[C@H]51)OC,,1,2,3,kNN,MACCS
68,O=C1CC[C@@]2(C)C(CCC([C@@](CC[C@@H]3O)([H])[C@]3(C)C4)[C@]2([H])C4=O)=C1,,1,2,3,kNN,MACCS
72,O1O[C@@H](O[C@@H]1c2ccccc2)c3ccccc3,,1,1,3,kNN,MACCS
76,Fc1ccc(C=O)cc1,,1,1,3,kNN,MACCS
79,O=CC1=CC=CC=C1,,1,1,3,kNN,MACCS
80,Fc1ccccc1,,1,1,3,kNN,MACCS
85,Cn1c2c(CC[C@@]2(C)C=C)c3ccccc13,,1,0,3,kNN,MACCS
92,CC1(Cl)CC[C@@]2(CC1Br)C(C)(C)C(=C[C@H]3O[C@@]23C)Br,,1,1,3,kNN,MACCS
101,CC[C@@H](O1)[C@@H](Br)C[C@]1([H])[C@@]2([H])O[C@@H](C/C=C\C#C)[C@H](Br)C2,,1,1,3,kNN,MACCS
107,C[C@@H](CC1)[C@@]2([H])[C@]1([H])[C@@]3(C)[C@]2([H])[C@@H](C(C)=C)CC3,,1,0,3,kNN,MACCS
108,O=C(C)C1=CC=CC=C1,,1,1,3,kNN,MACCS
112,C12=CC=CC=C1C=C3C(C=CC=C3)=C2,,1,1,3,kNN,MACCS
121,CC1=CC[C@@H]2C(C)(C)[C@H]1C2,,1,0,3,kNN,MACCS
127,C[C@H]1CC2=C(C(C)=CO2)CC1,,1,1,3,kNN,MACCS
131,BrC1=CC=CC2=C1C(N=CC=C3)=C3C4=C2C=CC=C4,,1,1,3,kNN,MACCS
132,COC(C=C1)=CC=C1C2COC3=CC(OC)=CC=C3C2=O,,2,1,3,kNN,MACCS
136,NC1=C(S(=O)(CC)=O)C=C(C(NCC2N(CC)CCC2)=O)C(OC)=C1,,2,0,3,kNN,MACCS
139,CN(C)CCCN1C2=C(C=CC=C2)CCC3=C1C=CC=C3,,2,0,3,kNN,MACCS
147,C[C@H]1[C@H]([C@H](C[C@@H](O1)O[C@H]2C[C@@](Cc3c2c(c4c(c3O)C(=O)c5cccc(c5C4=O)OC)O)(C(=O)CO)O)N)O,,0,0,3,kNN,MACCS
148,COc1ccccc1OCCNCC(O)COc3cccc4[nH]c2ccccc2c34,,0,2,3,kNN,MACCS
155,COc1ccc(C=O)cc1,,2,2,3,kNN,MACCS
156,C1=CC=CC2=C1C3C(CC2)[C@@H](C(O3)=O)C,,1,0,3,kNN,MACCS
177,NCCC1=CC=CC=C1,,2,1,3,kNN,MACCS
183,O[C@H]1CCCC[C@@H]1NCC2=CC=CC=C2,,2,2,3,kNN,MACCS
186,O[C@@H]1CCCCC[C@H]1NCC2=CC=CC=C2,,2,2,3,kNN,MACCS
189,CC1(C)C(C(CCC)=O)=C(C)CCC1,,0,1,3,kNN,MACCS
190,O=C(OC)C1=C(C)C(C)=C2O[C@]3(C)CC[C@@]4([H])C(C)(C)[C@@H](O)CC[C@]4(C)[C@@]3([H])C[C@]2(C)C1=O,,2,2,3,kNN,MACCS
192,CC1=C(C)C(C(OC)=O)=C2O[C@]3(C)CC[C@@]4([H])C(C)(C)[C@@H](O)CC[C@]4(C)[C@@]3([H])C[C@]2(C)C1=O,,2,2,3,kNN,MACCS
216,CC1=CC=C(C)C(OCCCC(C)(C)C(O)=O)=C1,,2,2,3,kNN,MACCS
222,O[C@@H](CCCl)C1=CC=CC=C1,,1,1,3,kNN,MACCS
234,CCC1=CC=CC(=C1N(C(C)COC)C(=O)CCl)C,,2,2,3,kNN,MACCS
239,[H][C@]12CN(CC(=O)N1C[C@@H](O)C1=CC=CC=C21)C(=O)C1CCCCC1,,1,1,3,kNN,MACCS
244,C/C(C(O)=O)=C(OC(C)=O)\C=C,,0,1,3,kNN,MACCS
260,C[C@H](CCCC(C)C)[C@@]1([H])CC[C@@]2([H])[C@]3([H])CC=C4C[C@@H](C)CC[C@]4(C)[C@@]3([H])CC[C@@]21C,,2,0,3,kNN,MACCS
277,O=C(C1=C2C=C(C)C=C1O)C3=C(C=CC=C3O)C2=O,,2,2,3,kNN,MACCS
282,CCOC(=O)[C@H](CC1=CNC2=CC=CC=C12)NC(C)=O,,2,2,3,kNN,MACCS
303,[H][C@@]12CCCC[C@]1([H])CN(C[C@@H](O)[C@H](CSC1=CC=CC=C1)NC(=O)C1=CC=CC(O)=C1C)[C@@H](C2)C(=O)NC(C)(C)C,,0,1,3,kNN,MACCS
305,COC1=CC(=CC=C1CC1=CN(C)C2=CC=C(NC(=O)OC3CCCC3)C=C12)C(=O)NS(=O)(=O)C1=CC=CC=C1C,,0,1,3,kNN,MACCS
307,CC(C)[C@H](NC(=O)N(C)CC1=CSC(=N1)C(C)C)C(=O)N[C@H](C[C@H](O)[C@H](CC1=CC=CC=C1)NC(=O)OCC1=CN=CS1)CC1=CC=CC=C1,,0,2,3,kNN,MACCS
308,OCCN(CCO)C1=NC2=C(N=C(N=C2N2CCCCC2)N(CCO)CCO)C(=N1)N1CCCCC1,,0,1,3,kNN,MACCS
325,C/C1=C\CC[C@@](C)(O)/C=C/[C@@H](C(C)C)CC1,,1,2,3,kNN,MACCS
327,CC1=C[C@@]([C@@H](C(C)C)CC[C@]2(O)C)([H])[C@]2([H])CC1,,1,2,3,kNN,MACCS
349,[H]N(C(C1=CC=C(O)C=C1)=O)/N=C/C2=CC=C([N+]([O-])=O)O2,,2,1,3,kNN,MACCS
369,O=C(NN)C1=CC=NC=C1,,0,1,3,kNN,MACCS
378,CC1=CCCC(C)(C)[C@@]12O[C@@H](C)CC2,,1,1,3,kNN,MACCS
380,O=C([C@@H]1CC[C@@H](C)C[C@H]1O)C,,0,1,3,kNN,MACCS
381,CC([C@@H]1CC[C@@H](C)C[C@H]1OC(C[C@@H](O)C)=O)C,,0,2,3,kNN,MACCS
382,CC([C@@H]1CC[C@@H](C)C[C@H]1OCCO)C,,0,2,3,kNN,MACCS
385,CC1(C)C[C@@H](C(O)=O)[C@H](C(C)C)CC1,,2,1,3,kNN,MACCS
390,[NH3+] [C@@H](CC([O-])=O)C(N[C@@H](CC1=CC=CC=C1)C(OC)=O)=O,,0,1,3,kNN,MACCS
425,O=C(SC(C)CC)CC(C)C,,0,2,3,kNN,MACCS
435,CC(C)C1=CC=C([C@]23[C@@](CC4=O)([H])C(C)(C)[C@@H](CC3)OC2=O)C4=C1,,2,0,3,kNN,MACCS
437,CC(C)C1=CC=C([C@@]2(C)[C@@](CC3=O)([H])C(C)(C)C(CC2)=O)C3=C1,,2,2,3,kNN,MACCS
5,CC1(C)CCC[C@@]2(C)[C@H]1CC[C@]3(C)[C@@H]2CCO3,,1,1,4,kNN,MACCS
8,CC1=CC(C(C)(C)[C@H](C)CC2(C)C)=C2C=C1C(C)=O,,1,2,4,kNN,MACCS
11,CCC[C@H](SC(C1=CC(Br)=CC=C1)=O)CCOC(C2=CC(Br)=CC=C2)=O,,1,1,4,kNN,MACCS
21,O[C@H](/C=C/C#CC#CC1=CN(CC2=CC=CC=C2)N=N1)[C@H](O3)[C@@H]3[C@H](O)[C@H]4OC(CC4)=O,,2,2,4,kNN,MACCS
22,IC1=C(C(C)(C)OSC(F)(F)F)C=CC=C1,,1,1,4,kNN,MACCS
24,C[C@H]1C[C@@H](OC(C)=O)[C@H](C(C)C)CC1,,2,1,4,kNN,MACCS
26,CC1=C(C)[C@@]([C@@]2=C(O)C=CC(C)=C2C)=C(O)C=C1,,1,2,4,kNN,MACCS
32,NC1=C2C(C=CC=N2)=CC=C1,,1,1,4,kNN,MACCS
41,O=C1C(C2CCC(NC2=O)=O)C(C3=CC=CC=C31)=O,,2,0,4,kNN,MACCS
42,CC1=C(C(OC)=O)C(C(C(OC)=O)=C(C)N1)C2=C([N+]([O-])=O)C=CC=C2,,2,2,4,kNN,MACCS
46,CN(C)CCCN1C(C=CC=C2)=C2CCC3=C1C=CC=C3,,2,2,4,kNN,MACCS
55,O=CC1=CC=C([N+]([O-])=O)C=C1,,1,2,4,kNN,MACCS
63,CC(C(C)(C)O1)(C)OB1[C@@H](CCCCC)[C@H](B2OC(C)(C)C(C)(C)O2)C,,1,1,4,kNN,MACCS
64,CC(C(C)(C)O1)(C)OB1[C@@H](CCCCC)[C@@H](B2OC(C)(C)C(C)(C)O2)C,,1,1,4,kNN,MACCS
67,O[C@H]1CCC2=C(OC)C=CC=C2[C@H]1C(OC)=O,,1,2,4,kNN,MACCS
91,CC1=C[C@H](O)C(Br)C(C)(C)[C@]12CCC(C)(Cl)C(Br)C2,,1,1,4,kNN,MACCS
102,CC[C@@H](O1)[C@@H](Br)C[C@]1([H])[C@@]2([H])O[C@@H](C/C=C\C3=CN(CC(NC4=CC=CC=C4)=O)N=N3)[C@H](Br)C2,,1,2,4,kNN,MACCS
104,BrC1=C[C@@]([H])(OC)[C@](O2)(C)[C@]3(C[C@]2([H])[C@](Cl)(C)CC3)C1(C)C,,1,1,4,kNN,MACCS
109,[H]C(/C=C/C1=CC=CC=C1)=O,,1,1,4,kNN,MACCS
111,C12=CC=CC=C1C=CC=C2,,1,1,4,kNN,MACCS
114,OC1=C(OC)C=C(C=O)C=C1,,2,1,4,kNN,MACCS
118,CN1C=NC(C(F)(F)F)=C1C(OC)=O,,1,1,4,kNN,MACCS
119,CN1C(C(F)(F)F)=C([N+]([O-])=O)C=C1C(OC)=O,,1,2,4,kNN,MACCS
122,C[C@H]1C[C@@H](O)[C@H](C(C)C)CC1,,1,0,4,kNN,MACCS
124,C[C@H]1C[C@H](O)[C@H](C(C)C)CC1,,1,0,4,kNN,MACCS
128,C[C@@]12CC[C@H](C(C)(C)O2)CC1,,1,2,4,kNN,MACCS
142,CCN(CC)CC(=O)NC1=C(C)C=CC=C1C,,2,2,4,kNN,MACCS
145,O=C7OCC=6C(=O)N2C(\c1nc5c(c(c1C2)CC)cc(OC(=O)N4CCC(N3CCCCC3)CC4)cc5)=C/C=6[C@@]7(O)CC,,0,1,4,kNN,MACCS
149,O2C1(CCC(CC1)C2(C)C)C,,2,2,4,kNN,MACCS
150,O[C@H]1[C@H](C(C)C)CC[C@@H](C)C1,,2,0,4,kNN,MACCS
152,O(c1ccc(\C=C\C)cc1)C,,2,1,4,kNN,MACCS
161,O=C1C(C)=C2O[C@]3(C)CCC4C(C)(C)[C@@H](O)CC[C@]4(C)[C@@]3([H])C[C@@]2(C)C(C)=C1C(OC)=O,,2,2,4,kNN,MACCS
164,CC1(C)CC[C@]2(C)C[C@@]34[C@@H](C)CC[C@@H](O)[C@]3(C)CC[C@H]4[C@@]21[H],,2,2,4,kNN,MACCS
181,O[C@@H]1[C@@H](NCC2=CC=CC=C2)CCC1,,2,2,4,kNN,MACCS
184,O[C@@H]1CCCC[C@H]1NCC2=CC=CC=C2,,2,2,4,kNN,MACCS
187,C/C(C)=C/CC/C(C)=C/CO,,0,1,4,kNN,MACCS
188,C/C(C)=C/CC/C(C)=C/CC/C(C)=C/CO,,0,1,4,kNN,MACCS
193,O=C1C(C(OC)=O)=C(C)C(C)=C2O[C@@]3(C)CC[C@@]4([H])C(C)(C)[C@@H](O)CC[C@]4(C)[C@]3([H])C[C@@]21C,,2,2,4,kNN,MACCS
194,O=C1C(C(OC)=O)=C(C)[C@]2(C)C(O[C@]([C@]3(C)[C@](CC[C@H](O)C4)(C)[C@@]4([H])CC3)([H])C2)=C1C,,2,2,4,kNN,MACCS
198,O=C1CCCCC/C=C/CCCCCCCCO1,,0,1,4,kNN,MACCS
199,O=C1CCCCC/C=C\CCCCCCCCO1,,0,1,4,kNN,MACCS
211,CC([C@H]12)=CC[C@]32[C@]1([H])[C@H](C(C)C)CC[C@H]3C,,0,1,4,kNN,MACCS
213,CC(C12)=CC[C@@]3([H])C1[C@H](C(C)C)CC[C@@]32C,,0,0,4,kNN,MACCS
217,CC1=CC=C(CO)C=C1OCCCC(C)(C)C(O)=O,,2,2,4,kNN,MACCS
236,[H][C@]12CN(CC(=O)N1CCC1=CC=CC=C21)C(=O)[C@H]1CC[C@H](O)CC1,,1,1,4,kNN,MACCS
237,[H][C@]12CN(CC(=O)N1CCC1=CC=CC=C21)C(=O)[C@@H]1CC[C@H](O)CC1,,1,1,4,kNN,MACCS
240,OC12CN(CC(=O)N1CCC1=CC=CC=C21)C(=O)C1CCCCC1,,1,1,4,kNN,MACCS
241,O[C@]12CN(CC(=O)N1CCC1=CC=CC=C21)C(=O)C1CCCCC1,,1,1,4,kNN,MACCS
242,OC1=CC=C(NC(C)=O)C=C1,,0,1,4,kNN,MACCS
251,O[C@@H]1[C@@H](O)[C@H](O)[C@@H](CO)O[C@H]1OC2=CC=CC=C2CO,,0,0,4,kNN,MACCS
275,O=C(C1=C2C=C(C)C=C1O)C3=C(C=C(O)C=C3O)C2=O,,0,2,4,kNN,MACCS
281,C[C@@H](C1=C2C[C@H](O)[C@H]3[C@@]4(C)CCC(C(C)(C)[C@@H]4CC[C@]3(C)[C@@]2(C)CC1)=O)C[C@H](O)[C@@H](O)C(C)(O)C,,0,2,4,kNN,MACCS
283,COC(=O)[C@@H](N)CC1=CNC2=CC=CC=C12,,2,2,4,kNN,MACCS
293,CN1C(C(=O)NC2=NC=C(C)S2)=C(O)C2=C(C=CC=C2)S1(=O)=O,,0,0,4,kNN,MACCS
312,BrC1(CC2(Br)C3)CC(C2)(Br)CC3(Br)C1,,2,1,4,kNN,MACCS
344,O=C1[C@@H](CCCCCC)[C@H](C[C@H](CCCCCCCCCCC)OC([C@H](CC(C)C)NC=O)=O)O1,,2,0,4,kNN,MACCS
356,FC1=CC2=C(C=C1)C(C3CCN(CCC4=C(C)N=C5N(CCCC5)C4=O)CC3)=NO2,,2,1,4,kNN,MACCS
357,CN1CCN(CC1)S(=O)(C2=CC(C3=NC4=C(C(N3)=O)N(N=C4CCC)C)=C(OCC)C=C2)=O,,1,0,4,kNN,MACCS
363,ClC1=C(NC2=CC=CC=C2CC(O)=O)C(Cl)=CC=C1,,0,1,4,kNN,MACCS
384,CC1(C)C[C@@H](C(NC2=CC=C(CC#N)C=C2)=O)[C@H](C(C)C)CC1,,0,1,4,kNN,MACCS
3,C[C@@H]1CCC=C(CC/2)[C@@]1(C)CC2=C(C)\CO,,2,2,5,kNN,MACCS
6,C[C@@]1(CC2)[C@]3(O)C(C)(C)[C@H]2C[C@H]1[C@@H](C)CC3,,2,2,5,kNN,MACCS
10,C[C@@](CC[C@H](Br)C(Br)(C)C)(Br)[C@H](Br)CO,,1,0,5,kNN,MACCS
14,CCCCNc1ccc(cc1)C(=O)OCCN(C)C,,1,2,5,kNN,MACCS
15,CCCCCC=CCC=CCC=CCC=CCCCC(=O)OCC,,2,0,5,kNN,MACCS
19,CC1=C(NC(CN(CC)CC)=O)C(C)=CC=C1,,2,2,5,kNN,MACCS
28,CC(C)C1=CC=C2C(C=CC=C2)=[C@]1[C@]3=CSC(C)=C3C,,1,1,5,kNN,MACCS
30,C12=CC=CC=C1N=C3N2CC/C=C/CCN4C5=C(C=CC=C5)N=C34,,1,1,5,kNN,MACCS
37,NC1=CC=C(S(C2=CC=C(N)C=C2)(=O)=O)C=C1,,2,1,5,kNN,MACCS
54,NC1=C(C(C)C)C=CC=C1C(C)C,,1,1,5,kNN,MACCS
60,COC1=CC=C(/C=C/C)C=C1,,1,2,5,kNN,MACCS
74,C1C[C@H]2OOC(C1)O2,,1,1,5,kNN,MACCS
77,Clc1cccc(Cl)c1,,1,1,5,kNN,MACCS
87,CC1(C)C(Br)C[C@H]2O[C@@]2(C)[C@]13CC(Br)C(C)(Cl)CC3O,,1,1,5,kNN,MACCS
89,C[C@]1(Cl)CC2O[C@@]3(Br)[C@H](O)[C@H]4O[C@@]4(C)[C@]2(C[C@@H]1Br)C3(C)C,,1,1,5,kNN,MACCS
93,C/C1=C\CC(C)(C)/C=C/C/C(C)=C/CC1,,1,1,5,kNN,MACCS
94,C/C1=C\CC(C)(C)/C=C/CC2(C)C(O2)CC1,,1,1,5,kNN,MACCS
97,CC12C(O2)CC(C)(C)/C=C/CC(C)(O3)C3CC1,,1,1,5,kNN,MACCS
105,O=C(C(O)=C1)C2=CC=CC3=CC=CC1=C32,,1,1,5,kNN,MACCS
106,O=C(C(C1=CC=CC=C1)=C2)C3=CC=CC4=CC=CC2=C43,,1,1,5,kNN,MACCS
113,C1(/C=C/C2=CC=CC=C2)=CC=CC=C1,,2,1,5,kNN,MACCS
117,CN1C=NC([N+]([O-])=O)=C1C(F)(F)F,,1,1,5,kNN,MACCS
125,C[C@H](CC[C@@H]1C(C)C)CC1=O,,1,1,5,kNN,MACCS
130,CC#[N][Pd]1(Br)C2=CC=CC3=C2C([N]1=CC=C4)=C4C5=CC=CC=C53,,1,1,5,kNN,MACCS
134,O=C1C=CC2(C)C(C(OC(C3C)=O)C3CC2)=C1C,,2,1,5,kNN,MACCS
153,C[C@@]12C(C)(C)[C@@H](CC1=O)CC2,,2,1,5,kNN,MACCS
154,CC1(C)[C@H]2C[C@@H]1CC=C2C,,2,0,5,kNN,MACCS
158,C1=CC=CC2=C1C3C(CC2)C(C(O3)=O)=C,,1,1,5,kNN,MACCS
160,O=C(N[C@H](CO)C1)[C@H](C(C)C)SC2=C1C3=CC=CC=C3N2,,2,2,5,kNN,MACCS
162,C/C([C@@H]1[C@@](CCCC2=C(C)OC(OC)=CC2=O)(O1)C)=C\C3=CC=C([N+]([O-])=O)C=C3,,2,2,5,kNN,MACCS
168,COC1=C(OC)C=C(OC)C(/C=C/C)=C1,,1,2,5,kNN,MACCS
171,COC1=CC=C2C(C(CC(O)=O)C(C)N2C(C3=CC=C(Cl)C=C3)=O)=C1,,2,1,5,kNN,MACCS
172,CC(OC1=CC=CC=C1C(NC2=NC=C([N+]([O-])=O)S2)=O)=O,,2,2,5,kNN,MACCS
182,O[C@H]1[C@H](NCC2=CC=CC=C2)CCC1,,2,2,5,kNN,MACCS
191,O=C(OC)C1=C(C)C(C)=C2O[C@]3(C)CC[C@@]4([H])C(C)(C)[C@@H](O)CC[C@]4(C)[C@@]3([H])C[C@@]2(C)C1=O,,2,2,5,kNN,MACCS
215,CCCC(S)CCO,,0,0,5,kNN,MACCS
220,CC1=CC=C(C)C(OCCCC(C)(C)C(OC2OC(C(O)=O)C(O)C(O)C2O)=O)=C1,,0,2,5,kNN,MACCS
235,[H][C@]12CN(CC(=O)N1CCC1=CC=CC=C21)C(=O)C1CCCCC1,,1,1,5,kNN,MACCS
238,[H][C@]12CN(CC(=O)N1CCC1=CC(O)=CC=C21)C(=O)C1CCCCC1,,1,1,5,kNN,MACCS
246,NC(C1=CC=CC=C1OCC)=O,,2,2,5,kNN,MACCS
248,CN1C(C)C(C(C)C)C(N1C2=CC=CC=C2)=O,,2,0,5,kNN,MACCS
256,O[C@@H]1[C@@H](O)[C@H](O)[C@@H](CO)O[C@H]1C2=C(OC=C(C3=CC=C(O)C=C3)C4=O)C4=CC=C2O,,0,0,5,kNN,MACCS
267,O=C1OC2=CC3=C(C=CO3)C(O/C=C/C(C)C)=C2C=C1,,0,1,5,kNN,MACCS
286,COC1=CC2=C(C=C1OC)C(=O)C(CC1CCN(CC3=CC=CC=C3)CC1)C2,,1,1,5,kNN,MACCS
289,COC1=CC=C2C=C3C4=C(CC[N+]3=CC2=C1OC)C=C1OCOC1=C4,,0,1,5,kNN,MACCS
297,CC(C)CN1C=NC2=C(N)N=C3C=CC=CC3=C12,,0,1,5,kNN,MACCS
298,CC1=CN=C(C=N1)C(=O)NCCC1=CC=C(C=C1)S(=O)(=O)NC(=O)NC1CCCCC1,,0,1,5,kNN,MACCS
299,CC(=O)N1CCN(CC1)C1=CC=C(OC[C@H]2CO[C@@](CN3C=CN=C3)(O2)C2=C(Cl)C=C(Cl)C=C2)C=C1,,0,1,5,kNN,MACCS
333,CC1=C(C(OC)=O)C(C2=C([N+]([O-])=O)C=CC=C2)=C(C(OC)=O)C(C)=N1,,1,2,5,kNN,MACCS
351,CN(C)CCCN(C(C=CC=C1)=C1CC2)C3=C2C=CC=C3,,0,2,5,kNN,MACCS
373,COC1=CC=C(C=C1)C2=COC3=C(C2=O)C=CC(=C3)OC,,2,1,5,kNN,MACCS
374,CC1OC2(C(C)=CCCC2(C)C)CC1,,2,1,5,kNN,MACCS
398,O=C1CCC(C1C/C=C\CC)CC(OC)=O,,2,0,5,kNN,MACCS
400,CC(C1CCC(C=O)=CC1)=C,,1,1,5,kNN,MACCS
403,CC(C)[C@@H]1CC[C@@]([C@@H](C1)C(=C)C)(C)C=C,,0,1,5,kNN,MACCS
409,CC1(C=C)C(C(C)C)CC(C(C)C)CC1,,0,1,5,kNN,MACCS
413,C[C@@]1(CCC2)CC[C@@H](C(C)C)C[C@@]1([H])C2=C,,0,1,5,kNN,MACCS
428,CC(S)CC(OCC)=O,,0,0,5,kNN,MACCS
434,CC(C)C1=CC=C([C@]23[C@@](C[C@@H]4O)([H])C(C)(C)[C@@](O)(CC3)OC2)C4=C1,,2,2,5,kNN,MACCS
440,CC1=C2C(C(OC2)=O)=C(C(C/C=C(C)/CCC(OCCN3CCOCC3)=O)=C1OC)O,,0,2,5,kNN,MACCS
1,O=C1C[C@@H](C)[C@]2(C)CC(CCC2=C1)=C(C)C,,1,2,1,MLP,MACCS
12,CC(C)[C@H]1[C@H]2[C@](CC1)(C)[C@H]3[C@@H]2C(CBr)=CC3,,1,1,1,MLP,MACCS
18,O=C(N[C@H](C(N[C@@H](C1=CC=CC=C1)C(OC(C)(C)C)=O)=O)C)CC2=CC(F)=CC(F)=C2,,2,2,1,MLP,MACCS
20,O[C@H](/C=C\C#CC#CC1=CN(CC2=CC=CC=C2)N=N1)[C@H](O3)[C@@H]3[C@H](O)[C@H]4OC(CC4)=O,,2,2,1,MLP,MACCS
25,CC1=C(C)[C@]([C@]2=C(O)C=CC(C)=C2C)=C(O)C=C1,,1,1,1,MLP,MACCS
27,CC(C)C1=CC=C2C(C=CC=C2)=[C@@]1[C@@]3=CSC(C)=C3C,,1,1,1,MLP,MACCS
29,C12=CC=CC=C1N3C(C4=NC5=C(C=CC=C5)N4CC/C=C/CC3)=N2,,1,1,1,MLP,MACCS
34,CC1=CC=CC(C)=C1NC(CN(CC)CC)=O,,1,2,1,MLP,MACCS
40,ClC1=CC=C2C(N(CCCN(C)C)C(C=CC=C3)=C3S2)=C1,,2,0,1,MLP,MACCS
43,ClC1=C([C@@H](C(OC)=O)N2CCC(SC=C3)=C3C2)C=CC=C1,,2,0,1,MLP,MACCS
44,O=C(C(C)=C1)NC(N1[C@@H]2O[C@H](CO)[C@@H](N=[N+]=[N-])C2)=O,,2,0,1,MLP,MACCS
48,CN(CCC1)[C@@H]1C2=CC=CN=C2,,0,1,1,MLP,MACCS
51,O=C(C=C(C1=CC(OC)=C(OC)C=C1)O2)C3=C2C(OC)=C(OC)C(OC)=C3OC,,1,1,1,MLP,MACCS
52,O=C(C=C(C1=CC=C(OC)C=C1)O2)C3=C2C(OC)=C(OC)C(OC)=C3OC,,1,1,1,MLP,MACCS
58,BrC1=CC2=CC=CC=C2C3=C1C=CC=C3,,1,1,1,MLP,MACCS
61,CC(O[C@H]1[C@H](C(C)C)CC[C@@H](C)C1)=O,,1,2,1,MLP,MACCS
69,CC1CCCC2(C1CC(CC2)C(C)C)C,,1,2,1,MLP,MACCS
78,N#Cc1ccccc1,,1,1,1,MLP,MACCS
84,C[C@]12OC(=O)C(=C)[C@H]1CC(=O)C=C2,,1,1,1,MLP,MACCS
88,Cc1cc(O)c(cc1Br)[C@]2(C)CC[C@@H]3C[C@]23C,,1,1,1,MLP,MACCS
95,CC12C(O2)CC(C)(C)/C=C/C/C(C)=C/CC1,,1,1,1,MLP,MACCS
96,C/C1=C\CC(C)(C)C(O2)C2C/C(C)=C/CC1,,1,1,1,MLP,MACCS
98,CC12C(O2)CC(C)(C)C(O3)C3CC(C)(O4)C4CC1,,1,1,1,MLP,MACCS
99,CC1(C)C/C=C(C)/CC/C=C(C=O)/C/C=C/1,,1,1,1,MLP,MACCS
103,BrC1=C[C@]([H])(OC)[C@](O2)(C)[C@]3(C[C@]2([H])[C@](Cl)(C)CC3)C1(C)C,,1,1,1,MLP,MACCS
135,O=C1C(N(C)C)=C(C)N(C)N1C2=CC=CC=C2,,2,2,1,MLP,MACCS
137,FC(F)(F)C1=CC=C(OC(C2=CC=CC=C2)CCNC)C=C1,,2,1,1,MLP,MACCS
138,O=C(OC)[C@@H](N1CCC(SC=C2)=C2C1)C3=C(Cl)C=CC=C3,,2,0,1,MLP,MACCS
140,O=C1C2=C(N=CC=C2)N(C3CC3)C4=C(C(C)=CC=N4)N1,,2,1,1,MLP,MACCS
143,Cc1ccc(cc1Nc2nccc(n2)c3cccnc3)NC(=O)c4ccc(cc4)CN5CCN(CC5)C,,0,0,1,MLP,MACCS
144,O=C1N(/N=C\N1c2ccc(cc2)N7CCN(c6ccc(OCC3C[C@@](OC3)(c4ccc(F)cc4F)Cn5ncnc5)cc6)CC7)[C@@H](CC)[C@@H](O)C,,0,0,1,MLP,MACCS
159,O=C(O)C1=C(OC(C)=O)C=CC=C1,,2,2,1,MLP,MACCS
178,N=C(N(C)C)N(C)C,,2,2,1,MLP,MACCS
180,C12=NCCCN1CCCCC2,,2,2,1,MLP,MACCS
185,O[C@H]1CCCCC[C@@H]1NCC2=CC=CC=C2,,2,2,1,MLP,MACCS
203,OC(=O)c1ccccc1Nc2cccc(c2)C(F)(F)F,,0,0,1,MLP,MACCS
204,C[C@@]1(C2(C)C)CC[C@H]2C[C@H]1O,,0,2,1,MLP,MACCS
206,O=C1O[C@H](CCCCC)CCC1,,0,2,1,MLP,MACCS
221,CCCC[C@@H](Br)[C@]1(C)CCCC=C1,,1,1,1,MLP,MACCS
223,COC([C@H](O)[C@@H](O)C(OC)=O)=O,,1,0,1,MLP,MACCS
224,CC1=CC=C(S(N)=O)C=C1,,1,0,1,MLP,MACCS
225,OC(C)C1=CC=C(Br)C=C1,,1,1,1,MLP,MACCS
226,CC(C)[C@@H]1Sc2[nH]c3ccccc3c2C[C@@H](CO)NC1=O,,2,2,1,MLP,MACCS
249,CCN(CC)C1=CC=C2C(OC(C(C3=NC4=C(C=CC=C4)S3)=C2)=O)=C1,,2,0,1,MLP,MACCS
278,O=C1C[C@@H](C2=CC=CC=C2)OC3=CC=CC=C31,,0,1,1,MLP,MACCS
285,C\C(\C=C1/SC(=S)N(CC(O)=O)C1=O)=C/C1=CC=CC=C1,,2,2,1,MLP,MACCS
287,ClC1=C(Cl)C(=CC=C1)N1CCN(CCCCOC2=CC3=C(CCC(=O)N3)C=C2)CC1,,1,0,1,MLP,MACCS
290,C\N=C(\NCCSCC1=C(C)NC=N1)NC#N,,0,0,1,MLP,MACCS
291,ClC1=C(NC2=NCCN2)C2=NSN=C2C=C1,,0,1,1,MLP,MACCS
296,CC1(C)SC2[C@H](NC(=O)CC3=CC=CC=C3)C(=O)N2[C@H]1C(O)=O,,0,2,1,MLP,MACCS
322,O=C(C1=C(S(=O)(NC(NC2=NC(OC)=CC(OC)=N2)=O)=O)N(C)N=C1Cl)OC,,2,0,1,MLP,MACCS
326,CC(CC1)=C[C@@]2([H])C1=C(C)CC[C@@H]2C(C)C,,2,2,1,MLP,MACCS
328,CC1=C[C@@]([C@@H](C(C)C)CC[C@]2(O)C)([H])[C@@]2([H])CC1,,2,1,1,MLP,MACCS
329,CC1=C[C@@]([C@@H](C(C)C)CC[C@@]2(O)C)([H])[C@]2([H])CC1,,2,1,1,MLP,MACCS
332,ClC1=CC(N2CCCN(C)C)=C(C=C1)SC3=C2C=CC=C3,,2,0,1,MLP,MACCS
339,COC1=C2O[C@@H]3[C@]45C2=C(C=C1)C[C@@H](N(CC5)C)[C@]4([H])C=C[C@@H]3O,,1,0,1,MLP,MACCS
360,O=S(CC1=NC=C(C(OC)=C1C)CO)C2=NC3=C(N2)C=CC(OC)=C3,,0,2,1,MLP,MACCS
386,O[C@@H]1C[C@H](C)CC[C@H]1C(C)=O,,0,0,1,MLP,MACCS
439,O=C1NC2=C(N1CCCN3CCC(CC3)N4C(NC5=CC(Cl)=CC=C54)=O)C=CC=C2,,0,0,1,MLP,MACCS
448,CO[C@H]1[C@@H](C[C@@H]2CN3CCC4=C([C@H]3C[C@@H]2[C@@H]1C(=O)OC)NC5=C4C=CC(=C5)OC)OC(=O)C6=CC(=C(C(=C6)OC)OC)OC,,0,0,1,MLP,MACCS
2,CC1=CC(C[C@@H](C)[C@]1(C2)CCC2=C(C)C)=O,,1,1,2,MLP,MACCS
4,O=C(CCCCCCCCCCC1)OCCOC1=O,,1,0,2,MLP,MACCS
13,C[C@@]1(O)[C@@H](Br)C[C@H](C(C)=C)CC1,,1,1,2,MLP,MACCS
16,CC1(C)[C@@H]2[C@H]1CC=C(C)C2,,1,0,2,MLP,MACCS
31,O=C1N(C)C(C(N(C)C=N2)=C2N1C)=O,,1,2,2,MLP,MACCS
35,CNCCC(OC1=CC=C(C(F)(F)F)C=C1)C2=CC=CC=C2,,1,2,2,MLP,MACCS
36,COC1=CC=C2C(NC(S(CC3=C(C)C(OC)=C(C)C=N3)=O)=N2)=C1,,2,0,2,MLP,MACCS
38,O=C(OCCN(C)C)C1=CC=C(NCCCC)C=C1,,2,1,2,MLP,MACCS
47,ClC1=CC=C(NC(O[C@]2(C#CC3CC3)C(F)(F)F)=O)C2=C1,,2,0,2,MLP,MACCS
49,CC1=C2C(C=C1)=C(C)C=CC(C(C)C)=C2,,1,1,2,MLP,MACCS
53,O=C(C(OC)=C(C1=CC(OC)=C(OC)C=C1)O2)C3=C2C(OC)=C(OC)C(OC)=C3OC,,1,1,2,MLP,MACCS
62,CC(C(C)(C)O1)(C)OB1C(B2OC(C)(C)C(C)(C)O2)CCC3=CC=CC=C3,,1,1,2,MLP,MACCS
65,O=C(C(C#N)=C1)C=C(C1(C#C)C2)C3=C2C=CC=C3,,1,1,2,MLP,MACCS
71,C1OOC(O1)c2ccccc2,,1,0,2,MLP,MACCS
73,O1O[C@H](O[C@@H]1c2ccccc2)c3ccccc3,,1,1,2,MLP,MACCS
75,c1ccccc1,,1,1,2,MLP,MACCS
81,Fc1ccc(F)cc1,,1,1,2,MLP,MACCS
82,CN1C[C@@](C)(c2ccccc2)[C@@]3(C)[C@@H]1N(C)c4ccccc34,,1,1,2,MLP,MACCS
83,C[C@@]12OC(=O)C(=C)[C@]1(C)CC(=O)C=C2,,1,1,2,MLP,MACCS
86,CCOC(=O)\C=C\1/C[C@@](N1S(=O)(=O)c2ccc(C)cc2)(C(=O)OCC)c3ccccc3C,,1,0,2,MLP,MACCS
90,C[C@]1(Cl)CC2O[C@@]3(C)C=C[C@@](C)(O)[C@]2(C[C@@H]1Br)C3(C)C,,1,1,2,MLP,MACCS
100,CC1(C)/C=C/C/C(C=O)=C\CC/C(C=O)=C\C1,,1,1,2,MLP,MACCS
110,N#CCC1=CC=CC=C1,,1,1,2,MLP,MACCS
115,[N-]=[N+]=NC1=CC=C(C(F)(F)F)C=C1,,2,1,2,MLP,MACCS
116,C[C@@](O1)(OO2)CC[C@]3([H])[C@]2([C@]1([H])O4)[C@](CC[C@H]3C)([H])[C@@H](C)C4=O,,2,1,2,MLP,MACCS
120,CC1=CC[C@H](C(C)=C)CC1,,1,1,2,MLP,MACCS
123,C[C@H](CC[C@H]1C(C)C)CC1=O,,1,1,2,MLP,MACCS
129,IC1=C(C(OSC(F)(F)F)(C)C)C=CC=C1,,1,1,2,MLP,MACCS
133,OC(C=C1)=CC=C1C2COC3=CC(O)=CC=C3C2=O,,0,0,2,MLP,MACCS
141,CN3[C@H]1CC[C@@H]3C[C@@H](C1)OC(=O)C(CO)c2ccccc2,,2,2,2,MLP,MACCS
146,CCOc2nc1cccc(C(=O)O)c1n2Cc5ccc(c3ccccc3c4nn[nH]n4)cc5,,0,2,2,MLP,MACCS
151,C[C@@H]1CC[C@H]([C@@H](C1)OC(=O)C)C(C)C,,2,1,2,MLP,MACCS
163,O[C@H](C1)CC[C@@]2(C)C1=CC[C@]3([H])[C@]2([H])CC[C@@]4([H])[C@@]3([H])C[C@H](O)[C@]4([H])[C@H](C)[C@@H](O)CCC(C)C,,2,2,2,MLP,MACCS
165,[H][C@@]1(CO2)[C@](CO[C@@H]1C3=CC(OCO4)=C4C=C3)([H])[C@@H]2C5=CC(OCO6)=C6C=C5,,1,0,2,MLP,MACCS
166,COC1=C(OC)C=C(OC)C(/C=C\C)=C1,,1,1,2,MLP,MACCS
173,CC(C(O)=O)C1=CC=C(CC(C)C)C=C1,,2,1,2,MLP,MACCS
174,O[C@@H]1CCCC[C@H]1NC2CC2,,2,2,2,MLP,MACCS
176,CN(C)C1CCCCC1,,2,1,2,MLP,MACCS
179,N=C(NC1=CC=CC=C1)NC2=CC=CC=C2,,2,0,2,MLP,MACCS
195,OC(=O)c1ccc(O)cc1,,2,2,2,MLP,MACCS
196,CC1=C(/C=C/C(C)=C/C=C/C(C)=C/C=C/C=C(C)/C=C/C=C(C)/C=C/C2=C(C)CCCC2(C)C)C(C)(C)CCC1,,0,0,2,MLP,MACCS
209,CC(C)C1CC[C@]2(C)[C@@]1([H])[C@]3([H])[C@@]2([H])CCC3=C,,0,1,2,MLP,MACCS
218,CC1=C(O)C=C(C)C(OCCCC(C)(C)C(O)=O)=C1,,2,2,2,MLP,MACCS
219,CC1=CC=C(C(O)=O)C=C1OCCCC(C)(C)C(O)=O,,0,2,2,MLP,MACCS
227,COC(=O)C1=C(C)[C@]2(C)C[C@H]3[C@@](C)(CC[C@H]4C(C)(C)[C@@H](O)CC[C@]34C)OC2=C(C)C1=O,,2,2,2,MLP,MACCS
231,COCC(=O)N([C@H](C)C(=O)OC)c1c(C)cccc1C,,2,2,2,MLP,MACCS
284,CC(C)NCC(O)COC1=CC=CC2=CC=CC=C12,,2,2,2,MLP,MACCS
288,O=C1C2=CC=CC=C2C(=O)C2=C1C=CC1=C2NC2=C(N1)C1=C(C=C2)C(=O)C2=C(C=CC=C2)C1=O,,0,0,2,MLP,MACCS
309,CC[C@H]1OC(=O)[C@H](C)[C@H](C[C@@H](O[C@@H]2O[C@H](C)C[C@@H]([C@H]2O)N(C)C)[C@](C)(O)C[C@@H](C)C(=O)[C@H](C)[C@@H](C)[C@]1(C)O)O[C@H]1C[C@@](C)(OC)[C@@H](O)[C@H](C)O1,,0,0,2,MLP,MACCS
318,O=C(CC(C(C)1C)CC2)C21CS(=O)(O)=O,,0,0,2,MLP,MACCS
324,C[C@@H]1[C@]2([C@@]3([H])[C@](C)(O)CC2)[C@@]3([H])[C@@H](C(C)C)CC1,,2,0,2,MLP,MACCS
345,COC1=C(C(C(C(O)=C([C@@H](O)C[C@@](C(CO)=O)(O)C2)C2=C3O)C3C4=O)=O)C4=CC=C1,,0,0,2,MLP,MACCS
366,COC1=C(C2=CC=C1)C(C(C3C2=O)C(O)=C4[C@H](C[C@@](O)(CC4=C3O)C(CO)=O)O[C@H]5C[C@H](N)[C@H](O)[C@H](C)O5)=O,,0,0,2,MLP,MACCS
372,NC(N1C2=C(C=CC=C2)C=CC3=C1C=CC=C3)=O,,2,1,2,MLP,MACCS
407,[H][C@@]12[C@](CC[C@@H](C(C)C)C2)(C)CCC[C@]1(O)C,,2,2,2,MLP,MACCS
417,C[C@@]12CC[C@@H](C(C)C)C[C@@]1([H])C(C)=CCC2,,0,1,2,MLP,MACCS
421,CC12C(CC(C(C)=C)CC2)=C(C)C(CC1)=O,,0,1,2,MLP,MACCS
432,C[C@@H]1CCCCCCCCCCCCC(=O)C1,,0,1,2,MLP,MACCS
436,CC(C)C1=CC=C([C@@]2(C)[C@@](CC3=O)([H])C(C)(C)[C@H](O)CC2)C3=C1,,2,2,2,MLP,MACCS
446,CC1=C(C2=C(CC[C@@](O2)(C)CCC[C@H](C)CCC[C@H](C)CCCC(C)C)C(=C1O)C)C,,0,2,2,MLP,MACCS
7,C=C1CC/C=C(C)/CC[C@@H]2[C@@H]1CC2(C)C,,1,0,3,MLP,MACCS
9,Br[C@@H](CO)[C@](CC[C@H](Br)C(Br)(C)C)(Br)C,,1,1,3,MLP,MACCS
17,CN1[C@H]2CC[C@@H]1C[C@H](OC(C(CO)C3=CC=CC=C3)=O)C2,,2,2,3,MLP,MACCS
39,ClC1=C(N)C=C(OC)C(C(NCCN(CC)CC)=O)=C1,,2,1,3,MLP,MACCS
45,OCC(C(OC1CC(N2C)CCC2C1)=O)C3=CC=CC=C3,,2,2,3,MLP,MACCS
50,O=C1[C@@H](C)[C@]([C@]2([H])O1)([H])CC[C@@](C2=C3C)(C)C=CC3=O,,1,2,3,MLP,MACCS
56,O=C/C=C/C1=CC=CC=C1,,1,1,3,MLP,MACCS
57,O=C([C@@]1(C2C34)[C@@H]3[C@H]5C4(C(OC)=O)C2[C@H]51)OC,,1,2,3,MLP,MACCS
68,O=C1CC[C@@]2(C)C(CCC([C@@](CC[C@@H]3O)([H])[C@]3(C)C4)[C@]2([H])C4=O)=C1,,1,2,3,MLP,MACCS
72,O1O[C@@H](O[C@@H]1c2ccccc2)c3ccccc3,,1,1,3,MLP,MACCS
76,Fc1ccc(C=O)cc1,,1,1,3,MLP,MACCS
79,O=CC1=CC=CC=C1,,1,1,3,MLP,MACCS
80,Fc1ccccc1,,1,1,3,MLP,MACCS
85,Cn1c2c(CC[C@@]2(C)C=C)c3ccccc13,,1,0,3,MLP,MACCS
92,CC1(Cl)CC[C@@]2(CC1Br)C(C)(C)C(=C[C@H]3O[C@@]23C)Br,,1,1,3,MLP,MACCS
101,CC[C@@H](O1)[C@@H](Br)C[C@]1([H])[C@@]2([H])O[C@@H](C/C=C\C#C)[C@H](Br)C2,,1,1,3,MLP,MACCS
107,C[C@@H](CC1)[C@@]2([H])[C@]1([H])[C@@]3(C)[C@]2([H])[C@@H](C(C)=C)CC3,,1,0,3,MLP,MACCS
108,O=C(C)C1=CC=CC=C1,,1,1,3,MLP,MACCS
112,C12=CC=CC=C1C=C3C(C=CC=C3)=C2,,1,1,3,MLP,MACCS
121,CC1=CC[C@@H]2C(C)(C)[C@H]1C2,,1,2,3,MLP,MACCS
127,C[C@H]1CC2=C(C(C)=CO2)CC1,,1,1,3,MLP,MACCS
131,BrC1=CC=CC2=C1C(N=CC=C3)=C3C4=C2C=CC=C4,,1,1,3,MLP,MACCS
132,COC(C=C1)=CC=C1C2COC3=CC(OC)=CC=C3C2=O,,2,2,3,MLP,MACCS
136,NC1=C(S(=O)(CC)=O)C=C(C(NCC2N(CC)CCC2)=O)C(OC)=C1,,2,0,3,MLP,MACCS
139,CN(C)CCCN1C2=C(C=CC=C2)CCC3=C1C=CC=C3,,2,2,3,MLP,MACCS
147,C[C@H]1[C@H]([C@H](C[C@@H](O1)O[C@H]2C[C@@](Cc3c2c(c4c(c3O)C(=O)c5cccc(c5C4=O)OC)O)(C(=O)CO)O)N)O,,0,0,3,MLP,MACCS
148,COc1ccccc1OCCNCC(O)COc3cccc4[nH]c2ccccc2c34,,0,2,3,MLP,MACCS
155,COc1ccc(C=O)cc1,,2,2,3,MLP,MACCS
156,C1=CC=CC2=C1C3C(CC2)[C@@H](C(O3)=O)C,,1,1,3,MLP,MACCS
177,NCCC1=CC=CC=C1,,2,2,3,MLP,MACCS
183,O[C@H]1CCCC[C@@H]1NCC2=CC=CC=C2,,2,2,3,MLP,MACCS
186,O[C@@H]1CCCCC[C@H]1NCC2=CC=CC=C2,,2,2,3,MLP,MACCS
189,CC1(C)C(C(CCC)=O)=C(C)CCC1,,0,1,3,MLP,MACCS
190,O=C(OC)C1=C(C)C(C)=C2O[C@]3(C)CC[C@@]4([H])C(C)(C)[C@@H](O)CC[C@]4(C)[C@@]3([H])C[C@]2(C)C1=O,,2,2,3,MLP,MACCS
192,CC1=C(C)C(C(OC)=O)=C2O[C@]3(C)CC[C@@]4([H])C(C)(C)[C@@H](O)CC[C@]4(C)[C@@]3([H])C[C@]2(C)C1=O,,2,2,3,MLP,MACCS
216,CC1=CC=C(C)C(OCCCC(C)(C)C(O)=O)=C1,,2,2,3,MLP,MACCS
222,O[C@@H](CCCl)C1=CC=CC=C1,,1,1,3,MLP,MACCS
234,CCC1=CC=CC(=C1N(C(C)COC)C(=O)CCl)C,,2,2,3,MLP,MACCS
239,[H][C@]12CN(CC(=O)N1C[C@@H](O)C1=CC=CC=C21)C(=O)C1CCCCC1,,1,1,3,MLP,MACCS
244,C/C(C(O)=O)=C(OC(C)=O)\C=C,,0,1,3,MLP,MACCS
260,C[C@H](CCCC(C)C)[C@@]1([H])CC[C@@]2([H])[C@]3([H])CC=C4C[C@@H](C)CC[C@]4(C)[C@@]3([H])CC[C@@]21C,,2,0,3,MLP,MACCS
277,O=C(C1=C2C=C(C)C=C1O)C3=C(C=CC=C3O)C2=O,,2,0,3,MLP,MACCS
282,CCOC(=O)[C@H](CC1=CNC2=CC=CC=C12)NC(C)=O,,2,2,3,MLP,MACCS
303,[H][C@@]12CCCC[C@]1([H])CN(C[C@@H](O)[C@H](CSC1=CC=CC=C1)NC(=O)C1=CC=CC(O)=C1C)[C@@H](C2)C(=O)NC(C)(C)C,,0,0,3,MLP,MACCS
305,COC1=CC(=CC=C1CC1=CN(C)C2=CC=C(NC(=O)OC3CCCC3)C=C12)C(=O)NS(=O)(=O)C1=CC=CC=C1C,,0,0,3,MLP,MACCS
307,CC(C)[C@H](NC(=O)N(C)CC1=CSC(=N1)C(C)C)C(=O)N[C@H](C[C@H](O)[C@H](CC1=CC=CC=C1)NC(=O)OCC1=CN=CS1)CC1=CC=CC=C1,,0,0,3,MLP,MACCS
308,OCCN(CCO)C1=NC2=C(N=C(N=C2N2CCCCC2)N(CCO)CCO)C(=N1)N1CCCCC1,,0,0,3,MLP,MACCS
325,C/C1=C\CC[C@@](C)(O)/C=C/[C@@H](C(C)C)CC1,,1,1,3,MLP,MACCS
327,CC1=C[C@@]([C@@H](C(C)C)CC[C@]2(O)C)([H])[C@]2([H])CC1,,1,2,3,MLP,MACCS
349,[H]N(C(C1=CC=C(O)C=C1)=O)/N=C/C2=CC=C([N+]([O-])=O)O2,,2,2,3,MLP,MACCS
369,O=C(NN)C1=CC=NC=C1,,0,2,3,MLP,MACCS
378,CC1=CCCC(C)(C)[C@@]12O[C@@H](C)CC2,,1,2,3,MLP,MACCS
380,O=C([C@@H]1CC[C@@H](C)C[C@H]1O)C,,0,0,3,MLP,MACCS
381,CC([C@@H]1CC[C@@H](C)C[C@H]1OC(C[C@@H](O)C)=O)C,,0,2,3,MLP,MACCS
382,CC([C@@H]1CC[C@@H](C)C[C@H]1OCCO)C,,0,1,3,MLP,MACCS
385,CC1(C)C[C@@H](C(O)=O)[C@H](C(C)C)CC1,,2,2,3,MLP,MACCS
390,[NH3+] [C@@H](CC([O-])=O)C(N[C@@H](CC1=CC=CC=C1)C(OC)=O)=O,,0,1,3,MLP,MACCS
425,O=C(SC(C)CC)CC(C)C,,0,1,3,MLP,MACCS
435,CC(C)C1=CC=C([C@]23[C@@](CC4=O)([H])C(C)(C)[C@@H](CC3)OC2=O)C4=C1,,2,1,3,MLP,MACCS
437,CC(C)C1=CC=C([C@@]2(C)[C@@](CC3=O)([H])C(C)(C)C(CC2)=O)C3=C1,,2,1,3,MLP,MACCS
5,CC1(C)CCC[C@@]2(C)[C@H]1CC[C@]3(C)[C@@H]2CCO3,,1,1,4,MLP,MACCS
8,CC1=CC(C(C)(C)[C@H](C)CC2(C)C)=C2C=C1C(C)=O,,1,1,4,MLP,MACCS
11,CCC[C@H](SC(C1=CC(Br)=CC=C1)=O)CCOC(C2=CC(Br)=CC=C2)=O,,1,2,4,MLP,MACCS
21,O[C@H](/C=C/C#CC#CC1=CN(CC2=CC=CC=C2)N=N1)[C@H](O3)[C@@H]3[C@H](O)[C@H]4OC(CC4)=O,,2,2,4,MLP,MACCS
22,IC1=C(C(C)(C)OSC(F)(F)F)C=CC=C1,,1,1,4,MLP,MACCS
24,C[C@H]1C[C@@H](OC(C)=O)[C@H](C(C)C)CC1,,2,1,4,MLP,MACCS
26,CC1=C(C)[C@@]([C@@]2=C(O)C=CC(C)=C2C)=C(O)C=C1,,1,1,4,MLP,MACCS
32,NC1=C2C(C=CC=N2)=CC=C1,,1,0,4,MLP,MACCS
41,O=C1C(C2CCC(NC2=O)=O)C(C3=CC=CC=C31)=O,,2,2,4,MLP,MACCS
42,CC1=C(C(OC)=O)C(C(C(OC)=O)=C(C)N1)C2=C([N+]([O-])=O)C=CC=C2,,2,1,4,MLP,MACCS
46,CN(C)CCCN1C(C=CC=C2)=C2CCC3=C1C=CC=C3,,2,0,4,MLP,MACCS
55,O=CC1=CC=C([N+]([O-])=O)C=C1,,1,1,4,MLP,MACCS
63,CC(C(C)(C)O1)(C)OB1[C@@H](CCCCC)[C@H](B2OC(C)(C)C(C)(C)O2)C,,1,1,4,MLP,MACCS
64,CC(C(C)(C)O1)(C)OB1[C@@H](CCCCC)[C@@H](B2OC(C)(C)C(C)(C)O2)C,,1,1,4,MLP,MACCS
67,O[C@H]1CCC2=C(OC)C=CC=C2[C@H]1C(OC)=O,,1,2,4,MLP,MACCS
91,CC1=C[C@H](O)C(Br)C(C)(C)[C@]12CCC(C)(Cl)C(Br)C2,,1,1,4,MLP,MACCS
102,CC[C@@H](O1)[C@@H](Br)C[C@]1([H])[C@@]2([H])O[C@@H](C/C=C\C3=CN(CC(NC4=CC=CC=C4)=O)N=N3)[C@H](Br)C2,,1,2,4,MLP,MACCS
104,BrC1=C[C@@]([H])(OC)[C@](O2)(C)[C@]3(C[C@]2([H])[C@](Cl)(C)CC3)C1(C)C,,1,1,4,MLP,MACCS
109,[H]C(/C=C/C1=CC=CC=C1)=O,,1,1,4,MLP,MACCS
111,C12=CC=CC=C1C=CC=C2,,1,1,4,MLP,MACCS
114,OC1=C(OC)C=C(C=O)C=C1,,2,1,4,MLP,MACCS
118,CN1C=NC(C(F)(F)F)=C1C(OC)=O,,1,1,4,MLP,MACCS
119,CN1C(C(F)(F)F)=C([N+]([O-])=O)C=C1C(OC)=O,,1,1,4,MLP,MACCS
122,C[C@H]1C[C@@H](O)[C@H](C(C)C)CC1,,1,0,4,MLP,MACCS
124,C[C@H]1C[C@H](O)[C@H](C(C)C)CC1,,1,0,4,MLP,MACCS
128,C[C@@]12CC[C@H](C(C)(C)O2)CC1,,1,0,4,MLP,MACCS
142,CCN(CC)CC(=O)NC1=C(C)C=CC=C1C,,2,1,4,MLP,MACCS
145,O=C7OCC=6C(=O)N2C(\c1nc5c(c(c1C2)CC)cc(OC(=O)N4CCC(N3CCCCC3)CC4)cc5)=C/C=6[C@@]7(O)CC,,0,0,4,MLP,MACCS
149,O2C1(CCC(CC1)C2(C)C)C,,2,0,4,MLP,MACCS
150,O[C@H]1[C@H](C(C)C)CC[C@@H](C)C1,,2,0,4,MLP,MACCS
152,O(c1ccc(\C=C\C)cc1)C,,2,1,4,MLP,MACCS
161,O=C1C(C)=C2O[C@]3(C)CCC4C(C)(C)[C@@H](O)CC[C@]4(C)[C@@]3([H])C[C@@]2(C)C(C)=C1C(OC)=O,,2,2,4,MLP,MACCS
164,CC1(C)CC[C@]2(C)C[C@@]34[C@@H](C)CC[C@@H](O)[C@]3(C)CC[C@H]4[C@@]21[H],,2,2,4,MLP,MACCS
181,O[C@@H]1[C@@H](NCC2=CC=CC=C2)CCC1,,2,2,4,MLP,MACCS
184,O[C@@H]1CCCC[C@H]1NCC2=CC=CC=C2,,2,2,4,MLP,MACCS
187,C/C(C)=C/CC/C(C)=C/CO,,0,0,4,MLP,MACCS
188,C/C(C)=C/CC/C(C)=C/CC/C(C)=C/CO,,0,0,4,MLP,MACCS
193,O=C1C(C(OC)=O)=C(C)C(C)=C2O[C@@]3(C)CC[C@@]4([H])C(C)(C)[C@@H](O)CC[C@]4(C)[C@]3([H])C[C@@]21C,,2,2,4,MLP,MACCS
194,O=C1C(C(OC)=O)=C(C)[C@]2(C)C(O[C@]([C@]3(C)[C@](CC[C@H](O)C4)(C)[C@@]4([H])CC3)([H])C2)=C1C,,2,2,4,MLP,MACCS
198,O=C1CCCCC/C=C/CCCCCCCCO1,,0,1,4,MLP,MACCS
199,O=C1CCCCC/C=C\CCCCCCCCO1,,0,1,4,MLP,MACCS
211,CC([C@H]12)=CC[C@]32[C@]1([H])[C@H](C(C)C)CC[C@H]3C,,0,1,4,MLP,MACCS
213,CC(C12)=CC[C@@]3([H])C1[C@H](C(C)C)CC[C@@]32C,,0,1,4,MLP,MACCS
217,CC1=CC=C(CO)C=C1OCCCC(C)(C)C(O)=O,,2,0,4,MLP,MACCS
236,[H][C@]12CN(CC(=O)N1CCC1=CC=CC=C21)C(=O)[C@H]1CC[C@H](O)CC1,,1,1,4,MLP,MACCS
237,[H][C@]12CN(CC(=O)N1CCC1=CC=CC=C21)C(=O)[C@@H]1CC[C@H](O)CC1,,1,1,4,MLP,MACCS
240,OC12CN(CC(=O)N1CCC1=CC=CC=C21)C(=O)C1CCCCC1,,1,1,4,MLP,MACCS
241,O[C@]12CN(CC(=O)N1CCC1=CC=CC=C21)C(=O)C1CCCCC1,,1,1,4,MLP,MACCS
242,OC1=CC=C(NC(C)=O)C=C1,,0,2,4,MLP,MACCS
251,O[C@@H]1[C@@H](O)[C@H](O)[C@@H](CO)O[C@H]1OC2=CC=CC=C2CO,,0,0,4,MLP,MACCS
275,O=C(C1=C2C=C(C)C=C1O)C3=C(C=C(O)C=C3O)C2=O,,0,0,4,MLP,MACCS
281,C[C@@H](C1=C2C[C@H](O)[C@H]3[C@@]4(C)CCC(C(C)(C)[C@@H]4CC[C@]3(C)[C@@]2(C)CC1)=O)C[C@H](O)[C@@H](O)C(C)(O)C,,0,0,4,MLP,MACCS
283,COC(=O)[C@@H](N)CC1=CNC2=CC=CC=C12,,2,2,4,MLP,MACCS
293,CN1C(C(=O)NC2=NC=C(C)S2)=C(O)C2=C(C=CC=C2)S1(=O)=O,,0,0,4,MLP,MACCS
312,BrC1(CC2(Br)C3)CC(C2)(Br)CC3(Br)C1,,2,1,4,MLP,MACCS
344,O=C1[C@@H](CCCCCC)[C@H](C[C@H](CCCCCCCCCCC)OC([C@H](CC(C)C)NC=O)=O)O1,,2,0,4,MLP,MACCS
356,FC1=CC2=C(C=C1)C(C3CCN(CCC4=C(C)N=C5N(CCCC5)C4=O)CC3)=NO2,,2,1,4,MLP,MACCS
357,CN1CCN(CC1)S(=O)(C2=CC(C3=NC4=C(C(N3)=O)N(N=C4CCC)C)=C(OCC)C=C2)=O,,1,0,4,MLP,MACCS
363,ClC1=C(NC2=CC=CC=C2CC(O)=O)C(Cl)=CC=C1,,0,2,4,MLP,MACCS
384,CC1(C)C[C@@H](C(NC2=CC=C(CC#N)C=C2)=O)[C@H](C(C)C)CC1,,0,2,4,MLP,MACCS
3,C[C@@H]1CCC=C(CC/2)[C@@]1(C)CC2=C(C)\CO,,2,2,5,MLP,MACCS
6,C[C@@]1(CC2)[C@]3(O)C(C)(C)[C@H]2C[C@H]1[C@@H](C)CC3,,2,2,5,MLP,MACCS
10,C[C@@](CC[C@H](Br)C(Br)(C)C)(Br)[C@H](Br)CO,,1,1,5,MLP,MACCS
14,CCCCNc1ccc(cc1)C(=O)OCCN(C)C,,1,2,5,MLP,MACCS
15,CCCCCC=CCC=CCC=CCC=CCCCC(=O)OCC,,2,0,5,MLP,MACCS
19,CC1=C(NC(CN(CC)CC)=O)C(C)=CC=C1,,2,1,5,MLP,MACCS
28,CC(C)C1=CC=C2C(C=CC=C2)=[C@]1[C@]3=CSC(C)=C3C,,1,1,5,MLP,MACCS
30,C12=CC=CC=C1N=C3N2CC/C=C/CCN4C5=C(C=CC=C5)N=C34,,1,1,5,MLP,MACCS
37,NC1=CC=C(S(C2=CC=C(N)C=C2)(=O)=O)C=C1,,2,1,5,MLP,MACCS
54,NC1=C(C(C)C)C=CC=C1C(C)C,,1,1,5,MLP,MACCS
60,COC1=CC=C(/C=C/C)C=C1,,1,2,5,MLP,MACCS
74,C1C[C@H]2OOC(C1)O2,,1,1,5,MLP,MACCS
77,Clc1cccc(Cl)c1,,1,1,5,MLP,MACCS
87,CC1(C)C(Br)C[C@H]2O[C@@]2(C)[C@]13CC(Br)C(C)(Cl)CC3O,,1,1,5,MLP,MACCS
89,C[C@]1(Cl)CC2O[C@@]3(Br)[C@H](O)[C@H]4O[C@@]4(C)[C@]2(C[C@@H]1Br)C3(C)C,,1,1,5,MLP,MACCS
93,C/C1=C\CC(C)(C)/C=C/C/C(C)=C/CC1,,1,1,5,MLP,MACCS
94,C/C1=C\CC(C)(C)/C=C/CC2(C)C(O2)CC1,,1,1,5,MLP,MACCS
97,CC12C(O2)CC(C)(C)/C=C/CC(C)(O3)C3CC1,,1,1,5,MLP,MACCS
105,O=C(C(O)=C1)C2=CC=CC3=CC=CC1=C32,,1,1,5,MLP,MACCS
106,O=C(C(C1=CC=CC=C1)=C2)C3=CC=CC4=CC=CC2=C43,,1,1,5,MLP,MACCS
113,C1(/C=C/C2=CC=CC=C2)=CC=CC=C1,,2,1,5,MLP,MACCS
117,CN1C=NC([N+]([O-])=O)=C1C(F)(F)F,,1,1,5,MLP,MACCS
125,C[C@H](CC[C@@H]1C(C)C)CC1=O,,1,1,5,MLP,MACCS
130,CC#[N][Pd]1(Br)C2=CC=CC3=C2C([N]1=CC=C4)=C4C5=CC=CC=C53,,1,0,5,MLP,MACCS
134,O=C1C=CC2(C)C(C(OC(C3C)=O)C3CC2)=C1C,,2,1,5,MLP,MACCS
153,C[C@@]12C(C)(C)[C@@H](CC1=O)CC2,,2,1,5,MLP,MACCS
154,CC1(C)[C@H]2C[C@@H]1CC=C2C,,2,1,5,MLP,MACCS
158,C1=CC=CC2=C1C3C(CC2)C(C(O3)=O)=C,,1,1,5,MLP,MACCS
160,O=C(N[C@H](CO)C1)[C@H](C(C)C)SC2=C1C3=CC=CC=C3N2,,2,2,5,MLP,MACCS
162,C/C([C@@H]1[C@@](CCCC2=C(C)OC(OC)=CC2=O)(O1)C)=C\C3=CC=C([N+]([O-])=O)C=C3,,2,2,5,MLP,MACCS
168,COC1=C(OC)C=C(OC)C(/C=C/C)=C1,,1,1,5,MLP,MACCS
171,COC1=CC=C2C(C(CC(O)=O)C(C)N2C(C3=CC=C(Cl)C=C3)=O)=C1,,2,2,5,MLP,MACCS
172,CC(OC1=CC=CC=C1C(NC2=NC=C([N+]([O-])=O)S2)=O)=O,,2,2,5,MLP,MACCS
182,O[C@H]1[C@H](NCC2=CC=CC=C2)CCC1,,2,2,5,MLP,MACCS
191,O=C(OC)C1=C(C)C(C)=C2O[C@]3(C)CC[C@@]4([H])C(C)(C)[C@@H](O)CC[C@]4(C)[C@@]3([H])C[C@@]2(C)C1=O,,2,2,5,MLP,MACCS
215,CCCC(S)CCO,,0,0,5,MLP,MACCS
220,CC1=CC=C(C)C(OCCCC(C)(C)C(OC2OC(C(O)=O)C(O)C(O)C2O)=O)=C1,,0,0,5,MLP,MACCS
235,[H][C@]12CN(CC(=O)N1CCC1=CC=CC=C21)C(=O)C1CCCCC1,,1,1,5,MLP,MACCS
238,[H][C@]12CN(CC(=O)N1CCC1=CC(O)=CC=C21)C(=O)C1CCCCC1,,1,1,5,MLP,MACCS
246,NC(C1=CC=CC=C1OCC)=O,,2,2,5,MLP,MACCS
248,CN1C(C)C(C(C)C)C(N1C2=CC=CC=C2)=O,,2,2,5,MLP,MACCS
256,O[C@@H]1[C@@H](O)[C@H](O)[C@@H](CO)O[C@H]1C2=C(OC=C(C3=CC=C(O)C=C3)C4=O)C4=CC=C2O,,0,0,5,MLP,MACCS
267,O=C1OC2=CC3=C(C=CO3)C(O/C=C/C(C)C)=C2C=C1,,0,2,5,MLP,MACCS
286,COC1=CC2=C(C=C1OC)C(=O)C(CC1CCN(CC3=CC=CC=C3)CC1)C2,,1,1,5,MLP,MACCS
289,COC1=CC=C2C=C3C4=C(CC[N+]3=CC2=C1OC)C=C1OCOC1=C4,,0,2,5,MLP,MACCS
297,CC(C)CN1C=NC2=C(N)N=C3C=CC=CC3=C12,,0,2,5,MLP,MACCS
298,CC1=CN=C(C=N1)C(=O)NCCC1=CC=C(C=C1)S(=O)(=O)NC(=O)NC1CCCCC1,,0,0,5,MLP,MACCS
299,CC(=O)N1CCN(CC1)C1=CC=C(OC[C@H]2CO[C@@](CN3C=CN=C3)(O2)C2=C(Cl)C=C(Cl)C=C2)C=C1,,0,1,5,MLP,MACCS
333,CC1=C(C(OC)=O)C(C2=C([N+]([O-])=O)C=CC=C2)=C(C(OC)=O)C(C)=N1,,1,1,5,MLP,MACCS
351,CN(C)CCCN(C(C=CC=C1)=C1CC2)C3=C2C=CC=C3,,0,2,5,MLP,MACCS
373,COC1=CC=C(C=C1)C2=COC3=C(C2=O)C=CC(=C3)OC,,2,2,5,MLP,MACCS
374,CC1OC2(C(C)=CCCC2(C)C)CC1,,2,1,5,MLP,MACCS
398,O=C1CCC(C1C/C=C\CC)CC(OC)=O,,2,0,5,MLP,MACCS
400,CC(C1CCC(C=O)=CC1)=C,,1,1,5,MLP,MACCS
403,CC(C)[C@@H]1CC[C@@]([C@@H](C1)C(=C)C)(C)C=C,,0,0,5,MLP,MACCS
409,CC1(C=C)C(C(C)C)CC(C(C)C)CC1,,0,1,5,MLP,MACCS
413,C[C@@]1(CCC2)CC[C@@H](C(C)C)C[C@@]1([H])C2=C,,0,0,5,MLP,MACCS
428,CC(S)CC(OCC)=O,,0,0,5,MLP,MACCS
434,CC(C)C1=CC=C([C@]23[C@@](C[C@@H]4O)([H])C(C)(C)[C@@](O)(CC3)OC2)C4=C1,,2,2,5,MLP,MACCS
440,CC1=C2C(C(OC2)=O)=C(C(C/C=C(C)/CCC(OCCN3CCOCC3)=O)=C1OC)O,,0,0,5,MLP,MACCS
