MaxAbsEStateIndex,MaxEStateIndex,MinAbsEStateIndex,MinEStateIndex,qed,SPS,MolWt,HeavyAtomMolWt,ExactMolWt,NumValenceElectrons,NumRadicalElectrons,MaxPartialCharge,MinPartialCharge,MaxAbsPartialCharge,MinAbsPartialCharge,FpDensityMorgan1,FpDensityMorgan2,FpDensityMorgan3,BCUT2D_MWHI,BCUT2D_MWLOW,BCUT2D_CHGHI,BCUT2D_CHGLO,BCUT2D_LOGPHI,BCUT2D_LOGPLOW,BCUT2D_MRHI,BCUT2D_MRLOW,AvgIpc,BalabanJ,BertzCT,Chi0,Chi0n,Chi0v,Chi1,Chi1n,Chi1v,Chi2n,Chi2v,Chi3n,Chi3v,Chi4n,Chi4v,HallKierAlpha,Ipc,Kappa1,Kappa2,Kappa3,LabuteASA,PEOE_VSA1,PEOE_VSA10,PEOE_VSA11,PEOE_VSA12,PEOE_VSA13,PEOE_VSA14,PEOE_VSA2,PEOE_VSA3,PEOE_VSA4,PEOE_VSA5,PEOE_VSA6,PEOE_VSA7,PEOE_VSA8,PEOE_VSA9,SMR_VSA1,SMR_VSA10,SMR_VSA2,SMR_VSA3,SMR_VSA4,SMR_VSA5,SMR_VSA6,SMR_VSA7,SMR_VSA8,SMR_VSA9,SlogP_VSA1,SlogP_VSA10,SlogP_VSA11,SlogP_VSA12,SlogP_VSA2,SlogP_VSA3,SlogP_VSA4,SlogP_VSA5,SlogP_VSA6,SlogP_VSA7,SlogP_VSA8,SlogP_VSA9,TPSA,EState_VSA1,EState_VSA10,EState_VSA11,EState_VSA2,EState_VSA3,EState_VSA4,EState_VSA5,EState_VSA6,EState_VSA7,EState_VSA8,EState_VSA9,VSA_EState1,VSA_EState10,VSA_EState2,VSA_EState3,VSA_EState4,VSA_EState5,VSA_EState6,VSA_EState7,VSA_EState8,VSA_EState9,FractionCSP3,HeavyAtomCount,NHOHCount,NOCount,NumAliphaticCarbocycles,NumAliphaticHeterocycles,NumAliphaticRings,NumAmideBonds,NumAromaticCarbocycles,NumAromaticHeterocycles,NumAromaticRings,NumAtomStereoCenters,NumBridgeheadAtoms,NumHAcceptors,NumHDonors,NumHeteroatoms,NumHeterocycles,NumRotatableBonds,NumSaturatedCarbocycles,NumSaturatedHeterocycles,NumSaturatedRings,NumSpiroAtoms,NumUnspecifiedAtomStereoCenters,Phi,RingCount,MolLogP,MolMR,fr_Al_COO,fr_Al_OH,fr_Al_OH_noTert,fr_ArN,fr_Ar_COO,fr_Ar_N,fr_Ar_NH,fr_Ar_OH,fr_COO,fr_COO2,fr_C_O,fr_C_O_noCOO,fr_C_S,fr_HOCCN,fr_Imine,fr_NH0,fr_NH1,fr_NH2,fr_N_O,fr_Ndealkylation1,fr_Ndealkylation2,fr_Nhpyrrole,fr_SH,fr_aldehyde,fr_alkyl_carbamate,fr_alkyl_halide,fr_allylic_oxid,fr_amide,fr_amidine,fr_aniline,fr_aryl_methyl,fr_azide,fr_azo,fr_barbitur,fr_benzene,fr_benzodiazepine,fr_bicyclic,fr_diazo,fr_dihydropyridine,fr_epoxide,fr_ester,fr_ether,fr_furan,fr_guanido,fr_halogen,fr_hdrzine,fr_hdrzone,fr_imidazole,fr_imide,fr_isocyan,fr_isothiocyan,fr_ketone,fr_ketone_Topliss,fr_lactam,fr_lactone,fr_methoxy,fr_morpholine,fr_nitrile,fr_nitro,fr_nitro_arom,fr_nitro_arom_nonortho,fr_nitroso,fr_oxazole,fr_oxime,fr_para_hydroxylation,fr_phenol,fr_phenol_noOrthoHbond,fr_phos_acid,fr_phos_ester,fr_piperdine,fr_piperzine,fr_priamide,fr_prisulfonamd,fr_pyridine,fr_quatN,fr_sulfide,fr_sulfonamd,fr_sulfone,fr_term_acetylene,fr_tetrazole,fr_thiazole,fr_thiocyan,fr_thiophene,fr_unbrch_alkane,fr_urea
11.597578105316202,11.597578105316202,0.2487731481481481,0.2487731481481481,0.560560200850737,34.5,218.33999999999997,196.16399999999996,218.167065324,88,0,0.15546386483883198,-0.2948546017953305,0.2948546017953305,0.15546386483883198,1.375,2.0625,2.6875,16.137684358152505,9.590714785643877,2.4135137869742476,-2.4476912394002475,2.5124558348499684,-2.359882718580161,5.915829202106143,-0.11666489683017682,2.189141984704044,2.3776126773818467,382.2391320875848,11.922285251880869,10.891375953589305,10.891375953589305,7.431376103121778,6.323515061636229,6.323515061636229,5.938857552276988,5.938857552276988,4.647658055777095,4.647658055777095,3.1511419866507113,3.1511419866507113,-0.8500000000000001,3511.3837434652864,11.63001993693029,3.868405274120684,1.7664902438525012,98.61909435799885,0.0,0.0,5.783244946364939,0.0,0.0,0.0,4.794537184071822,0.0,0.0,0.0,30.566787989589045,50.51885589055132,6.4208216229260096,0.0,4.794537184071822,5.783244946364939,0.0,0.0,11.332896515558172,53.378235290466534,0.0,22.795333697041684,0.0,0.0,0.0,0.0,0.0,0.0,5.783244946364939,4.794537184071822,11.332896515558172,53.378235290466534,22.795333697041684,0.0,0.0,0.0,17.07,0.0,4.794537184071822,0.0,5.41499046939678,11.701150992526333,25.683286491704038,11.146209060138535,5.573104530069267,6.076020106833881,27.694948798762496,0.0,0.0,0.0,11.597578105316202,0.0,4.740878684807257,0.8289583333333337,0.0,6.073689058956916,9.008895817586295,0.0,0.6666666666666666,16,0,1,2,0,2,0,0,0,0,2,0,1,0,1,0,0,1,0,1,0,0,2.811851903884365,2,4.048300000000003,67.20300000000003,0,0,0,0,0,0,0,0,0,0,1,1,0,0,0,0,0,0,0,0,0,0,0,0,0,0,4,0,0,0,0,0,0,0,0,0,1,0,0,0,0,0,0,0,0,0,0,0,0,0,0,1,0,0,0,0,0,0,0,0,0,0,0,0,0,0,0,0,0,0,0,0,0,0,0,0,0,0,0,0,0,0,0,0,0
11.550934114386497,11.550934114386497,0.30606481481481485,0.30606481481481485,0.5605602008507369,34.5,218.33999999999995,196.16399999999996,218.167065324,88,0,0.15545359091960587,-0.29485478910806895,0.29485478910806895,0.15545359091960587,1.4375,2.125,2.625,16.137682104048707,9.645183929152104,2.4455301759406374,-2.388326639039625,2.5451164478003347,-2.3228249477793255,5.914638928178281,-0.11659433954269423,2.601971605943771,2.3650704046741664,382.2391320875848,11.922285251880869,10.891375953589305,10.891375953589305,7.454031472440814,6.323515061636228,6.323515061636228,5.835304161683714,5.835304161683714,4.722372678457766,4.722372678457766,3.4454394729522115,3.4454394729522115,-0.8500000000000001,4496.206935070836,11.63001993693029,3.868405274120684,1.664550182319412,98.61909435799886,0.0,0.0,5.783244946364939,0.0,0.0,0.0,4.794537184071822,0.0,0.0,0.0,23.643050789898425,57.44259309024196,6.4208216229260096,0.0,4.794537184071822,5.783244946364939,0.0,0.0,11.332896515558172,53.378235290466534,0.0,22.795333697041684,0.0,0.0,0.0,0.0,0.0,0.0,5.783244946364939,4.794537184071822,11.332896515558172,53.378235290466534,22.795333697041684,0.0,0.0,0.0,17.07,0.0,4.794537184071822,0.0,0.0,17.116141461923114,6.4208216229260096,30.408673928916564,5.573104530069267,6.076020106833881,27.694948798762496,0.0,0.0,0.0,11.550934114386497,0.0,4.732198129251701,0.8362268518518516,0.0,6.295402494331065,8.835238410178887,0.0,0.6666666666666666,16,0,1,2,0,2,0,0,0,0,2,0,1,0,1,0,0,1,0,1,1,0,2.811851903884365,2,4.048300000000003,67.20300000000005,0,0,0,0,0,0,0,0,0,0,1,1,0,0,0,0,0,0,0,0,0,0,0,0,0,0,4,0,0,0,0,0,0,0,0,0,0,0,0,0,0,0,0,0,0,0,0,0,0,0,0,1,0,0,0,0,0,0,0,0,0,0,0,0,0,0,0,0,0,0,0,0,0,0,0,0,0,0,0,0,0,0,0,0,0
9.260433437263794,9.260433437263794,0.2349622071050641,0.2349622071050641,0.6656061449216971,37.75,220.35599999999997,196.16399999999996,220.182715388,90,0,0.06411924600173483,-0.39202476616477155,0.39202476616477155,0.06411924600173483,1.5,2.25,2.9375,16.2504288613315,9.592564794785508,2.3944340319570285,-2.454221422954847,2.518363043892715,-2.3372060064007187,5.295116469362587,0.2020309101564049,2.288130810558322,2.293624786795581,337.3441142708954,11.759148545064338,10.844554820998496,10.844554820998496,7.57553405546521,6.5551918382901855,6.5551918382901855,5.8440013803404405,5.8440013803404405,4.929102890107612,4.929102890107612,3.344467800252276,3.344467800252276,-0.56,4450.414426535936,11.91181818719993,4.366800260365744,1.8599766488862433,99.25180601015111,5.106527394840706,0.0,0.0,0.0,0.0,0.0,0.0,0.0,0.0,0.0,31.069703566353667,55.933846359948106,0.0,6.606881964512918,5.106527394840706,0.0,0.0,0.0,11.332896515558172,52.87531971370191,6.606881964512918,22.795333697041684,0.0,0.0,0.0,0.0,0.0,0.0,11.713409359353623,0.0,11.332896515558172,52.87531971370191,22.795333697041684,0.0,0.0,0.0,20.23,0.0,5.106527394840706,0.0,6.606881964512918,5.41499046939678,5.917906046161393,43.25031717476858,5.573104530069267,0.0,26.847231705905752,0.0,0.0,0.0,0.0,9.260433437263794,4.775104875283447,0.7863822751322749,0.0,8.626066232048375,7.135346513605441,0.0,0.7333333333333333,16,1,1,2,0,2,0,0,0,0,2,0,1,1,1,0,1,1,0,1,0,0,3.2510331725808785,2,3.8417000000000034,68.22480000000004,0,1,1,0,0,0,0,0,0,0,0,0,0,0,0,0,0,0,0,0,0,0,0,0,0,0,3,0,0,0,0,0,0,0,0,0,1,0,0,0,0,0,0,0,0,0,0,0,0,0,0,0,0,0,0,0,0,0,0,0,0,0,0,0,0,0,0,0,0,0,0,0,0,0,0,0,0,0,0,0,0,0,0,0,0
11.349599237843286,11.349599237843286,0.18021725665574828,-0.1802172566557485,0.6331610373197498,22.105263157894736,270.3689999999999,244.16099999999994,270.183109312,110,0,0.30540293347555164,-0.46204395761601547,0.46204395761601547,0.30540293347555164,0.5263157894736842,0.8421052631578947,1.2105263157894737,16.57389769505904,10.057461779617595,2.0566613386560486,-2.0579175285711373,2.117473880920224,-2.1322756243550716,5.69633991482081,-0.1519519665146149,2.3998725169572332,2.216244891666003,236.8711889381276,13.76130225617747,11.825381317280574,11.825381317280574,9.287693700234705,7.6009536313038994,7.6009536313038994,5.1229208762544305,5.1229208762544305,3.3712344350520915,3.3712344350520915,2.2314538029327498,2.2314538029327498,-1.06,17967.845534458804,15.99574136008919,10.825294801153714,9.50964474164721,115.39274413495416,9.473725907600098,13.213763929025836,0.0,0.0,0.0,11.938610575903699,9.589074368143644,0.0,0.0,0.0,44.94575136048208,12.841643245852019,12.841643245852019,0.0,19.06280027574374,11.938610575903699,0.0,0.0,0.0,70.62903785218613,13.213763929025836,0.0,0.0,0.0,0.0,0.0,0.0,0.0,25.152374504929533,19.06280027574374,0.0,70.62903785218613,0.0,0.0,0.0,0.0,52.6,0.0,9.589074368143644,0.0,25.152374504929533,12.841643245852019,25.683286491704038,32.10410811463005,0.0,0.0,0.0,9.473725907600098,9.999252960443435,0.0,22.699198475686572,0.0,0.0,-0.3604345133114968,0.0,11.125131225329635,0.3701851851851852,0.0,0.8666666666666667,19,0,4,0,1,1,0,0,0,0,0,0,4,0,4,1,0,0,1,1,0,0,9.11361135715647,1,3.377500000000002,72.70500000000006,0,0,0,0,0,0,0,0,0,0,2,2,0,0,0,0,0,0,0,0,0,0,0,0,0,0,0,0,0,0,0,0,0,0,0,0,0,0,0,0,2,2,0,0,0,0,0,0,0,0,0,0,0,0,2,0,0,0,0,0,0,0,0,0,0,0,0,0,0,0,0,0,0,0,0,0,0,0,0,0,0,0,0,0,0
6.126739890400605,6.126739890400605,0.20701388888888883,0.20701388888888883,0.6051886198660829,52.94117647058823,236.39899999999994,208.17499999999995,236.21401551600002,98,0,0.06883409897038813,-0.37496498330348593,0.37496498330348593,0.06883409897038813,0.8823529411764706,1.6470588235294117,2.411764705882353,16.50593039307801,9.455058819291898,2.5968346204637283,-2.5984323884418505,2.64203510647018,-2.554197207252244,5.08984545070275,-0.1469288261391876,2.5950009445628437,1.9773447987737445,317.4868683012557,12.311554787871634,12.012696297148949,12.012696297148949,7.885410681680074,7.524656570913544,7.524656570913544,7.941602413503427,7.941602413503427,6.576834692740902,6.576834692740902,5.823960415565207,5.823960415565207,-0.04,8304.0030226011,12.017522832879347,3.4968945224083297,1.5386899545345174,106.30943451269786,4.736862953800049,0.0,0.0,0.0,0.0,0.0,0.0,0.0,0.0,0.0,27.19203322199788,61.69363834543702,6.606881964512918,5.601050810983688,4.736862953800049,0.0,0.0,0.0,22.665793031116344,71.82092934730225,6.606881964512918,0.0,0.0,0.0,0.0,0.0,0.0,0.0,12.207932775496605,4.736862953800049,22.665793031116344,66.21987853631856,0.0,0.0,0.0,0.0,9.23,0.0,0.0,0.0,5.601050810983688,10.82998093879356,18.442694056835705,38.524929737556064,0.0,0.0,27.694948798762496,4.736862953800049,6.126739890400605,0.0,0.0,0.0,1.3063888888888886,1.733194444444444,0.0,8.270113851095994,10.980229591836736,0.0,1.0,17,0,1,2,1,3,0,0,0,0,4,0,1,0,1,1,0,2,1,3,0,0,2.472000574541931,3,4.408000000000004,70.92700000000006,0,0,0,0,0,0,0,0,0,0,0,0,0,0,0,0,0,0,0,0,0,0,0,0,0,0,0,0,0,0,0,0,0,0,0,0,3,0,0,0,0,1,0,0,0,0,0,0,0,0,0,0,0,0,0,0,0,0,0,0,0,0,0,0,0,0,0,0,0,0,0,0,0,0,0,0,0,0,0,0,0,0,0,0,0
11.296666666666667,11.296666666666667,0.13555555555555587,-0.39053240740740724,0.663594769689398,58.6875,222.37199999999996,196.16399999999996,222.198365452,92,0,0.07566641539451861,-0.3887427222905962,0.3887427222905962,0.07566641539451861,1.0625,1.75,2.4375,16.289340649442483,9.353932878540473,2.692010274317408,-2.7126179488052187,2.70903164633758,-2.709825700011,5.189462942011261,-0.29066343455865845,2.2161638680745885,2.1292894147623307,321.3966410658722,11.767584713501616,11.214798309001575,11.214798309001575,7.328133814754586,7.051740612504564,7.051740612504564,7.593181751983408,7.593181751983408,7.048700399607814,7.048700399607814,5.6923226370626505,5.6923226370626505,-0.04,4175.252727452525,11.073461738781058,2.854229488988896,0.9394000132051198,99.62518092099036,5.106527394840706,0.0,0.0,0.0,0.0,0.0,0.0,0.0,0.0,0.0,27.694948798762496,60.687807191907794,0.0,5.601050810983688,5.106527394840706,0.0,0.0,0.0,28.583699077277736,65.40010772437624,0.0,0.0,0.0,0.0,0.0,0.0,0.0,0.0,10.707578205824394,0.0,28.583699077277736,59.79905691339255,0.0,0.0,0.0,0.0,20.23,5.601050810983688,5.106527394840706,0.0,10.82998093879356,0.0,24.17453976141019,25.683286491704038,0.0,0.0,27.694948798762496,0.0,0.0,0.0,0.0,11.296666666666667,-0.05763888888888835,2.3558101851851845,0.0,6.228356481481481,9.426805555555555,0.0,1.0,16,1,1,4,0,4,0,0,0,0,5,4,1,1,1,0,0,4,0,4,0,0,1.975387565001197,4,3.6098000000000026,66.06680000000006,0,1,0,0,0,0,0,0,0,0,0,0,0,0,0,0,0,0,0,0,0,0,0,0,0,0,0,0,0,0,0,0,0,0,0,0,1,0,0,0,0,0,0,0,0,0,0,0,0,0,0,0,0,0,0,0,0,0,0,0,0,0,0,0,0,0,0,0,0,0,0,0,0,0,0,0,0,0,0,0,0,0,0,0,0
4.3015192743764175,4.3015192743764175,0.5676851851851852,0.5676851851851852,0.5005620426274199,38.86666666666667,204.35699999999997,180.16499999999996,204.187800768,84,0,-0.016706033821385385,-0.09955909441515004,0.09955909441515004,0.016706033821385385,1.3333333333333333,2.066666666666667,2.7333333333333334,14.513946025347977,9.520157743236192,2.467345625559585,-2.526257126099936,2.560105564172242,-2.440141859930286,5.1575415630176416,0.003843859964763076,2.1791894970021186,2.119623126378003,293.1601712439863,11.05204176387779,10.474691494688164,10.474691494688164,7.00483718255332,6.338317170882457,6.338317170882457,6.191766860733704,6.191766860733704,4.567793078430631,4.567793078430631,3.439935620344929,3.439935620344929,-0.52,1956.9121683079024,10.980103492712109,3.8082274377555727,2.044177999849034,94.45757225795509,0.0,0.0,0.0,0.0,0.0,0.0,0.0,0.0,0.0,0.0,37.64863924995216,56.27864787604023,0.0,0.0,0.0,0.0,0.0,0.0,17.250802561719567,52.87531971370191,0.0,23.801164850570913,0.0,0.0,0.0,0.0,0.0,0.0,0.0,0.0,17.250802561719567,52.87531971370191,23.801164850570913,0.0,0.0,0.0,0.0,0.0,0.0,0.0,0.0,5.41499046939678,11.835812092322787,37.67721264469931,5.573104530069267,0.0,33.42616738950425,0.0,0.0,0.0,0.0,0.0,3.6754861111111117,1.7275462962962957,0.0,8.901077569916856,11.445890022675737,0.0,0.7333333333333333,15,0,0,2,0,2,0,0,0,0,2,0,0,0,0,0,0,1,0,1,0,0,2.7876487593561365,2,4.7252000000000045,66.74300000000005,0,0,0,0,0,0,0,0,0,0,0,0,0,0,0,0,0,0,0,0,0,0,0,0,0,0,3,0,0,0,0,0,0,0,0,0,1,0,0,0,0,0,0,0,0,0,0,0,0,0,0,0,0,0,0,0,0,0,0,0,0,0,0,0,0,0,0,0,0,0,0,0,0,0,0,0,0,0,0,0,0,0,0,0,0
11.788712049634668,11.788712049634668,0.15493055555555557,0.15493055555555557,0.6616827347493545,23.842105263157894,258.405,232.19699999999995,258.198365452,104,0,0.15957604064149758,-0.2945011154165519,0.2945011154165519,0.15957604064149758,1.1578947368421053,1.736842105263158,2.263157894736842,16.137447324312674,9.575838727390417,2.4177335016022967,-2.465220113365077,2.491035573721134,-2.4011353217542175,5.9554688688847035,0.10119134798487847,2.249821219071846,2.7546318164475485,534.866419318812,14.585421958697399,13.34740587921929,13.34740587921929,8.570221323455531,7.236651768452759,7.236651768452759,7.479642486612125,7.479642486612125,5.215621393383314,5.215621393383314,3.576286999479063,3.576286999479063,-1.11,10245.685831653185,14.302294745904305,4.1934204183182615,2.134019209104134,116.9663994387708,0.0,0.0,5.783244946364939,0.0,0.0,0.0,4.794537184071822,0.0,0.0,0.0,40.68505306691473,59.7729045508148,5.563451491696996,0.0,4.794537184071822,5.783244946364939,0.0,0.0,5.917906046161393,65.71696295955394,0.0,34.386540103711205,0.0,0.0,0.0,0.0,0.0,0.0,5.783244946364939,10.82998093879356,12.841643245852017,75.01158797192956,12.13273413692322,0.0,0.0,0.0,17.07,0.0,4.794537184071822,0.0,16.6132258851585,5.917906046161393,11.126902983393991,17.54772460632,6.923737199690624,0.0,53.67515733506696,0.0,0.0,0.0,11.788712049634668,0.0,5.13811366213152,0.824172335600907,4.406851851851851,1.1740136054421768,15.334803162005542,0.0,0.6111111111111112,19,0,1,1,0,1,0,1,0,1,1,0,1,0,1,0,1,0,0,0,0,0,3.1566070955937424,2,4.792620000000005,81.01650000000005,0,0,0,0,0,0,0,0,0,0,1,1,0,0,0,0,0,0,0,0,0,0,0,0,0,0,0,0,0,0,1,0,0,0,1,0,1,0,0,0,0,0,0,0,0,0,0,0,0,0,0,1,1,0,0,0,0,0,0,0,0,0,0,0,0,0,0,0,0,0,0,0,0,0,0,0,0,0,0,0,0,0,0,0,0
9.097645502645502,9.097645502645502,0.06347222222222237,-0.06347222222222237,0.5584877407795681,20.8,473.869,455.725,469.80911359600003,92,0,0.056947982918523835,-0.3951600462543051,0.3951600462543051,0.056947982918523835,1.0666666666666667,1.5333333333333334,1.8666666666666667,79.92204359273867,9.968586802487224,2.317137586290704,-2.304485857146962,2.3690450483645837,-2.335967905080873,9.125870470678828,0.27794398940057047,2.1073718842193316,4.151221114337508,188.35163473763518,12.276020881938894,9.23509236947576,15.579078525934579,6.609207560276425,4.8780282602086755,8.295375856906759,4.498820361369597,10.564861433048597,2.4448768872888453,8.077953527169793,1.0991348750476497,2.15959141727238,1.88,925.1362571722866,16.88,6.716520123233409,6.390499349952708,126.28815423216045,5.106527394840706,0.0,0.0,0.0,0.0,0.0,0.0,0.0,0.0,0.0,63.719775591797394,33.61285484492389,13.475691057361207,11.43405603480973,5.106527394840706,63.719775591797394,0.0,0.0,0.0,51.91571997258191,6.606881964512918,0.0,0.0,0.0,0.0,0.0,0.0,63.719775591797394,30.016274487011646,0.0,0.0,33.61285484492389,0.0,0.0,0.0,0.0,20.23,0.0,0.0,0.0,20.082573021874126,4.827174070296812,12.841643245852019,0.0,0.0,0.0,84.49098719086925,5.106527394840706,0.03087714947089948,14.453826609347445,0.5031533446712013,9.097645502645502,0.0,0.0,0.0,2.0382175925925923,6.542946467939027,0.0,1.0,15,1,1,0,0,0,0,0,0,0,3,0,1,1,5,0,6,0,0,0,0,0,7.558323978678662,0,4.613000000000003,82.08780000000003,0,1,1,0,0,0,0,0,0,0,0,0,0,0,0,0,0,0,0,0,0,0,0,0,0,4,0,0,0,0,0,0,0,0,0,0,0,0,0,0,0,0,0,0,4,0,0,0,0,0,0,0,0,0,0,0,0,0,0,0,0,0,0,0,0,0,0,0,0,0,0,0,0,0,0,0,0,0,0,0,0,0,0,0,0
9.097645502645502,9.097645502645502,0.06347222222222215,-0.06347222222222215,0.5584877407795681,20.8,473.869,455.725,469.809113596,92,0,0.056947982918523835,-0.3951600462543051,0.3951600462543051,0.056947982918523835,1.0666666666666667,1.5333333333333334,1.8666666666666667,79.92204359273843,9.968586802487215,2.3171375862907015,-2.3044858571469558,2.369045048364585,-2.335967905080876,9.12587047067883,0.27794398940056897,2.1073718842193316,4.151221114337508,188.35163473763515,12.276020881938894,9.235092369475762,15.579078525934579,6.609207560276426,4.8780282602086755,8.295375856906759,4.498820361369598,10.564861433048597,2.4448768872888453,8.077953527169795,1.0991348750476495,2.15959141727238,1.88,925.1362571722866,16.88,6.716520123233409,6.390499349952708,126.28815423216045,5.106527394840706,0.0,0.0,0.0,0.0,0.0,0.0,0.0,0.0,0.0,63.719775591797394,33.61285484492389,13.475691057361207,11.43405603480973,5.106527394840706,63.719775591797394,0.0,0.0,0.0,51.915719972581904,6.606881964512918,0.0,0.0,0.0,0.0,0.0,0.0,63.719775591797394,30.016274487011643,0.0,0.0,33.61285484492389,0.0,0.0,0.0,0.0,20.23,0.0,0.0,0.0,20.082573021874126,4.827174070296812,12.841643245852019,0.0,0.0,0.0,84.49098719086925,5.106527394840706,0.03087714947089948,14.453826609347441,0.5031533446712014,9.097645502645502,0.0,0.0,0.0,2.0382175925925927,6.542946467939028,0.0,1.0,15,1,1,0,0,0,0,0,0,0,3,0,1,1,5,0,6,0,0,0,0,0,7.558323978678662,0,4.613000000000004,82.08780000000003,0,1,1,0,0,0,0,0,0,0,0,0,0,0,0,0,0,0,0,0,0,0,0,0,0,4,0,0,0,0,0,0,0,0,0,0,0,0,0,0,0,0,0,0,4,0,0,0,0,0,0,0,0,0,0,0,0,0,0,0,0,0,0,0,0,0,0,0,0,0,0,0,0,0,0,0,0,0,0,0,0,0,0,0,0
12.467281902634534,12.467281902634534,0.04450600278883132,-0.3427176366669509,0.3884964411875072,11.807692307692308,500.25200000000024,480.0920000000002,497.9499896999999,138,0,0.3376587028806055,-0.46205282084324356,0.46205282084324356,0.3376587028806055,1.0,1.6153846153846154,2.230769230769231,79.91976174136941,10.176407563973365,2.1684303188631238,-2.1484668048559397,2.255200525973423,-2.1338673279631246,9.104504497129817,0.04993040662666347,2.6135252948264545,1.8728818411431793,764.2264429205158,18.940946820939047,14.413501655326732,18.401991314483865,12.49040230064194,8.385176221133392,10.850825571502993,5.761281234024906,8.865792030569068,3.677977541009191,5.918997108025848,2.400885048623963,4.332790569746301,-1.11,574719.439382927,21.193032066169362,10.898446520563075,6.89301531140946,174.7028289069762,4.736862953800049,0.0,0.0,5.11527693018572,0.0,5.969305287951849,4.794537184071822,4.794537184071822,0.0,0.0,75.16543277329129,43.173478588160066,19.758828553343996,12.170333456209914,14.325937321943691,54.70635496342738,0.0,0.0,0.0,31.436140098450828,6.606881964512918,68.6032785627517,0.0,0.0,0.0,0.0,0.0,43.62177274528981,22.94140221263266,4.736862953800049,0.0,46.902179420006284,57.47637557935771,0.0,0.0,0.0,43.370000000000005,0.0,9.589074368143644,0.0,16.334520248119745,24.154606570832918,21.787082277516845,11.761884949391115,18.19910120538483,30.33183534230805,38.78362499558932,4.736862953800049,7.101178774279354,8.057450414655587,24.562697387405628,0.1711644285047964,1.195268813027201,-0.3427176366669509,14.50567961005527,2.527626835354334,2.3883180400514457,0.0,0.3,26,0,3,0,0,0,0,2,0,2,1,0,4,0,6,0,8,0,0,0,0,0,8.883504868527892,2,6.500800000000005,113.80100000000003,0,0,0,0,0,0,0,0,0,0,2,2,0,0,0,0,0,0,0,0,0,0,0,0,0,0,0,0,0,0,0,0,0,0,2,0,0,0,0,0,1,1,0,0,2,0,0,0,0,0,0,0,0,0,0,0,0,0,0,0,0,0,0,0,0,0,0,0,0,0,0,0,0,0,0,1,0,0,0,0,0,0,0,0,0
3.6813144841269843,3.6813144841269843,0.6944675925925926,0.6944675925925926,0.5110934001267337,49.9375,283.25300000000004,260.06899999999996,282.09831283600005,90,0,0.024432695021891087,-0.08798419505393214,0.08798419505393214,0.024432695021891087,1.5,2.25,2.875,79.91872972367939,9.464808750224655,2.6510731106666814,-2.5760263142431974,2.716660270984378,-2.5298033242187326,9.089722862764464,-0.08086214522756799,2.740949988712244,1.884056596716466,330.32665294353023,11.499635521070495,10.670493212893174,12.256489752007878,7.592370807870817,6.841847304582399,7.9633162123288015,6.7587972000201635,7.319531653893365,5.979278380577702,6.626758756352883,5.174911080993303,5.777652932440027,0.21999999999999997,6183.583174534823,11.318357554514222,3.604569652863569,1.215350070939244,108.00889174225146,0.0,0.0,0.0,0.0,0.0,0.0,0.0,0.0,0.0,0.0,48.35028013392437,54.26698556898178,5.330089647061427,0.0,0.0,15.929943897949348,0.0,0.0,35.00452070020375,40.0336764678499,5.330089647061427,11.64912463690315,0.0,0.0,0.0,0.0,0.0,15.929943897949348,5.330089647061427,0.0,35.00452070020375,40.0336764678499,11.64912463690315,0.0,0.0,0.0,0.0,0.0,0.0,0.0,0.0,5.41499046939678,34.91961987786839,19.26246486877803,5.573104530069267,0.0,42.7771756038551,0.0,0.0,3.6813144841269843,0.0,1.116628873771731,2.416712962962963,4.813542139077852,0.0,6.87593253968254,7.429202333711263,0.0,0.8666666666666667,16,0,0,3,0,3,0,0,0,0,5,0,0,0,1,0,2,2,0,2,0,0,2.5498630100788175,3,4.645900000000005,72.63300000000004,0,0,0,0,0,0,0,0,0,0,0,0,0,0,0,0,0,0,0,0,0,0,0,0,0,1,2,0,0,0,0,0,0,0,0,0,4,0,0,0,0,0,0,0,1,0,0,0,0,0,0,0,0,0,0,0,0,0,0,0,0,0,0,0,0,0,0,0,0,0,0,0,0,0,0,0,0,0,0,0,0,0,0,0,0
9.865982142857142,9.865982142857142,0.2226388888888884,-0.5218749999999996,0.5450188565442741,42.666666666666664,233.14899999999994,216.01299999999995,232.046277264,70,0,0.07441912905487658,-0.38901607353737977,0.38901607353737977,0.07441912905487658,1.6666666666666667,2.25,2.6666666666666665,79.91873330632112,9.772443735135292,2.361510680978282,-2.375440347984557,2.383406593864773,-2.405120018915691,9.092785911927681,0.021493280760486802,1.9413531778945667,2.5783462906713295,186.2776008164882,9.353371151128522,7.808305731634627,9.394302270749332,5.432357537481887,4.451026609753734,5.366702138545424,4.142362726833039,5.247680867004066,2.8621241079508084,4.222276302254173,1.6921888669357696,2.37235199027721,0.18,359.15033791049484,10.262101806239736,3.5054970161482593,2.1066423791427202,82.99007722952291,5.106527394840706,0.0,0.0,0.0,0.0,0.0,0.0,0.0,0.0,0.0,28.081984111617114,39.02784531432067,4.827174070296812,5.601050810983688,5.106527394840706,15.929943897949348,0.0,0.0,5.917906046161393,43.53816414943978,0.0,12.152040213667764,0.0,0.0,0.0,0.0,0.0,15.929943897949348,15.534752276121207,0.0,5.917906046161393,33.10993926815928,12.152040213667764,0.0,0.0,0.0,20.23,5.601050810983688,5.106527394840706,0.0,4.827174070296812,5.917906046161393,19.26246486877803,5.573104530069267,0.0,6.923737199690624,29.43261678123847,0.0,0.0,3.5273611111111114,0.2226388888888884,9.865982142857142,0.7234490740740747,0.5922222222222221,0.0,2.9654861111111113,7.936193783068783,0.0,0.8,12,1,1,1,0,1,0,0,0,0,3,0,1,1,2,0,1,1,0,1,0,0,2.9978139384319213,1,2.8771000000000013,55.493800000000036,0,1,0,0,0,0,0,0,0,0,0,0,0,0,0,0,0,0,0,0,0,0,0,0,0,1,1,0,0,0,0,0,0,0,0,0,0,0,0,0,0,0,0,0,1,0,0,0,0,0,0,0,0,0,0,0,0,0,0,0,0,0,0,0,0,0,0,0,0,0,0,0,0,0,0,0,0,0,0,0,0,0,0,0,0
11.73668126781628,11.73668126781628,0.26207574850927995,-0.26207574850927995,0.5786881428918659,10.526315789473685,264.36899999999997,240.17699999999996,264.183778008,106,0,0.3376671984238137,-0.46073270886646656,0.46073270886646656,0.3376671984238137,1.263157894736842,1.9473684210526316,2.526315789473684,16.533354992693692,10.175409312320717,2.061757627269213,-2.1011567545679517,2.1032584529406027,-2.196843968372948,5.893155795196466,0.04816607786150744,2.390447324634077,2.394548171898395,374.236893489923,14.08757566981053,12.108645159118927,12.108645159118927,9.1302289553358,6.789605758901171,6.789605758901171,4.796875471457752,4.796875471457752,2.751713780758142,2.751713780758142,1.5379131400375297,1.5379131400375297,-1.55,16073.367810839532,15.507306590257876,8.534307301090518,6.246200235496293,115.3006453324285,14.953561288656857,6.606881964512918,0.0,0.0,0.0,5.969305287951849,0.0,4.794537184071822,0.0,0.0,13.344558822616634,44.781633862126824,18.776899086508713,5.563451491696996,9.53140013787187,11.656691562635412,0.0,4.899909730850478,0.0,19.765380445542643,39.108527345698775,29.828919765543436,0.0,0.0,5.316788604006331,5.687386274683562,0.0,0.0,44.66095376049477,4.736862953800049,0.0,30.12336912131146,24.26546827384644,0.0,0.0,0.0,41.57,0.0,4.794537184071822,0.0,5.969305287951849,12.170333456209914,25.197720709434723,6.4208216229260096,12.13273413692322,31.12798783312808,12.240525803696954,4.736862953800049,5.1762925118011704,0.0,13.716868786921825,3.311027280900116,1.6371196040144458,-0.26207574850927995,7.425538548752834,2.3170763788567514,4.2801333492278655,3.898019288034273,0.5333333333333333,19,1,4,0,0,0,0,1,0,1,0,0,4,1,4,0,8,0,0,0,0,0,6.965479992288784,1,2.617000000000001,78.67620000000005,0,0,0,0,0,0,0,0,0,0,1,1,0,0,0,1,1,0,0,1,0,0,0,0,0,0,0,0,0,1,0,0,0,0,1,0,0,0,0,0,1,1,0,0,0,0,0,0,0,0,0,0,0,0,0,0,0,0,0,0,0,0,0,0,0,0,0,0,0,0,0,0,0,0,0,0,0,0,0,0,0,0,0,1,0
11.13533597287076,11.13533597287076,0.089456198815272,-0.089456198815272,0.18947611967363223,12.25,332.52800000000013,296.24,332.271530392,136,0,0.30527898323428915,-0.46596907187368697,0.46596907187368697,0.30527898323428915,0.7083333333333334,1.2083333333333333,1.7083333333333333,16.531807034974527,10.163369524317595,1.9792588443861858,-1.9831569460505927,2.0151812306886154,-2.0219630902034744,5.686987525211813,-0.14269118136627343,2.5764127625502944,3.434901303857165,388.7740954289998,17.71948589292058,15.71347332749676,15.71347332749676,11.808060412490448,9.564010035069282,9.564010035069282,5.785756475140486,5.785756475140486,3.514524307525683,3.514524307525683,2.1583506789505,2.1583506789505,-1.5699999999999998,171751.40398989027,22.43,19.476663555762947,18.478947626040135,148.91969063097196,4.736862953800049,0.0,0.0,0.0,0.0,5.969305287951849,4.794537184071822,0.0,0.0,0.0,68.37354130021369,51.8694885601727,6.4208216229260096,6.606881964512918,9.53140013787187,5.969305287951849,0.0,0.0,0.0,78.05569062864136,6.606881964512918,48.60816085467105,0.0,0.0,0.0,0.0,0.0,0.0,12.576187252464766,9.53140013787187,0.0,78.05569062864136,48.60816085467105,0.0,0.0,0.0,26.3,0.0,4.794537184071822,0.0,5.969305287951849,13.027703587438928,32.10410811463005,25.683286491704038,0.0,6.923737199690624,55.53189805436167,4.736862953800049,4.885967000127559,0.0,11.13533597287076,0.0,0.0,-0.089456198815272,0.0,28.18340305790429,4.5514168345793315,0.0,0.5909090909090909,24,0,2,0,0,0,0,0,0,0,0,0,2,0,2,0,15,0,0,0,0,0,18.202565148156786,0,6.695200000000007,105.03700000000006,0,0,0,0,0,0,0,0,0,0,1,1,0,0,0,0,0,0,0,0,0,0,0,0,0,0,8,0,0,0,0,0,0,0,0,0,0,0,0,0,1,1,0,0,0,0,0,0,0,0,0,0,0,0,0,0,0,0,0,0,0,0,0,0,0,0,0,0,0,0,0,0,0,0,0,0,0,0,0,0,0,0,0,4,0
2.4265046296296298,2.4265046296296298,0.6748611111111111,0.6748611111111111,0.44898299940434644,42.1,136.23799999999997,120.10999999999997,136.125200512,56,0,-0.02856732634599153,-0.08529220501473828,0.08529220501473828,0.02856732634599153,1.4,2.1,2.6,14.610527193715027,10.012093614753173,2.5659565533281055,-2.0450612533131043,2.63821853967749,-1.904556356080729,5.183545026721799,0.541802666110865,2.3551483205918715,2.130144225209937,186.21499122004107,7.3533711511285205,7.146264369941973,7.146264369941973,4.621027033568037,4.277656999102636,4.277656999102636,4.524656570913544,4.524656570913544,3.5500363163749786,3.5500363163749786,2.4891708551542777,2.4891708551542777,-0.26,289.68324343280017,6.450201165867344,1.6637425470500236,0.6799544698240754,63.322464718156304,0.0,0.0,0.0,0.0,0.0,0.0,0.0,0.0,0.0,0.0,25.496599036284394,37.016183007262214,0.0,0.0,0.0,0.0,0.0,0.0,17.250802561719567,33.61285484492389,0.0,11.64912463690315,0.0,0.0,0.0,0.0,0.0,0.0,0.0,0.0,17.250802561719567,33.61285484492389,11.64912463690315,0.0,0.0,0.0,0.0,0.0,0.0,0.0,0.0,5.41499046939678,11.835812092322787,12.841643245852019,5.573104530069267,0.0,26.847231705905752,0.0,0.0,0.0,0.0,0.0,2.292291666666667,2.049722222222222,0.0,5.1498842592592595,7.091435185185185,0.0,0.8,10,0,0,2,0,2,0,0,0,0,2,0,0,0,0,0,0,1,0,1,0,0,1.0731474116685165,2,2.9987000000000013,43.75200000000002,0,0,0,0,0,0,0,0,0,0,0,0,0,0,0,0,0,0,0,0,0,0,0,0,0,0,2,0,0,0,0,0,0,0,0,0,1,0,0,0,0,0,0,0,0,0,0,0,0,0,0,0,0,0,0,0,0,0,0,0,0,0,0,0,0,0,0,0,0,0,0,0,0,0,0,0,0,0,0,0,0,0,0,0,0
12.362390873015872,12.362390873015872,0.003668745275887897,-0.5661952003023436,0.8605899449393155,30.095238095238095,289.37500000000006,266.1909999999999,289.167793596,114,0,0.3155498550108651,-0.4617237756087618,0.4617237756087618,0.3155498550108651,1.2857142857142858,1.9047619047619047,2.4761904761904763,16.54502257231992,9.981040867699798,2.399916643223167,-2.357985743936813,2.355689134300455,-2.434594131849146,5.780669009753577,-0.15482380224365103,2.7161839716030087,1.632677623313254,476.06840462966727,14.819626477379408,12.442610100567016,12.442610100567016,10.185871848001627,7.7695615968301235,7.7695615968301235,6.226609618478852,6.226609618478852,5.006836850664757,5.006836850664757,3.705569432943791,3.705569432943791,-1.39,86059.57295626972,14.54322777837141,6.1594002436145106,2.965447272746595,125.26323882275126,14.743300079491233,12.021872433909696,0.0,0.0,0.0,5.969305287951849,4.794537184071822,0.0,0.0,0.0,30.33183534230805,38.29440996607822,12.083681658295921,6.606881964512918,14.637927532712578,5.969305287951849,0.0,4.899909730850478,0.0,49.78884058390966,13.654553947190108,35.89528683400505,0.0,0.0,0.0,0.0,0.0,0.0,47.81794440687736,9.53140013787187,0.0,37.164644029562425,30.33183534230805,0.0,0.0,0.0,49.77,5.917906046161393,9.901064578912528,0.0,18.68015364021307,12.083681658295921,18.405094737549014,12.841643245852019,0.0,30.33183534230805,11.947581713527669,4.736862953800049,5.702325207860922,0.0,14.784075097631645,9.528670319979845,0.8202772528764596,-0.8600349584278157,10.470208907254364,4.259639448754708,-0.20602521101033,2.1675306017468716,0.5882352941176471,21,1,4,0,2,2,0,1,0,1,4,2,4,1,4,2,4,0,2,2,0,1,4.265598129573437,3,1.9308999999999996,79.95580000000005,0,1,1,0,0,0,0,0,0,0,1,1,0,0,0,1,0,0,0,0,0,0,0,0,0,0,0,0,0,0,0,0,0,0,1,0,2,0,0,0,1,1,0,0,0,0,0,0,0,0,0,0,0,0,0,0,0,0,0,0,0,0,0,0,0,0,0,0,0,1,0,0,0,0,0,0,0,0,0,0,0,0,0,0,0
13.287281971162535,13.287281971162535,0.13752335897628143,-1.0651924852177388,0.6583833953784647,13.096774193548388,432.46700000000016,406.2590000000001,432.186063752,166,0,0.3333698131528984,-0.45817886362833365,0.45817886362833365,0.3333698131528984,0.967741935483871,1.5483870967741935,2.096774193548387,19.145437118693877,10.057972884411862,2.294183347279726,-2.2552345260371776,2.186061934738459,-2.4794128363192898,5.909861421077687,-0.15856480971136214,2.635828119448006,2.057300566509557,922.0878121450204,23.181433796945203,17.869531580956718,17.869531580956718,14.441379362688977,9.769152332610963,9.769152332610963,8.129429950983477,8.129429950983477,4.119783347384337,4.119783347384337,2.808257157712934,2.808257157712934,-3.2899999999999987,3355240.503057667,23.98379574095245,10.148401985694168,7.8054318506410505,179.53176728663044,15.370440161812711,23.277333322223438,6.041840829147961,11.814359458703011,0.0,5.969305287951849,9.589074368143644,13.575367279421462,0.0,0.0,30.33183534230805,50.954585919079705,6.06636706846161,6.4208216229260096,27.901304601365155,17.78366474665486,0.0,10.633577208012662,0.0,51.80050289096812,0.0,71.29228121317867,0.0,0.0,10.633577208012662,8.78083009534964,0.0,0.0,29.42655638678651,25.54129612894152,11.63444168209179,44.863692611304444,48.53093654769288,0.0,0.0,0.0,84.5,47.102838898026256,23.164441647565106,0.0,11.984273114623004,11.629818560158606,12.13273413692322,6.923737199690624,51.103046941379915,0.0,10.633577208012662,4.736862953800049,31.979933044850455,0.0,37.48821932470277,5.057766426786764,-0.09080702883065328,-3.436308342626261,9.303145466798638,-0.30507972556944485,6.586464167221067,0.0,0.34782608695652173,31,2,6,0,0,0,2,2,0,2,2,0,4,2,8,0,7,0,0,0,0,0,7.851522591031134,2,3.2112000000000007,110.83740000000006,0,0,0,0,0,0,0,0,0,0,3,3,0,0,0,0,2,0,0,0,0,0,0,0,0,0,0,2,0,0,0,0,0,0,2,0,0,0,0,0,1,1,0,0,2,0,0,0,0,0,0,0,0,0,0,0,0,0,0,0,0,0,0,0,0,0,0,0,0,0,0,0,0,0,0,0,0,0,0,0,0,0,0,0,0
11.89231859410431,11.89231859410431,0.06120370370370365,0.06120370370370365,0.8489671904749567,10.647058823529411,234.343,212.16699999999997,234.173213324,94,0,0.23806613187559778,-0.324484604945174,0.324484604945174,0.23806613187559778,1.1764705882352942,1.7058823529411764,2.176470588235294,16.150137625790553,10.099692731628444,2.094433566742462,-2.181557420748628,2.1862204178383027,-2.327331479447575,5.932586126168495,-0.1167933644749172,2.307845583406121,2.680267656047494,363.5586415589085,12.836498814253964,11.208833037092342,11.208833037092342,8.078917360319544,6.164591332105106,6.164591332105106,4.276374970349687,4.276374970349687,3.0071852609718834,3.0071852609718834,1.840879283307606,1.840879283307606,-1.35,5511.135253173818,13.713897763578274,6.4012209135305955,3.858200815473424,103.82215798852502,5.316788604006331,0.0,0.0,5.907179729351506,0.0,0.0,9.694446914922299,0.0,0.0,0.0,32.046575604766076,38.06389019460039,5.687386274683562,6.544756405912575,4.794537184071822,11.594566004035068,0.0,4.899909730850478,0.0,27.694948798762496,24.951057821744058,29.32600418877882,0.0,0.0,5.316788604006331,5.687386274683562,0.0,0.0,30.44135867793971,4.794537184071822,13.847474399381248,24.974377382775238,18.19910120538483,0.0,0.0,0.0,32.34,0.0,4.794537184071822,0.0,5.907179729351506,6.544756405912575,29.903802069902703,0.0,0.0,32.046575604766076,24.064172734238056,0.0,0.0,0.0,13.9924574829932,2.996990740740741,3.167083333333334,0.06120370370370365,6.032499685059208,0.0,10.416431720836481,0.0,0.5,17,1,3,0,0,0,1,1,0,1,0,0,2,1,3,0,5,0,0,0,0,0,5.163864068837512,1,2.5837400000000006,72.33370000000004,0,0,0,0,0,0,0,0,0,0,1,1,0,0,0,1,1,0,0,1,0,0,0,0,0,0,0,1,0,1,2,0,0,0,1,0,0,0,0,0,0,0,0,0,0,0,0,0,0,0,0,0,0,0,0,0,0,0,0,0,0,0,0,0,1,0,0,0,0,0,0,0,0,0,0,0,0,0,0,0,0,0,0,0,0
11.140576130655841,11.140576130655841,0.29318337767860525,-0.9381871102000561,0.39700407751955186,23.93548387096774,419.43700000000024,398.2690000000002,419.1481207719999,158,0,0.3057970338592092,-0.4594718561955476,0.4594718561955476,0.3057970338592092,1.2258064516129032,2.064516129032258,2.838709677419355,16.625602584429103,10.032304977374702,2.5161232164780216,-2.1442184095082557,2.3327592303428006,-2.3317993456528043,5.711009228734375,-0.14533879346000475,3.2678888115200695,1.2272281931776767,1073.1120489078269,21.631181265251037,16.58768669191616,16.58768669191616,15.097356788324023,9.933175248021705,9.933175248021705,7.278900330915769,7.278900330915769,4.959407174197162,4.959407174197162,3.3172701845369947,3.3172701845369947,-3.43,15397115.63991042,20.827109361130987,9.58618288307244,5.58931485268952,179.0322295557476,19.68678069728151,30.51983193874151,5.693927994848461,0.0,0.0,5.969305287951849,4.794537184071822,4.681802935145185,0.0,5.098681808301038,41.465654756818566,41.897616284857705,6.4208216229260096,12.741599977525652,24.48131788135333,5.969305287951849,0.0,14.993869839101091,0.0,49.90623159050611,0.0,59.93809861413434,0.0,23.681737275422577,0.0,0.0,0.0,0.0,61.696061855475854,20.813019497584495,23.681737275422577,24.099022732397476,48.68071912758889,0.0,0.0,0.0,110.0,30.51983193874151,15.007591973753232,0.0,5.969305287951849,25.080327646613053,5.563451491696996,12.152040213667762,10.878646506758262,30.33183534230805,33.993804179378486,9.473725907600098,12.06558728128625,0.0,11.140576130655841,28.30048566567874,1.6380754064315128,10.55265174741159,9.922810991925836,1.9314666278837551,0.6150128153931391,0.0,0.34782608695652173,31,2,8,0,2,2,0,1,1,2,5,0,8,2,8,3,6,0,2,2,0,0,6.440402556824246,4,0.4322999999999995,109.14860000000002,0,2,2,0,0,3,0,0,0,0,1,1,0,0,0,3,0,0,0,0,0,0,0,0,0,0,1,0,0,0,0,0,0,0,1,0,0,0,0,1,1,2,0,0,0,0,0,0,0,0,0,0,0,0,1,0,0,0,0,0,0,0,0,0,0,0,0,0,0,0,0,0,0,0,0,0,0,0,0,0,0,0,0,0,0
11.140576130655841,11.140576130655841,0.29318337767860525,-0.9381871102000561,0.39700407751955186,23.93548387096774,419.43700000000024,398.2690000000002,419.1481207719999,158,0,0.3057970338592092,-0.4594718561955476,0.4594718561955476,0.3057970338592092,1.2258064516129032,2.064516129032258,2.838709677419355,16.625602584429103,10.032304977374702,2.5161232164780216,-2.1442184095082557,2.3327592303428006,-2.3317993456528043,5.711009228734375,-0.14533879346000475,3.2678888115200695,1.2272281931776767,1073.1120489078269,21.631181265251037,16.58768669191616,16.58768669191616,15.097356788324023,9.933175248021705,9.933175248021705,7.278900330915769,7.278900330915769,4.959407174197162,4.959407174197162,3.3172701845369947,3.3172701845369947,-3.43,15397115.63991042,20.827109361130987,9.58618288307244,5.58931485268952,179.0322295557476,19.68678069728151,30.51983193874151,5.693927994848461,0.0,0.0,5.969305287951849,4.794537184071822,4.681802935145185,0.0,5.098681808301038,41.465654756818566,41.897616284857705,6.4208216229260096,12.741599977525652,24.48131788135333,5.969305287951849,0.0,14.993869839101091,0.0,49.90623159050611,0.0,59.93809861413434,0.0,23.681737275422577,0.0,0.0,0.0,0.0,61.696061855475854,20.813019497584495,23.681737275422577,24.099022732397476,48.68071912758889,0.0,0.0,0.0,110.0,30.51983193874151,15.007591973753232,0.0,5.969305287951849,25.080327646613053,5.563451491696996,12.152040213667762,10.878646506758262,30.33183534230805,33.993804179378486,9.473725907600098,12.06558728128625,0.0,11.140576130655841,28.30048566567874,1.6380754064315128,10.55265174741159,9.922810991925836,1.9314666278837551,0.6150128153931391,0.0,0.34782608695652173,31,2,8,0,2,2,0,1,1,2,5,0,8,2,8,3,6,0,2,2,0,0,6.440402556824246,4,0.4322999999999995,109.14860000000002,0,2,2,0,0,3,0,0,0,0,1,1,0,0,0,3,0,0,0,0,0,0,0,0,0,0,1,0,0,0,0,0,0,0,1,0,0,0,0,1,1,2,0,0,0,0,0,0,0,0,0,0,0,0,1,0,0,0,0,0,0,0,0,0,0,0,0,0,0,0,0,0,0,0,0,0,0,0,0,0,0,0,0,0,0
12.038344198790627,12.038344198790627,0.45928099017384816,-4.377493504346183,0.5690208447027212,12.875,362.154,352.07400000000007,361.9449186,90,0,0.4675080096001932,-0.29693666615855263,0.4675080096001932,0.29693666615855263,1.1875,1.75,2.25,126.91270435019587,9.988681242911145,2.34933419719224,-2.2552677066615967,2.3898714538918084,-2.2140421329566324,14.111930931362163,-0.04585288847490275,2.1436298544494017,2.8194921314612267,365.3269289738701,12.39734122549854,8.637755549723138,11.611750421827187,7.222962099232046,4.40819417233861,6.2285249417239665,3.6025640470309552,5.560998112638045,1.8669802825970274,3.4966409088247707,1.1457756424556804,2.575250123695128,0.04999999999999982,2171.4970425572437,14.112305295950156,5.136401770393455,4.136825350858616,110.09527503783589,0.0,17.643809482990854,0.0,0.0,0.0,5.508330501264255,4.183085432649707,0.0,13.171245143024459,0.0,18.19910120538483,48.0681635866079,3.5701822710653963,0.0,17.354330575674165,34.633629299075224,0.0,0.0,0.0,24.95685571162919,0.0,33.39910203660883,0.0,0.0,0.0,13.171245143024459,0.0,34.633629299075224,5.508330501264255,9.784136243633395,3.5701822710653963,19.410925891078243,24.26546827384644,0.0,0.0,0.0,9.23,23.152139984255108,13.171245143024459,0.0,0.0,0.0,9.133633762762392,0.0,25.980208536304467,12.13273413692322,22.590870627068057,4.183085432649707,41.84497749433106,1.6164241118669682,0.0,0.0,-4.608812948790628,0.0,7.205437268518518,0.0,3.2286407407407407,0.0,0.4,16,0,1,0,0,0,0,1,0,1,0,0,2,0,6,0,3,0,0,0,0,0,4.530404369153207,1,4.710900000000002,66.91600000000001,0,0,0,0,0,0,0,0,0,0,0,0,0,0,0,0,0,0,0,0,0,0,0,0,0,3,0,0,0,0,0,0,0,0,1,0,0,0,0,0,0,0,0,0,4,0,0,0,0,0,0,0,0,0,0,0,0,0,0,0,0,0,0,0,0,0,0,0,0,0,0,0,0,0,0,0,0,0,0,0,0,0,0,0,0
10.964571050642478,10.964571050642478,0.1298611111111112,-0.1298611111111112,0.6374825410921272,33.07142857142857,198.30599999999995,176.12999999999997,198.161979944,82,0,0.3024098922530718,-0.46224844550565997,0.46224844550565997,0.3024098922530718,1.3571428571428572,2.0,2.5,16.54275340639276,9.752355369761718,2.3203888634868743,-2.3595254216037653,2.347011855764073,-2.3484465920466504,5.657199824624189,-0.15261219624370687,2.0142295159754373,2.5834409878142726,198.49841012019365,10.71517847069432,9.747218001245873,9.747218001245873,6.502907755397974,5.675661186950376,5.675661186950376,4.9739802360299725,4.9739802360299725,3.278660978351536,3.278660978351536,2.463393867923229,2.463393867923229,-0.53,1015.1716760516204,11.544239049740165,4.809052280157554,3.000689757957182,87.02285046221364,4.736862953800049,6.103966387748303,0.0,0.0,0.0,5.969305287951849,4.794537184071822,0.0,0.0,0.0,27.19203322199788,30.595361384336197,6.923737199690624,0.0,9.53140013787187,5.969305287951849,0.0,0.0,17.75371813848418,53.061380055288836,0.0,0.0,0.0,0.0,0.0,0.0,0.0,0.0,12.073271675700152,9.53140013787187,17.75371813848418,46.957413667540536,0.0,0.0,0.0,0.0,26.3,0.0,4.794537184071822,0.0,12.073271675700152,17.75371813848418,6.4208216229260096,19.765380445542643,0.0,0.0,20.771211599071872,4.736862953800049,5.396574074074074,0.0,10.964571050642478,0.0,0.0,1.7556018518518512,0.0,3.690791761148904,8.192461262282691,0.0,0.9166666666666666,14,0,2,1,0,1,0,0,0,0,3,0,2,0,2,0,2,1,0,1,0,0,3.96548922320263,1,3.0103000000000018,56.89700000000005,0,0,0,0,0,0,0,0,0,0,1,1,0,0,0,0,0,0,0,0,0,0,0,0,0,0,0,0,0,0,0,0,0,0,0,0,0,0,0,0,1,1,0,0,0,0,0,0,0,0,0,0,0,0,0,0,0,0,0,0,0,0,0,0,0,0,0,0,0,0,0,0,0,0,0,0,0,0,0,0,0,0,0,0,0
10.097894935752079,10.097894935752079,0.210277777777778,0.210277777777778,0.7931624840256952,10.666666666666666,242.31799999999998,224.17399999999995,242.130679816,94,0,0.1233359849130779,-0.5072979501318469,0.5072979501318469,0.1233359849130779,0.6111111111111112,0.9444444444444444,1.2777777777777777,16.25988640640841,9.903780346550798,2.1622290043903174,-2.1601653906504996,2.4119004378579634,-1.9318654342727575,5.8166866181937005,0.4679963146123947,2.332966635478004,2.854646553159624,557.4794048813279,13.4472292782632,11.203828267758421,11.203828267758421,8.43042811032654,6.018580800545877,6.018580800545877,4.803172892543059,4.803172892543059,3.6776991660703318,3.6776991660703318,2.2342255819783894,2.2342255819783894,-1.96,10090.080698442367,12.495707641781832,4.3722007262842695,1.838030551822429,107.53673328753945,10.213054789681411,11.49902366656781,0.0,0.0,0.0,0.0,0.0,0.0,0.0,0.0,12.13273413692322,62.08148890247369,11.126902983393991,0.0,10.213054789681411,0.0,0.0,0.0,0.0,27.694948798762496,0.0,46.519274240634424,0.0,22.6259266499618,0.0,0.0,11.49902366656781,0.0,10.213054789681411,0.0,27.694948798762496,22.253805966787983,24.26546827384644,0.0,11.126902983393991,0.0,40.46,0.0,10.213054789681411,0.0,11.49902366656781,0.0,33.380708950181976,0.0,12.13273413692322,39.827682935685715,0.0,0.0,0.0,0.0,0.0,20.195789871504157,5.658900226757371,0.420555555555556,7.1294142101284965,0.0,7.928673469387755,0.0,0.25,18,2,2,0,0,0,0,2,0,2,0,0,2,2,2,0,1,0,0,0,0,0,3.03520789037969,2,3.9984800000000025,74.15560000000004,0,0,0,0,0,0,0,2,0,0,0,0,0,0,0,0,0,0,0,0,0,0,0,0,0,0,0,0,0,0,2,0,0,0,2,0,0,0,0,0,0,0,0,0,0,0,0,0,0,0,0,0,0,0,0,0,0,0,0,0,0,0,0,0,0,2,2,0,0,0,0,0,0,0,0,0,0,0,0,0,0,0,0,0,0
10.097894935752079,10.097894935752079,0.210277777777778,0.210277777777778,0.7931624840256952,10.666666666666666,242.31799999999998,224.17399999999995,242.130679816,94,0,0.1233359849130779,-0.5072979501318469,0.5072979501318469,0.1233359849130779,0.6111111111111112,0.9444444444444444,1.2777777777777777,16.25988640640841,9.903780346550798,2.1622290043903174,-2.1601653906504996,2.4119004378579634,-1.9318654342727575,5.8166866181937005,0.4679963146123947,2.332966635478004,2.854646553159624,557.4794048813279,13.4472292782632,11.203828267758421,11.203828267758421,8.43042811032654,6.018580800545877,6.018580800545877,4.803172892543059,4.803172892543059,3.6776991660703318,3.6776991660703318,2.2342255819783894,2.2342255819783894,-1.96,10090.080698442367,12.495707641781832,4.3722007262842695,1.838030551822429,107.53673328753945,10.213054789681411,11.49902366656781,0.0,0.0,0.0,0.0,0.0,0.0,0.0,0.0,12.13273413692322,62.08148890247369,11.126902983393991,0.0,10.213054789681411,0.0,0.0,0.0,0.0,27.694948798762496,0.0,46.519274240634424,0.0,22.6259266499618,0.0,0.0,11.49902366656781,0.0,10.213054789681411,0.0,27.694948798762496,22.253805966787983,24.26546827384644,0.0,11.126902983393991,0.0,40.46,0.0,10.213054789681411,0.0,11.49902366656781,0.0,33.380708950181976,0.0,12.13273413692322,39.827682935685715,0.0,0.0,0.0,0.0,0.0,20.195789871504157,5.658900226757371,0.420555555555556,7.1294142101284965,0.0,7.928673469387755,0.0,0.25,18,2,2,0,0,0,0,2,0,2,0,0,2,2,2,0,1,0,0,0,0,0,3.03520789037969,2,3.9984800000000025,74.15560000000004,0,0,0,0,0,0,0,2,0,0,0,0,0,0,0,0,0,0,0,0,0,0,0,0,0,0,0,0,0,0,2,0,0,0,2,0,0,0,0,0,0,0,0,0,0,0,0,0,0,0,0,0,0,0,0,0,0,0,0,0,0,0,0,0,0,2,2,0,0,0,0,0,0,0,0,0,0,0,0,0,0,0,0,0,0
2.3177777777777777,2.3177777777777777,0.536307634164777,0.536307634164777,0.5158155351821934,11.45,280.43600000000004,260.27599999999995,280.12857164,102,0,0.0049746100599222,-0.14827786185627603,0.14827786185627603,0.0049746100599222,0.95,1.7,2.35,32.1334736069943,9.876282188926767,2.1543125496074143,-2.159693486818832,2.3958281594988646,-1.9404929817664462,7.100942909245138,0.8705556913017015,2.773044782060914,2.4163520195540262,762.5323396958041,14.27565640300939,12.527050443980873,13.343547024908599,9.592224152875016,7.15991108490891,8.039563896163806,5.736189734461668,6.819966690948494,4.138252156980978,5.1515451560154215,2.8302839908441615,3.706272938536448,-1.5999999999999996,50929.74046733075,13.38615916955017,5.063954293628807,2.064932362122788,124.63523569969072,0.0,0.0,0.0,0.0,0.0,0.0,0.0,0.0,0.0,11.336785877934737,50.245676810150904,58.17169761172613,4.877147193701299,0.0,0.0,22.10923430686433,0.0,0.0,0.0,33.61285484492389,0.0,57.78231535833086,0.0,11.126902983393991,0.0,0.0,0.0,11.336785877934737,0.0,0.0,13.847474399381248,35.76943062263793,41.778265181235575,0.0,21.899351412323583,0.0,0.0,0.0,0.0,0.0,0.0,5.917906046161393,0.0,37.90340158941887,0.0,11.336785877934737,69.47321397999806,0.0,0.0,1.854833475056689,1.4191113945578233,5.021252834467121,5.713706538170824,0.536307634164777,13.273184760015116,0.0,9.014936696900982,0.0,0.2631578947368421,20,0,0,0,0,0,0,2,1,3,0,0,1,0,1,1,2,0,0,0,0,0,3.389344910092111,3,6.308540000000004,90.82400000000004,0,0,0,0,0,0,0,0,0,0,0,0,0,0,0,0,0,0,0,0,0,0,0,0,0,0,0,0,0,0,1,0,0,0,2,0,1,0,0,0,0,0,0,0,0,0,0,0,0,0,0,0,0,0,0,0,0,0,0,0,0,0,0,0,0,0,0,0,0,0,0,0,0,0,0,0,0,0,0,0,0,0,1,0,0
2.3177777777777777,2.3177777777777777,0.536307634164777,0.536307634164777,0.5158155351821934,11.45,280.43600000000004,260.27599999999995,280.12857164,102,0,0.0049746100599222,-0.14827786185627603,0.14827786185627603,0.0049746100599222,0.95,1.7,2.35,32.1334736069943,9.876282188926767,2.1543125496074143,-2.159693486818832,2.3958281594988646,-1.9404929817664462,7.100942909245138,0.8705556913017015,2.773044782060914,2.4163520195540262,762.5323396958041,14.27565640300939,12.527050443980873,13.343547024908599,9.592224152875016,7.15991108490891,8.039563896163806,5.736189734461668,6.819966690948494,4.138252156980978,5.1515451560154215,2.8302839908441615,3.706272938536448,-1.5999999999999996,50929.74046733075,13.38615916955017,5.063954293628807,2.064932362122788,124.63523569969072,0.0,0.0,0.0,0.0,0.0,0.0,0.0,0.0,0.0,11.336785877934737,50.245676810150904,58.17169761172613,4.877147193701299,0.0,0.0,22.10923430686433,0.0,0.0,0.0,33.61285484492389,0.0,57.78231535833086,0.0,11.126902983393991,0.0,0.0,0.0,11.336785877934737,0.0,0.0,13.847474399381248,35.76943062263793,41.778265181235575,0.0,21.899351412323583,0.0,0.0,0.0,0.0,0.0,0.0,5.917906046161393,0.0,37.90340158941887,0.0,11.336785877934737,69.47321397999806,0.0,0.0,1.854833475056689,1.4191113945578233,5.021252834467121,5.713706538170824,0.536307634164777,13.273184760015116,0.0,9.014936696900982,0.0,0.2631578947368421,20,0,0,0,0,0,0,2,1,3,0,0,1,0,1,1,2,0,0,0,0,0,3.389344910092111,3,6.308540000000004,90.82400000000004,0,0,0,0,0,0,0,0,0,0,0,0,0,0,0,0,0,0,0,0,0,0,0,0,0,0,0,0,0,0,1,0,0,0,2,0,1,0,0,0,0,0,0,0,0,0,0,0,0,0,0,0,0,0,0,0,0,0,0,0,0,0,0,0,0,0,0,0,0,0,0,0,0,0,0,0,0,0,0,0,0,0,1,0,0
4.91932634164777,4.91932634164777,0.9261427626606197,0.9261427626606197,0.4508847675748371,16.0,314.39200000000005,296.24800000000005,314.15314657600004,118,0,0.17706285608925038,-0.3210466055051692,0.3210466055051692,0.17706285608925038,0.625,1.0833333333333333,1.5833333333333333,15.172614350964437,10.240280957331382,2.1915789448687355,-2.117583228433432,2.2854581973914514,-2.071389450943406,5.832450280845417,0.6867535432813426,3.165578427177572,1.8586546806517639,981.8253250488012,15.932510652501772,13.390784198642285,13.390784198642285,11.915816237971965,8.47584036667382,8.47584036667382,6.200279778284282,6.200279778284282,4.714511967012547,4.714511967012547,3.588087386304109,3.588087386304109,-2.8799999999999994,925184.613440626,13.549104628991037,5.338113666765756,1.993282940689664,139.62360466680985,9.13419929558271,0.0,11.648808995999854,0.0,0.0,0.0,0.0,9.967957041894417,0.0,0.0,36.417508487514205,37.107111519698464,13.08951281182515,22.066802870465047,0.0,22.066802870465047,0.0,19.102156337477126,0.0,25.93115605767717,0.0,60.68297676136064,0.0,11.648808995999854,0.0,0.0,0.0,0.0,19.102156337477126,13.08951281182515,0.0,12.841643245852019,60.68297676136064,0.0,33.7156118664649,0.0,35.64,0.0,0.0,0.0,0.0,0.0,48.61336648890954,11.033401435232523,0.0,12.13273413692322,57.68444192002013,9.967957041894417,4.616481481481482,0.0,9.838652683295539,0.0,4.434096749811037,1.949444444444445,16.705371630133534,6.603667485512723,1.8522855253212396,0.0,0.2,24,0,4,0,1,1,0,2,2,4,0,0,4,0,4,3,0,0,0,0,0,0,3.013610858019009,5,4.403000000000003,96.83400000000005,0,0,0,0,0,4,0,0,0,0,0,0,0,0,0,4,0,0,0,0,0,0,0,0,0,0,2,0,0,0,2,0,0,0,2,0,7,0,0,0,0,0,0,0,0,0,0,2,0,0,0,0,0,0,0,0,0,0,0,0,0,0,0,0,4,0,0,0,0,0,0,0,0,0,0,0,0,0,0,0,0,0,0,0,0
4.91932634164777,4.91932634164777,0.9261427626606197,0.9261427626606197,0.45088476757483703,16.0,314.392,296.24800000000005,314.15314657600004,118,0,0.17706285608925038,-0.3210466055051692,0.3210466055051692,0.17706285608925038,0.625,1.0833333333333333,1.5833333333333333,15.172614350964437,10.240280957331377,2.191578944868734,-2.117583228433429,2.285458197391447,-2.071389450943407,5.832450280845417,0.6867535432813416,3.165578427177572,1.8586546806517639,981.8253250488012,15.932510652501772,13.390784198642285,13.390784198642285,11.915816237971967,8.47584036667382,8.47584036667382,6.20027977828428,6.20027977828428,4.7145119670125455,4.7145119670125455,3.588087386304108,3.588087386304108,-2.8799999999999994,925184.613440626,13.549104628991037,5.338113666765756,1.993282940689664,139.62360466680983,9.13419929558271,0.0,11.648808995999854,0.0,0.0,0.0,0.0,9.967957041894417,0.0,0.0,36.417508487514205,37.107111519698464,13.08951281182515,22.066802870465047,0.0,22.066802870465047,0.0,19.102156337477126,0.0,25.93115605767717,0.0,60.68297676136064,0.0,11.648808995999854,0.0,0.0,0.0,0.0,19.102156337477126,13.08951281182515,0.0,12.841643245852019,60.68297676136064,0.0,33.7156118664649,0.0,35.64,0.0,0.0,0.0,0.0,0.0,48.61336648890955,11.033401435232523,0.0,12.13273413692322,57.68444192002013,9.967957041894417,4.616481481481482,0.0,9.838652683295539,0.0,4.434096749811037,1.949444444444445,16.705371630133534,6.603667485512723,1.8522855253212394,0.0,0.2,24,0,4,0,1,1,0,2,2,4,0,0,4,0,4,3,0,0,0,0,0,0,3.013610858019009,5,4.403000000000004,96.83400000000002,0,0,0,0,0,4,0,0,0,0,0,0,0,0,0,4,0,0,0,0,0,0,0,0,0,0,2,0,0,0,2,0,0,0,2,0,7,0,0,0,0,0,0,0,0,0,0,2,0,0,0,0,0,0,0,0,0,0,0,0,0,0,0,0,4,0,0,0,0,0,0,0,0,0,0,0,0,0,0,0,0,0,0,0,0
11.672037037037038,11.672037037037038,0.3165740740740739,-0.35999999999999965,0.5384628262372215,11.071428571428571,194.19399999999996,184.11399999999998,194.08037556,74,0,0.3317034326359889,-0.3278634660994821,0.3317034326359889,0.3278634660994821,1.1428571428571428,1.7857142857142858,2.4285714285714284,16.161282315860763,10.488187986922147,2.1102552164294237,-2.021517497066589,2.011819897885705,-2.3696654059207387,5.691604588780565,0.705435605088617,2.53868764707295,3.2212810810845887,616.5285919942219,10.455665446700477,8.182701232117184,8.182701232117184,6.536581260209188,4.107927642957933,4.107927642957933,3.2334489655756182,3.2334489655756182,2.3165128954882377,2.3165128954882377,1.471179885323763,1.471179885323763,-1.85,1876.0901711869099,8.73523326923911,2.5679479011227926,0.8757741627139433,79.02895701814934,4.567099647791355,0.0,11.16387793838399,0.0,5.559266895052008,5.689743398203474,13.928736479654532,9.77851570501903,0.0,0.0,0.0,0.0,21.143015948031568,6.3273200747645415,0.0,11.16387793838399,0.0,18.685277464321274,21.143015948031568,0.0,0.0,27.165404736163666,0.0,0.0,11.24901029325548,0.0,0.0,0.0,18.685277464321274,21.143015948031568,0.0,0.0,15.916394442908185,0.0,11.16387793838399,0.0,61.82,0.0,9.589074368143644,0.0,11.24901029325548,11.16387793838399,4.567099647791355,17.942091705233086,18.662443613145733,0.0,4.9839785209472085,0.0,4.039537037037037,0.0,27.154448223733937,0.0,0.18009259259259358,0.0,0.0,1.5193518518518518,0.0,4.773236961451247,0.375,14,0,6,0,0,0,0,0,2,2,0,0,6,0,6,2,0,0,0,0,0,0,1.6022588528257544,2,-1.0293,51.19600000000001,0,0,0,0,0,4,0,0,0,0,0,0,0,0,0,4,0,0,0,0,0,0,0,0,0,0,0,0,0,0,2,0,0,0,0,0,1,0,0,0,0,0,0,0,0,0,0,1,0,0,0,0,0,0,0,0,0,0,0,0,0,0,0,0,0,0,0,0,0,0,0,0,0,0,0,0,0,0,0,0,0,0,0,0,0
5.693703703703704,5.693703703703704,0.7389814814814817,0.7389814814814817,0.5725810426076291,10.181818181818182,144.177,136.11299999999997,144.068748256,54,0,0.093057443637379,-0.39696329436553707,0.39696329436553707,0.093057443637379,1.0909090909090908,1.9090909090909092,2.727272727272727,14.700560583535758,10.177528240681633,1.938925239564111,-1.9725100671806122,2.1597246492854096,-1.870772189688675,5.882157571501006,1.4137388282170233,2.055950140473121,2.9131611636048604,376.7244463345712,7.681798275874712,5.98866547982734,5.98866547982734,5.377010097711745,3.469839559209726,3.469839559209726,2.422361223106256,2.422361223106256,1.6639256342375615,1.6639256342375615,1.1278154718261202,1.1278154718261202,-1.5699999999999998,505.7637345563877,6.160248407637458,2.234974333040861,0.9232172685828138,64.6726063291914,5.733667477162185,0.0,0.0,0.0,0.0,0.0,4.9839785209472085,0.0,0.0,0.0,18.19910120538483,12.13273413692322,11.583067786077873,11.204086992299825,0.0,16.59031120676462,0.0,4.9839785209472085,0.0,0.0,5.733667477162185,36.52867891392113,0.0,0.0,5.733667477162185,5.687386274683562,0.0,0.0,4.9839785209472085,0.0,0.0,0.0,36.52867891392113,0.0,10.902924932081056,0.0,38.91,0.0,0.0,0.0,0.0,0.0,16.59031120676462,0.0,6.196843571613076,30.33183534230805,4.9839785209472085,5.733667477162185,0.0,0.0,4.1557407407407405,1.0902777777777781,7.316944444444445,0.0,9.688333333333333,1.7487037037037036,0.0,0.0,0.0,11,2,2,0,0,0,0,1,1,2,0,0,2,1,2,1,0,0,0,0,0,0,1.2516360978386867,2,1.817,46.155400000000014,0,0,0,1,0,1,0,0,0,0,0,0,0,0,0,1,0,1,0,0,0,0,0,0,0,0,0,0,0,1,0,0,0,0,1,0,1,0,0,0,0,0,0,0,0,0,0,0,0,0,0,0,0,0,0,0,0,0,0,0,0,0,0,0,1,0,0,0,0,0,0,0,0,1,0,0,0,0,0,0,0,0,0,0,0
11.892318594104308,11.892318594104308,0.06120370370370387,0.06120370370370387,0.8489671904749566,10.647058823529411,234.34299999999996,212.16699999999997,234.173213324,94,0,0.23806613187559778,-0.324484604945174,0.324484604945174,0.23806613187559778,1.1764705882352942,1.7058823529411764,2.176470588235294,16.150137625790563,10.09969273162846,2.094433566742462,-2.1815574207486264,2.1862204178383005,-2.327331479447571,5.932586126168501,-0.11679336447491696,2.307845583406121,2.6802676560474934,363.5586415589085,12.836498814253964,11.208833037092342,11.208833037092342,8.078917360319545,6.164591332105106,6.164591332105106,4.276374970349688,4.276374970349688,3.0071852609718834,3.0071852609718834,1.8408792833076058,1.8408792833076058,-1.3499999999999999,5511.135253173818,13.713897763578274,6.4012209135305955,3.858200815473424,103.822157988525,5.316788604006331,0.0,0.0,5.907179729351506,0.0,0.0,9.694446914922299,0.0,0.0,0.0,32.046575604766076,38.06389019460039,5.687386274683562,6.544756405912575,4.794537184071822,11.594566004035068,0.0,4.899909730850478,0.0,27.694948798762496,24.951057821744058,29.32600418877882,0.0,0.0,5.316788604006331,5.687386274683562,0.0,0.0,30.44135867793971,4.794537184071822,13.847474399381248,24.97437738277524,18.19910120538483,0.0,0.0,0.0,32.34,0.0,4.794537184071822,0.0,5.907179729351506,6.544756405912575,29.903802069902707,0.0,0.0,32.046575604766076,24.064172734238056,0.0,0.0,0.0,13.992457482993197,2.9969907407407406,3.167083333333334,0.06120370370370387,6.032499685059208,0.0,10.416431720836481,0.0,0.5,17,1,3,0,0,0,1,1,0,1,0,0,2,1,3,0,5,0,0,0,0,0,5.163864068837512,1,2.5837400000000006,72.33370000000004,0,0,0,0,0,0,0,0,0,0,1,1,0,0,0,1,1,0,0,1,0,0,0,0,0,0,0,1,0,1,2,0,0,0,1,0,0,0,0,0,0,0,0,0,0,0,0,0,0,0,0,0,0,0,0,0,0,0,0,0,0,0,0,0,1,0,0,0,0,0,0,0,0,0,0,0,0,0,0,0,0,0,0,0,0
12.56453067748883,12.56453067748883,0.2033456160241882,-4.329868979425258,0.8517964099245681,12.909090909090908,309.33099999999996,291.18699999999995,309.134048856,118,0,0.41591405457582453,-0.4856952913159904,0.4856952913159904,0.41591405457582453,1.0,1.6363636363636365,2.1818181818181817,19.413176625496714,10.06535342938722,2.29686235337023,-2.197061998944736,2.3134828971209425,-2.159570295107018,5.297204084945337,-0.1371491122996289,2.5164737412640332,2.130456050091155,566.707963548519,16.001789232183626,12.2298579637609,12.2298579637609,10.503349863289461,7.0393007383621145,7.0393007383621145,4.931541664038123,4.931541664038123,3.2878685536430825,3.2878685536430825,2.1235066311368174,2.1235066311368174,-2.0099999999999993,84553.51770647151,16.362054933938236,7.312920644092164,4.4948540227076474,127.47322151943769,10.05365155780638,11.853478221032208,0.0,0.0,0.0,6.176298517443475,0.0,0.0,13.171245143024459,0.0,30.33183534230805,43.4213481541332,6.4208216229260096,5.563451491696996,17.908108096824506,0.0,0.0,5.316788604006331,0.0,18.701086528117788,13.592428388589765,65.72420659954848,0.0,5.749511833283905,10.05365155780638,13.171245143024459,5.749511833283905,0.0,13.592428388589765,6.176298517443475,0.0,23.651690994068304,54.59730361615449,0.0,0.0,0.0,21.259999999999998,11.73975000914047,13.171245143024459,0.0,6.103966387748303,5.749511833283905,30.6617636574588,12.13273413692322,0.0,37.37950732498524,5.316788604006331,4.736862953800049,43.556507754310786,0.0,0.0,3.053965293047634,0.32313322782816845,0.4286630763416479,14.432939648451464,-3.809468965252923,0.7501940822625349,1.8473992163440216,0.29411764705882354,22,1,2,0,0,0,0,2,0,2,1,0,2,1,5,0,6,0,0,0,0,1,5.438836786643953,2,4.435000000000003,79.79870000000004,0,0,0,0,0,0,0,0,0,0,0,0,0,0,0,0,1,0,0,0,0,0,0,0,0,3,0,0,0,0,0,0,0,0,2,0,0,0,0,0,0,1,0,0,3,0,0,0,0,0,0,0,0,0,0,0,0,0,0,0,0,0,0,0,0,0,0,0,0,0,0,0,0,0,0,0,0,0,0,0,0,0,0,0,0
12.68025754283195,12.68025754283195,0.2772124590576972,-1.3282853048626861,0.7692390365670644,12.333333333333334,345.42400000000004,326.27200000000005,345.11471246800005,126,0,0.19730261195616633,-0.4966849691701171,0.4966849691701171,0.19730261195616633,1.2083333333333333,2.0,2.7083333333333335,32.19727912980619,10.133554795333596,2.157887674243475,-2.1099161391826944,2.2578561350266555,-2.0468162555717995,7.836007108619998,0.4069013664701296,3.0065977799893377,1.9005728339415109,920.8299213789107,17.26722023457211,14.04392821080042,14.860424791728146,11.528407103102722,7.443492497782772,8.762424390769592,5.461048939258311,6.827466466577103,3.900564493760336,5.060845313714292,2.6092554920834763,3.709322395131171,-2.41,353332.36450656696,16.447862009987272,6.604258967706701,2.9892470267127704,142.2446734747762,14.457704428547306,11.49902366656781,5.156436481820707,0.0,0.0,0.0,9.192877013111676,4.9839785209472085,0.0,0.0,0.0,25.98020853630447,23.39011362346868,47.49934716228715,13.682624399764567,21.83297047813683,0.0,14.951935562841626,0.0,24.756764487948743,14.219595082555067,41.216775755240356,0.0,11.49902366656781,9.473725907600098,0.0,11.49902366656781,0.0,33.38042913756116,16.552422649651096,13.847474399381248,16.82083097824245,29.552381258818613,0.0,11.033401435232523,0.0,77.10000000000001,10.799569042904308,4.208898492164469,0.0,5.752853606746789,5.156436481820707,39.35325608004279,0.0,20.416438654168143,32.04657560476608,14.951935562841626,9.473725907600098,23.273809406586526,0.0,11.901664143669915,0.429624905517763,4.159259620358974,1.7870335154263732,5.497643809513398,1.737963283109387,3.8621827815596546,1.9063740898135666,0.29411764705882354,24,1,6,0,0,0,0,1,2,3,1,0,5,1,7,2,5,0,0,0,0,1,4.5260808407942,3,2.8997400000000013,93.02110000000003,0,0,0,0,0,3,1,0,0,0,0,0,0,0,0,2,1,0,0,0,0,1,0,0,0,0,0,0,0,0,1,0,0,0,1,0,1,0,0,0,0,2,0,0,0,0,0,1,0,0,0,0,0,0,0,2,0,0,0,0,0,0,0,0,0,0,0,0,0,0,0,0,0,1,0,0,0,0,0,0,0,0,0,0,0
12.174763794406651,12.174763794406651,0.21895502645502662,-3.4836111111111108,0.7916266736810947,11.294117647058824,248.30700000000002,236.21099999999996,248.061948624,88,0,0.20609180549675596,-0.39872772934829437,0.39872772934829437,0.20609180549675596,0.6470588235294118,0.9411764705882353,1.2352941176470589,32.227915822461284,10.31256434449534,2.162186006767046,-2.0469482342368286,2.217331017177992,-2.018577317174538,7.911255426174843,0.595913323148521,2.299425461378441,2.4961289671937283,565.0601341830188,12.466255326250886,8.99824756328785,9.814744144215576,7.998037131279782,4.961666303078659,6.444829550673052,3.641507975150974,5.5911905921195935,2.380801838543761,4.166337772206111,1.4300430040979344,2.6909840294701053,-2.01,6953.462595208406,11.47466814585883,4.101809822106994,2.236161413591126,99.79367710137302,11.46733495432437,0.0,0.0,9.837253136417502,0.0,0.0,0.0,8.417796984328938,0.0,0.0,0.0,48.53093654769288,11.374772549367124,9.79096695103555,8.417796984328938,21.212025685784624,0.0,0.0,0.0,9.79096695103555,11.46733495432437,48.53093654769288,0.0,0.0,11.46733495432437,11.374772549367124,0.0,0.0,8.417796984328938,9.837253136417502,0.0,0.0,58.32190349872843,0.0,0.0,0.0,86.18,9.837253136417502,8.417796984328938,0.0,9.79096695103555,11.374772549367124,0.0,24.26546827384644,24.26546827384644,0.0,0.0,11.46733495432437,24.349527588813302,0.0,0.43791005291005347,0.0,12.092172461577224,0.0,12.187334341143865,0.0,0.0,-3.4836111111111108,0.0,17,4,4,0,0,0,0,2,0,2,0,0,4,2,5,0,2,0,0,0,0,0,2.7686415591824707,2,1.6838000000000002,67.16060000000002,0,0,0,2,0,0,0,0,0,0,0,0,0,0,0,0,0,2,0,0,0,0,0,0,0,0,0,0,0,2,0,0,0,0,2,0,0,0,0,0,0,0,0,0,0,0,0,0,0,0,0,0,0,0,0,0,0,0,0,0,0,0,0,0,0,0,0,0,0,0,0,0,0,0,0,0,0,1,0,0,0,0,0,0,0
11.736681267816277,11.736681267816277,0.26207574850927995,-0.26207574850927995,0.5786881428918659,10.526315789473685,264.36899999999997,240.17699999999996,264.183778008,106,0,0.3376671984238137,-0.46073270886646656,0.46073270886646656,0.3376671984238137,1.263157894736842,1.9473684210526316,2.526315789473684,16.533354992693685,10.17540931232071,2.0617576272692135,-2.101156754567952,2.103258452940601,-2.1968439683729457,5.893155795196473,0.0481660778615077,2.390447324634077,2.3945481718983954,374.23689348992303,14.08757566981053,12.108645159118927,12.108645159118927,9.1302289553358,6.78960575890117,6.78960575890117,4.796875471457751,4.796875471457751,2.751713780758142,2.751713780758142,1.5379131400375294,1.5379131400375294,-1.5499999999999998,16073.367810839532,15.507306590257876,8.534307301090518,6.246200235496293,115.3006453324285,14.953561288656857,6.606881964512918,0.0,0.0,0.0,5.969305287951849,0.0,4.794537184071822,0.0,0.0,13.344558822616634,44.781633862126824,18.776899086508713,5.563451491696996,9.53140013787187,11.656691562635412,0.0,4.899909730850478,0.0,19.765380445542643,39.108527345698775,29.828919765543436,0.0,0.0,5.316788604006331,5.687386274683562,0.0,0.0,44.66095376049477,4.736862953800049,0.0,30.123369121311462,24.26546827384644,0.0,0.0,0.0,41.57,0.0,4.794537184071822,0.0,5.969305287951849,12.170333456209914,25.197720709434723,6.4208216229260096,12.13273413692322,31.127987833128078,12.240525803696954,4.736862953800049,5.1762925118011704,0.0,13.716868786921822,3.3110272809001167,1.6371196040144456,-0.26207574850927995,7.425538548752835,2.3170763788567514,4.2801333492278655,3.898019288034273,0.5333333333333333,19,1,4,0,0,0,0,1,0,1,0,0,4,1,4,0,8,0,0,0,0,0,6.965479992288784,1,2.617000000000001,78.67620000000005,0,0,0,0,0,0,0,0,0,0,1,1,0,0,0,1,1,0,0,1,0,0,0,0,0,0,0,0,0,1,0,0,0,0,1,0,0,0,0,0,1,1,0,0,0,0,0,0,0,0,0,0,0,0,0,0,0,0,0,0,0,0,0,0,0,0,0,0,0,0,0,0,0,0,0,0,0,0,0,0,0,0,0,1,0
12.136979717813052,12.136979717813052,0.21212396069538908,-0.21212396069538908,0.7558132464087877,10.65,299.80199999999996,277.626,299.14005462399996,112,0,0.2546465849307497,-0.4958418391220392,0.4958418391220392,0.2546465849307497,1.4,2.05,2.6,35.49569161264615,10.139606240301212,2.143705956412254,-2.1800683226055644,2.28124771185481,-2.3447865317717076,6.331442082273104,0.09456752647449498,2.4530697788926803,2.6993698551050787,461.97739235477394,15.120955864630139,12.202152581751982,12.958081527770435,9.527605765303289,6.665304741423286,7.043269214432515,4.3567881800240364,4.7639883067646425,3.1714456944663407,3.4987725298203296,1.8780472915002746,2.0417107091772686,-1.46,23853.65052995242,16.593937432578212,7.968039579443504,4.28252067886105,124.57886014192628,20.687228765819043,5.749511833283905,0.0,0.0,5.907179729351506,0.0,4.794537184071822,0.0,0.0,0.0,25.448414289613762,19.15587988028676,19.15587988028676,23.383268621399417,9.53140013787187,23.195505894267583,0.0,10.216698334856808,0.0,13.847474399381248,39.02249064209002,22.71881894236154,0.0,5.749511833283905,15.787319034968565,5.687386274683562,5.749511833283905,11.600939890232516,44.09591262512981,0.0,0.0,24.205463075150064,12.13273413692322,5.022633313741326,0.0,0.0,67.59,0.0,4.794537184071822,0.0,5.907179729351506,28.567739319318363,19.634269217737724,13.176164609739143,6.06636706846161,0.0,24.064172734238056,22.07147032119475,5.162170493197278,5.947448979519535,14.366614657694354,3.2063410703787687,6.477354097388369,0.21124564331905638,3.0874031557067267,0.0,7.490470702871496,1.4953956443688585,0.5,20,3,5,0,0,0,1,1,0,1,0,0,4,2,6,0,7,0,0,0,0,0,6.611057512079616,1,2.0023999999999997,82.53760000000004,0,0,0,1,0,0,0,0,0,0,1,1,0,0,0,1,1,1,0,1,0,0,0,0,0,0,0,1,0,1,0,0,0,0,1,0,0,0,0,0,0,1,0,0,1,0,0,0,0,0,0,0,0,0,0,1,0,0,0,0,0,0,0,0,0,0,0,0,0,0,0,0,0,0,0,0,0,0,0,0,0,0,0,0,0
6.20938393207077,6.20938393207077,0.7975376879146723,0.7975376879146723,0.7918053413291345,13.238095238095237,318.873,299.72099999999995,318.09574728800004,110,0,0.056730031151179014,-0.33955085067145824,0.33955085067145824,0.056730031151179014,1.0476190476190477,1.8095238095238095,2.619047619047619,35.49569172673942,10.174862677663217,2.2241997898206933,-2.3283288852105,2.481149128181582,-2.2486457719493704,7.993773600916315,0.40214860927506074,2.464688558179496,1.9437632658356148,642.4372765270095,14.819626477379408,12.343412182360032,13.915837709306214,10.147867045540842,7.136710986404237,8.33117204034119,5.490300683775356,7.010513420734168,3.574794941917977,4.940160423539642,2.588411696505556,3.83086207290959,-1.1599999999999997,72649.15994089883,14.763801473252023,6.304372410382191,3.203270439286252,135.25342033666846,9.799819461700956,0.0,0.0,0.0,0.0,0.0,0.0,0.0,0.0,0.0,35.49555897654685,57.39275733650101,21.358356670689453,11.374772549367124,0.0,34.73759738899076,0.0,4.899909730850478,0.0,16.21178857396156,32.08476650803001,47.487202792972596,0.0,0.0,4.899909730850478,11.374772549367124,0.0,23.36282483962363,32.08476650803001,0.0,0.0,6.4208216229260096,52.25553643026682,5.022633313741326,0.0,0.0,6.48,0.0,0.0,0.0,0.0,0.0,24.532967748492485,21.165739500402672,0.0,17.828252017852726,60.29336583782499,11.600939890232516,0.0,8.033371581142744,7.222372037806893,0.7975376879146723,2.5147952884857654,0.0,14.766852306766328,1.12297052154195,2.088099568531116,4.231778785588309,0.29411764705882354,21,0,2,0,1,1,0,2,0,2,0,0,3,0,4,1,4,0,0,0,0,0,4.432214413349048,3,4.894400000000004,92.19400000000005,0,0,0,0,0,0,0,0,0,0,0,0,0,0,0,2,0,0,0,0,0,0,0,0,0,0,0,0,0,2,0,0,0,0,2,0,2,0,0,0,0,0,0,0,1,0,0,0,0,0,0,0,0,0,0,0,0,0,0,0,0,0,0,0,1,0,0,0,0,0,0,0,0,0,0,0,0,0,0,0,0,0,0,0,0
12.247732426303855,12.247732426303855,0.17044831821617556,-0.9671296296296299,0.5939013622990453,23.473684210526315,257.245,246.15699999999995,257.068807832,96,0,0.23038377068829866,-0.29618651467400026,0.29618651467400026,0.23038377068829866,0.9473684210526315,1.5263157894736843,2.0526315789473686,16.173253543067254,9.82029362657892,2.466772812095963,-2.2347939497376865,2.3423444779138936,-2.455303936977387,6.276100451305401,-0.13657998961505263,2.639663815863205,1.9609777993868625,584.6269087225295,13.568549621822843,10.011308339366304,10.011308339366304,9.092224152875016,6.105007268292261,6.105007268292261,4.809351535045776,4.809351535045776,3.7070831251118674,3.7070831251118674,2.760763770707785,2.760763770707785,-2.2999999999999994,29031.02264686353,11.771520489576481,4.118798334324807,1.694605754245524,108.5352283113945,0.0,0.0,11.566489892729878,11.814359458703011,0.0,0.0,24.494937340293617,0.0,0.0,0.0,24.26546827384644,6.4208216229260096,17.54772460632,11.835812092322787,19.178148736287287,23.38084935143289,0.0,5.316788604006331,11.835812092322787,12.841643245852019,0.0,35.392371257240434,0.0,0.0,5.316788604006331,0.0,0.0,0.0,23.38084935143289,9.589074368143644,11.835812092322787,33.55762059738965,24.26546827384644,0.0,0.0,0.0,80.31,17.74299182167429,19.178148736287287,0.0,30.3153128679334,11.126902983393991,0.0,0.0,24.26546827384644,0.0,5.316788604006331,0.0,0.0,0.0,47.40638479465861,2.191820200302343,0.7540740740740748,-3.186839674141262,6.579983413118334,0.42124385865457326,0.0,0.0,0.2857142857142857,19,1,5,1,1,2,2,1,0,1,1,0,4,1,5,1,1,0,1,1,0,1,2.5518167886809446,3,0.7345999999999997,64.46670000000002,0,0,0,0,0,0,0,0,0,0,4,4,0,0,0,0,1,0,0,0,0,0,0,0,0,0,0,2,0,0,0,0,0,0,1,0,1,0,0,0,0,0,0,0,0,0,0,0,1,0,0,2,2,0,0,0,0,0,0,0,0,0,0,0,0,0,0,0,0,1,0,0,0,0,0,0,0,0,0,0,0,0,0,0,0
12.340656651549509,12.340656651549509,0.12759259259259248,-0.969675925925926,0.5055052971214055,14.88,346.339,328.1950000000001,346.11648629599995,132,0,0.33597830173148835,-0.4655800306723669,0.4655800306723669,0.33597830173148835,1.04,1.52,1.96,16.628607386263564,9.794652381537599,2.3989473054912986,-2.2926806697696027,2.4181837426654385,-2.3186520584714607,5.99715253700951,-0.38520771150231603,2.5932665724561046,2.803490087611988,771.1110283918142,18.723250160202088,14.283454684231268,14.283454684231268,11.827804920294026,7.415124004249607,7.415124004249607,5.434451728861826,5.434451728861826,4.01543539399127,4.01543539399127,2.9639806125237667,2.9639806125237667,-3.16,291739.89613473933,18.18259494971491,7.163418786222467,3.232043293699175,143.81370172517103,14.790514511606428,0.0,0.0,0.0,5.687386274683562,11.938610575903699,10.114318268765572,9.589074368143644,0.0,0.0,18.19910120538483,13.847474399381248,23.023897186270272,36.20702123767266,23.98611132456141,17.62599685058726,0.0,5.316788604006331,0.0,19.76538044554264,14.219595082555067,62.48352572055921,0.0,0.0,5.316788604006331,5.687386274683562,0.0,0.0,31.081516707276435,19.06280027574374,10.114318268765572,25.328831937239634,46.80575596009664,0.0,0.0,0.0,107.77000000000001,22.779827670882764,19.703392636909214,0.0,22.39704682651909,11.394078626111666,0.0,32.418696287939895,19.913841467842857,0.0,5.316788604006331,9.473725907600098,9.655559334845048,0.0,35.57659005731922,14.391040406903503,1.1918650793650807,-2.3269831821617517,5.96895667989418,0.0,3.288860544217687,2.4207777462836986,0.29411764705882354,25,1,8,0,1,1,0,1,0,1,0,0,7,1,8,1,4,0,0,0,0,0,5.209981689802462,2,2.1756,88.40510000000002,0,0,0,0,0,0,0,0,0,0,2,2,0,0,0,1,1,0,0,0,0,0,0,0,0,0,2,0,0,0,0,0,0,0,1,0,0,0,1,0,2,2,0,0,0,0,0,0,0,0,0,0,0,0,0,2,0,0,1,1,0,0,0,0,1,0,0,0,0,0,0,0,0,0,0,0,0,0,0,0,0,0,0,0,0
12.294248472537163,12.294248472537163,0.2622411186696898,-0.4474537037037045,0.807761185070717,16.285714285714285,321.829,305.7010000000001,321.059027432,110,0,0.32730142953770475,-0.46758616603239056,0.46758616603239056,0.32730142953770475,1.380952380952381,2.1904761904761907,2.9523809523809526,35.49569196527312,10.00982178116789,2.322011758442769,-2.3295480919047513,2.3335742237460484,-2.3788598189166534,7.096507917197257,-0.1473406281011583,2.9661128067800964,1.9432242287829185,655.2314628845671,14.819626477379408,11.712695167787802,13.285120694733981,10.202708600407233,6.819775432334569,8.077392716598691,5.036700294294472,6.444567488233247,3.8265991348008668,5.19380134927403,2.7718951289521057,3.900656258073904,-1.3599999999999999,102654.19812985236,14.571987385583622,6.178250993598703,2.838691255205235,132.6508493554586,4.736862953800049,6.041840829147961,0.0,0.0,0.0,5.969305287951849,4.899909730850478,4.794537184071822,0.0,11.336785877934737,29.800041095617345,35.06052151370913,22.989293319267777,7.109797541277533,9.53140013787187,28.907031056119102,0.0,4.899909730850478,0.0,19.007418857986547,13.65455394719011,56.73858160361058,0.0,0.0,0.0,0.0,0.0,22.937725768167255,24.523768965992435,22.496978166710456,0.0,22.045891006243252,35.711898112773966,5.022633313741326,0.0,0.0,29.54,6.041840829147961,4.794537184071822,0.0,5.969305287951849,5.022633313741326,25.073785926448156,17.55039622667583,11.336785877934737,24.26546827384644,16.346339569778003,16.337802844032566,5.007809980473671,8.069305651787463,15.846354429117326,2.7088877690994098,2.108243417737466,-0.2622411186696898,9.161105862097925,0.963240976946334,1.5856412194507432,1.4227629230704628,0.3125,21,0,3,0,1,1,0,1,1,2,1,0,4,0,5,2,3,0,0,0,0,0,4.287114073509037,3,3.6739000000000024,84.64200000000004,0,0,0,0,0,0,0,0,0,0,1,1,0,0,0,1,0,0,0,0,0,0,0,0,0,0,0,0,0,0,0,0,0,0,1,0,1,0,0,0,1,1,0,0,1,0,0,0,0,0,0,0,0,0,0,1,0,0,0,0,0,0,0,0,0,0,0,0,0,0,0,0,0,0,0,0,0,0,0,0,0,0,1,0,0
11.700274155958681,11.700274155958681,0.26456065759637193,-0.670648148148149,0.4454004294146897,26.105263157894736,267.245,254.141,267.096753896,102,0,0.32995848935617655,-0.3936655723867071,0.3936655723867071,0.32995848935617655,1.6842105263157894,2.4210526315789473,3.0526315789473686,16.5289745784104,10.135600219652742,2.352318860344144,-2.143695619269715,2.291623575053569,-2.3307163391327785,5.0191910386245455,-0.02711456484104361,2.770402711217943,2.3418569370217908,629.5425620141572,13.991199352633217,10.18442748802298,10.18442748802298,9.062080607913938,5.690837383582931,5.690837383582931,4.2983803704311665,4.2983803704311665,3.0401842974485507,3.0401842974485507,2.0380975383013533,2.0380975383013533,-2.0900000000000003,22562.15968015893,13.344207765672458,5.268544354094518,2.525949955530779,106.62903730140096,9.843390348640755,6.22790117073487,0.0,0.0,5.559266895052007,5.689743398203474,14.345615352810384,4.794537184071822,0.0,0.0,5.114250125629398,12.454866198475877,23.092828333488544,18.75268918140918,9.843390348640755,0.0,0.0,9.551078168738563,5.114250125629398,31.718267210247767,6.606881964512918,43.041220370746906,0.0,0.0,11.24901029325548,0.0,0.0,0.0,33.41029474498845,4.736862953800049,6.923737199690624,18.212174285357875,20.900168065386115,0.0,10.442840646037716,0.0,133.08,29.622718680886617,9.589074368143644,0.0,13.027703587438928,5.563451491696996,0.0,10.763943219404432,6.923737199690624,0.0,15.00994029382907,15.374519347426006,6.692031368102797,0.0,27.83457096843686,12.671790412152514,7.755911625835418,0.0,-0.5424683484504915,0.32880149281934856,1.2593624811035526,0.0,0.6,19,2,9,0,1,1,0,0,1,1,3,0,6,2,9,2,3,0,1,1,0,0,3.7002394991419916,2,-0.1962799999999998,64.60650000000003,0,1,1,0,0,2,1,0,0,0,0,0,0,0,0,4,1,0,0,0,0,1,0,0,0,0,0,0,0,0,1,1,0,0,0,0,0,0,0,0,0,1,0,0,0,0,0,0,0,0,0,0,0,0,0,0,0,0,0,0,0,0,0,0,0,0,0,0,0,0,0,0,0,0,0,0,0,0,0,0,0,0,0,0,0
12.362390873015872,12.362390873015872,0.003668745275887675,-0.566195200302344,0.8605899449393155,30.095238095238095,289.37499999999994,266.191,289.167793596,114,0,0.3155498550108651,-0.4617237756087618,0.4617237756087618,0.3155498550108651,1.2857142857142858,1.9047619047619047,2.4761904761904763,16.545022572319922,9.981040867699766,2.399916643223172,-2.3579857439368173,2.355689134300453,-2.4345941318491517,5.780669009753579,-0.1548238022436509,2.7161839716030087,1.632677623313254,476.0684046296673,14.819626477379408,12.442610100567014,12.442610100567014,10.185871848001627,7.769561596830123,7.769561596830123,6.226609618478853,6.226609618478853,5.006836850664756,5.006836850664756,3.705569432943792,3.705569432943792,-1.3899999999999997,86059.57295626972,14.54322777837141,6.1594002436145106,2.965447272746595,125.26323882275125,14.743300079491233,12.021872433909696,0.0,0.0,0.0,5.969305287951849,4.794537184071822,0.0,0.0,0.0,30.33183534230805,38.29440996607822,12.083681658295921,6.606881964512918,14.637927532712578,5.969305287951849,0.0,4.899909730850478,0.0,49.78884058390966,13.654553947190108,35.89528683400505,0.0,0.0,0.0,0.0,0.0,0.0,47.81794440687736,9.53140013787187,0.0,37.164644029562425,30.33183534230805,0.0,0.0,0.0,49.77,5.917906046161393,9.901064578912528,0.0,18.68015364021307,12.083681658295921,18.405094737549014,12.841643245852019,0.0,30.33183534230805,11.947581713527669,4.736862953800049,5.702325207860922,0.0,14.784075097631645,9.528670319979843,0.8202772528764597,-0.8600349584278164,10.470208907254364,4.259639448754708,-0.20602521101033044,2.1675306017468716,0.5882352941176471,21,1,4,0,2,2,0,1,0,1,3,2,4,1,4,2,4,0,2,2,0,3,4.265598129573437,3,1.9309,79.95580000000005,0,1,1,0,0,0,0,0,0,0,1,1,0,0,0,1,0,0,0,0,0,0,0,0,0,0,0,0,0,0,0,0,0,0,1,0,2,0,0,0,1,1,0,0,0,0,0,0,0,0,0,0,0,0,0,0,0,0,0,0,0,0,0,0,0,0,0,0,0,1,0,0,0,0,0,0,0,0,0,0,0,0,0,0,0
2.5150462962962963,2.5150462962962963,1.0756018518518518,1.0756018518518518,0.8384623265941304,13.761904761904763,280.41499999999996,256.22299999999996,280.193948768,110,0,0.04429611292444658,-0.34099081171219864,0.34099081171219864,0.04429611292444658,0.8571428571428571,1.380952380952381,1.9047619047619047,15.147531914684057,10.049505827618919,2.189329576643998,-2.2716774216562894,2.352513792394006,-2.234606219613945,5.705300109069748,0.4023405666092387,2.6503485522006267,1.946085728189517,556.5202782227694,14.656489770562878,13.048763250449664,13.048763250449664,10.25402019542349,7.835903638099349,7.835903638099349,6.065891941848764,6.065891941848764,4.215547540145039,4.215547540145039,3.1561689443320082,3.1561689443320082,-1.7999999999999994,89136.52250761147,14.150516197935207,6.314843310189529,3.108345481049562,127.55692831321478,9.799819461700956,0.0,0.0,0.0,0.0,0.0,0.0,0.0,0.0,0.0,36.39820241076966,63.162202360362194,17.9195289552797,0.0,0.0,11.374772549367124,0.0,4.899909730850478,0.0,19.26246486877803,32.08476650803001,59.65783953108687,0.0,0.0,4.899909730850478,11.374772549367124,0.0,0.0,32.08476650803001,12.841643245852019,0.0,17.54772460632,48.53093654769288,0.0,0.0,0.0,6.48,0.0,0.0,0.0,0.0,0.0,25.931156057677168,28.92249715568712,0.0,0.0,72.42609997474823,0.0,0.0,0.0,4.7746008125472414,0.0,5.7217762660619815,0.0,17.73370134164777,3.448812515747039,2.2014290438397577,4.286346686822878,0.3684210526315789,21,0,2,0,1,1,0,2,0,2,0,0,2,0,2,1,4,0,0,0,0,0,4.255156788012367,3,3.8750000000000036,90.46900000000007,0,0,0,0,0,0,0,0,0,0,0,0,0,0,0,2,0,0,0,0,0,0,0,0,0,0,0,0,0,2,2,0,0,0,2,0,2,0,0,0,0,0,0,0,0,0,0,0,0,0,0,0,0,0,0,0,0,0,0,0,0,0,0,0,2,0,0,0,0,0,0,0,0,0,0,0,0,0,0,0,0,0,0,0,0
13.600453514739229,13.600453514739229,0.0017852418745272214,-4.868966049382717,0.7328090954055057,24.285714285714285,315.678,306.606,315.027390868,110,0,0.4447293702202634,-0.4149148311825577,0.4447293702202634,0.4149148311825577,1.380952380952381,2.0952380952380953,2.7142857142857144,35.495691474249334,9.899830715386614,2.61596415768978,-2.353463146306349,2.477271005748816,-2.489821336944231,6.303771691057353,-0.23906407118503323,3.1894533619900485,2.2181090842972075,673.0222975253698,15.25071237662706,10.551969112096234,11.307898058114688,9.816298692132579,6.211506968949373,6.5894714419586,4.926981826340495,5.36341760681248,3.2723063359945557,3.5074034387822954,2.051896746741679,2.223999770694546,-1.87,81905.16233590445,14.083531974442574,4.567094032752005,2.422136888883137,122.9633050682897,4.736862953800049,0.0,0.0,0.0,5.601050810983688,12.26953858838189,5.316788604006331,4.794537184071822,13.171245143024459,0.0,17.521374209088158,36.961178770092495,16.503990851599713,5.687386274683562,22.702645280896327,23.381566235854493,0.0,0.0,5.917906046161393,24.61899257427918,5.316788604006331,28.78518601082315,0.0,11.840868637711289,5.316788604006331,23.653168601779843,0.0,11.600939890232516,12.26953858838189,10.337913764783737,17.75877468387268,18.405094737549014,18.19910120538483,5.022633313741326,0.0,0.0,38.33,17.870589399365578,17.96578232709628,0.0,22.191377126283278,0.0,18.90801031431363,12.13273413692322,0.0,0.0,21.894520195517668,11.600939890232516,45.39211671705719,5.7816662292489,11.49921201814059,2.3364369173595367,-3.2719009826152683,4.601619268077602,3.809741906021668,-4.537780962179111,0.0,0.0,0.35714285714285715,21,1,3,1,1,2,1,1,0,1,1,0,2,1,7,1,0,1,0,1,0,0,3.062895944788035,3,4.073100000000001,69.7887,0,0,0,0,0,0,0,0,0,0,1,1,0,0,0,0,1,0,0,0,0,0,0,0,0,3,0,1,0,1,0,0,0,0,1,0,1,0,0,0,0,1,0,0,4,0,0,0,0,0,0,0,0,0,1,0,0,0,0,0,0,0,0,0,0,0,0,0,0,0,0,0,0,0,0,0,0,0,0,0,0,0,0,0,0
4.137037037037037,4.137037037037037,0.6099074074074073,0.6099074074074073,0.6261518225795569,24.583333333333332,162.236,148.12399999999997,162.115698448,64,0,0.036029666516989495,-0.29930714879016557,0.29930714879016557,0.036029666516989495,1.5833333333333333,2.5,3.0833333333333335,15.143577610398268,10.081262748767093,2.214113355948108,-2.182860478290452,2.286229481365839,-2.168351546440537,5.143791621517533,0.316712420832025,2.53042684663605,2.194591657785846,245.27530899395384,8.38890505706126,7.4024988805076894,7.4024988805076894,5.877010097711745,4.478978391673248,4.478978391673248,3.4249925387477815,3.4249925387477815,2.5896294359397087,2.5896294359397087,1.9044874511330439,1.9044874511330439,-0.89,1072.9009829736851,7.743335629015882,3.2329339260923793,1.344570624512911,73.22976418910065,0.0,0.0,0.0,0.0,0.0,0.0,9.883888251797686,0.0,0.0,0.0,6.06636706846161,38.06389019460039,18.435527972374114,0.0,0.0,0.0,0.0,9.883888251797686,0.0,18.88348407499998,13.592428388589765,30.08987277184637,0.0,0.0,0.0,0.0,0.0,0.0,23.476316640387452,0.0,0.0,24.446935566696975,24.526421280149375,0.0,0.0,0.0,16.130000000000003,0.0,0.0,0.0,0.0,6.041840829147961,0.0,24.94985114346159,0.0,18.460054211687762,22.997927302936485,0.0,0.0,0.0,6.536851851851852,0.0,1.3587962962962965,0.0,4.791435185185184,6.405944822373394,1.2217866591080877,2.185185185185185,0.5,12,0,2,0,1,1,0,0,1,1,1,0,2,0,2,2,1,0,1,1,0,0,2.0861410380137766,2,1.8483,48.842000000000034,0,0,0,0,0,1,0,0,0,0,0,0,0,0,0,2,0,0,0,0,1,0,0,0,0,0,0,0,0,0,0,0,0,0,0,0,0,0,0,0,0,0,0,0,0,0,0,0,0,0,0,0,0,0,0,0,0,0,0,0,0,0,0,0,0,0,0,0,0,0,0,0,0,1,0,0,0,0,0,0,0,0,0,0,0
2.335648148148148,2.335648148148148,0.5919444444444443,0.5919444444444443,0.6311283268649329,11.266666666666667,198.30899999999997,180.16499999999996,198.140850576,78,0,-0.014922456999382177,-0.058681894855490954,0.058681894855490954,0.014922456999382177,0.8,1.4,2.066666666666667,14.136132630971412,10.019643826377358,2.089592494874496,-2.0269940335300682,2.313309115317606,-1.832229424593003,5.7334230220453675,0.8684480839502439,2.4346484598489457,2.7120143643256545,452.09173176137165,10.999635521070495,9.964101615137757,9.964101615137757,7.092224152875016,5.59209314720961,5.59209314720961,4.65908044531739,4.65908044531739,3.1433045928835734,3.1433045928835734,2.020663939842988,2.020663939842988,-1.2999999999999998,2858.2772918626624,10.225706881392012,3.6919514111575946,1.7652551323920405,92.2922327776796,0.0,0.0,0.0,0.0,0.0,0.0,0.0,0.0,0.0,0.0,44.1793097416893,47.582637904027614,0.0,0.0,0.0,0.0,0.0,0.0,0.0,33.61285484492389,0.0,47.02218981739904,0.0,11.126902983393991,0.0,0.0,0.0,0.0,0.0,0.0,13.847474399381248,36.45573492063363,30.33183534230805,0.0,11.126902983393991,0.0,0.0,0.0,0.0,0.0,0.0,5.917906046161393,0.0,27.817257458484978,0.0,0.0,58.02678414107054,0.0,0.0,0.0,0.0,0.0,6.957592592592594,0.5919444444444443,11.25472222222222,0.0,8.862407407407407,0.0,0.3333333333333333,15,0,0,2,0,2,0,0,0,0,0,0,0,0,0,0,1,0,0,0,0,0,2.516854196722611,2,4.531640000000004,66.62700000000004,0,0,0,0,0,0,0,0,0,0,0,0,0,0,0,0,0,0,0,0,0,0,0,0,0,0,0,0,0,0,2,0,0,0,0,0,1,0,0,0,0,0,0,0,0,0,0,0,0,0,0,0,0,0,0,0,0,0,0,0,0,0,0,0,0,0,0,0,0,0,0,0,0,0,0,0,0,0,0,0,0,0,0,0,0
11.857637471655329,11.857637471655329,0.040872071050642944,-0.18041666666666667,0.6164348063543748,42.72222222222222,246.30599999999998,228.16199999999995,246.125594436,96,0,0.30920036548403285,-0.45723615056413663,0.45723615056413663,0.30920036548403285,1.3888888888888888,2.111111111111111,2.8333333333333335,16.551410647310156,9.615665529807488,2.5217232385203916,-2.4240085881968327,2.5237516893815526,-2.394072428648104,6.05381489728153,-0.1429065425225635,2.6034170211068863,2.0989565315857823,499.86810354691556,13.076985790260121,11.025709779712814,11.025709779712814,8.438176154395316,6.591927184717325,6.591927184717325,6.002418335042859,6.002418335042859,4.918984398911197,4.918984398911197,3.689555708926362,3.689555708926362,-1.3800000000000001,14597.359237346313,11.695902122961234,3.5609461164242924,1.3622049555979567,106.88833053402027,4.736862953800049,6.103966387748303,5.783244946364939,0.0,0.0,5.969305287951849,9.589074368143644,0.0,0.0,0.0,19.92349450621513,31.41450508244579,16.90600104562744,5.917906046161393,14.325937321943691,11.75255023431679,0.0,0.0,17.250802561719567,39.71682123267219,0.0,23.298249273806295,0.0,0.0,0.0,0.0,0.0,0.0,17.85651662206509,14.325937321943691,17.250802561719567,33.61285484492389,23.298249273806295,0.0,0.0,0.0,43.370000000000005,0.0,9.589074368143644,0.0,35.10731918378466,0.0,23.98785230599055,0.0,6.076020106833881,19.92349450621513,6.923737199690624,4.736862953800049,5.548032407407407,0.0,23.617395124716552,0.0,1.7123148148148153,0.1444094860166285,0.0,5.457534486016629,5.936980347694633,0.0,0.6,18,0,3,2,1,3,0,0,0,0,4,0,3,0,3,1,0,1,1,2,0,0,2.313804291268747,3,2.419600000000001,66.72200000000002,0,0,0,0,0,0,0,0,0,0,2,2,0,0,0,0,0,0,0,0,0,0,0,0,0,0,3,0,0,0,0,0,0,0,0,0,3,0,0,0,1,1,0,0,0,0,0,0,0,0,0,1,0,0,0,0,0,0,0,0,0,0,0,0,0,0,0,0,0,0,0,0,0,0,0,0,0,0,0,0,0,0,0,0,0
13.01821940350214,13.01821940350214,0.17989341878726828,-0.3267241171159818,0.5935296943511096,10.551724137931034,402.3990000000002,380.2230000000002,402.13146766399996,154,0,0.21080433414143562,-0.49286952536247625,0.49286952536247625,0.21080433414143562,0.6551724137931034,1.2413793103448276,1.793103448275862,16.54797177217663,10.084271045346238,2.2697029362736587,-2.175500099633819,2.5004575851408823,-2.068030933613229,5.951935125081641,0.30656479976598117,2.7583483043109696,2.3822020527071257,1100.257009001771,21.12902755413791,17.075387400469406,17.075387400469406,14.035467022802997,8.601991190772774,8.601991190772774,5.88178101980136,5.88178101980136,4.484200919749715,4.484200919749715,3.174041104711743,3.174041104711743,-3.5500000000000003,3336663.6097928076,20.19113888142375,8.217269026908342,3.2633809927034543,167.00742484477001,32.838328659853644,11.146471633339239,28.260346033394498,17.248535499851716,0.0,0.0,4.794537184071822,0.0,0.0,0.0,0.0,18.19910120538483,11.629818560158606,42.65878524766519,32.838328659853644,10.969244356107037,0.0,0.0,0.0,0.0,42.65878524766519,34.4887958498188,0.0,45.82076991027486,33.849968114700836,0.0,34.49707099970343,0.0,42.65878524766519,0.0,0.0,0.0,33.47715639497161,0.0,22.292943266678478,0.0,85.59000000000002,0.0,4.794537184071822,0.0,39.3960820811432,22.822722577139245,0.0,41.61535477484928,25.30889874666236,0.0,0.0,32.838328659853644,38.40351773001786,0.0,13.01821940350214,0.18632099290333426,0.4758126259763171,2.3013766608571826,6.574967219912656,0.0,0.0,8.873118700163841,0.2857142857142857,29,0,8,0,0,0,0,2,1,3,0,0,8,0,8,1,7,0,0,0,0,0,5.721242074080281,3,3.5116000000000023,107.23200000000006,0,0,0,0,0,0,0,0,0,0,0,0,0,0,0,0,0,0,0,0,0,0,0,0,0,0,0,0,0,0,0,0,0,0,2,0,1,0,0,0,0,6,0,0,0,0,0,0,0,0,0,0,0,0,0,6,0,0,0,0,0,0,0,0,0,0,0,0,0,0,0,0,0,0,0,0,0,0,0,0,0,0,0,0,0
12.895000787351975,12.895000787351975,0.2122793314856808,-0.29336007705551337,0.655288833027249,10.555555555555555,372.37300000000016,352.21300000000014,372.1209029799999,142,0,0.2108043341412159,-0.49676778655283615,0.49676778655283615,0.2108043341412159,0.7037037037037037,1.2592592592592593,1.7777777777777777,16.54714112681007,10.089518498750039,2.267629131670859,-2.1737952303924297,2.498780040084466,-2.067219640557199,5.951440547539799,0.3065710114696741,2.7108524836715135,2.3756718630013736,1019.4101656943606,19.551677284948283,15.744489379195171,15.744489379195171,13.086778617819252,8.072952088410313,8.072952088410313,5.540520027445276,5.540520027445276,4.19067902826253,4.19067902826253,2.939835874329129,2.939835874329129,-3.35,1348258.7478689293,18.441354604835674,7.489521065803188,3.009598002319876,155.52893750086648,28.10146570605359,16.895983466623143,16.761322366826686,17.248535499851716,0.0,0.0,4.794537184071822,0.0,0.0,0.0,0.0,24.26546827384644,11.629818560158606,35.54898770638766,28.10146570605359,10.969244356107037,0.0,0.0,0.0,0.0,35.54898770638766,40.55516291828041,0.0,40.07125807699096,29.113105160900787,0.0,28.747559166419524,0.0,35.54898770638766,0.0,0.0,0.0,39.543523463433225,0.0,22.292943266678478,0.0,76.36000000000001,0.0,4.794537184071822,0.0,39.3960820811432,17.07321074385534,0.0,34.50555723357174,31.375265815123974,0.0,0.0,28.10146570605359,32.85727092649337,0.0,12.895000787351975,0.2122793314856808,0.6334203357268838,2.0845263988923817,8.566191053581926,0.0,0.0,7.417977833134447,0.25,27,0,7,0,0,0,0,2,1,3,0,0,7,0,7,1,6,0,0,0,0,0,5.115441251661607,3,3.503000000000003,100.68000000000005,0,0,0,0,0,0,0,0,0,0,0,0,0,0,0,0,0,0,0,0,0,0,0,0,0,0,0,0,0,0,0,0,0,0,2,0,1,0,0,0,0,5,0,0,0,0,0,0,0,0,0,0,0,0,0,5,0,0,0,0,0,0,0,0,0,0,0,0,0,0,0,0,0,0,0,0,0,0,0,0,0,0,0,0,0
13.474006440539178,13.474006440539178,0.021025132275131364,-0.4679278208196853,0.5297263608334193,10.548387096774194,432.4250000000003,408.23300000000023,432.14203234799993,166,0,0.23880850427448605,-0.492869525202229,0.492869525202229,0.23880850427448605,0.6129032258064516,1.1612903225806452,1.6774193548387097,16.549552601168216,10.0708214975041,2.2982048840783493,-2.1866506561964174,2.511386483610911,-2.1074528240229826,5.965092846745407,0.30584730272928995,2.809271118626029,2.4983537717083504,1164.3260363466936,22.706377823327532,18.406285421743647,18.406285421743647,15.00099218019235,9.137013357278942,9.137013357278942,6.200438493209418,6.200438493209418,4.789032650594185,4.789032650594185,3.4120080273356943,3.4120080273356943,-3.7500000000000004,8525297.872965528,21.946909927679158,8.94704968425273,3.4132509224582304,178.4859121886735,37.57519161365369,5.386224214464796,28.5918030603684,28.426837725036158,0.0,0.0,4.794537184071822,0.0,0.0,0.0,0.0,18.19910120538483,5.563451491696996,49.76858278894272,37.57519161365369,10.969244356107037,0.0,0.0,0.0,0.0,49.76858278894272,28.42242878135719,0.0,51.570281743558766,38.586831068500885,0.0,40.246582832987336,0.0,49.76858278894272,0.0,0.0,0.0,27.41078932651,0.0,22.292943266678478,0.0,94.82000000000002,5.428790391900541,4.794537184071822,0.0,45.477050941401004,17.062475158264807,0.0,49.76858278894272,18.19910120538483,0.0,0.0,37.57519161365369,44.11829333470418,0.0,13.474006440539178,0.09544136327370478,0.1819700333837253,1.8774745444550673,5.095821339338205,0.0,0.0,10.156992944305944,0.3181818181818182,31,0,9,0,0,0,0,2,1,3,0,0,9,0,9,1,8,0,0,0,0,0,6.334196565766611,3,3.5202000000000027,113.78400000000006,0,0,0,0,0,0,0,0,0,0,0,0,0,0,0,0,0,0,0,0,0,0,0,0,0,0,0,0,0,0,0,0,0,0,2,0,1,0,0,0,0,7,0,0,0,0,0,0,0,0,0,0,0,0,0,7,0,0,0,0,0,0,0,0,0,0,0,0,0,0,0,0,0,0,0,0,0,0,0,0,0,0,0,0,0
6.0851851851851855,6.0851851851851855,0.512685185185185,0.512685185185185,0.6871751562387504,11.23076923076923,177.29099999999997,158.13899999999995,177.151749608,72,0,0.03838965904395384,-0.3982654958712663,0.3982654958712663,0.03838965904395384,0.9230769230769231,1.3076923076923077,1.6153846153846154,14.576521774616564,9.930988100533002,2.0914260061448564,-2.150673808102668,2.2872421354950987,-2.017671376253345,5.556940617130557,0.8396337264433794,2.030421715967236,3.1846318206657656,260.92599275295936,10.008071689507773,8.964101615137757,8.964101615137757,6.036581260209188,4.919443416399235,4.919443416399235,4.159543236939484,4.159543236939484,2.4175922499108564,2.4175922499108564,1.6085823706613531,1.6085823706613531,-0.9800000000000001,682.2216965649914,10.103194675540763,3.8194244691736134,2.029220523972004,80.96094650288931,5.733667477162185,0.0,0.0,0.0,0.0,0.0,0.0,0.0,0.0,0.0,45.89405000414732,22.96271507571678,5.687386274683562,0.0,0.0,5.687386274683562,0.0,0.0,0.0,39.53076089108528,5.733667477162185,29.32600418877882,0.0,0.0,5.733667477162185,5.687386274683562,0.0,0.0,0.0,0.0,0.0,50.65766387447927,18.19910120538483,0.0,0.0,0.0,26.02,0.0,0.0,0.0,0.0,11.835812092322787,5.687386274683562,11.126902983393991,0.0,0.0,45.89405000414732,5.733667477162185,0.0,0.0,0.0,0.0,9.603611111111112,1.02537037037037,6.33212962962963,0.0,8.705555555555556,0.0,0.5,13,2,1,0,0,0,0,1,0,1,0,0,1,1,1,0,2,0,0,0,0,0,2.968337612352689,1,3.5156000000000027,59.03240000000004,0,0,0,1,0,0,0,0,0,0,0,0,0,0,0,0,0,1,0,0,0,0,0,0,0,0,0,0,0,1,0,0,0,0,1,0,0,0,0,0,0,0,0,0,0,0,0,0,0,0,0,0,0,0,0,0,0,0,0,0,0,0,0,0,1,0,0,0,0,0,0,0,0,0,0,0,0,0,0,0,0,0,0,0,0
10.117781557067271,10.117781557067271,0.004074074074073675,-0.5053741496598638,0.36439360856037717,9.090909090909092,151.121,146.081,151.02694302,56,0,0.26896874002293986,-0.29789634093335254,0.29789634093335254,0.26896874002293986,1.2727272727272727,1.8181818181818181,2.1818181818181817,16.628213329167046,10.206479347332765,2.0155922506327495,-1.8902113863947423,2.0946218467047846,-1.8706269873450598,5.745643105615275,-0.38443976828702087,2.0456060352867365,3.000886645997868,278.2420897763861,8.267584713501616,5.558709812839677,5.558709812839677,5.236382105218448,2.9344997694563375,2.9344997694563375,1.9664931383633013,1.9664931383633013,1.239989408522125,1.239989408522125,0.6746053889777929,0.6746053889777929,-1.71,335.4793897870248,7.397642626480085,2.916794426263587,1.6061694598688268,62.61084305643714,0.0,6.286160523129555,0.0,0.0,5.687386274683562,0.0,14.908855452837393,0.0,0.0,0.0,0.0,12.13273413692322,17.696185628620217,4.923311048817671,9.717848232889493,11.973546797813118,0.0,0.0,0.0,0.0,0.0,39.94323803430901,0.0,0.0,0.0,5.687386274683562,0.0,0.0,11.209471571947226,0.0,10.114318268765572,10.357988675768818,24.26546827384644,0.0,0.0,0.0,60.21,4.923311048817671,14.908855452837393,0.0,5.687386274683562,11.849612014826551,0.0,24.26546827384644,0.0,0.0,0.0,0.0,0.0,0.0,19.730188964474678,10.117781557067271,0.43629629629629707,0.0,5.406481481481482,0.6425850340136057,0.0,0.0,0.0,11,0,4,0,0,0,0,1,0,1,0,0,3,0,4,0,2,0,0,0,0,0,1.961582070946094,1,1.4073,38.48390000000001,0,0,0,0,0,0,0,0,0,0,1,1,0,0,0,1,0,0,0,0,0,0,0,1,0,0,0,0,0,0,0,0,0,0,1,0,0,0,0,0,0,0,0,0,0,0,0,0,0,0,0,0,0,0,0,0,0,0,1,1,1,0,0,0,0,0,0,0,0,0,0,0,0,0,0,0,0,0,0,0,0,0,0,0,0
9.891373299319728,9.891373299319728,0.7708333333333333,0.7708333333333333,0.4433687822838736,10.0,132.16199999999998,124.09799999999997,132.057514876,50,0,0.14235723136772482,-0.29856366004105594,0.29856366004105594,0.14235723136772482,1.1,1.8,2.4,16.128435387968327,10.195128696125796,1.7853875886738355,-1.8623354882854464,1.9860228839166132,-1.6732345770539674,5.7315069305345485,-0.10356707923991458,2.029573889867405,2.7587670006154434,223.74339906009686,7.234204518682008,5.52705044398087,5.52705044398087,4.931851652578137,3.1017276641799554,3.1017276641799554,1.9058831224074562,1.9058831224074562,1.1668150461385,1.1668150461385,0.7145448510869892,0.7145448510869892,-1.37,251.66716234355823,6.745874855156431,3.6165878630836263,1.8597894898001621,59.998148530546295,0.0,6.286160523129555,0.0,0.0,0.0,0.0,4.794537184071822,0.0,0.0,0.0,36.407855449141934,11.639471598530877,0.0,0.0,4.794537184071822,12.362180629963436,0.0,0.0,0.0,0.0,0.0,41.97130694083893,0.0,0.0,0.0,0.0,0.0,0.0,6.286160523129555,4.794537184071822,0.0,5.563451491696996,36.407855449141934,0.0,6.076020106833881,0.0,17.07,0.0,4.794537184071822,0.0,0.0,0.0,11.849612014826551,6.076020106833881,6.076020106833881,30.33183534230805,0.0,0.0,0.0,0.0,9.891373299319728,0.0,1.0505555555555557,0.0,9.701589663643235,4.023148148148148,0.0,0.0,0.0,10,0,1,0,0,0,0,1,0,1,0,0,1,0,1,0,2,0,0,0,0,0,2.4397049127039763,1,1.8987,41.54000000000002,0,0,0,0,0,0,0,0,0,0,1,1,0,0,0,0,0,0,0,0,0,0,0,1,0,0,1,0,0,0,0,0,0,0,1,0,0,0,0,0,0,0,0,0,0,0,0,0,0,0,0,0,0,0,0,0,0,0,0,0,0,0,0,0,0,0,0,0,0,0,0,0,0,0,0,0,0,0,0,0,0,0,0,0,0
11.801092765810028,11.801092765810028,0.019059429327286104,-0.13440334467120163,0.617898088135557,68.375,220.22399999999996,208.12799999999996,220.073558864,84,0,0.3122112432929897,-0.4685637682323277,0.4685637682323277,0.3122112432929897,0.75,1.0,1.1875,16.53146730188081,8.920198929643227,3.1333482115315574,-3.083474404466729,3.0993104556406443,-3.115846916165202,5.962681870051232,-0.6281580100618304,2.3576735057545766,1.5418694711029033,381.86155740979365,11.033015715890103,9.097094776993208,9.097094776993208,7.694811758438576,5.865043969424329,5.865043969424329,6.003889189758085,6.003889189758085,6.708665874889574,6.708665874889574,6.697684561072593,6.697684561072593,-1.06,6412.871935652448,8.093124020833866,1.710556975138425,0.32848500738140546,92.27459317764736,9.473725907600098,0.0,0.0,0.0,0.0,11.938610575903699,9.589074368143644,0.0,0.0,0.0,0.0,35.507436276968356,0.0,25.049576021348624,19.06280027574374,11.938610575903699,0.0,0.0,46.33741721576191,0.0,14.219595082555067,0.0,0.0,0.0,0.0,0.0,0.0,0.0,26.158205658458765,19.06280027574374,46.33741721576191,0.0,0.0,0.0,0.0,0.0,52.60000000000001,0.0,9.589074368143644,0.0,22.768591514697256,35.507436276968356,0.0,14.219595082555067,0.0,0.0,0.0,9.473725907600098,9.848880857898715,0.0,23.602185531620055,0.0,-0.26880668934240326,2.7066033635676483,0.0,0.0,0.0,2.944470269589317,0.8333333333333334,16,0,4,6,0,6,0,0,0,0,0,0,4,0,4,0,2,6,0,6,0,0,0.8652343590311066,6,0.0703999999999998,49.83800000000002,0,0,0,0,0,0,0,0,0,0,2,2,0,0,0,0,0,0,0,0,0,0,0,0,0,0,0,0,0,0,0,0,0,0,0,0,0,0,0,0,2,2,0,0,0,0,0,0,0,0,0,0,0,0,0,2,0,0,0,0,0,0,0,0,0,0,0,0,0,0,0,0,0,0,0,0,0,0,0,0,0,0,0,0,0
3.6179681594860167,3.6179681594860167,1.163703703703704,1.163703703703704,0.5093585551306543,11.0,257.13,248.05799999999994,255.988762388,72,0,0.02596180399519947,-0.06162834373861533,0.06162834373861533,0.02596180399519947,0.6666666666666666,1.2666666666666666,2.066666666666667,79.91873104726199,10.023574816739037,2.021174855844971,-2.050007468615366,2.3085020726583014,-1.7798928993929821,9.103965419488024,1.7353673778640328,2.296157239977315,2.6384478838128724,640.957112138695,10.25071237662706,8.07411689571586,9.660113434830565,7.360173345306136,4.921033044073492,5.714031313630843,3.6251094285972028,4.479446327771724,2.7175543369627233,3.3736416687479065,2.0086746022490383,2.601051024660748,-1.3399999999999999,4943.626537671159,8.927597363514922,3.352053916486003,1.3487012321271812,96.66227978860876,0.0,0.0,0.0,0.0,0.0,0.0,0.0,0.0,0.0,0.0,64.46088044564223,27.611263926320795,4.472719515832414,0.0,0.0,37.47484075580853,0.0,0.0,0.0,0.0,0.0,59.0700231319869,0.0,0.0,0.0,0.0,0.0,15.929943897949348,0.0,0.0,0.0,0.0,59.0700231319869,0.0,21.544896857859182,0.0,0.0,0.0,0.0,0.0,0.0,0.0,4.472719515832414,21.544896857859182,0.0,0.0,70.52724751410385,0.0,1.163703703703704,3.6179681594860167,0.0,5.178750000000001,0.0,0.0,19.122911470143613,0.0,0.0,0.0,0.0,15,0,0,0,0,0,0,3,0,3,0,0,0,0,1,0,0,0,0,0,0,0,1.9950525138120203,3,4.755500000000002,69.15400000000004,0,0,0,0,0,0,0,0,0,0,0,0,0,0,0,0,0,0,0,0,0,0,0,0,0,0,0,0,0,0,0,0,0,0,3,0,3,0,0,0,0,0,0,0,1,0,0,0,0,0,0,0,0,0,0,0,0,0,0,0,0,0,0,0,0,0,0,0,0,0,0,0,0,0,0,0,0,0,0,0,0,0,0,0,0
5.023216411564626,5.023216411564626,0.9011602418745277,0.9011602418745277,0.6262155548658499,10.363636363636363,148.20499999999998,136.10899999999998,148.088815004,58,0,0.11840058959106642,-0.496767824217075,0.496767824217075,0.11840058959106642,1.1818181818181819,1.8181818181818181,2.272727272727273,16.465249014661037,10.182365683331291,1.874520082463439,-1.9763992653447893,2.1127609734454413,-1.8045252525068274,5.495036866032775,0.414536055900853,2.066172828612932,2.8240417350315044,233.55461928814677,8.104448006685086,6.872349905601619,6.872349905601619,5.363703305156274,3.6330983778594854,3.6330983778594854,2.2731597389607816,2.2731597389607816,1.4749187161363055,1.4749187161363055,0.9074715917788423,0.9074715917788423,-1.2400000000000002,380.17580046477946,7.862459016393442,3.814282937664862,2.114270889670092,67.31511377440602,4.736862953800049,5.749511833283905,0.0,0.0,0.0,0.0,0.0,0.0,0.0,0.0,24.284774350590983,24.61992282831084,0.0,7.109797541277533,4.736862953800049,6.076020106833881,0.0,0.0,0.0,6.923737199690624,7.109797541277533,35.90493987237732,0.0,5.749511833283905,4.736862953800049,0.0,5.749511833283905,0.0,7.109797541277533,0.0,0.0,12.487188691387619,30.34148838068032,0.0,6.076020106833881,0.0,9.23,0.0,0.0,0.0,0.0,0.0,5.749511833283905,5.563451491696996,7.109797541277533,37.265225580370945,6.076020106833881,4.736862953800049,5.023216411564626,0.0,0.0,0.0,1.2021296296296298,0.9011602418745277,7.960648148148149,4.070684051398337,2.0041985544217686,1.6712962962962963,0.2,11,0,1,0,0,0,0,1,0,1,0,0,1,0,1,0,2,0,0,0,0,0,2.726331206756251,1,2.728300000000001,47.70200000000003,0,0,0,0,0,0,0,0,0,0,0,0,0,0,0,0,0,0,0,0,0,0,0,0,0,0,1,0,0,0,0,0,0,0,1,0,0,0,0,0,0,1,0,0,0,0,0,0,0,0,0,0,0,0,0,1,0,0,0,0,0,0,0,0,0,0,0,0,0,0,0,0,0,0,0,0,0,0,0,0,0,0,0,0,0
10.964571050642478,10.964571050642478,0.12986111111111076,-0.12986111111111076,0.6374825410921272,33.07142857142857,198.30599999999995,176.12999999999997,198.161979944,82,0,0.3024098922530718,-0.46224844550565997,0.46224844550565997,0.3024098922530718,1.3571428571428572,2.0,2.5,16.542753406392734,9.752355369761723,2.3203888634868703,-2.3595254216037627,2.3470118557640762,-2.34844659204665,5.657199824624184,-0.1526121962437068,2.0142295159754373,2.5834409878142726,198.49841012019363,10.71517847069432,9.747218001245873,9.747218001245873,6.502907755397974,5.675661186950376,5.675661186950376,4.973980236029972,4.973980236029972,3.278660978351536,3.278660978351536,2.463393867923229,2.463393867923229,-0.53,1015.1716760516204,11.544239049740165,4.809052280157554,3.000689757957182,87.02285046221365,4.736862953800049,6.103966387748303,0.0,0.0,0.0,5.969305287951849,4.794537184071822,0.0,0.0,0.0,27.19203322199788,30.595361384336197,6.923737199690624,0.0,9.53140013787187,5.969305287951849,0.0,0.0,17.75371813848418,53.06138005528882,0.0,0.0,0.0,0.0,0.0,0.0,0.0,0.0,12.073271675700152,9.53140013787187,17.75371813848418,46.95741366754052,0.0,0.0,0.0,0.0,26.3,0.0,4.794537184071822,0.0,12.073271675700152,17.75371813848418,6.4208216229260096,19.765380445542643,0.0,0.0,20.771211599071872,4.736862953800049,5.396574074074074,0.0,10.964571050642478,0.0,0.0,1.755601851851852,0.0,3.690791761148904,8.192461262282691,0.0,0.9166666666666666,14,0,2,1,0,1,0,0,0,0,3,0,2,0,2,0,2,1,0,1,0,0,3.96548922320263,1,3.0103000000000018,56.89700000000005,0,0,0,0,0,0,0,0,0,0,1,1,0,0,0,0,0,0,0,0,0,0,0,0,0,0,0,0,0,0,0,0,0,0,0,0,0,0,0,0,1,1,0,0,0,0,0,0,0,0,0,0,0,0,0,0,0,0,0,0,0,0,0,0,0,0,0,0,0,0,0,0,0,0,0,0,0,0,0,0,0,0,0,0,0
6.381150321239608,6.381150321239608,0.007123960695389453,-0.36874645691609986,0.7018006208581451,25.37037037037037,372.1230000000001,337.8510000000001,372.264320368,148,0,0.4583341846165132,-0.4033633942609771,0.4583341846165132,0.4033633942609771,0.6666666666666666,1.037037037037037,1.4074074074074074,16.684482583620724,9.49649139415432,2.6098645029073277,-2.319831088803494,2.4610576862402525,-2.412205915645651,6.679995972943106,0.00578443512058976,2.8774707323632764,1.8176893105328376,589.405270315357,20.087575669810523,18.166008877745558,18.166008877745558,12.346866552750669,10.098457572756557,10.098457572756557,9.93755542156125,9.93755542156125,6.851297390234572,6.851297390234572,3.5053422178179705,3.5053422178179705,-0.8101298701298704,652414.6940901903,20.912167631246707,6.908750668051929,4.000624456376399,165.1332614794022,18.617432536101383,0.0,0.0,0.0,0.0,14.236784668448726,0.0,0.0,0.0,0.0,30.33183534230805,73.794992335074,5.716609583597068,22.404203243934752,18.617432536101383,14.236784668448726,0.0,0.0,0.0,96.35235367090883,0.0,35.89528683400505,0.0,0.0,0.0,0.0,0.0,0.0,36.64098791238348,25.038254159027392,0.0,67.37417071214799,30.33183534230805,5.716609583597068,0.0,0.0,36.92,0.0,0.0,0.0,42.35759749598055,0.0,12.841643245852019,5.563451491696996,0.0,6.06636706846161,79.65536587137143,18.617432536101383,25.52460128495843,0.0,0.0,0.0,-0.18068877551020446,0.0,10.516231103552531,1.8029043839758123,16.710262660619804,-0.7066439909297069,0.7142857142857143,27,0,4,0,2,2,0,1,0,1,0,0,4,0,6,2,5,0,2,2,0,0,5.350998225658874,3,4.7130000000000045,110.67700000000006,0,0,0,0,0,0,0,0,0,0,0,0,0,0,0,0,0,0,0,0,0,0,0,0,0,0,0,0,0,0,1,0,0,0,1,0,0,0,0,0,0,0,0,0,0,0,0,0,0,0,0,0,0,0,0,0,0,0,0,0,0,0,0,0,0,0,0,0,0,0,0,0,0,0,0,0,0,0,0,0,0,0,0,0,0
6.40822019085412,6.40822019085412,0.1968575207860921,-0.30969533415217954,0.43975672677978056,28.384615384615383,366.16000000000014,325.8400000000001,366.31127055999997,150,0,0.46041539690119815,-0.4030544838658664,0.46041539690119815,0.4030544838658664,0.6538461538461539,1.0384615384615385,1.4230769230769231,16.675602444982474,9.521416765689354,2.5878263450162735,-2.3197689107969945,2.4871983742482477,-2.41220591564565,6.543547776676172,0.005784435120588037,2.8248091281485506,2.174091822435693,458.2028532140033,19.966255326250888,18.77082136336015,18.77082136336015,11.739912065068584,10.452010963349826,10.452010963349826,10.268180399490848,10.268180399490848,7.138199224060558,7.138199224060558,3.645427717207344,3.645427717207344,-0.030129870129870312,262919.10960242635,22.260998203817255,7.420570231832422,4.185365004063023,161.9008778453213,18.617432536101383,0.0,0.0,0.0,0.0,14.236784668448726,0.0,0.0,0.0,0.0,39.53076089108528,67.02441322728345,0.0,22.404203243934752,18.617432536101383,14.236784668448726,0.0,0.0,0.0,128.95937736230348,0.0,0.0,0.0,0.0,0.0,0.0,0.0,0.0,36.64098791238348,18.617432536101383,0.0,94.92065848861027,0.0,11.634515629758463,0.0,0.0,36.92,0.0,0.0,0.0,48.275503542141934,0.0,6.4208216229260096,19.26246486877803,0.0,0.0,69.23737199690622,18.617432536101383,25.503042800453514,0.0,0.0,0.0,-1.23779368228773,0.4443575207860917,0.0,4.678622606449988,21.392759983623076,-0.44765589569161035,1.0,26,0,4,0,2,2,0,0,0,0,2,0,4,0,6,2,7,0,2,2,0,0,6.353434638543129,2,5.511400000000006,109.48000000000009,0,0,0,0,0,0,0,0,0,0,0,0,0,0,0,0,0,0,0,0,0,0,0,0,0,0,0,0,0,0,0,0,0,0,0,0,0,0,0,0,0,0,0,0,0,0,0,0,0,0,0,0,0,0,0,0,0,0,0,0,0,0,0,0,0,0,0,0,0,0,0,0,0,0,0,0,0,0,0,0,0,0,0,2,0
6.40822019085412,6.40822019085412,0.1968575207860921,-0.30969533415217954,0.43975672677978056,28.384615384615383,366.16000000000014,325.8400000000001,366.31127055999997,150,0,0.46041539690119815,-0.4030544838658664,0.46041539690119815,0.4030544838658664,0.6538461538461539,1.0384615384615385,1.4230769230769231,16.675602444982474,9.521416765689354,2.5878263450162735,-2.3197689107969945,2.4871983742482477,-2.41220591564565,6.543547776676172,0.005784435120588037,2.8248091281485506,2.174091822435693,458.2028532140033,19.966255326250888,18.77082136336015,18.77082136336015,11.739912065068584,10.452010963349826,10.452010963349826,10.268180399490848,10.268180399490848,7.138199224060558,7.138199224060558,3.645427717207344,3.645427717207344,-0.030129870129870312,262919.10960242635,22.260998203817255,7.420570231832422,4.185365004063023,161.9008778453213,18.617432536101383,0.0,0.0,0.0,0.0,14.236784668448726,0.0,0.0,0.0,0.0,39.53076089108528,67.02441322728345,0.0,22.404203243934752,18.617432536101383,14.236784668448726,0.0,0.0,0.0,128.95937736230348,0.0,0.0,0.0,0.0,0.0,0.0,0.0,0.0,36.64098791238348,18.617432536101383,0.0,94.92065848861027,0.0,11.634515629758463,0.0,0.0,36.92,0.0,0.0,0.0,48.275503542141934,0.0,6.4208216229260096,19.26246486877803,0.0,0.0,69.23737199690622,18.617432536101383,25.503042800453514,0.0,0.0,0.0,-1.23779368228773,0.4443575207860917,0.0,4.678622606449988,21.392759983623076,-0.44765589569161035,1.0,26,0,4,0,2,2,0,0,0,0,2,0,4,0,6,2,7,0,2,2,0,0,6.353434638543129,2,5.511400000000006,109.48000000000009,0,0,0,0,0,0,0,0,0,0,0,0,0,0,0,0,0,0,0,0,0,0,0,0,0,0,0,0,0,0,0,0,0,0,0,0,0,0,0,0,0,0,0,0,0,0,0,0,0,0,0,0,0,0,0,0,0,0,0,0,0,0,0,0,0,0,0,0,0,0,0,0,0,0,0,0,0,0,0,0,0,0,0,2,0
11.800144085411942,11.800144085411942,0.1430612244897964,-0.6223611111111111,0.6425808564979831,24.22222222222222,231.254,222.18199999999996,231.068413908,84,0,0.1959468148410507,-0.2884789517051973,0.2884789517051973,0.1959468148410507,1.3333333333333333,2.111111111111111,2.8333333333333335,16.137949031248606,9.755268758716698,2.4178512823631206,-2.2385765799209674,2.4912324587782124,-2.2117993123691626,6.1417443266384275,-0.1106412138339084,2.7213086435184257,2.2741467479623827,709.3478878877087,12.75071237662706,9.60402055147775,9.60402055147775,8.698637171184396,5.6555636663321485,5.6555636663321485,4.5416935609984925,4.5416935609984925,3.567089731104669,3.567089731104669,2.692666463576036,2.692666463576036,-2.579999999999999,20445.191838753934,10.566194313252252,3.454103852810192,1.2066338885545747,105.24328306540785,0.0,6.069221312792274,5.783244946364939,0.0,0.0,0.0,4.794537184071822,0.0,5.261891554738487,6.423349895620259,30.18590259270208,35.27286935005703,0.0,10.988094999466046,4.794537184071822,11.356349476434207,5.261891554738487,0.0,5.41499046939678,6.4208216229260096,0.0,53.11751600097746,0.0,18.413005527268176,0.0,0.0,0.0,0.0,5.783244946364939,11.21535880699783,29.089887551403443,11.126902983393991,41.99061301758347,0.0,5.573104530069267,0.0,40.86,5.41499046939678,4.794537184071822,0.0,11.356349476434207,6.4208216229260096,16.70000751346326,6.076020106833881,6.076020106833881,30.334689586638714,5.920434318855644,11.685241450358745,0.0,0.0,11.800144085411942,8.971359914336105,2.5267923280423292,2.508590797430083,9.793289556563366,9.483156651549509,0.0,0.0,0.125,18,0,2,2,0,2,0,1,0,1,1,0,2,0,2,0,0,0,0,0,0,1,2.0275962492747635,3,2.2783800000000003,68.09200000000001,0,0,0,0,0,0,0,0,0,0,1,1,0,0,0,1,0,0,0,0,0,0,0,0,0,0,4,0,0,0,0,0,0,0,1,0,3,0,0,0,0,0,0,0,0,0,0,0,0,0,0,1,0,0,0,0,0,1,0,0,0,0,0,0,0,0,0,0,0,0,0,0,0,0,0,0,0,0,1,0,0,0,0,0,0
11.716594387755102,11.716594387755102,0.3965712396069534,-0.6786517384731672,0.785322533850712,22.764705882352942,236.26699999999997,220.13899999999995,236.104858992,92,0,0.31530821099865897,-0.4964670801134975,0.4964670801134975,0.31530821099865897,1.411764705882353,2.176470588235294,2.823529411764706,16.52534590250776,9.801066612783751,2.3520535440810524,-2.2879164981582356,2.368254095557593,-2.317588784923686,5.798624005640616,-0.14523641064883117,2.3643114401029783,2.4798377566949705,427.4276808826702,12.41384908344359,9.972923375212773,9.972923375212773,8.185070510202191,5.603570125807071,5.603570125807071,4.134906949177914,4.134906949177914,3.254244764700141,3.254244764700141,2.409946706711757,2.409946706711757,-1.5499999999999998,8336.562137803101,11.921540359013681,4.753644737021563,2.0017705966337545,100.16301307799752,14.580253302440804,11.6674178794453,0.0,0.0,0.0,5.969305287951849,4.794537184071822,0.0,0.0,0.0,12.13273413692322,30.034913297707618,0.0,20.323561470303368,19.374790486512627,5.969305287951849,0.0,0.0,0.0,24.86351567976171,14.219595082555067,29.32600418877882,0.0,5.749511833283905,4.736862953800049,0.0,5.749511833283905,0.0,31.399394153095923,15.95222176079788,0.0,23.465630652481394,18.19910120538483,0.0,0.0,0.0,55.76,17.991177721861547,9.901064578912528,0.0,0.0,12.841643245852019,16.876414816677897,7.109797541277533,7.109797541277533,18.19910120538483,0.0,9.473725907600098,10.026519746787603,0.0,11.716594387755102,9.939180839002269,1.8107870370370374,-0.22791099773242574,5.540019841269841,0.5863756613756613,0.0,2.9417668178382463,0.46153846153846156,17,1,4,1,0,1,0,1,0,1,2,0,4,1,4,0,2,0,0,0,0,0,3.333574563812679,2,1.2589000000000001,62.07880000000004,0,1,1,0,0,0,0,0,0,0,1,1,0,0,0,0,0,0,0,0,0,0,0,0,0,0,0,0,0,0,0,0,0,0,1,0,1,0,0,0,1,2,0,0,0,0,0,0,0,0,0,0,0,0,0,2,0,0,0,0,0,0,0,0,0,0,0,0,0,0,0,0,0,0,0,0,0,0,0,0,0,0,0,0,0
13.040278722600151,13.040278722600151,0.07312499999999966,-0.31937150940623216,0.7479907013785353,50.95454545454545,302.41400000000004,276.20599999999996,302.18819469199997,120,0,0.15519771462430643,-0.39253719720036906,0.39253719720036906,0.15519771462430643,1.1363636363636365,1.9090909090909092,2.6818181818181817,16.26912952184157,9.467502811532897,2.614213790950161,-2.560741587951598,2.6352760343622093,-2.5508514397509634,5.926583097741147,-0.14839579909553674,2.7463930794085396,1.7565340113772252,577.2293702335213,15.698306133819765,13.600208990681649,13.600208990681649,10.35984445084558,8.807676478804526,8.807676478804526,8.582105668972469,8.582105668972469,7.59934384285649,7.59934384285649,6.358067001987951,6.358067001987951,-0.9600000000000001,121544.37212230432,14.620837262355307,4.531515477529463,1.7189317892002711,131.71255939295088,5.106527394840706,5.783244946364939,5.783244946364939,0.0,0.0,0.0,9.589074368143644,0.0,0.0,0.0,19.420578929450514,55.4309307831835,24.174539761410195,6.103966387748303,14.69560176298435,11.566489892729878,0.0,0.0,28.583699077277743,64.89719214761162,0.0,11.64912463690315,0.0,0.0,0.0,0.0,0.0,0.0,22.77698367531889,9.589074368143644,28.583699077277743,58.79322575986332,11.64912463690315,0.0,0.0,0.0,54.37,0.0,14.69560176298435,0.0,28.6350983190682,30.460700284539744,32.10410811463005,5.573104530069267,0.0,6.076020106833881,13.847474399381248,0.0,0.0,0.0,24.824225110958068,10.414766448628733,0.906310980410683,1.5198050385277568,0.0,7.325389109347443,4.342836645460653,0.0,0.7894736842105263,22,1,3,4,0,4,0,0,0,0,6,0,3,1,3,0,0,3,0,3,0,1,3.0115704704001165,4,3.058200000000001,83.10680000000005,0,1,1,0,0,0,0,0,0,0,2,2,0,0,0,0,0,0,0,0,0,0,0,0,0,0,1,0,0,0,0,0,0,0,0,0,5,0,0,0,0,0,0,0,0,0,0,0,0,0,0,2,1,0,0,0,0,0,0,0,0,0,0,0,0,0,0,0,0,0,0,0,0,0,0,0,0,0,0,0,0,0,0,0,0
2.573287037037037,2.573287037037037,0.7113657407407408,0.7113657407407408,0.5755998628393965,46.6,208.38899999999995,180.16499999999996,208.219100896,88,0,-0.029477895351590063,-0.06250864308348004,0.06250864308348004,0.029477895351590063,1.1333333333333333,1.8666666666666667,2.533333333333333,14.491939638353571,9.540406540682197,2.4402092447229555,-2.5113488808576827,2.54235081016132,-2.4135903602648887,4.9432310553853345,-0.009385027897469136,2.165264124189831,2.087587936452629,218.07820003461552,11.05204176387779,11.05204176387779,11.05204176387779,7.027492551872356,7.027492551872357,7.027492551872357,6.908509674152603,6.908509674152603,5.57514684241207,5.57514684241207,4.293209270308963,4.293209270308963,0.0,2412.1042343474714,11.484375,4.107638888888889,2.097814776274714,95.83677832232358,0.0,0.0,0.0,0.0,0.0,0.0,0.0,0.0,0.0,0.0,40.53659204461451,54.76990114574639,0.0,0.0,0.0,0.0,0.0,0.0,29.08661465404235,66.21987853631855,0.0,0.0,0.0,0.0,0.0,0.0,0.0,0.0,0.0,0.0,29.08661465404235,66.21987853631855,0.0,0.0,0.0,0.0,0.0,0.0,0.0,0.0,0.0,5.41499046939678,23.671624184645573,38.524929737556064,0.0,0.0,27.694948798762496,0.0,0.0,0.0,0.0,0.0,0.7113657407407408,3.9490754913076334,0.0,9.00989984882842,9.912992252456538,0.0,1.0,15,0,0,2,0,2,0,0,0,0,4,0,0,0,0,0,1,2,0,2,0,4,3.144911024305556,2,4.885000000000005,66.79100000000005,0,0,0,0,0,0,0,0,0,0,0,0,0,0,0,0,0,0,0,0,0,0,0,0,0,0,0,0,0,0,0,0,0,0,0,0,1,0,0,0,0,0,0,0,0,0,0,0,0,0,0,0,0,0,0,0,0,0,0,0,0,0,0,0,0,0,0,0,0,0,0,0,0,0,0,0,0,0,0,0,0,0,0,0,0
5.094537037037037,5.094537037037037,0.20789777021919886,-0.35074074074074124,0.572108673347635,23.818181818181817,152.149,144.08499999999998,152.04734411599998,58,0,0.2193085608631788,-0.31610757094906416,0.31610757094906416,0.2193085608631788,1.1818181818181819,2.0,2.6363636363636362,17.27834625737734,10.201225076099517,2.1828420476043644,-2.0367627474616157,2.223453496904834,-1.9567601071864718,5.153159770793558,-0.2792563623645656,2.57938194604314,2.156490151637601,216.03859680452527,7.518661569058181,5.895953267715893,5.895953267715893,5.466326495188786,3.4147801937650972,3.4147801937650972,2.241204879710534,2.241204879710534,1.4947042518838793,1.4947042518838793,0.9688846301158843,0.9688846301158843,-0.9,773.814583812942,6.7882558233909585,3.0031235853327294,1.4002350355605748,64.4253871990199,4.736862953800049,0.0,6.792942306099827,6.290026729335213,0.0,0.0,0.0,4.887570953256112,4.887570953256112,0.0,30.33183534230805,0.0,5.563451491696996,0.0,14.512004860312272,0.0,0.0,0.0,0.0,6.290026729335213,6.792942306099827,35.89528683400505,0.0,0.0,0.0,0.0,0.0,0.0,6.792942306099827,14.512004860312272,0.0,11.853478221032208,30.33183534230805,0.0,0.0,0.0,27.69,0.0,0.0,0.0,13.08296903543504,0.0,5.563451491696996,0.0,0.0,30.33183534230805,4.887570953256112,9.624433907056162,5.094537037037037,0.0,9.406028911564626,0.0,0.9768518518518521,0.0,9.665425170068028,-0.35074074074074124,0.20789777021919886,0.0,0.25,11,0,3,0,1,1,0,1,0,1,1,0,3,0,3,1,1,0,1,1,0,1,1.8532701060452395,2,1.6211,37.305000000000014,0,0,0,0,0,0,0,0,0,0,0,0,0,0,0,0,0,0,0,0,0,0,0,0,0,0,0,0,0,0,0,0,0,0,1,0,0,0,0,0,0,1,0,0,0,0,0,0,0,0,0,0,0,0,0,0,0,0,0,0,0,0,0,0,0,0,0,0,0,0,0,0,0,0,0,0,0,0,0,0,0,0,0,0,0
5.689074074074075,5.689074074074075,0.4570313681027973,-0.45703136810279754,0.7374730785325332,23.764705882352942,228.247,216.15099999999995,228.07864424399997,86,0,0.21993916884795073,-0.30905421877605305,0.30905421877605305,0.21993916884795073,0.5882352941176471,1.0,1.411764705882353,17.285118509264194,10.180580927902788,2.295885683451515,-2.076917916283669,2.352945447407091,-1.9951672136865715,5.1838767269584665,-0.3003638250770376,2.9040282290086963,1.7460555057600577,423.8407000268181,11.501789232183624,9.152948101667102,9.152948101667102,8.432652990377571,5.508193182484275,5.508193182484275,3.8137546687846564,3.8137546687846564,2.621017931926912,2.621017931926912,1.747127574389567,1.747127574389567,-1.6799999999999997,20119.107570572247,10.472467611433204,4.671909005587118,2.215750861620417,99.48248140508394,4.736862953800049,0.0,0.0,12.580053458670426,0.0,0.0,0.0,0.0,9.775141906512223,0.0,60.6636706846161,0.0,11.126902983393991,0.0,14.512004860312272,0.0,0.0,0.0,0.0,12.580053458670426,0.0,71.7905736680101,0.0,0.0,0.0,0.0,0.0,0.0,0.0,14.512004860312272,0.0,23.706956442064417,60.6636706846161,0.0,0.0,0.0,27.69,12.580053458670426,0.0,0.0,0.0,0.0,11.126902983393991,0.0,0.0,60.6636706846161,0.0,14.512004860312272,5.689074074074075,0.0,10.367613378684808,0.0,1.899872448979592,0.0,19.457502834467117,-0.9140627362055949,0.0,0.0,0.14285714285714285,17,0,3,0,1,1,0,2,0,2,2,0,3,0,3,1,2,0,1,1,0,0,2.8780244555631884,3,3.362400000000002,61.62100000000004,0,0,0,0,0,0,0,0,0,0,0,0,0,0,0,0,0,0,0,0,0,0,0,0,0,0,0,0,0,0,0,0,0,0,2,0,0,0,0,0,0,1,0,0,0,0,0,0,0,0,0,0,0,0,0,0,0,0,0,0,0,0,0,0,0,0,0,0,0,0,0,0,0,0,0,0,0,0,0,0,0,0,0,0,0
5.689074074074075,5.689074074074075,0.4570313681027973,-0.45703136810279754,0.7374730785325332,23.764705882352942,228.247,216.15099999999995,228.07864424399997,86,0,0.21993916884795073,-0.30905421877605305,0.30905421877605305,0.21993916884795073,0.5882352941176471,1.0,1.411764705882353,17.285118509264194,10.180580927902788,2.295885683451515,-2.076917916283669,2.352945447407091,-1.9951672136865715,5.1838767269584665,-0.3003638250770376,2.9040282290086963,1.7460555057600577,423.8407000268181,11.501789232183624,9.152948101667102,9.152948101667102,8.432652990377571,5.508193182484275,5.508193182484275,3.8137546687846564,3.8137546687846564,2.621017931926912,2.621017931926912,1.747127574389567,1.747127574389567,-1.6799999999999997,20119.107570572247,10.472467611433204,4.671909005587118,2.215750861620417,99.48248140508394,4.736862953800049,0.0,0.0,12.580053458670426,0.0,0.0,0.0,0.0,9.775141906512223,0.0,60.6636706846161,0.0,11.126902983393991,0.0,14.512004860312272,0.0,0.0,0.0,0.0,12.580053458670426,0.0,71.7905736680101,0.0,0.0,0.0,0.0,0.0,0.0,0.0,14.512004860312272,0.0,23.706956442064417,60.6636706846161,0.0,0.0,0.0,27.69,12.580053458670426,0.0,0.0,0.0,0.0,11.126902983393991,0.0,0.0,60.6636706846161,0.0,14.512004860312272,5.689074074074075,0.0,10.367613378684808,0.0,1.899872448979592,0.0,19.457502834467117,-0.9140627362055949,0.0,0.0,0.14285714285714285,17,0,3,0,1,1,0,2,0,2,2,0,3,0,3,1,2,0,1,1,0,0,2.8780244555631884,3,3.362400000000002,61.62100000000004,0,0,0,0,0,0,0,0,0,0,0,0,0,0,0,0,0,0,0,0,0,0,0,0,0,0,0,0,0,0,0,0,0,0,2,0,0,0,0,0,0,1,0,0,0,0,0,0,0,0,0,0,0,0,0,0,0,0,0,0,0,0,0,0,0,0,0,0,0,0,0,0,0,0,0,0,0,0,0,0,0,0,0,0,0
5.152777777777779,5.152777777777779,0.06134259259259278,-0.061342592592593004,0.4379826093860859,45.0,116.11599999999999,108.05199999999999,116.047344116,46,0,0.193977389385502,-0.31765017321962885,0.31765017321962885,0.193977389385502,1.0,1.625,2.125,17.28539421487683,10.177634712762218,2.31113717128559,-2.1193387901693175,2.2648985537682336,-2.1683697452152337,4.59279774237221,-0.28985247617142834,2.1231991154262255,2.0345296110789395,79.67457204070747,5.397341225498537,4.500765753330484,4.500765753330484,3.9494897427831783,2.925972289176456,2.925972289176456,2.1185532693972715,2.1185532693972715,1.45341975127123,1.45341975127123,1.0220707967982665,1.0220707967982665,-0.12,133.76154427185222,4.730174498823146,1.6854280175492293,0.632428026361429,47.457288182616466,4.736862953800049,0.0,12.580053458670426,0.0,0.0,0.0,0.0,9.775141906512223,0.0,0.0,0.0,6.4208216229260096,12.841643245852019,0.0,14.512004860312272,0.0,0.0,0.0,0.0,31.842518327448456,0.0,0.0,0.0,0.0,0.0,0.0,0.0,0.0,12.580053458670426,14.512004860312272,0.0,19.26246486877803,0.0,0.0,0.0,0.0,27.69,0.0,0.0,0.0,12.580053458670426,0.0,19.26246486877803,0.0,0.0,0.0,0.0,14.512004860312272,5.152777777777779,0.0,9.50925925925926,0.0,0.0,0.0,0.0,3.004629629629629,0.0,0.0,1.0,8,0,3,0,2,2,0,0,0,0,2,2,3,0,3,2,0,0,2,2,0,1,0.9965460785266769,2,0.8009,24.681999999999988,0,0,0,0,0,0,0,0,0,0,0,0,0,0,0,0,0,0,0,0,0,0,0,0,0,0,0,0,0,0,0,0,0,0,0,0,2,0,0,0,0,1,0,0,0,0,0,0,0,0,0,0,0,0,0,0,0,0,0,0,0,0,0,0,0,0,0,0,0,0,0,0,0,0,0,0,0,0,0,0,0,0,0,0,0
2.0,2.0,2.0,2.0,0.4426283718993647,8.0,78.11399999999999,72.06599999999999,78.046950192,30,0,-0.062268570782092456,-0.062268570782092456,0.062268570782092456,0.062268570782092456,0.3333333333333333,0.5,0.6666666666666666,13.646993161855445,10.379006838144555,1.5737245910733615,-1.6942617326375462,1.794093161855452,-1.4738931618554547,4.985993161855452,1.718006838144549,1.719973094021975,3.000000000000001,71.96100505779535,4.242640687119286,3.464101615137755,3.464101615137755,3.0,2.0000000000000004,2.0000000000000004,1.1547005383792521,1.1547005383792521,0.6666666666666671,0.6666666666666671,0.38490017945975075,0.38490017945975075,-0.78,34.3994618804395,3.4115708812260532,1.6057694396735218,0.5823992601400448,37.43140311949697,0.0,0.0,0.0,0.0,0.0,0.0,0.0,0.0,0.0,0.0,36.39820241076966,0.0,0.0,0.0,0.0,0.0,0.0,0.0,0.0,0.0,0.0,36.39820241076966,0.0,0.0,0.0,0.0,0.0,0.0,0.0,0.0,0.0,0.0,36.39820241076966,0.0,0.0,0.0,0.0,0.0,0.0,0.0,0.0,0.0,0.0,0.0,0.0,36.39820241076966,0.0,0.0,0.0,0.0,0.0,0.0,0.0,0.0,12.0,0.0,0.0,0.0,0.0,6,0,0,0,0,0,0,1,0,1,0,0,0,0,0,0,0,0,0,0,0,0,0.9130327103921437,1,1.6866,26.441999999999993,0,0,0,0,0,0,0,0,0,0,0,0,0,0,0,0,0,0,0,0,0,0,0,0,0,0,0,0,0,0,0,0,0,0,1,0,0,0,0,0,0,0,0,0,0,0,0,0,0,0,0,0,0,0,0,0,0,0,0,0,0,0,0,0,0,0,0,0,0,0,0,0,0,0,0,0,0,0,0,0,0,0,0,0,0
12.107074829931973,12.107074829931973,0.31888888888888856,-0.31888888888888856,0.5198989180006277,9.0,124.11399999999998,119.07399999999997,124.032443,46,0,0.149551472317675,-0.29789638299306237,0.29789638299306237,0.149551472317675,1.2222222222222223,1.7777777777777777,2.2222222222222223,19.142138535541246,10.22561574985205,1.874637685200989,-1.8581971665127344,1.9796888275937903,-1.7744069119558494,5.73818240442772,0.11183093414855401,1.9003726279897948,3.0097819477866006,202.66106510209755,6.69023444431199,4.67296410942122,4.67296410942122,4.325698502695489,2.534726836540861,2.534726836540861,1.6694023537670843,1.6694023537670843,1.0060878570139895,1.0060878570139895,0.5413477446726341,0.5413477446726341,-1.1800000000000002,129.22533870330605,5.947877237851663,2.3955617406597787,1.3533930115039927,52.12340273686357,0.0,12.103381364175451,0.0,0.0,0.0,0.0,4.794537184071822,4.39041504767482,0.0,0.0,0.0,24.26546827384644,5.563451491696996,0.0,9.184952231746642,6.286160523129555,0.0,0.0,0.0,0.0,0.0,35.64614060658933,0.0,0.0,0.0,4.39041504767482,0.0,0.0,6.286160523129555,0.0,5.817220841045895,10.357988675768818,24.26546827384644,0.0,0.0,0.0,17.07,0.0,9.184952231746642,0.0,5.817220841045895,11.849612014826551,0.0,24.26546827384644,0.0,0.0,0.0,0.0,12.107074829931973,0.0,9.995332577475434,0.0,0.49666666666666703,-0.31888888888888856,5.3731481481481485,0.6799999999999999,0.0,0.0,0.0,9,0,1,0,0,0,0,1,0,1,0,0,1,0,2,0,1,0,0,0,0,0,1.5831674610154005,1,1.6382,31.787499999999994,0,0,0,0,0,0,0,0,0,0,1,1,0,0,0,0,0,0,0,0,0,0,0,1,0,0,0,0,0,0,0,0,0,0,1,0,0,0,0,0,0,0,0,0,1,0,0,0,0,0,0,0,0,0,0,0,0,0,0,0,0,0,0,0,0,0,0,0,0,0,0,0,0,0,0,0,0,0,0,0,0,0,0,0,0
5.560524691358024,5.560524691358024,0.6782407407407411,0.6782407407407411,0.5285863388321962,9.25,147.004,142.97199999999998,145.969005488,42,0,0.0420299105976315,-0.0842889078864603,0.0842889078864603,0.0420299105976315,1.0,1.5,1.75,35.496833912273985,10.365548118346254,1.8447896371863228,-1.8615387473116778,2.134476225385506,-1.6053803347396403,6.340345134433413,1.7089904830976885,1.6423714487439025,3.077660437970554,166.38833891467198,5.983127663125442,4.0653300227769575,5.577187914813867,3.787693700234704,2.1993316780551457,2.955260624073601,1.4398901041659335,2.312761665109903,0.786663948914156,1.2568581544896336,0.4599142288922466,0.8963381998211153,-0.20000000000000007,64.0524865010122,5.9282051282051285,2.3818408996251557,1.391420241566014,58.037935573260306,0.0,0.0,0.0,0.0,0.0,0.0,0.0,0.0,0.0,0.0,29.268246848926644,18.19910120538483,10.045266627482652,0.0,0.0,23.20187978046503,0.0,0.0,0.0,0.0,0.0,34.31073490132909,0.0,0.0,0.0,0.0,0.0,23.20187978046503,0.0,0.0,0.0,0.0,24.26546827384644,10.045266627482652,0.0,0.0,0.0,0.0,0.0,0.0,0.0,10.045266627482652,0.0,0.0,18.19910120538483,6.06636706846161,0.0,23.20187978046503,0.0,11.121049382716048,0.0,1.3564814814814823,0.0,0.0,7.078024691358025,0.0,0.0,0.0,0.0,8,0,0,0,0,0,0,1,0,1,0,0,0,0,2,0,0,0,0,0,0,0,1.7650051794658206,1,2.993400000000001,36.46200000000001,0,0,0,0,0,0,0,0,0,0,0,0,0,0,0,0,0,0,0,0,0,0,0,0,0,0,0,0,0,0,0,0,0,0,1,0,0,0,0,0,0,0,0,0,2,0,0,0,0,0,0,0,0,0,0,0,0,0,0,0,0,0,0,0,0,0,0,0,0,0,0,0,0,0,0,0,0,0,0,0,0,0,0,0,0
8.287592592592592,8.287592592592592,0.7152777777777779,0.7152777777777779,0.48844457037463734,7.875,103.12399999999997,98.08399999999997,103.04219916,38,0,0.09910883682440627,-0.1924370514343749,0.1924370514343749,0.09910883682440627,1.125,1.75,2.125,14.225719698264655,10.235863403954108,1.790351598579569,-1.795060714022159,1.9249297651362647,-1.6574596063233744,5.267807767357365,1.485586806042628,1.9034911933164034,3.049388908161901,195.37685258695325,5.819990956308912,4.3339649414480865,4.3339649414480865,3.931851652578137,2.384290400272939,2.384290400272939,1.4778288026594286,1.4778288026594286,0.9028885132222203,0.9028885132222203,0.5126884518026671,0.5126884518026671,-1.29,91.36757727918736,4.85903129657228,2.13092991566867,0.8545400393598551,48.188924915362286,0.0,0.0,0.0,0.0,0.0,0.0,0.0,0.0,5.261891554738487,0.0,18.19910120538483,12.13273413692322,0.0,11.63267280448927,0.0,0.0,5.261891554738487,0.0,0.0,0.0,0.0,35.89528683400505,0.0,6.069221312792274,0.0,0.0,0.0,0.0,0.0,0.0,11.33111286753076,5.563451491696996,30.33183534230805,0.0,0.0,0.0,23.79,0.0,0.0,0.0,0.0,5.563451491696996,0.0,0.0,12.13273413692322,24.268322518177104,0.0,5.261891554738487,0.0,0.0,0.0,8.287592592592592,0.7152777777777779,0.0,11.163796296296297,0.0,0.0,0.0,0.0,8,0,1,0,0,0,0,1,0,1,0,0,1,0,1,0,0,0,0,0,0,0,1.2942818938795246,1,1.5582799999999999,31.156999999999996,0,0,0,0,0,0,0,0,0,0,0,0,0,0,0,1,0,0,0,0,0,0,0,0,0,0,0,0,0,0,0,0,0,0,1,0,0,0,0,0,0,0,0,0,0,0,0,0,0,0,0,0,0,0,0,0,0,1,0,0,0,0,0,0,0,0,0,0,0,0,0,0,0,0,0,0,0,0,0,0,0,0,0,0,0
10.006481481481481,10.006481481481481,0.729166666666667,0.729166666666667,0.4956362681365689,8.5,106.12399999999997,100.07599999999998,106.041864812,40,0,0.14954802883036308,-0.2978964116504968,0.2978964116504968,0.14954802883036308,1.125,1.75,2.125,16.128918620598046,10.236032132295673,1.7947307206774132,-1.814861063410931,1.9099593255102687,-1.7250862341623123,5.737575002628403,0.11183469450156105,1.9034911933164034,2.9910469146846212,167.00151696675914,5.819990956308912,4.3723499056016175,4.3723499056016175,3.931851652578137,2.4350609975132884,2.4350609975132884,1.5285347327207177,1.5285347327207177,0.9356552548998027,0.9356552548998027,0.5316063389306862,0.5316063389306862,-1.11,91.36757727918736,5.035137880986937,2.262450086021194,0.936277398677246,47.95786733393734,0.0,6.286160523129555,0.0,0.0,0.0,0.0,4.794537184071822,0.0,0.0,0.0,30.33183534230805,0.0,5.563451491696996,0.0,4.794537184071822,6.286160523129555,0.0,0.0,0.0,0.0,0.0,35.89528683400505,0.0,0.0,0.0,0.0,0.0,0.0,6.286160523129555,0.0,0.0,10.357988675768818,30.33183534230805,0.0,0.0,0.0,17.07,0.0,4.794537184071822,0.0,0.0,0.0,11.849612014826551,0.0,12.13273413692322,18.19910120538483,0.0,0.0,0.0,0.0,10.006481481481481,0.0,0.729166666666667,0.0,9.097685185185185,0.8333333333333333,0.0,0.0,0.0,8,0,1,0,0,0,0,1,0,1,0,0,1,0,1,0,1,0,0,0,0,0,1.4239685164959337,1,1.4990999999999999,31.829499999999992,0,0,0,0,0,0,0,0,0,0,1,1,0,0,0,0,0,0,0,0,0,0,0,1,0,0,0,0,0,0,0,0,0,0,1,0,0,0,0,0,0,0,0,0,0,0,0,0,0,0,0,0,0,0,0,0,0,0,0,0,0,0,0,0,0,0,0,0,0,0,0,0,0,0,0,0,0,0,0,0,0,0,0,0,0
11.906666666666666,11.906666666666666,0.17824074074074026,-0.17824074074074026,0.46184033029146143,8.714285714285714,96.10399999999998,91.06399999999998,96.03752838,36,0,0.12270724034937247,-0.20701252212638083,0.20701252212638083,0.12270724034937247,1.0,1.5714285714285714,1.8571428571428572,19.14213746054271,10.358359054573757,1.7659165903442458,-1.7802483373967006,1.9128583678784694,-1.6348896533698836,5.016408312002768,0.6276568146867151,1.6856161633204378,3.0214653097240864,134.10736969541455,5.112884175122364,3.764715818957356,3.764715818957356,3.393846850117352,2.0996658390275735,2.0996658390275735,1.2955681594256185,1.2955681594256185,0.7331105593517154,0.7331105593517154,0.4146671044330672,0.4146671044330672,-0.8500000000000001,47.19725257297226,4.31260162601626,1.7349674800723753,0.9995769964301435,41.596938522423194,0.0,5.817220841045895,0.0,0.0,0.0,0.0,0.0,4.39041504767482,0.0,0.0,18.19910120538483,12.13273413692322,0.0,0.0,4.39041504767482,0.0,0.0,0.0,0.0,0.0,0.0,36.14905618335394,0.0,0.0,0.0,4.39041504767482,0.0,0.0,0.0,0.0,5.817220841045895,0.0,30.33183534230805,0.0,0.0,0.0,0.0,0.0,4.39041504767482,0.0,5.817220841045895,0.0,0.0,12.13273413692322,18.19910120538483,0.0,0.0,0.0,11.906666666666666,0.0,0.0,0.0,0.0,-0.17824074074074026,7.938240740740741,0.0,0.0,0.0,0.0,7,0,0,0,0,0,0,1,0,1,0,0,0,0,1,0,0,0,0,0,0,0,1.0688890822350656,1,1.8256999999999999,26.399999999999995,0,0,0,0,0,0,0,0,0,0,0,0,0,0,0,0,0,0,0,0,0,0,0,0,0,0,0,0,0,0,0,0,0,0,1,0,0,0,0,0,0,0,0,0,1,0,0,0,0,0,0,0,0,0,0,0,0,0,0,0,0,0,0,0,0,0,0,0,0,0,0,0,0,0,0,0,0,0,0,0,0,0,0,0,0
11.92,11.92,0.4107407407407402,-0.41074074074074063,0.4832965029562796,9.25,114.094,110.06199999999998,114.028106568,42,0,0.12291479774159281,-0.20700888312331595,0.20700888312331595,0.12291479774159281,0.75,1.0,1.25,19.143943307364598,10.339356544747833,1.8629033213262014,-1.8324763733826124,1.9800240728649212,-1.720173983344322,5.0430076944594715,0.5999331451313319,1.769973094021975,3.0324555320336755,145.38833891467198,5.983127663125442,4.0653300227769575,4.0653300227769575,3.787693700234704,2.1993316780551457,2.1993316780551457,1.4364357804719852,1.4364357804719852,0.8035431614659022,0.8035431614659022,0.42954935851072895,0.42954935851072895,-0.9200000000000002,70.79892376087899,5.2212429378531064,1.903089910535815,1.025681072793961,45.76247392534943,0.0,11.63444168209179,0.0,0.0,0.0,0.0,0.0,8.78083009534964,0.0,0.0,0.0,24.26546827384644,0.0,0.0,8.78083009534964,0.0,0.0,0.0,0.0,0.0,0.0,35.89990995593823,0.0,0.0,0.0,8.78083009534964,0.0,0.0,0.0,0.0,11.63444168209179,0.0,24.26546827384644,0.0,0.0,0.0,0.0,11.63444168209179,8.78083009534964,0.0,0.0,0.0,24.26546827384644,0.0,0.0,0.0,0.0,0.0,23.84,0.0,0.0,0.0,0.0,-0.8214814814814808,4.314814814814815,0.0,0.0,0.0,0.0,8,0,0,0,0,0,0,1,0,1,0,0,0,0,2,0,0,0,0,0,0,0,1.242061844435578,1,1.9647999999999999,26.357999999999997,0,0,0,0,0,0,0,0,0,0,0,0,0,0,0,0,0,0,0,0,0,0,0,0,0,0,0,0,0,0,0,0,0,0,1,0,0,0,0,0,0,0,0,0,2,0,0,0,0,0,0,0,0,0,0,0,0,0,0,0,0,0,0,0,0,0,0,0,0,0,0,0,0,0,0,0,0,0,0,0,0,0,0,0,0
2.520833333333333,2.520833333333333,0.09171296296296294,0.09171296296296294,0.7918197851505689,33.81818181818182,292.426,268.234,292.193948768,114,0,0.09203178950951987,-0.35770310269115735,0.35770310269115735,0.09203178950951987,0.9090909090909091,1.5454545454545454,2.272727272727273,15.394161050787746,9.605726620841756,2.6342788454366057,-2.411206589452704,2.590980585812948,-2.496935204841016,5.6665443557713475,0.25773963200433386,2.8989407684880573,1.9776842784099053,710.6570004963564,15.535169427003234,13.875036664082726,13.875036664082726,10.498854118409612,8.080921931161729,8.080921931161729,7.317320313157767,7.317320313157767,6.267093373516791,6.267093373516791,5.143738442336614,5.143738442336614,-1.7999999999999994,162561.0025337363,13.834958382877526,4.3583015816452395,1.4375582041095303,132.91603927408215,4.899909730850478,0.0,0.0,0.0,0.0,0.0,4.899909730850478,0.0,0.0,0.0,62.37841094707412,24.24094203453279,30.109795602066885,6.165775612134527,0.0,5.687386274683562,0.0,4.899909730850478,0.0,30.843230950309337,25.54001010211743,65.72420659954848,0.0,0.0,4.899909730850478,5.687386274683562,0.0,0.0,31.705785714251963,10.82998093879356,0.0,24.974377382775238,54.59730361615449,0.0,0.0,0.0,6.48,0.0,0.0,0.0,10.82998093879356,6.165775612134527,6.544756405912575,16.814289258077554,0.0,0.0,92.3399414425911,0.0,0.0,0.0,4.982662037037037,0.0,4.501909486016629,0.0,19.960835222978076,0.41213529856386977,5.974332955404384,4.501458333333334,0.4,22,0,2,0,2,2,0,2,0,2,3,0,2,0,2,2,1,0,1,1,0,0,2.74076913645869,4,3.6235000000000026,92.40900000000006,0,0,0,0,0,0,0,0,0,0,0,0,0,0,0,2,0,0,0,2,1,0,0,0,0,0,0,0,0,1,0,0,0,0,2,0,3,0,0,0,0,0,0,0,0,0,0,0,0,0,0,0,0,0,0,0,0,0,0,0,0,0,0,0,1,0,0,0,0,0,0,0,0,0,0,0,0,0,0,0,0,0,0,0,0
11.390601851851851,11.390601851851851,0.01798611111111148,-0.6993287037037035,0.43005627203345587,41.142857142857146,192.21399999999997,180.11799999999997,192.078644244,74,0,0.33453750436191737,-0.45077517394693317,0.45077517394693317,0.33453750436191737,1.4285714285714286,2.0714285714285716,2.7142857142857144,16.56238913073745,9.6561830848433,2.5783968232908157,-2.3745683024438016,2.5165299281743314,-2.428315509055161,5.9879513301613905,-0.14512186270181743,2.2598721200701366,2.5687513773506714,379.9938826581751,10.560477932315068,8.293658972143938,8.293658972143938,6.389464318668435,4.537840355230507,4.537840355230507,4.2836526442559935,4.2836526442559935,3.427827892812476,3.427827892812476,2.0511604628707185,2.0511604628707185,-1.38,1322.0251902410298,9.185808681626959,2.3490668437101414,0.8695193330221491,82.43439322996306,4.736862953800049,5.601050810983688,5.783244946364939,0.0,0.0,5.969305287951849,4.794537184071822,4.794537184071822,0.0,0.0,13.502672883289122,19.075777413358384,17.408916622392056,0.0,14.325937321943691,11.75255023431679,0.0,0.0,5.41499046939678,25.869346833290944,0.0,24.304080427335524,0.0,0.0,0.0,0.0,0.0,0.0,17.353601045300476,14.325937321943691,5.41499046939678,20.268296022307258,24.304080427335524,0.0,0.0,0.0,43.370000000000005,16.985346568332318,9.589074368143644,0.0,5.783244946364939,11.993926152995277,0.0,6.076020106833881,6.076020106833881,13.847474399381248,6.578935683598497,4.736862953800049,5.238842592592593,0.0,22.701180555555556,0.0,-0.8721759259259252,-0.3761342592592587,0.0,3.437615740740741,7.370671296296296,0.0,0.45454545454545453,14,0,3,1,1,2,0,0,0,0,2,0,3,0,3,1,0,0,1,1,0,0,1.5412913290481896,2,1.3934,50.508000000000024,0,0,0,0,0,0,0,0,0,0,2,2,0,0,0,0,0,0,0,0,0,0,0,0,0,0,1,0,0,0,0,0,0,0,0,0,1,0,0,0,1,1,0,0,0,0,0,0,0,0,0,1,0,0,0,0,0,0,0,0,0,0,0,0,0,0,0,0,0,0,0,0,0,0,0,0,0,0,0,0,0,0,0,0,0
11.185393518518518,11.185393518518518,0.02956018518518544,-0.6368287037037035,0.41032651898398753,37.61538461538461,178.18699999999998,168.10699999999997,178.06299418,68,0,0.3342479805187496,-0.4510734578483735,0.4510734578483735,0.3342479805187496,1.6153846153846154,2.3076923076923075,3.0,16.56114428847232,9.786951290491627,2.4848485909275295,-2.274758438655394,2.4110071367202583,-2.3366281042752157,5.973863813715264,-0.14321153468400932,2.275691659431218,2.4326965493555655,340.07902108982023,9.637828201504695,7.371009241333564,7.371009241333564,6.027492551872357,4.169885524290722,4.169885524290722,3.6549574795445756,3.6549574795445756,2.692802721267893,2.692802721267893,1.8282912170447865,1.8282912170447865,-1.38,964.8932635988365,8.22879895318728,2.311518315347412,1.0344075932760792,76.06945111556644,4.736862953800049,5.601050810983688,5.783244946364939,0.0,0.0,5.969305287951849,4.794537184071822,4.794537184071822,0.0,0.0,6.578935683598497,19.075777413358384,17.91183219915667,0.0,14.325937321943691,11.75255023431679,0.0,0.0,5.917906046161393,18.94560963360032,0.0,24.304080427335524,0.0,0.0,0.0,0.0,0.0,0.0,17.353601045300476,14.325937321943691,5.917906046161393,13.344558822616634,24.304080427335524,0.0,0.0,0.0,43.370000000000005,5.601050810983688,9.589074368143644,0.0,17.67045628047818,11.993926152995277,0.0,6.076020106833881,12.999757306524504,0.0,6.578935683598497,4.736862953800049,5.135833333333333,0.0,22.29076388888889,0.0,-0.21997685185185123,-0.5219675925925928,0.0,3.4578703703703706,5.440810185185185,0.0,0.4,13,0,3,1,1,2,0,0,0,0,2,0,3,0,3,1,0,0,1,1,0,0,1.4631553456618467,2,1.0033,45.89100000000002,0,0,0,0,0,0,0,0,0,0,2,2,0,0,0,0,0,0,0,0,0,0,0,0,0,0,1,0,0,0,0,0,0,0,0,0,1,0,0,0,1,1,0,0,0,0,0,0,0,0,0,1,0,0,0,0,0,0,0,0,0,0,0,0,0,0,0,0,0,0,0,0,0,0,0,0,0,0,0,0,0,0,0,0,0
4.011279289493575,4.011279289493575,0.15585648148148157,0.15585648148148157,0.6354534656563113,23.625,211.308,194.17199999999994,211.136099544,82,0,0.0482554760887446,-0.346542041033357,0.346542041033357,0.0482554760887446,1.375,2.125,2.875,14.969717665064138,9.87906922838573,2.3551346190336164,-2.2112169935050594,2.4348062447105456,-2.1757835338078384,5.864906942125869,0.556075616513452,2.7993693092076515,2.425329853557817,576.377631073189,11.336498814253964,9.955285285007731,9.955285285007731,7.67165050421579,5.875807666434765,5.875807666434765,5.024917319398067,5.024917319398067,4.097609540253856,4.097609540253856,3.1544490013437017,3.1544490013437017,-1.5,8118.170996702189,9.706611570247935,3.0037379850480597,1.0078494131992075,96.39136017390457,4.567099647791355,0.0,0.0,0.0,0.0,0.0,0.0,0.0,0.0,6.578935683598497,31.198858511909332,24.471461806010623,29.059515379003486,0.0,0.0,10.902924932081056,0.0,4.567099647791355,7.04767198267719,25.180370914939424,0.0,48.17780355082427,0.0,0.0,0.0,0.0,0.0,0.0,4.567099647791355,18.88348407499998,0.0,24.60193830916209,36.92042406427882,0.0,10.902924932081056,0.0,4.93,0.0,0.0,0.0,5.41499046939678,0.0,0.0,35.001947664478536,0.0,0.0,55.458932894437986,0.0,2.346574074074074,0.0,0.0,1.4218287037037038,4.493333333333334,0.0,8.689572940287226,4.482897770219198,6.307621882086167,2.174837962962963,0.3333333333333333,16,0,1,1,0,1,0,1,1,2,1,0,1,0,1,1,1,0,0,0,0,0,1.8222573674787945,3,3.5682000000000027,68.78900000000004,0,0,0,0,0,1,0,0,0,0,0,0,0,0,0,1,0,0,0,0,0,0,0,0,0,0,1,0,0,0,2,0,0,0,1,0,3,0,0,0,0,0,0,0,0,0,0,0,0,0,0,0,0,0,0,0,0,0,0,0,0,0,0,0,1,0,0,0,0,0,0,0,0,0,0,0,0,0,0,0,0,0,0,0,0
13.809664666792642,13.809664666792642,0.013301288107835818,-4.208142124905517,0.4661511951555658,19.375,457.54800000000023,430.3320000000003,457.155908584,170,0,0.337692487026738,-0.4639458000464182,0.4639458000464182,0.337692487026738,1.0,1.625,2.21875,32.23343013047174,9.761114622740745,2.6176012436831626,-2.5212298725752316,2.5224490277984444,-2.6276991379713883,7.889977487960217,-0.15909139032197073,2.7151604037593513,2.2571869057022083,1153.2668388730415,23.51829709012867,18.622424395013276,19.438920975941002,15.177941564468101,10.408480197002444,11.848543525803084,7.542662086541663,9.32934765865912,5.378527617566232,7.273310748435974,3.92149794897615,5.686072586396378,-3.129999999999999,7884912.697650077,23.53138353161618,9.15972414336528,4.021590788516738,188.2431127343266,9.473725907600098,0.0,5.538925252383345,0.0,10.023291153407584,11.938610575903699,0.0,22.312087343768816,0.0,0.0,41.96165390246666,50.954585919079705,18.193881042815725,18.109247404543613,27.480597260072678,21.961901729311283,0.0,4.305215991296234,0.0,44.550179149589624,13.213763929025836,76.99435044267359,0.0,0.0,0.0,0.0,0.0,0.0,37.8753874805547,34.62501668153467,13.847474399381248,36.958650497398246,65.19947944310037,0.0,0.0,0.0,89.98,27.50082698169463,18.00687135247258,0.0,30.227108340525454,5.563451491696996,21.508139081524106,12.13273413692322,51.103046941379915,12.990104268152233,0.0,9.473725907600098,38.969766203747085,0.0,25.515205612739436,0.0,0.6846042261410242,-1.3612554064835805,13.405327570524179,1.1166481638951875,7.211179087675527,-4.208142124905517,0.3333333333333333,32,0,7,0,1,1,0,2,0,2,1,0,6,0,8,1,7,0,1,1,0,0,6.735655683166652,3,3.6034400000000026,119.02680000000004,0,0,0,0,0,0,0,0,0,0,2,2,0,0,0,1,0,0,0,0,0,0,0,0,0,0,0,0,0,0,2,0,0,0,2,0,0,0,0,0,2,2,0,0,0,0,0,0,0,0,0,0,0,0,0,0,0,0,0,0,0,0,0,0,0,0,0,0,0,0,0,0,0,0,0,0,1,0,0,0,0,0,0,0,0
11.047430555555556,11.047430555555556,0.04804012345679021,-0.4406018518518522,0.46060570660585975,61.2,430.608,407.4240000000001,427.97533185599997,116,0,0.10067565141060965,-0.3923432703520065,0.3923432703520065,0.10067565141060965,1.1,1.7,2.3,79.91976405557936,9.460757685514821,2.7800493940550144,-2.6116255032315783,2.7199903671183,-2.6695013159391614,9.094411665704772,-0.1429836147668537,2.9373476323809204,2.084410794541947,441.58945055460856,15.137828201504696,12.42007672530965,16.34799874955751,8.988652970047266,7.31824379377246,9.527559324365065,7.779479309561865,10.853559195061562,6.499577770954962,10.03353782920361,4.866319569481062,6.535212618572444,1.17,28997.495826864448,16.04281542348322,4.3730897440065135,1.7481228295907152,142.77708758866163,9.843390348640755,5.601050810983688,0.0,0.0,0.0,0.0,0.0,0.0,0.0,11.600939890232516,45.70736219527995,38.524929737556064,15.069338609990403,17.082105066937714,9.843390348640755,43.46082768613121,0.0,0.0,10.82998093879356,79.29491768605556,0.0,0.0,0.0,0.0,0.0,0.0,0.0,43.46082768613121,37.44403141335573,4.736862953800049,10.82998093879356,46.95741366754052,0.0,0.0,0.0,0.0,32.76,10.978138679189412,5.106527394840706,0.0,27.362172207822365,11.247995693222823,12.841643245852019,0.0,0.0,6.923737199690624,52.63109939497057,16.337802844032566,6.09765447845805,14.220400801524313,0.1289137692113883,11.047430555555556,-0.5348996913580251,0.0,0.0,2.274636558327034,8.710307972726127,0.0,1.0,20,1,2,2,1,3,0,0,0,0,7,0,2,1,5,1,0,2,1,3,1,4,3.507833579671199,3,4.239400000000004,89.03780000000006,0,1,1,0,0,0,0,0,0,0,0,0,0,0,0,0,0,0,0,0,0,0,0,0,0,3,0,0,0,0,0,0,0,0,0,0,2,0,0,1,0,1,0,0,3,0,0,0,0,0,0,0,0,0,0,0,0,0,0,0,0,0,0,0,0,0,0,0,0,0,0,0,0,0,0,0,0,0,0,0,0,0,0,0,0
10.271319444444444,10.271319444444444,0.15076388888888892,0.15076388888888892,0.8060803029870501,39.1764705882353,295.22,276.068,294.061927328,92,0,0.1191853210653482,-0.507641578642274,0.507641578642274,0.1191853210653482,1.3529411764705883,2.0588235294117645,2.588235294117647,79.91873108148383,9.699835789742014,2.6563886453013055,-2.340546196385222,2.7255698869236005,-2.2876003632480946,9.10322145269941,0.2986071992453286,2.8672833433600617,2.1329814841779475,493.9403414153702,12.422285251880869,10.678549219637706,12.26454575875241,7.882664267394896,6.379568069342931,7.172566338900284,6.307837431881562,7.162174331056082,5.536079857046321,6.390416756220841,3.8483483236204394,4.191726646917322,-0.5000000000000001,10451.247786547425,11.58254200146092,3.2843285462333083,1.36450911725637,111.36600119984536,5.106527394840706,5.749511833283905,0.0,0.0,0.0,0.0,0.0,0.0,0.0,0.0,29.777418297330595,55.21528421264704,15.451161476926188,0.0,5.106527394840706,15.929943897949348,0.0,0.0,11.332896515558172,45.448666937246685,0.0,27.732356636149625,0.0,5.749511833283905,0.0,0.0,5.749511833283905,15.929943897949348,5.106527394840706,5.41499046939678,18.256633715248796,44.23684225155327,16.605453652755635,0.0,0.0,0.0,20.23,0.0,5.106527394840706,0.0,5.41499046939678,11.164502302680685,21.517528545387798,19.26246486877803,0.0,12.990104268152233,35.84378536579221,0.0,1.1103935185185188,3.5915112433862433,0.0,10.271319444444444,2.805339191232048,1.3555125661375662,4.028125,3.8507922335600906,6.737006802721088,0.0,0.6,17,1,1,2,0,2,0,1,0,1,3,0,1,1,2,0,1,2,0,2,0,0,2.237698431373199,3,4.540820000000003,73.34380000000004,0,0,0,0,0,0,0,1,0,0,0,0,0,0,0,0,0,0,0,0,0,0,0,0,0,0,0,0,0,0,1,0,0,0,1,0,1,0,0,0,0,0,0,0,1,0,0,0,0,0,0,0,0,0,0,0,0,0,0,0,0,0,0,0,0,1,1,0,0,0,0,0,0,0,0,0,0,0,0,0,0,0,0,0,0
10.763976639266819,10.763976639266819,0.018217592592593146,-0.768479938271605,0.45881739312167497,67.42857142857143,444.59100000000024,423.4230000000002,441.954596412,120,0,0.15678977005028474,-0.386304827649977,0.386304827649977,0.15678977005028474,1.1428571428571428,1.7619047619047619,2.380952380952381,79.9197662716888,9.467871119430917,2.889122506493932,-2.569570007396285,2.7964266435886413,-2.6638191134293328,9.097113458496445,-0.09369572959833525,3.0019146229164644,1.9159515474291053,527.0481193993078,15.637828201504695,12.621218234586966,16.54914025883483,9.439941134320385,7.495671298074136,9.582309569432402,8.09204650547958,11.238885337870363,6.980230450956608,10.643016479828177,5.48130367452669,7.215633993515822,1.13,56315.91832591287,15.645715573090758,3.854714054588233,1.4071533756683876,146.88480166463933,14.580253302440804,17.808983586480295,4.510318835119107,0.0,0.0,0.0,0.0,0.0,0.0,11.600939890232516,45.70736219527994,26.689117645233267,15.65715500909037,10.978138679189412,14.580253302440804,43.46082768613121,0.0,0.0,10.82998093879356,78.66120721570013,0.0,0.0,0.0,0.0,0.0,0.0,0.0,43.46082768613121,43.231142565926326,9.473725907600098,10.82998093879356,40.53659204461451,0.0,0.0,0.0,0.0,41.99,10.614285222867409,5.106527394840706,0.0,38.34031088701177,0.0,12.841643245852019,0.0,0.0,0.0,59.55483659466118,21.074665797832616,11.723086577223484,14.258908848261527,-0.15649014235323744,10.763976639266819,-0.7549922839506169,0.0,0.0,0.7971115205341385,8.562843285462334,0.0,1.0,21,1,3,2,2,4,0,0,0,0,8,2,3,1,6,2,0,2,2,4,1,1,2.8718933196991876,4,3.5758000000000028,88.23680000000004,0,1,1,0,0,0,0,0,0,0,0,0,0,0,0,0,0,0,0,0,0,0,0,0,0,3,0,0,0,0,0,0,0,0,0,0,2,0,0,1,0,2,0,0,3,0,0,0,0,0,0,0,0,0,0,0,0,0,0,0,0,0,0,0,0,0,0,0,0,0,0,0,0,0,0,0,0,0,0,0,0,0,0,0,0
11.154139739229025,11.154139739229025,0.024259259259259425,-0.8783873456790121,0.5198807099908882,60.4,363.72300000000007,339.531,362.064819788,114,0,0.0897172986202892,-0.3853765793294868,0.3853765793294868,0.0897172986202892,1.15,1.75,2.35,79.91873344519234,9.451616067179277,2.7547032848977544,-2.596284667743654,2.7123612648314435,-2.653598666537207,9.092959338978886,-0.13319025950339533,2.3743130892910522,2.206402241902028,484.8685443378295,15.190234444311992,12.835005471113876,15.176930956247034,8.89721236273721,7.332270563944892,8.625910565745807,7.944610673150832,9.913372418479502,6.660929729637914,8.676472407648149,4.860017503386553,5.774878089319908,0.42999999999999994,17838.214239843674,15.330468272123765,3.844975744342274,1.4837443520454192,134.58487906523266,9.843390348640755,0.0,0.0,0.0,0.0,0.0,0.0,0.0,0.0,11.600939890232516,41.92945851099836,33.61285484492389,15.65715500909037,22.180240301156786,9.843390348640755,27.530883788181864,0.0,0.0,10.82998093879356,74.46774361575875,0.0,12.152040213667762,0.0,0.0,0.0,0.0,0.0,27.530883788181864,32.1139417662943,4.736862953800049,10.82998093879356,47.46032924430513,12.152040213667762,0.0,0.0,0.0,29.46,5.601050810983688,5.106527394840706,0.0,32.236344499263474,0.0,12.841643245852019,0.0,0.0,19.075777413358388,43.62489269671184,16.337802844032566,6.450277777777778,10.443437263794406,-0.1743132716049376,11.154139739229025,-1.6856018518518516,0.0,0.0,5.530462805492567,10.559375314940791,0.0,0.875,20,1,2,2,1,3,0,0,0,0,6,2,2,1,4,1,0,1,1,2,1,1,2.9472639327862344,3,4.032100000000003,85.46280000000004,0,1,0,0,0,0,0,0,0,0,0,0,0,0,0,0,0,0,0,0,0,0,0,0,0,2,0,0,0,0,0,0,0,0,0,0,1,0,0,0,0,1,0,0,2,0,0,0,0,0,0,0,0,0,0,0,0,0,0,0,0,0,0,0,0,0,0,0,0,0,0,0,0,0,0,0,0,0,0,0,0,0,0,0,0
10.205240124856527,10.205240124856527,0.004621913580247217,-0.403970143613001,0.4354550194005517,50.10526315789474,414.60900000000004,391.42499999999995,411.98041723600005,110,0,0.08536409133903428,-0.3878430519180218,0.3878430519180218,0.08536409133903428,1.263157894736842,1.8421052631578947,2.3684210526315788,79.91976402822563,9.503338839622202,2.576222717605112,-2.5852254901526135,2.6253920046354757,-2.5625720414764737,9.094536351138796,0.012376667559971695,2.293093256008484,2.446917327571832,404.94975484301284,14.637828201504695,12.011828434845786,15.93975045909365,8.544164857047685,6.88521743941855,9.094532970011157,6.995565300959512,9.95083032372226,5.619683414484085,9.356150971193006,3.8777621909841,5.421795153619388,0.95,10422.10884855856,16.32274793376661,4.998546769245252,2.367943830523844,137.97977048049975,5.106527394840706,0.0,0.0,0.0,0.0,0.0,0.0,0.0,0.0,11.600939890232516,57.35648683218309,43.939920206952834,4.827174070296812,15.805312749486223,5.106527394840706,43.46082768613121,0.0,0.0,10.82998093879356,67.58990048732356,0.0,11.64912463690315,0.0,0.0,0.0,0.0,0.0,43.46082768613121,25.739014214623744,0.0,10.82998093879356,46.95741366754052,11.64912463690315,0.0,0.0,0.0,20.23,6.103966387748303,5.106527394840706,0.0,20.53132730053148,4.827174070296812,19.26246486877803,5.573104530069267,0.0,6.076020106833881,59.55483659466119,11.600939890232516,0.0,14.11972373568769,0.21806661785084347,10.205240124856527,1.4356327160493834,0.0,0.0,4.727559838750315,8.821554744583018,0.0,0.8666666666666667,19,1,1,2,0,2,0,0,0,0,5,0,1,1,4,0,0,1,0,1,1,3,4.294211523659668,2,5.028200000000004,89.51680000000005,0,1,1,0,0,0,0,0,0,0,0,0,0,0,0,0,0,0,0,0,0,0,0,0,0,3,1,0,0,0,0,0,0,0,0,0,0,0,0,0,0,0,0,0,3,0,0,0,0,0,0,0,0,0,0,0,0,0,0,0,0,0,0,0,0,0,0,0,0,0,0,0,0,0,0,0,0,0,0,0,0,0,0,0,0
6.647128409234064,6.647128409234064,0.02065586419753096,-0.14314058956916087,0.38364102223144814,55.63157894736842,412.5930000000001,391.42500000000007,409.96476717199994,108,0,0.10685802203640872,-0.3612449804264927,0.3612449804264927,0.10685802203640872,1.263157894736842,1.894736842105263,2.473684210526316,79.91976309189681,9.491771174876927,2.7331115057290347,-2.5697438140074635,2.714845943023978,-2.572060114747194,9.11428132746268,-0.02510125903088652,2.9359078763934665,2.0557736388519694,459.0619273347161,14.267584713501616,11.895512860620064,15.823434884867929,8.567932666392238,6.954275968234124,9.040914239592391,7.316947877551729,10.140046522054917,6.120253678485509,9.426055836504073,4.251938912012593,5.8247314423827365,0.95,20131.52030843,14.869360111248904,4.0246043856628,1.7391956385800225,137.2932508042814,4.736862953800049,11.70501719873199,0.0,0.0,0.0,0.0,0.0,0.0,0.0,11.600939890232516,45.70736219527994,39.18595937499316,20.139527563295054,4.874172291441109,4.736862953800049,43.46082768613121,0.0,0.0,10.82998093879356,68.36377722801043,0.0,10.558392661038566,0.0,0.0,0.0,0.0,0.0,43.46082768613121,21.406363560469913,4.736862953800049,10.82998093879356,46.95741366754052,10.558392661038566,0.0,0.0,0.0,12.53,0.0,0.0,0.0,27.40917042896666,4.827174070296812,19.26246486877803,4.482372554204685,0.0,0.0,65.63085670149506,16.337802844032566,7.4005253212396065,14.279794461766189,0.18534706475182694,0.0,0.22435956790123446,0.0,0.0,5.74154935122197,9.112868677563618,0.0,0.8666666666666667,19,0,1,2,1,3,0,0,0,0,5,0,1,0,4,1,0,1,1,2,1,2,3.149646942933255,3,5.393800000000004,87.32600000000004,0,0,0,0,0,0,0,0,0,0,0,0,0,0,0,0,0,0,0,0,0,0,0,0,0,2,1,0,0,0,0,0,0,0,0,0,2,0,0,1,0,1,0,0,3,0,0,0,0,0,0,0,0,0,0,0,0,0,0,0,0,0,0,0,0,0,0,0,0,0,0,0,0,0,0,0,0,0,0,0,0,0,0,0,0
2.4016203703703702,2.4016203703703702,0.3113888888888887,0.3113888888888887,0.4851029247430378,31.733333333333334,204.35699999999994,180.16499999999996,204.187800768,84,0,-0.014016826140089426,-0.08498013992908027,0.08498013992908027,0.014016826140089426,1.0666666666666667,1.8,2.533333333333333,14.16483112538769,9.873635415357914,2.1129231487370164,-2.1776690051524867,2.2530245083256886,-2.0500452039560715,5.115295607781882,0.4855685189001968,2.154176865870668,2.7906258911225708,287.16017124398627,11.311554787871634,10.637828201504695,10.637828201504695,6.994800481421251,5.984763780289183,5.984763780289183,5.438827179032864,5.438827179032864,3.0169596195847785,3.0169596195847785,1.8008103492510341,1.8008103492510341,-0.78,1710.4164315013104,12.290323488045008,5.344008008480588,5.013262250262375,94.77380037930007,0.0,0.0,0.0,0.0,0.0,0.0,0.0,0.0,0.0,0.0,49.29776388685531,44.94575136048208,0.0,0.0,0.0,0.0,0.0,0.0,5.41499046939678,53.378235290466534,0.0,35.45028948747406,0.0,0.0,0.0,0.0,0.0,0.0,0.0,0.0,5.41499046939678,53.378235290466534,35.45028948747406,0.0,0.0,0.0,0.0,0.0,0.0,0.0,0.0,5.41499046939678,12.841643245852019,23.987852305990554,0.0,0.0,51.99902922609802,0.0,0.0,0.0,0.0,0.0,3.338402777777778,0.0,0.0,14.14416052532124,9.100770030234315,0.0,0.6,15,0,0,1,0,1,0,0,0,0,0,0,0,0,0,0,0,0,0,0,0,0,4.37863914312864,1,5.0354000000000045,68.90300000000005,0,0,0,0,0,0,0,0,0,0,0,0,0,0,0,0,0,0,0,0,0,0,0,0,0,0,6,0,0,0,0,0,0,0,0,0,0,0,0,0,0,0,0,0,0,0,0,0,0,0,0,0,0,0,0,0,0,0,0,0,0,0,0,0,0,0,0,0,0,0,0,0,0,0,0,0,0,0,0,0,0,0,0,0,0
5.815235260770975,5.815235260770975,0.1361111111111113,0.1361111111111113,0.4390561065348331,43.5,220.35599999999994,196.16399999999996,220.182715388,90,0,0.09542464816111526,-0.36601429256211926,0.36601429256211926,0.09542464816111526,1.25,2.0,2.75,16.612783185721902,9.872166700604973,2.4988588784875594,-2.180205731130288,2.432523536464603,-2.0899159889223595,5.114794751499038,0.3056793900386242,2.823706608013896,2.110055965390655,324.3266529435302,11.811554787871634,11.046076491968558,11.046076491968558,7.413232128012987,6.42459018591663,6.42459018591663,6.307508948822144,6.307508948822144,3.9050308070424773,3.9050308070424773,2.4128882644753045,2.4128882644753045,-0.56,4924.544324376235,11.91181818719993,4.030245639017443,2.762306181947997,99.57111748746196,4.736862953800049,0.0,0.0,0.0,0.0,0.0,0.0,0.0,0.0,0.0,37.64863924995216,44.94575136048208,0.0,11.70501719873199,4.736862953800049,0.0,0.0,0.0,5.41499046939678,65.08325248919853,0.0,23.80116485057091,0.0,0.0,0.0,0.0,0.0,0.0,11.70501719873199,4.736862953800049,5.41499046939678,53.378235290466534,23.80116485057091,0.0,0.0,0.0,12.53,0.0,0.0,0.0,11.016041280380467,6.103966387748303,12.841643245852019,18.414747775921285,0.0,0.0,45.92300911926414,4.736862953800049,5.815235260770975,0.0,0.0,0.0,1.9352083333333334,0.0,0.0,12.151503684807256,9.098052721088436,0.0,0.7333333333333333,16,0,1,1,1,2,0,0,0,0,2,0,1,0,1,1,0,0,1,1,0,2,3.000472081358199,2,4.2466000000000035,68.42400000000005,0,0,0,0,0,0,0,0,0,0,0,0,0,0,0,0,0,0,0,0,0,0,0,0,0,0,3,0,0,0,0,0,0,0,0,0,1,0,0,1,0,1,0,0,0,0,0,0,0,0,0,0,0,0,0,0,0,0,0,0,0,0,0,0,0,0,0,0,0,0,0,0,0,0,0,0,0,0,0,0,0,0,0,0,0
5.884923941798942,5.884923941798942,0.1589583333333333,0.1589583333333333,0.4390561065348332,43.5,220.35599999999997,196.16399999999996,220.182715388,90,0,0.09232952644086802,-0.3663181909294207,0.3663181909294207,0.09232952644086802,1.3125,2.0625,2.8125,16.612935418215066,9.836219231186915,2.5203185672596145,-2.1906618946053302,2.464646184861958,-2.1649291183544546,5.116782603117868,0.2797914277063469,2.733884747606492,2.1149389104020018,324.3266529435302,11.811554787871634,11.046076491968558,11.046076491968558,7.413232128012986,6.424590185916631,6.424590185916631,6.307508948822141,6.307508948822141,3.889241749460685,3.889241749460685,2.5666632196103665,2.5666632196103665,-0.56,4603.861914969332,11.91181818719993,4.030245639017443,2.762306181947997,99.57111748746196,4.736862953800049,0.0,0.0,0.0,0.0,0.0,0.0,0.0,0.0,0.0,37.648639249952154,44.94575136048208,0.0,11.70501719873199,4.736862953800049,0.0,0.0,0.0,5.41499046939678,65.08325248919853,0.0,23.80116485057091,0.0,0.0,0.0,0.0,0.0,0.0,11.70501719873199,4.736862953800049,5.41499046939678,53.378235290466534,23.80116485057091,0.0,0.0,0.0,12.53,0.0,0.0,0.0,11.016041280380467,6.103966387748303,19.26246486877803,11.993926152995277,0.0,0.0,45.92300911926414,4.736862953800049,5.884923941798942,0.0,0.0,0.0,1.911087962962963,0.0,0.0,12.100410052910053,9.103578042328042,0.0,0.7333333333333333,16,0,1,1,1,2,0,0,0,0,2,0,1,0,1,1,0,0,1,1,0,2,3.000472081358199,2,4.2466000000000035,68.42400000000005,0,0,0,0,0,0,0,0,0,0,0,0,0,0,0,0,0,0,0,0,0,0,0,0,0,0,4,0,0,0,0,0,0,0,0,0,1,0,0,1,0,1,0,0,0,0,0,0,0,0,0,0,0,0,0,0,0,0,0,0,0,0,0,0,0,0,0,0,0,0,0,0,0,0,0,0,0,0,0,0,0,0,0,0,0
5.840548941798942,5.840548941798942,0.3021296296296295,0.3021296296296295,0.4390561065348332,40.75,220.35599999999997,196.16399999999996,220.182715388,90,0,0.0898420673718664,-0.3686479079123187,0.3686479079123187,0.0898420673718664,1.1875,1.9375,2.6875,16.597708195363367,9.823991333048069,2.4806123008138443,-2.2047288949788793,2.437627069962093,-2.2008542693316406,5.117611628946266,0.24112525232561507,2.935779415673115,2.119978890200283,322.3266529435302,11.759148545064338,11.046076491968558,11.046076491968558,7.4880004301477125,6.456168301080214,6.456168301080214,6.131593266361151,6.131593266361151,3.8839441633527443,3.8839441633527443,2.587936132209033,2.587936132209033,-0.56,5953.760654985078,11.91181818719993,4.366800260365744,2.762306181947997,99.57111748746196,4.736862953800049,0.0,0.0,0.0,0.0,0.0,0.0,0.0,0.0,0.0,37.14572367318755,44.94575136048208,0.0,12.207932775496605,4.736862953800049,0.0,0.0,0.0,5.41499046939678,65.58616806596314,0.0,23.2982492738063,0.0,0.0,0.0,0.0,0.0,0.0,12.207932775496605,4.736862953800049,5.41499046939678,53.378235290466534,23.2982492738063,0.0,0.0,0.0,12.53,0.0,0.0,0.0,0.0,17.622923244893386,12.841643245852019,23.987852305990554,0.0,0.0,39.84698901243026,4.736862953800049,5.840548941798942,0.0,0.0,0.0,3.3245601851851854,0.0,0.0,10.43029431216931,9.15459656084656,0.0,0.7333333333333333,16,0,1,1,1,2,0,0,0,0,2,0,1,0,1,1,0,0,1,1,0,2,3.2510331725808785,2,4.2466000000000035,68.42400000000005,0,0,0,0,0,0,0,0,0,0,0,0,0,0,0,0,0,0,0,0,0,0,0,0,0,0,3,0,0,0,0,0,0,0,0,0,1,0,0,1,0,1,0,0,0,0,0,0,0,0,0,0,0,0,0,0,0,0,0,0,0,0,0,0,0,0,0,0,0,0,0,0,0,0,0,0,0,0,0,0,0,0,0,0,0
5.923164682539683,5.923164682539683,0.1087962962962965,0.1087962962962965,0.47514434865256666,53.88235294117647,236.35499999999996,212.16299999999995,236.177630008,96,0,0.09541457619725227,-0.3663285454912256,0.3663285454912256,0.09541457619725227,1.0,1.7058823529411764,2.4705882352941178,16.619611923881227,9.836141820371136,2.5684595983470144,-2.1928319707906203,2.5070053262045926,-2.1725977155178575,5.116256179561463,0.267221346817975,3.011934687472001,1.7682125133779352,359.9333205532756,12.311554787871634,11.45432478243242,11.45432478243242,7.8316637746047215,6.864416591544078,6.864416591544078,7.176190718611421,7.176190718611421,4.777312936918384,4.777312936918384,3.1787411348346377,3.1787411348346377,-0.34,10529.723667402117,11.733706847530526,3.3576689709719787,2.1742437741246814,104.36843459562388,9.473725907600098,0.0,0.0,0.0,0.0,0.0,0.0,0.0,0.0,0.0,25.99951461304901,44.94575136048208,0.0,23.41003439746398,9.473725907600098,0.0,0.0,0.0,5.41499046939678,76.78826968793052,0.0,12.152040213667762,0.0,0.0,0.0,0.0,0.0,0.0,23.41003439746398,9.473725907600098,5.41499046939678,53.378235290466534,12.152040213667762,0.0,0.0,0.0,25.06,0.0,0.0,0.0,16.617092091364157,12.207932775496605,25.683286491704038,0.0,0.0,0.0,39.84698901243026,9.473725907600098,11.773585128495844,0.0,0.0,0.0,0.47965277777777815,0.0,0.0,10.062568027210885,9.100860733182161,0.0,0.8666666666666667,17,0,2,1,2,3,0,0,0,0,4,0,2,0,2,2,0,0,2,2,0,4,2.31752372920204,3,3.4578000000000024,67.94500000000005,0,0,0,0,0,0,0,0,0,0,0,0,0,0,0,0,0,0,0,0,0,0,0,0,0,0,1,0,0,0,0,0,0,0,0,0,2,0,0,2,0,2,0,0,0,0,0,0,0,0,0,0,0,0,0,0,0,0,0,0,0,0,0,0,0,0,0,0,0,0,0,0,0,0,0,0,0,0,0,0,0,0,0,0,0
5.968349867724869,5.968349867724869,0.0839120370370372,0.0839120370370372,0.6220077699681895,60.666666666666664,252.35399999999996,228.16199999999995,252.172544628,102,0,0.09456704968636688,-0.368888042735627,0.368888042735627,0.09456704968636688,0.8888888888888888,1.6111111111111112,2.388888888888889,16.630970781115064,9.796663861478258,2.63790480552679,-2.2177824582966172,2.5620280012688297,-2.2579095040779786,5.118451341916261,0.1997884399076292,3.1358236769486934,1.557745941513629,393.19995264621275,12.759148545064338,11.862573072896284,11.862573072896284,8.324863723331182,7.335821112335109,7.335821112335109,7.86895680593971,7.86895680593971,5.64429748068635,5.64429748068635,3.999887608664626,3.999887608664626,-0.12,24014.137718073092,11.685610604659356,3.1296200375492296,1.6703579254930603,109.16575170378579,14.210588861400147,0.0,0.0,0.0,0.0,0.0,0.0,0.0,0.0,0.0,13.847474399381248,38.524929737556064,6.4208216229260096,35.61796717296058,14.210588861400147,0.0,0.0,0.0,5.41499046939678,88.99620246342712,0.0,0.0,0.0,0.0,0.0,0.0,0.0,0.0,35.61796717296058,14.210588861400147,5.41499046939678,53.378235290466534,0.0,0.0,0.0,0.0,37.589999999999996,0.0,0.0,0.0,16.617092091364157,24.41586555099321,25.683286491704038,0.0,0.0,0.0,27.694948798762496,14.210588861400147,17.81860166288738,0.0,0.0,0.0,0.42819444444444477,0.0,0.0,6.181849962207105,9.154687263794408,0.0,1.0,18,0,3,1,3,4,0,0,0,0,6,0,3,0,3,3,0,1,3,4,0,6,2.0317511721855386,4,2.6690000000000005,67.46600000000005,0,0,0,0,0,0,0,0,0,0,0,0,0,0,0,0,0,0,0,0,0,0,0,0,0,0,0,0,0,0,0,0,0,0,0,0,3,0,0,3,0,3,0,0,0,0,0,0,0,0,0,0,0,0,0,0,0,0,0,0,0,0,0,0,0,0,0,0,0,0,0,0,0,0,0,0,0,0,0,0,0,0,0,0,0
10.835137235449736,10.835137235449736,0.19404195011337855,0.19404195011337855,0.4756174249038414,30.1875,218.34,196.16399999999996,218.167065324,88,0,0.14551819883331543,-0.29825660928378755,0.29825660928378755,0.14551819883331543,1.3125,2.0625,2.75,16.129050492983048,9.873554452824507,2.116338466980546,-2.1773686313404492,2.252039682035541,-2.0508868546562407,5.7302101136510775,-0.10452081826853486,2.255834973612875,2.849285872079768,329.3441142708954,12.018661569058182,10.623426761158184,10.623426761158184,7.532805283882037,6.009141175279511,6.009141175279511,5.285240595941134,5.285240595941134,2.9957883045937423,2.9957883045937423,1.7862214116981177,1.7862214116981177,-1.11,3036.3538744829298,12.957159167226324,5.833625081234877,4.606245281678695,98.93532247934384,0.0,6.286160523129555,0.0,0.0,0.0,0.0,4.794537184071822,0.0,0.0,0.0,43.724659356786034,43.595118690860716,0.0,0.0,4.794537184071822,6.286160523129555,0.0,0.0,5.41499046939678,46.454498090775914,0.0,35.45028948747406,0.0,0.0,0.0,0.0,0.0,0.0,6.286160523129555,4.794537184071822,5.41499046939678,46.454498090775914,35.45028948747406,0.0,0.0,0.0,17.07,0.0,4.794537184071822,0.0,5.41499046939678,0.0,37.542551544902864,5.573104530069267,0.0,0.0,45.075292026407396,0.0,0.0,0.0,10.835137235449736,0.0,2.519619708994709,0.0,0.0,13.592616921768709,6.6359594671201805,0.0,0.5333333333333333,16,0,1,1,0,1,0,0,0,0,0,0,1,0,1,0,1,0,0,0,0,0,4.7242005437177435,1,4.214400000000004,69.29300000000003,0,0,0,0,0,0,0,0,0,0,1,1,0,0,0,0,0,0,0,0,0,0,0,1,0,0,6,0,0,0,0,0,0,0,0,0,0,0,0,0,0,0,0,0,0,0,0,0,0,0,0,0,0,0,0,0,0,0,0,0,0,0,0,0,0,0,0,0,0,0,0,0,0,0,0,0,0,0,0,0,0,0,0,0,0
10.894607190098261,10.894607190098261,0.03431972789115645,0.03431972789115645,0.5399207887819231,28.823529411764707,232.32299999999995,212.16299999999995,232.14632988,92,0,0.14551820042035882,-0.29826888452661215,0.29826888452661215,0.14551820042035882,1.1176470588235294,1.8235294117647058,2.4705882352941178,16.130625144926213,9.87307382813272,2.123845141233091,-2.175424525803494,2.250047570439047,-2.055439517671952,5.742853829859733,-0.10521994759017232,2.327496141185813,2.918212611376522,370.3830584236704,12.72576835024473,10.609025320811673,10.609025320811673,8.07081008634282,6.033518570269841,6.033518570269841,5.131654012849403,5.131654012849403,2.9552275719342855,2.9552275719342855,1.7891187577483056,1.7891187577483056,-1.44,5285.743736632981,13.62426735218509,6.3333652288452535,4.941321832156713,103.09684457938761,0.0,12.57232104625911,0.0,0.0,0.0,0.0,9.589074368143644,0.0,0.0,0.0,38.15155482671677,42.244486021239354,0.0,0.0,9.589074368143644,12.57232104625911,0.0,0.0,5.41499046939678,39.53076089108529,0.0,35.45028948747406,0.0,0.0,0.0,0.0,0.0,0.0,12.57232104625911,9.589074368143644,5.41499046939678,39.53076089108529,35.45028948747406,0.0,0.0,0.0,34.14,0.0,9.589074368143644,0.0,5.41499046939678,6.4208216229260096,42.980994975175676,0.0,0.0,18.228060320501644,19.92349450621513,0.0,0.0,0.0,21.729744425548,0.0,1.6584613567649282,0.0,0.0,12.935976946334089,4.259150604686319,0.0,0.4666666666666667,17,0,2,1,0,1,0,0,0,0,0,0,2,0,2,0,2,0,0,0,0,0,5.075733006871802,1,3.3934000000000024,69.68300000000004,0,0,0,0,0,0,0,0,0,0,2,2,0,0,0,0,0,0,0,0,0,0,0,2,0,0,6,0,0,0,0,0,0,0,0,0,0,0,0,0,0,0,0,0,0,0,0,0,0,0,0,0,0,0,0,0,0,0,0,0,0,0,0,0,0,0,0,0,0,0,0,0,0,0,0,0,0,0,0,0,0,0,0,0,0
6.132792422524566,6.132792422524566,0.1992691798941797,0.1992691798941797,0.5353154382685766,42.8421052631579,392.13100000000003,371.97100000000006,389.98300408,106,0,0.08528825229089594,-0.37109416715992755,0.37109416715992755,0.08528825229089594,1.1578947368421053,1.736842105263158,2.263157894736842,79.91976398873953,10.05435350033329,2.428714411957391,-2.192394105433973,2.3775685439518695,-2.2635194038992648,9.094204039115795,-0.06397433859028091,2.934971761193648,1.8715117939225066,363.647300003121,13.828062645816686,11.097005074399005,14.268998152628415,9.151397005390978,6.854773239010597,8.686124296593976,5.142350490610416,7.494642268237249,3.820459635174454,5.747405096019783,2.7822777098995264,4.3580215440199375,0.18,26928.36590895172,15.566609709836447,7.2634222670545645,3.8455569133451903,132.10858635229505,9.473725907600098,0.0,0.0,0.0,0.0,0.0,0.0,0.0,0.0,6.423349895620259,50.78007942127885,31.75930659853792,9.654348140593624,24.41586555099321,9.473725907600098,31.859887795898697,0.0,0.0,0.0,66.67723738298149,0.0,12.152040213667762,0.0,12.343784214475903,0.0,0.0,0.0,31.859887795898697,34.07021369158683,9.473725907600098,12.343784214475903,32.60702369139466,12.152040213667762,0.0,0.0,0.0,18.46,0.0,0.0,0.0,18.31189916324491,15.758314528341927,25.683286491704038,0.0,6.076020106833881,6.076020106833881,44.70405931444496,15.897075803220357,12.218794327916353,7.422137331688873,0.8455907681917778,0.0,0.0,2.5097005674400155,0.0,13.839568870270963,2.1642081344920174,0.0,0.7333333333333333,19,0,2,0,2,2,0,0,0,0,6,0,2,0,4,2,4,0,2,2,0,0,5.950887346788097,2,3.8179000000000034,84.86700000000003,0,0,0,0,0,0,0,0,0,0,0,0,0,0,0,0,0,0,0,0,0,0,0,0,0,2,1,0,0,0,0,0,0,0,0,0,0,0,0,0,0,2,0,0,2,0,0,0,0,0,0,0,0,0,0,0,0,0,0,0,0,0,0,0,0,0,0,0,0,0,0,0,0,0,0,0,0,0,1,0,0,0,0,0,0
12.16211339491691,12.16211339491691,0.09814549896741975,-0.14414840193289113,0.4726638044721031,30.21875,568.3100000000001,540.0860000000002,566.052814956,172,0,0.24566955688388176,-0.3710941671599589,0.3710941671599589,0.24566955688388176,1.15625,1.84375,2.53125,79.91976440142027,10.053788484550642,2.429457355078548,-2.192683153132613,2.379055242527633,-2.2635241864474436,9.09421431717384,-0.11647486886028278,3.4763753644629367,1.238287685129074,922.9751367709835,22.501424753254113,17.94075227849742,21.112745356726826,15.51237168849655,11.02116783087274,12.852518888456121,8.230872762244307,10.583164539871136,5.814515179550142,7.74146064039547,4.171156535708675,5.746900369829082,-1.5499999999999998,25425416.80209882,23.602915468505962,11.047866150043854,6.065453119816427,204.73026866252775,14.790514511606428,12.238684400761036,0.0,5.907179729351506,0.0,0.0,4.794537184071822,4.681802935145185,0.0,5.098681808301038,68.2721314034629,43.89204073546114,15.341734415277188,30.612709122606287,14.268263091671919,49.53047390676765,0.0,14.993869839101091,0.0,73.22199378889407,5.316788604006331,48.298627015603465,0.0,0.0,5.316788604006331,5.687386274683562,0.0,31.859887795898697,54.97126326003943,20.813019497584495,0.0,38.300951686243124,42.60469902075501,0.0,6.076020106833881,0.0,78.27,0.0,4.794537184071822,0.0,36.867801686257295,15.348276135442084,31.3706727663876,4.681802935145185,6.196843571613076,36.407855449141934,60.48850061038544,9.473725907600098,14.0310542237332,7.5219698743503,12.86931144283233,11.015248879971008,1.4740996688060741,-0.14414840193289113,9.354797128846924,10.108901891987436,2.2687652914056207,0.0,0.5217391304347826,32,1,7,0,2,2,1,1,1,2,6,0,6,1,9,3,8,0,2,2,0,0,8.14880783896417,4,4.572100000000003,131.02169999999998,0,0,0,0,0,3,0,0,0,0,1,1,0,0,0,3,1,0,0,0,0,0,0,0,0,2,0,1,0,1,0,0,0,0,1,0,0,0,0,0,0,2,0,0,2,0,0,0,0,0,0,0,0,0,0,0,0,0,0,0,0,0,0,0,1,0,0,0,0,0,0,0,0,0,0,0,0,0,0,0,0,0,0,0,0
6.714335671768707,6.714335671768707,0.027345679012345858,-0.30571759259259235,0.6315684367035241,53.45,363.7230000000001,339.53100000000006,362.064819788,114,0,0.10554143735361798,-0.3743150852551381,0.3743150852551381,0.10554143735361798,1.3,1.95,2.55,79.91873171455308,9.484699166739295,2.718343286242814,-2.5778664094672137,2.704005914490094,-2.607147934372574,9.114152560565337,-0.16670476035224532,2.644027919544262,2.1690343666350858,473.09733080212783,14.974691494688164,12.9257966780747,15.26772216320786,9.105937468853023,7.38000862885751,8.55097137142409,7.573755639731578,9.291536144063743,6.4711175999991015,8.159070860569088,4.823152251103588,5.658910369509035,0.42999999999999994,26482.58364215533,15.330468272123765,4.244923977869011,1.5852897401640675,134.90419054254352,9.473725907600098,11.70501719873199,0.0,0.0,0.0,0.0,0.0,0.0,0.0,11.600939890232516,29.777418297330595,39.18595937499316,22.422151034275778,10.978138679189412,9.473725907600098,27.530883788181864,0.0,0.0,10.82998093879356,69.64056954546193,7.109797541277533,10.558392661038566,0.0,0.0,0.0,0.0,0.0,27.530883788181864,29.792953419198934,9.473725907600098,10.82998093879356,46.95741366754052,10.558392661038566,0.0,0.0,0.0,18.46,0.0,0.0,0.0,33.51313681671496,0.0,19.26246486877803,4.482372554204685,7.109797541277533,0.0,49.70091280354572,21.074665797832616,13.54948365457294,10.507181712962963,-0.25749244142101246,0.0,-0.18841049382716046,0.0,0.0,5.341480536659108,8.974098678823381,1.7681027966742253,0.875,20,0,2,2,1,3,0,0,0,0,5,2,2,0,4,1,1,1,1,2,1,0,3.2538336180149137,3,4.645300000000004,85.40800000000006,0,0,0,0,0,0,0,0,0,0,0,0,0,0,0,0,0,0,0,0,0,0,0,0,0,1,1,0,0,0,0,0,0,0,0,0,1,0,0,0,0,2,0,0,2,0,0,0,0,0,0,0,0,0,0,1,0,0,0,0,0,0,0,0,0,0,0,0,0,0,0,0,0,0,0,0,0,0,0,0,0,0,0,0,0
6.714335671768707,6.714335671768707,0.027345679012345858,-0.30571759259259235,0.6315684367035241,53.45,363.7230000000001,339.53100000000006,362.064819788,114,0,0.10554143735361798,-0.3743150852551381,0.3743150852551381,0.10554143735361798,1.3,1.95,2.55,79.91873171455308,9.484699166739295,2.718343286242814,-2.5778664094672137,2.704005914490094,-2.607147934372574,9.114152560565337,-0.16670476035224532,2.644027919544262,2.1690343666350858,473.09733080212783,14.974691494688164,12.9257966780747,15.26772216320786,9.105937468853023,7.38000862885751,8.55097137142409,7.573755639731578,9.291536144063743,6.4711175999991015,8.159070860569088,4.823152251103588,5.658910369509035,0.42999999999999994,26482.58364215533,15.330468272123765,4.244923977869011,1.5852897401640675,134.90419054254352,9.473725907600098,11.70501719873199,0.0,0.0,0.0,0.0,0.0,0.0,0.0,11.600939890232516,29.777418297330595,39.18595937499316,22.422151034275778,10.978138679189412,9.473725907600098,27.530883788181864,0.0,0.0,10.82998093879356,69.64056954546193,7.109797541277533,10.558392661038566,0.0,0.0,0.0,0.0,0.0,27.530883788181864,29.792953419198934,9.473725907600098,10.82998093879356,46.95741366754052,10.558392661038566,0.0,0.0,0.0,18.46,0.0,0.0,0.0,33.51313681671496,0.0,19.26246486877803,4.482372554204685,7.109797541277533,0.0,49.70091280354572,21.074665797832616,13.54948365457294,10.507181712962963,-0.25749244142101246,0.0,-0.18841049382716046,0.0,0.0,5.341480536659108,8.974098678823381,1.7681027966742253,0.875,20,0,2,2,1,3,0,0,0,0,5,2,2,0,4,1,1,1,1,2,1,0,3.2538336180149137,3,4.645300000000004,85.40800000000006,0,0,0,0,0,0,0,0,0,0,0,0,0,0,0,0,0,0,0,0,0,0,0,0,0,1,1,0,0,0,0,0,0,0,0,0,1,0,0,0,0,2,0,0,2,0,0,0,0,0,0,0,0,0,0,1,0,0,0,0,0,0,0,0,0,0,0,0,0,0,0,0,0,0,0,0,0,0,0,0,0,0,0,0,0
11.684726001511715,11.684726001511715,0.1794444444444443,-0.2923148148148147,0.7029119656969337,14.133333333333333,196.20499999999998,188.14099999999996,196.052429496,72,0,0.22745159563615275,-0.5040907750758974,0.5040907750758974,0.22745159563615275,1.0,1.7333333333333334,2.533333333333333,16.272518181506232,9.914246537910634,2.198057315033765,-2.1259296509150434,2.295396803155396,-2.0758467724617526,6.210629260620179,0.09807145726029733,2.2595545839373385,2.5496643000410897,603.7121044842899,10.41384908344359,7.896913770291203,7.896913770291203,7.270856947829095,4.743115083884122,4.743115083884122,3.609627706819504,3.609627706819504,2.7064154199751993,2.7064154199751993,2.03033147627775,2.03033147627775,-2.0899999999999994,4315.7492553203165,8.237481994583195,2.7009160415731115,1.0171932999393591,86.46821566094829,5.106527394840706,0.0,5.759164871656176,5.783244946364939,0.0,0.0,4.794537184071822,0.0,0.0,0.0,36.39820241076966,17.02569581299567,10.949675706161791,0.0,9.901064578912528,22.63171348212841,0.0,0.0,0.0,0.0,0.0,53.28427026581983,0.0,0.0,0.0,0.0,0.0,0.0,10.889772341205646,0.0,0.0,15.921440167465814,42.15736728242584,0.0,16.848468535763473,0.0,37.3,0.0,9.901064578912528,0.0,11.542409818021115,5.563451491696996,16.335899920626588,6.076020106833881,6.06636706846161,30.33183534230805,0.0,0.0,0.0,0.0,11.684726001511715,11.450487528344674,1.4891666666666672,-0.471759259259259,11.321916099773242,1.525462962962963,0.0,0.0,0.0,15,1,2,1,0,1,0,2,0,2,0,0,2,1,2,0,0,0,0,0,0,0,1.483249817422628,3,2.9350000000000014,58.88430000000002,0,1,1,0,0,0,0,0,0,0,1,1,0,0,0,0,0,0,0,0,0,0,0,0,0,0,1,0,0,0,0,0,0,0,2,0,0,0,0,0,0,0,0,0,0,0,0,0,0,0,0,1,1,0,0,0,0,0,0,0,0,0,0,0,0,0,0,0,0,0,0,0,0,0,0,0,0,0,0,0,0,0,0,0,0
12.735377928949358,12.735377928949358,0.11157407407407405,0.11157407407407405,0.6226525383972618,13.4,256.304,244.20799999999994,256.088815004,94,0,0.19379315569228445,-0.28856672810727224,0.28856672810727224,0.19379315569228445,0.7,1.45,2.25,16.138518041502206,9.851787739820676,2.216983990807372,-2.1662059836490157,2.3425881665033197,-2.0767074312072427,6.381366446392595,0.10534842017300605,2.5154468652594617,2.0443979176767875,852.0784620353792,13.526733258565956,10.836451520739375,10.836451520739375,9.843336592900531,6.680191888657102,6.680191888657102,5.004087834152781,5.004087834152781,3.8108135739115494,3.8108135739115494,2.8777874676444464,2.8777874676444464,-2.669999999999999,78039.22354780954,11.181399764195739,4.171821075978285,1.532015282297055,116.7310761148163,0.0,0.0,5.783244946364939,0.0,0.0,0.0,4.794537184071822,0.0,0.0,0.0,66.73003775307771,22.589147304692666,16.52278023623106,0.0,4.794537184071822,28.20481801219768,0.0,0.0,0.0,0.0,0.0,83.42039222816871,0.0,0.0,0.0,0.0,0.0,0.0,5.783244946364939,0.0,0.0,21.48489165916281,66.73003775307771,0.0,22.421573065832742,0.0,17.07,0.0,4.794537184071822,0.0,5.783244946364939,0.0,33.03590743408984,0.0,0.0,54.60695665452676,18.19910120538483,0.0,0.0,0.0,12.735377928949358,2.191104444864366,3.677603930461074,0.11157407407407405,21.944061843873353,2.006944444444444,0.0,0.0,0.0,20,0,1,1,0,1,0,3,0,3,0,0,1,0,1,0,1,0,0,0,0,0,2.3323399597605206,4,4.576700000000002,82.59150000000004,0,0,0,0,0,0,0,0,0,0,1,1,0,0,0,0,0,0,0,0,0,0,0,0,0,0,1,0,0,0,0,0,0,0,3,0,0,0,0,0,0,0,0,0,0,0,0,0,0,0,0,1,1,0,0,0,0,0,0,0,0,0,0,0,0,0,0,0,0,0,0,0,0,0,0,0,0,0,0,0,0,0,0,0,0
4.226215986394558,4.226215986394558,0.7073842592592594,0.7073842592592594,0.5594891083866828,57.13333333333333,204.35699999999994,180.16499999999996,204.187800768,84,0,-0.017196515363102804,-0.09984985869066126,0.09984985869066126,0.017196515363102804,1.2666666666666666,2.0,2.6666666666666665,14.704348311451449,9.467857540066786,2.659903148616063,-2.5748832841700837,2.726481000917981,-2.5267633942525984,5.195228220571615,-0.09404207424764927,2.6196016310023493,1.9087185775117197,303.1601712439863,10.792528739883947,10.422285251880869,10.422285251880869,7.054366005410033,6.708560658885536,6.708560658885536,6.761600412151662,6.761600412151662,6.138396422034983,6.138396422034983,5.444701958365977,5.444701958365977,-0.26,3468.3525594471107,9.930246785113246,2.898095384632979,1.0367018914247688,94.14134413661012,0.0,0.0,0.0,0.0,0.0,0.0,0.0,0.0,0.0,0.0,32.42033623597502,61.1907227686724,0.0,0.0,0.0,0.0,0.0,0.0,35.00452070020375,46.454498090775914,0.0,12.152040213667764,0.0,0.0,0.0,0.0,0.0,0.0,0.0,0.0,35.00452070020375,46.454498090775914,12.152040213667764,0.0,0.0,0.0,0.0,0.0,0.0,0.0,0.0,5.41499046939678,29.589530230806965,31.256391021773304,0.0,0.0,27.35014728267037,0.0,0.0,0.0,0.0,0.0,2.1668981481481486,4.975347222222221,0.0,5.908112717309146,11.532975245653816,0.0,0.8666666666666667,15,0,0,3,0,3,0,0,0,0,6,0,0,0,0,0,1,3,0,3,0,0,1.9185868250802116,3,4.270900000000004,64.51300000000005,0,0,0,0,0,0,0,0,0,0,0,0,0,0,0,0,0,0,0,0,0,0,0,0,0,0,1,0,0,0,0,0,0,0,0,0,4,0,0,0,0,0,0,0,0,0,0,0,0,0,0,0,0,0,0,0,0,0,0,0,0,0,0,0,0,0,0,0,0,0,0,0,0,0,0,0,0,0,0,0,0,0,0,0,0
10.64537037037037,10.64537037037037,0.12092592592592633,0.12092592592592633,0.5170467542625542,9.0,120.15099999999995,112.08699999999997,120.057514876,46,0,0.15929849657429365,-0.2945122071568907,0.2945122071568907,0.15929849657429365,1.2222222222222223,1.7777777777777777,2.111111111111111,16.13739126015663,10.154360743614614,1.9227125119501625,-1.8898985040785985,1.969861928411888,-1.8810477519826914,5.9336407705768455,0.1012991905538297,1.9003726279897948,2.981454614041131,201.06743705866424,6.69023444431199,5.294999636411993,5.294999636411993,4.304530452640311,2.864807747754891,2.864807747754891,1.9222116216323364,1.9222116216323364,1.1803153331412106,1.1803153331412106,0.672860900963318,0.672860900963318,-1.11,129.22533870330605,6.016742712294044,2.4437525520871133,1.3892524797182944,54.32280944833394,0.0,0.0,5.783244946364939,0.0,0.0,0.0,4.794537184071822,0.0,0.0,0.0,30.33183534230805,6.923737199690624,5.563451491696996,0.0,4.794537184071822,5.783244946364939,0.0,0.0,0.0,6.923737199690624,0.0,35.89528683400505,0.0,0.0,0.0,0.0,0.0,0.0,5.783244946364939,0.0,0.0,17.28172587545944,30.33183534230805,0.0,0.0,0.0,17.07,0.0,4.794537184071822,0.0,5.783244946364939,0.0,5.563451491696996,0.0,6.923737199690624,30.33183534230805,0.0,0.0,0.0,0.0,10.64537037037037,0.0,0.7754629629629632,0.12092592592592633,9.226759259259257,0.0,1.5648148148148149,0.0,0.125,9,0,1,0,0,0,0,1,0,1,0,0,1,0,1,0,1,0,0,0,0,0,1.633714484268901,1,1.8892,36.44650000000001,0,0,0,0,0,0,0,0,0,0,1,1,0,0,0,0,0,0,0,0,0,0,0,0,0,0,0,0,0,0,0,0,0,0,1,0,0,0,0,0,0,0,0,0,0,0,0,0,0,0,0,1,1,0,0,0,0,0,0,0,0,0,0,0,0,0,0,0,0,0,0,0,0,0,0,0,0,0,0,0,0,0,0,0,0
9.891373299319728,9.891373299319728,0.7708333333333333,0.7708333333333333,0.4433687822838736,10.0,132.16199999999995,124.09799999999997,132.057514876,50,0,0.14235723136772482,-0.29856366004105594,0.29856366004105594,0.14235723136772482,1.1,1.8,2.4,16.128435387968324,10.195128696125781,1.7853875886738348,-1.8623354882854524,1.9860228839166116,-1.6732345770539678,5.731506930534547,-0.10356707923991754,2.029573889867405,2.7587670006154434,223.74339906009686,7.234204518682008,5.52705044398087,5.52705044398087,4.931851652578137,3.101727664179956,3.101727664179956,1.9058831224074562,1.9058831224074562,1.1668150461385,1.1668150461385,0.7145448510869893,0.7145448510869893,-1.3699999999999999,251.66716234355823,6.7458748551564325,3.6165878630836277,1.859789489800163,59.998148530546295,0.0,6.286160523129555,0.0,0.0,0.0,0.0,4.794537184071822,0.0,0.0,0.0,36.407855449141934,11.639471598530877,0.0,0.0,4.794537184071822,12.362180629963436,0.0,0.0,0.0,0.0,0.0,41.97130694083893,0.0,0.0,0.0,0.0,0.0,0.0,6.286160523129555,4.794537184071822,0.0,5.563451491696996,36.407855449141934,0.0,6.076020106833881,0.0,17.07,0.0,4.794537184071822,0.0,0.0,0.0,11.849612014826551,6.076020106833881,6.076020106833881,30.33183534230805,0.0,0.0,0.0,0.0,9.891373299319728,0.0,1.0505555555555557,0.0,9.701589663643235,4.023148148148148,0.0,0.0,0.0,10,0,1,0,0,0,0,1,0,1,0,0,1,0,1,0,2,0,0,0,0,0,2.439704912703978,1,1.8987,41.54000000000002,0,0,0,0,0,0,0,0,0,0,1,1,0,0,0,0,0,0,0,0,0,0,0,1,0,0,1,0,0,0,0,0,0,0,1,0,0,0,0,0,0,0,0,0,0,0,0,0,0,0,0,0,0,0,0,0,0,0,0,0,0,0,0,0,0,0,0,0,0,0,0,0,0,0,0,0,0,0,0,0,0,0,0,0,0
8.269688208616781,8.269688208616781,0.5147222222222221,0.5147222222222221,0.5493761204967549,8.333333333333334,117.15099999999995,110.09499999999997,117.057849224,44,0,0.06692145166948295,-0.19797459049898375,0.19797459049898375,0.06692145166948295,1.2222222222222223,1.8888888888888888,2.4444444444444446,14.222721152677108,10.165797866601727,1.838981810240132,-1.8756398969487642,1.964687481342805,-1.7609844885235992,5.170665996675376,1.2635173860354605,1.9100860088599136,2.756899621214729,207.75928651033234,6.52709773749546,5.041071722634634,5.041071722634634,4.431851652578137,2.8413971814594863,2.8413971814594863,1.820489137958545,1.820489137958545,1.12600574881363,1.12600574881363,0.6871487942909763,0.6871487942909763,-1.29,145.16653667335345,5.839701686121919,2.883755439002109,1.578795480892324,54.55386702975889,0.0,0.0,0.0,0.0,0.0,0.0,0.0,0.0,5.261891554738487,0.0,30.33183534230805,5.563451491696996,0.0,12.490042935718282,0.0,0.0,5.261891554738487,0.0,0.0,6.4208216229260096,0.0,35.89528683400505,0.0,6.069221312792274,0.0,0.0,0.0,0.0,0.0,6.4208216229260096,11.33111286753076,5.563451491696996,30.33183534230805,0.0,0.0,0.0,23.79,0.0,0.0,0.0,0.0,6.4208216229260096,5.563451491696996,0.0,0.0,30.33183534230805,6.069221312792274,5.261891554738487,0.0,0.0,0.0,8.269688208616781,1.0833333333333335,0.0,11.798922902494331,0.5147222222222221,0.0,0.0,0.125,9,0,1,0,0,0,0,1,0,1,0,0,1,0,1,0,1,0,0,0,0,0,1.8711412777226524,1,1.75268,35.75900000000001,0,0,0,0,0,0,0,0,0,0,0,0,0,0,0,1,0,0,0,0,0,0,0,0,0,0,0,0,0,0,0,0,0,0,1,0,0,0,0,0,0,0,0,0,0,0,0,0,0,0,0,0,0,0,0,0,0,1,0,0,0,0,0,0,0,0,0,0,0,0,0,0,0,0,0,0,0,0,0,0,0,0,0,0,0
2.1203703703703702,2.1203703703703702,1.3101851851851853,1.3101851851851853,0.5114311994891171,10.0,128.17399999999998,120.10999999999997,128.062600256,48,0,-0.018404250672442266,-0.06162971144687501,0.06162971144687501,0.018404250672442266,0.5,0.8,1.1,13.897200748817028,10.132094340785903,1.8457978667862482,-1.919798598723745,2.105716284224189,-1.6654553018517606,5.814842361180036,1.7511038765669853,2.0504144813943355,2.888051601657992,271.0151824090548,6.811554787871633,5.618802153517007,5.618802153517007,4.9663264951887856,3.4047005383792524,3.4047005383792524,2.347150628109128,2.347150628109128,1.6586892478083906,1.6586892478083906,1.132905824745182,1.132905824745182,-1.2999999999999998,348.57046183703704,5.482229779997874,2.143052886105772,0.7805335436910606,60.113067651232164,0.0,0.0,0.0,0.0,0.0,0.0,0.0,0.0,0.0,0.0,48.53093654769288,10.772448428929591,0.0,0.0,0.0,10.772448428929591,0.0,0.0,0.0,0.0,0.0,48.53093654769288,0.0,0.0,0.0,0.0,0.0,0.0,0.0,0.0,0.0,0.0,48.53093654769288,0.0,10.772448428929591,0.0,0.0,0.0,0.0,0.0,0.0,0.0,0.0,10.772448428929591,0.0,0.0,48.53093654769288,0.0,0.0,0.0,0.0,2.6203703703703707,0.0,0.0,16.712962962962962,0.0,0.0,0.0,0.0,10,0,0,0,0,0,0,2,0,2,0,0,0,0,0,0,0,0,0,0,0,0,1.1748708352319455,2,2.839800000000001,43.94800000000002,0,0,0,0,0,0,0,0,0,0,0,0,0,0,0,0,0,0,0,0,0,0,0,0,0,0,0,0,0,0,0,0,0,0,2,0,1,0,0,0,0,0,0,0,0,0,0,0,0,0,0,0,0,0,0,0,0,0,0,0,0,0,0,0,0,0,0,0,0,0,0,0,0,0,0,0,0,0,0,0,0,0,0,0,0
2.2407407407407405,2.2407407407407405,1.3112962962962964,1.3112962962962964,0.4564102473768608,10.857142857142858,178.234,168.15399999999997,178.07825032,66,0,-0.01776516776969768,-0.061629349784588755,0.061629349784588755,0.01776516776969768,0.42857142857142855,0.7142857142857143,1.0,13.991352165126273,10.041217094255378,1.946569776306293,-2.003902281770429,2.2145351441983525,-1.7403762758928016,5.974985320549637,1.7648597500050303,2.260506219562147,2.523732645389001,488.75909858914036,9.38046888862398,7.77350269189626,7.77350269189626,6.932652990377572,4.809401076758505,4.809401076758505,3.5465093652268997,3.5465093652268997,2.61403104906987,2.61403104906987,1.8826386318775872,1.8826386318775872,-1.8199999999999994,3255.1289561694916,7.571439103526888,2.8450836230123144,1.080316882093769,82.7947321829674,0.0,0.0,0.0,0.0,0.0,0.0,0.0,0.0,0.0,0.0,48.53093654769288,33.677630994782405,0.0,0.0,0.0,21.544896857859182,0.0,0.0,0.0,0.0,0.0,60.6636706846161,0.0,0.0,0.0,0.0,0.0,0.0,0.0,0.0,0.0,0.0,60.6636706846161,0.0,21.544896857859182,0.0,0.0,0.0,0.0,0.0,0.0,0.0,0.0,21.544896857859182,0.0,0.0,60.6636706846161,0.0,0.0,0.0,0.0,5.245185185185186,0.0,0.0,21.421481481481482,0.0,0.0,0.0,0.0,14,0,0,0,0,0,0,3,0,3,0,0,0,0,0,0,0,0,0,0,0,0,1.5386698140056707,3,3.993000000000003,61.45400000000003,0,0,0,0,0,0,0,0,0,0,0,0,0,0,0,0,0,0,0,0,0,0,0,0,0,0,0,0,0,0,0,0,0,0,3,0,2,0,0,0,0,0,0,0,0,0,0,0,0,0,0,0,0,0,0,0,0,0,0,0,0,0,0,0,0,0,0,0,0,0,0,0,0,0,0,0,0,0,0,0,0,0,0,0,0
2.1203703703703702,2.1203703703703702,1.2327343159486017,1.2327343159486017,0.6155243653321553,10.571428571428571,180.25,168.15399999999997,180.093900384,68,0,-0.025646180347114717,-0.062226099107525704,0.062226099107525704,0.025646180347114717,0.5,0.8571428571428571,1.2142857142857142,13.897024177335402,10.135516398412994,1.8396710104337486,-1.9220120081240881,2.063975009303562,-1.700949443869577,5.68779355664182,1.6450082270546516,2.2924875731149372,2.159341417811232,357.0681482751901,9.639981912617824,7.928203230275511,7.928203230275511,6.949489742783178,4.7320508075688785,4.7320508075688785,3.1547005383792537,3.1547005383792537,2.0673784956167816,2.0673784956167816,1.3207501495497929,1.3207501495497929,-1.8199999999999994,2714.3052865680856,8.763953707392217,4.425683220750488,2.332039674626311,84.52877852216996,0.0,0.0,0.0,0.0,0.0,0.0,0.0,0.0,0.0,0.0,72.81571089828387,11.126902983393991,0.0,0.0,0.0,12.152040213667762,0.0,0.0,0.0,0.0,0.0,71.7905736680101,0.0,0.0,0.0,0.0,0.0,0.0,0.0,0.0,0.0,11.126902983393991,60.6636706846161,0.0,12.152040213667762,0.0,0.0,0.0,0.0,0.0,0.0,0.0,0.0,11.126902983393991,0.0,36.39820241076966,36.417508487514205,0.0,0.0,0.0,0.0,0.0,2.4654686318972034,0.0,20.627123960695393,4.2407407407407405,0.0,0.0,0.0,14,0,0,0,0,0,0,2,0,2,0,0,0,0,0,0,2,0,0,0,0,0,2.7704630621599833,2,3.857000000000002,61.81200000000004,0,0,0,0,0,0,0,0,0,0,0,0,0,0,0,0,0,0,0,0,0,0,0,0,0,0,0,0,0,0,0,0,0,0,2,0,0,0,0,0,0,0,0,0,0,0,0,0,0,0,0,0,0,0,0,0,0,0,0,0,0,0,0,0,0,0,0,0,0,0,0,0,0,0,0,0,0,0,0,0,0,0,0,0,0
10.248745275888133,10.248745275888133,0.039907407407407725,0.039907407407407725,0.6477438574453785,9.181818181818182,152.149,144.08499999999998,152.047344116,58,0,0.1606893236526212,-0.5042543227773111,0.5042543227773111,0.1606893236526212,1.5454545454545454,2.272727272727273,2.8181818181818183,16.474024866329547,10.196382223920471,1.997870020303019,-2.0129684634464255,2.247074867510467,-1.8539332197805216,5.758009951205341,0.11180065972100496,2.054947782314328,3.116164133858052,268.03972257956417,8.267584713501616,6.073111253186188,6.073111253186188,5.274386907679232,3.0983905001486876,3.0983905001486876,2.0491373572175364,2.0491373572175364,1.3398615046902285,1.3398615046902285,0.7675205674503291,0.7675205674503291,-1.5099999999999998,343.17627964649273,7.595374077976819,3.0531381005525,1.490370509139573,64.23058843003683,9.843390348640755,6.286160523129555,11.49902366656781,0.0,0.0,0.0,4.794537184071822,0.0,0.0,0.0,0.0,18.19910120538483,5.563451491696996,7.109797541277533,14.637927532712578,6.286160523129555,0.0,0.0,0.0,0.0,7.109797541277533,23.762552697081826,0.0,11.49902366656781,4.736862953800049,0.0,11.49902366656781,0.0,18.502485459247794,0.0,0.0,10.357988675768818,18.19910120538483,0.0,0.0,0.0,46.53,0.0,4.794537184071822,0.0,5.749511833283905,17.599123848110455,0.0,25.30889874666236,0.0,0.0,0.0,9.843390348640755,4.778564814814815,0.0,10.248745275888133,9.089545540438397,0.4857870370370374,0.3543518518518525,4.412453703703704,0.696388888888889,0.0,1.434162887377173,0.125,11,1,3,0,0,0,0,1,0,1,0,0,3,1,3,0,2,0,0,0,0,0,2.1081569077654403,1,1.2133,40.046300000000016,0,0,0,0,0,0,0,1,0,0,1,1,0,0,0,0,0,0,0,0,0,0,0,1,0,0,0,0,0,0,0,0,0,0,1,0,0,0,0,0,0,1,0,0,0,0,0,0,0,0,0,0,0,0,0,1,0,0,0,0,0,0,0,0,0,1,1,0,0,0,0,0,0,0,0,0,0,0,0,0,0,0,0,0,0
12.001986803980852,12.001986803980852,0.1625000000000003,-4.352294146825396,0.36574621170056054,10.692307692307692,187.12399999999997,183.09199999999996,187.035731788,68,0,0.4159098226001275,-0.16613754727820948,0.4159098226001275,0.16613754727820948,1.1538461538461537,1.6923076923076923,2.076923076923077,19.41316930465823,10.180909834332247,2.292454701242159,-2.0466626586199395,2.2967714934788557,-2.0301982053444196,5.387896189270194,-0.1371174954896314,2.04109031584422,3.0022654322412037,334.9955543020112,9.897341225498538,6.2849352822860585,6.2849352822860585,6.037023368100676,3.2619207123097387,3.2619207123097387,2.234075812484601,2.234075812484601,1.35482296003498,1.35482296003498,0.7687188145450256,0.7687188145450256,-1.6800000000000002,685.8063461236579,9.40833922261484,3.36566753171857,2.38139026822907,71.4266734614471,0.0,0.0,0.0,0.0,0.0,6.176298517443475,0.0,0.0,13.171245143024459,0.0,17.24698426255262,17.66386313570847,10.599097921936025,5.563451491696996,13.171245143024459,5.687386274683562,0.0,0.0,5.114250125629398,6.176298517443475,0.0,40.27176041158115,0.0,0.0,0.0,18.858631417708022,0.0,0.0,0.0,6.176298517443475,0.0,5.563451491696996,29.379718399475838,0.0,10.442840646037716,0.0,48.760000000000005,11.73975000914047,13.171245143024459,0.0,5.687386274683562,0.0,24.26546827384644,0.0,0.0,0.0,10.02596177288186,5.531128998785252,36.00596041194255,0.0,2.4415244708994708,3.1430442176870748,7.387644675925925,0.0,3.9574537037037034,-4.352294146825396,0.0,0.0,0.14285714285714285,13,0,3,0,0,0,0,1,0,1,0,0,1,0,6,0,1,0,0,0,0,0,2.4357955268422384,1,3.6472000000000007,40.250000000000014,0,0,0,0,0,0,0,0,0,0,0,0,0,0,0,3,0,0,0,0,0,0,0,0,0,3,0,0,0,0,0,1,0,0,1,0,0,0,0,0,0,0,0,0,3,0,0,0,0,0,0,0,0,0,0,0,0,0,0,0,0,0,0,0,0,0,0,0,0,0,0,0,0,0,0,0,0,0,0,0,0,0,0,0,0
12.121545256991686,12.121545256991686,0.12277777777777743,-0.7932690854119424,0.504203147729872,57.75,282.336,260.15999999999997,282.146723804,112,0,0.31097180359286625,-0.4320284473802694,0.4320284473802694,0.31097180359286625,1.1,1.9,2.7,17.25555339863508,9.581414445684334,2.694950758302615,-2.5732623739556346,2.5914221078273822,-2.692038275569215,5.736473155048332,-0.5588470586756319,2.6282809975525736,1.8371175333567635,451.54482686786565,14.120955864630139,12.256419923013636,12.256419923013636,9.461779516509589,7.71305791902739,7.71305791902739,7.135665932790236,7.135665932790236,5.9739593775062065,5.9739593775062065,4.762194699347522,4.762194699347522,-0.65,48486.52784284988,13.043617404621415,3.95962278386191,1.460653327339192,118.37011434907473,9.473725907600098,0.0,5.601050810983688,12.07713788190581,0.0,5.969305287951849,4.794537184071822,9.775141906512223,0.0,0.0,13.847474399381248,32.104108114630044,18.256633715248796,5.917906046161393,24.043404998184144,5.969305287951849,0.0,0.0,23.671624184645573,64.1326867836654,0.0,0.0,0.0,0.0,0.0,0.0,0.0,0.0,23.647493980841347,24.043404998184144,23.671624184645573,46.4544980907759,0.0,0.0,0.0,0.0,53.99,17.6781886928895,4.794537184071822,0.0,17.805117380274638,11.835812092322787,25.683286491704038,0.0,0.0,13.847474399381248,6.923737199690624,19.248867814112323,11.596643518518519,0.0,23.67632038926682,0.0,-0.6101157407407405,-0.13705498866213195,0.0,3.2441109221466364,6.063429232804233,0.0,0.9333333333333333,20,0,5,1,4,5,0,0,0,0,7,2,5,0,5,4,0,1,4,5,1,0,2.5823902329658353,5,2.3949000000000007,68.04700000000004,0,0,0,0,0,0,0,0,0,0,1,1,0,0,0,0,0,0,0,0,0,0,0,0,0,0,0,0,0,0,0,0,0,0,0,0,2,0,0,0,1,2,0,0,0,0,0,0,0,0,0,0,0,0,0,0,0,0,0,0,0,0,0,0,0,0,0,0,0,0,0,0,0,0,0,0,0,0,0,0,0,0,0,0,0
12.137592592592593,12.137592592592593,0.5675925925925926,-4.756296296296297,0.5014518453919586,11.692307692307692,195.09999999999997,191.06799999999996,195.025561028,72,0,0.43956348639043197,-0.3577454094999324,0.43956348639043197,0.3577454094999324,1.6153846153846154,2.1538461538461537,2.4615384615384617,19.413229779978128,10.399684071743653,2.424781916973432,-2.0441470120263303,2.338826682129645,-2.124620939155763,5.288934650343208,-0.3921843301076543,2.284907282869711,3.327831880290946,343.2840772589549,10.223614639131599,6.369381055644906,6.369381055644906,5.837222523091416,3.0665268494281683,3.0665268494281683,2.2825570807098683,2.2825570807098683,1.3591810651281904,1.3591810651281904,0.8782499808023913,0.8782499808023913,-1.6000000000000003,623.7796882234311,9.487719298245615,2.7142722117202274,1.6023757533409038,69.94964916812481,14.681417916556928,0.0,0.0,12.021248069613002,0.0,11.994161295278502,0.0,0.0,13.171245143024459,0.0,0.0,9.90728956976488,7.04767198267719,0.0,18.09455619184213,5.817862777835028,0.0,9.551078168738563,7.04767198267719,6.176298517443475,0.0,22.135566338378574,0.0,0.0,0.0,18.98910792085949,0.0,0.0,14.474389217556233,13.223970500120664,10.114318268765572,5.693927994848461,6.3273200747645415,0.0,0.0,0.0,60.96,22.611400338944634,23.28556341179003,0.0,0.0,4.567099647791355,13.37499205744173,0.0,0.0,0.0,4.9839785209472085,0.0,36.98037037037037,0.0,11.973194444444445,10.111481481481482,-1.349537037037037,-1.1712962962962965,0.0,-4.005347222222222,0.0,1.0444675925925926,0.4,13,0,5,0,0,0,0,0,1,1,0,0,4,0,8,1,1,0,0,0,0,0,1.9809425264484468,1,1.3470999999999997,34.86440000000001,0,0,0,0,0,2,0,0,0,0,0,0,0,0,0,3,0,0,0,0,0,0,0,0,0,3,0,0,0,0,1,0,0,0,0,0,0,0,0,0,0,0,0,0,3,0,0,1,0,0,0,0,0,0,0,0,0,0,1,0,0,0,0,0,0,0,0,0,0,0,0,0,0,0,0,0,0,0,0,0,0,0,0,0,0
12.27476379440665,12.27476379440665,0.5972222222222217,-4.648032407407408,0.6516415085941321,11.5,208.13899999999998,201.08299999999997,208.045962124,78,0,0.4352695171788922,-0.46428808322409565,0.46428808322409565,0.4352695171788922,1.5714285714285714,2.142857142857143,2.5714285714285716,19.413221771641858,10.289334775069,2.391312206187045,-2.057130207022952,2.300624711197278,-2.1583947450158063,5.884713543663947,-0.14104609942693241,2.4474231415385987,3.264486008654262,356.30714748186426,10.930721420318147,7.422167460144949,7.422167460144949,6.3752273255522,3.5442682609358056,3.5442682609358056,2.5420289194220156,2.5420289194220156,1.58430358111851,1.58430358111851,0.9750473423951196,0.9750473423951196,-1.5299999999999998,1147.8414533816028,10.550192461908578,3.316842718796965,1.7045920573436,77.30162500396888,9.303962601591405,0.0,11.387855989696922,0.0,0.0,12.145603805395325,0.0,9.77851570501903,13.171245143024459,0.0,0.0,0.0,7.04767198267719,13.437117616042075,22.702645280896327,5.969305287951849,0.0,9.551078168738563,7.04767198267719,6.176298517443475,7.109797541277533,17.715176064461463,0.0,0.0,0.0,13.171245143024459,0.0,0.0,22.630180997967948,17.960833453920714,0.0,16.182393173768745,6.3273200747645415,0.0,0.0,0.0,44.120000000000005,23.53345979509225,17.96578232709628,0.0,0.0,0.0,18.00421726383343,7.04767198267719,0.0,0.0,9.720841474747257,0.0,42.002694160997734,0.0,14.072962962962965,0.0,-1.8269907407407402,-1.058032407407407,0.0,-3.7362500000000005,0.0,2.295616024187453,0.42857142857142855,14,0,4,0,0,0,0,0,1,1,0,0,4,0,7,1,1,0,0,0,0,0,2.499523503513435,1,1.2255,39.549500000000016,0,0,0,0,0,2,0,0,0,0,1,1,0,0,0,2,0,0,0,0,0,0,0,0,0,3,0,0,0,0,1,0,0,0,0,0,0,0,0,0,1,1,0,0,3,0,0,1,0,0,0,0,0,0,0,1,0,0,0,0,0,0,0,0,0,0,0,0,0,0,0,0,0,0,0,0,0,0,0,0,0,0,0,0,0
12.572846749811035,12.572846749811035,0.3928240740740738,-4.927157974300833,0.4561244011595327,11.352941176470589,252.14799999999997,245.09199999999996,252.035791364,94,0,0.4378122785012575,-0.46433930094858494,0.46433930094858494,0.4378122785012575,1.5294117647058822,2.0588235294117645,2.3529411764705883,19.4132334319111,10.325818422445995,2.433325684477094,-2.0793328529514143,2.3733080441176804,-2.159419735908132,5.887037504133204,-0.3877171070776545,2.5397736110638176,3.5214160049760173,477.85022077221504,13.378315177510851,8.738664041072678,8.738664041072678,7.6965945305981185,4.193975920051199,4.193975920051199,3.068892659439166,3.068892659439166,2.072561472850595,2.072561472850595,1.361937774412515,1.361937774412515,-2.0599999999999996,4086.4957402016826,13.006934404283802,4.072705754919184,2.217010935699054,92.73495274552218,9.303962601591405,5.693927994848461,0.0,5.693927994848461,5.687386274683562,12.145603805395325,10.114318268765572,4.794537184071822,13.171245143024459,0.0,0.0,0.0,13.1140390511388,12.033108590095203,27.625956329714,11.656691562635412,0.0,4.567099647791355,7.04767198267719,6.176298517443475,7.109797541277533,27.568541326924105,0.0,0.0,0.0,18.858631417708022,0.0,0.0,22.56951352583841,17.960833453920714,10.114318268765572,16.182393173768745,6.06636706846161,0.0,0.0,0.0,74.37,34.144157118593476,28.08010059586185,0.0,0.0,10.633466716252965,14.157469523954724,0.0,0.0,0.0,4.736862953800049,0.0,42.33947845804988,0.0,20.402241118669693,10.485016534391535,-3.213125,-1.077685185185185,0.5363657407407405,-4.927157974300833,0.0,1.8715329743008315,0.375,17,0,6,0,0,0,0,0,1,1,0,0,5,0,9,1,2,0,0,0,0,0,3.116083329540175,1,1.7387,48.408900000000024,0,0,0,0,0,1,0,0,0,0,1,1,0,0,0,2,0,0,0,0,0,0,0,0,0,3,0,0,0,0,0,0,0,0,0,0,0,0,0,0,1,1,0,0,3,0,0,0,0,0,0,0,0,0,0,1,0,0,1,0,0,0,0,0,0,0,0,0,0,0,0,0,0,0,0,0,0,0,0,0,0,0,0,0,0
3.974574829931973,3.974574829931973,0.7673148148148147,0.7673148148148147,0.48503449155951595,25.8,136.238,120.10999999999997,136.125200512,56,0,-0.017096319446087898,-0.099849370815529,0.099849370815529,0.017096319446087898,1.7,2.4,2.8,14.167726438908824,9.860904675999674,2.112764568855533,-2.1947080392011356,2.2685335574867924,-2.043086249184487,5.092421184055841,0.5403280569003339,1.8845053612018057,2.495412226862891,162.8771237954945,7.560477932315068,6.983127663125442,6.983127663125442,4.698377302757663,4.009201921767763,4.009201921767763,3.368130306120973,3.368130306120973,2.3348909117743477,2.3348909117743477,1.4128424251168994,1.4128424251168994,-0.52,180.91251467537336,7.585485232067512,3.0462804076265617,1.7285097165599768,63.63869283950128,0.0,0.0,0.0,0.0,0.0,0.0,0.0,0.0,0.0,0.0,23.801164850570917,39.02784531432067,0.0,0.0,0.0,0.0,0.0,0.0,5.917906046161393,33.10993926815928,0.0,23.801164850570917,0.0,0.0,0.0,0.0,0.0,0.0,0.0,0.0,5.917906046161393,33.10993926815928,23.801164850570917,0.0,0.0,0.0,0.0,0.0,0.0,0.0,0.0,0.0,5.917906046161393,24.835569398847294,5.573104530069267,0.0,26.502430189813627,0.0,0.0,0.0,0.0,0.0,2.9039351851851856,0.7673148148148147,0.0,6.16587962962963,8.329537037037037,0.0,0.6,10,0,0,1,0,1,0,0,0,0,1,0,0,0,0,0,1,0,0,0,0,0,2.3107515044787883,1,3.308900000000002,45.91200000000003,0,0,0,0,0,0,0,0,0,0,0,0,0,0,0,0,0,0,0,0,0,0,0,0,0,0,3,0,0,0,0,0,0,0,0,0,0,0,0,0,0,0,0,0,0,0,0,0,0,0,0,0,0,0,0,0,0,0,0,0,0,0,0,0,0,0,0,0,0,0,0,0,0,0,0,0,0,0,0,0,0,0,0,0,0
2.4346064814814814,2.4346064814814814,0.6377314814814815,0.6377314814814815,0.44898299940434644,42.1,136.23799999999997,120.10999999999997,136.125200512,56,0,-0.014892219704730342,-0.08501290675016873,0.08501290675016873,0.014892219704730342,1.5,2.2,2.5,14.538688693894153,9.489745482551278,2.492881086243832,-2.5563031925381154,2.583642979326939,-2.469653908052952,5.205804338826817,-0.005790199618349517,1.868520927282636,2.2966265797203387,186.21499122004107,7.3533711511285205,7.146264369941973,7.146264369941973,4.621027033568037,4.287693700234704,4.287693700234704,4.4904220897451195,4.4904220897451195,3.74451716572525,3.74451716572525,2.6590915110650326,2.6590915110650326,-0.26,188.72061365554623,6.450201165867344,1.6637425470500236,0.5744620757576451,63.322464718156304,0.0,0.0,0.0,0.0,0.0,0.0,0.0,0.0,0.0,0.0,25.496599036284397,37.016183007262214,0.0,0.0,0.0,0.0,0.0,0.0,17.250802561719567,33.61285484492389,0.0,11.64912463690315,0.0,0.0,0.0,0.0,0.0,0.0,0.0,0.0,17.250802561719567,33.61285484492389,11.64912463690315,0.0,0.0,0.0,0.0,0.0,0.0,0.0,0.0,5.41499046939678,11.835812092322787,12.841643245852019,5.573104530069267,0.0,26.847231705905752,0.0,0.0,0.0,0.0,0.0,2.283564814814815,1.9235648148148143,0.0,5.244791666666666,7.131412037037036,0.0,0.8,10,0,0,3,0,3,0,0,0,0,2,2,0,0,0,0,0,1,0,1,0,0,1.0731474116685165,3,2.9987000000000013,43.75200000000002,0,0,0,0,0,0,0,0,0,0,0,0,0,0,0,0,0,0,0,0,0,0,0,0,0,0,2,0,0,0,0,0,0,0,0,0,1,0,0,0,0,0,0,0,0,0,0,0,0,0,0,0,0,0,0,0,0,0,0,0,0,0,0,0,0,0,0,0,0,0,0,0,0,0,0,0,0,0,0,0,0,0,0,0,0
9.70976851851852,9.70976851851852,0.028935185185185563,-0.028935185185185563,0.6179494584335712,39.54545454545455,156.26899999999995,136.10899999999998,156.15141526,66,0,0.05729302557713654,-0.39282090888948124,0.39282090888948124,0.05729302557713654,1.2727272727272727,1.9090909090909092,2.3636363636363638,16.267157471795365,9.754711401801323,2.280715003098932,-2.333994817741429,2.3250275437386616,-2.311410519637684,4.790134798165735,0.026560480335359845,1.8537307459098344,2.437159260034696,120.0411847243922,8.430721420318147,7.877935015818103,7.877935015818103,5.1090609052806215,4.789909525838158,4.789909525838158,4.3934434362154375,4.3934434362154375,2.9871899080425637,2.9871899080425637,2.1518823276524324,2.1518823276524324,-0.04,252.1073814437375,9.05124087591241,3.5728285052475055,2.193985626557494,69.8121326560658,5.106527394840706,0.0,0.0,0.0,0.0,0.0,0.0,0.0,0.0,0.0,27.19203322199788,30.595361384336197,0.0,6.103966387748303,5.106527394840706,0.0,0.0,0.0,17.75371813848418,46.1376428555982,0.0,0.0,0.0,0.0,0.0,0.0,0.0,0.0,11.210493782589008,0.0,17.75371813848418,40.0336764678499,0.0,0.0,0.0,0.0,20.23,0.0,5.106527394840706,0.0,6.103966387748303,11.835812092322787,12.338727669087403,12.841643245852019,0.0,0.0,20.771211599071872,0.0,0.0,0.0,0.0,9.70976851851852,0.0,1.94787037037037,0.0,3.515462962962963,6.660231481481482,0.0,1.0,11,1,1,1,0,1,0,0,0,0,3,0,1,1,1,0,1,1,0,1,0,0,2.9398664917564776,1,2.4395000000000007,47.34980000000002,0,1,1,0,0,0,0,0,0,0,0,0,0,0,0,0,0,0,0,0,0,0,0,0,0,0,0,0,0,0,0,0,0,0,0,0,0,0,0,0,0,0,0,0,0,0,0,0,0,0,0,0,0,0,0,0,0,0,0,0,0,0,0,0,0,0,0,0,0,0,0,0,0,0,0,0,0,0,0,0,0,0,0,0,0
11.446157407407409,11.446157407407409,0.36685185185185165,0.36685185185185165,0.567161437022081,32.90909090909091,154.253,136.10899999999998,154.135765196,64,0,0.1359970921198345,-0.29938104729834775,0.29938104729834775,0.1359970921198345,1.3636363636363635,2.0,2.4545454545454546,16.1387620701069,9.765837961946662,2.274541095652564,-2.2688970808565374,2.294346277300005,-2.2678250388892405,5.816103790873298,-0.12675537237053228,1.8537307459098344,2.5076939164331393,148.9517669080599,8.430721420318147,7.761619441592384,7.761619441592384,5.109060905280622,4.636481682713819,4.636481682713819,4.203468980821599,4.203468980821599,2.7384176232147537,2.7384176232147537,1.927062319650924,1.927062319650924,-0.33,252.1073814437375,8.763720712277413,3.377570644150869,2.0471327318219616,69.17942100391355,0.0,5.783244946364939,0.0,0.0,0.0,0.0,4.794537184071822,0.0,0.0,0.0,20.771211599071872,24.677455338174802,12.338727669087403,0.0,4.794537184071822,5.783244946364939,0.0,0.0,17.75371813848418,40.0336764678499,0.0,0.0,0.0,0.0,0.0,0.0,0.0,0.0,5.783244946364939,4.794537184071822,17.75371813848418,40.0336764678499,0.0,0.0,0.0,0.0,17.07,0.0,4.794537184071822,0.0,0.0,23.53696308484912,12.841643245852019,6.4208216229260096,0.0,0.0,20.771211599071872,0.0,0.0,0.0,11.446157407407409,0.0,0.0,2.0531944444444443,0.0,3.189583333333333,6.477731481481482,0.0,0.9,11,0,1,1,0,1,0,0,0,0,2,0,1,0,1,0,1,1,0,1,0,0,2.690916891938649,1,2.6477000000000013,46.35000000000002,0,0,0,0,0,0,0,0,0,0,1,1,0,0,0,0,0,0,0,0,0,0,0,0,0,0,0,0,0,0,0,0,0,0,0,0,0,0,0,0,0,0,0,0,0,0,0,0,0,0,0,1,1,0,0,0,0,0,0,0,0,0,0,0,0,0,0,0,0,0,0,0,0,0,0,0,0,0,0,0,0,0,0,0,0
9.70976851851852,9.70976851851852,0.028935185185185563,-0.028935185185185563,0.6179494584335712,39.54545454545455,156.26899999999995,136.10899999999998,156.15141526,66,0,0.05729302557713654,-0.39282090888948124,0.39282090888948124,0.05729302557713654,1.2727272727272727,1.9090909090909092,2.3636363636363638,16.267157471795365,9.754711401801323,2.280715003098932,-2.333994817741429,2.3250275437386616,-2.311410519637684,4.790134798165735,0.026560480335359845,1.8537307459098344,2.437159260034696,120.0411847243922,8.430721420318147,7.877935015818103,7.877935015818103,5.1090609052806215,4.789909525838158,4.789909525838158,4.3934434362154375,4.3934434362154375,2.9871899080425637,2.9871899080425637,2.1518823276524324,2.1518823276524324,-0.04,252.1073814437375,9.05124087591241,3.5728285052475055,2.193985626557494,69.8121326560658,5.106527394840706,0.0,0.0,0.0,0.0,0.0,0.0,0.0,0.0,0.0,27.19203322199788,30.595361384336197,0.0,6.103966387748303,5.106527394840706,0.0,0.0,0.0,17.75371813848418,46.1376428555982,0.0,0.0,0.0,0.0,0.0,0.0,0.0,0.0,11.210493782589008,0.0,17.75371813848418,40.0336764678499,0.0,0.0,0.0,0.0,20.23,0.0,5.106527394840706,0.0,6.103966387748303,11.835812092322787,12.338727669087403,12.841643245852019,0.0,0.0,20.771211599071872,0.0,0.0,0.0,0.0,9.70976851851852,0.0,1.94787037037037,0.0,3.515462962962963,6.660231481481482,0.0,1.0,11,1,1,1,0,1,0,0,0,0,3,0,1,1,1,0,1,1,0,1,0,0,2.9398664917564776,1,2.4395000000000007,47.34980000000002,0,1,1,0,0,0,0,0,0,0,0,0,0,0,0,0,0,0,0,0,0,0,0,0,0,0,0,0,0,0,0,0,0,0,0,0,0,0,0,0,0,0,0,0,0,0,0,0,0,0,0,0,0,0,0,0,0,0,0,0,0,0,0,0,0,0,0,0,0,0,0,0,0,0,0,0,0,0,0,0,0,0,0,0,0
11.446157407407409,11.446157407407409,0.36685185185185165,0.36685185185185165,0.567161437022081,32.90909090909091,154.253,136.10899999999998,154.135765196,64,0,0.1359970921198345,-0.29938104729834775,0.29938104729834775,0.1359970921198345,1.3636363636363635,2.0,2.4545454545454546,16.1387620701069,9.765837961946662,2.274541095652564,-2.2688970808565374,2.294346277300005,-2.2678250388892405,5.816103790873298,-0.12675537237053228,1.8537307459098344,2.5076939164331393,148.9517669080599,8.430721420318147,7.761619441592384,7.761619441592384,5.109060905280622,4.636481682713819,4.636481682713819,4.203468980821599,4.203468980821599,2.7384176232147537,2.7384176232147537,1.927062319650924,1.927062319650924,-0.33,252.1073814437375,8.763720712277413,3.377570644150869,2.0471327318219616,69.17942100391355,0.0,5.783244946364939,0.0,0.0,0.0,0.0,4.794537184071822,0.0,0.0,0.0,20.771211599071872,24.677455338174802,12.338727669087403,0.0,4.794537184071822,5.783244946364939,0.0,0.0,17.75371813848418,40.0336764678499,0.0,0.0,0.0,0.0,0.0,0.0,0.0,0.0,5.783244946364939,4.794537184071822,17.75371813848418,40.0336764678499,0.0,0.0,0.0,0.0,17.07,0.0,4.794537184071822,0.0,0.0,23.53696308484912,12.841643245852019,6.4208216229260096,0.0,0.0,20.771211599071872,0.0,0.0,0.0,11.446157407407409,0.0,0.0,2.0531944444444443,0.0,3.189583333333333,6.477731481481482,0.0,0.9,11,0,1,1,0,1,0,0,0,0,2,0,1,0,1,0,1,1,0,1,0,0,2.690916891938649,1,2.6477000000000013,46.35000000000002,0,0,0,0,0,0,0,0,0,0,1,1,0,0,0,0,0,0,0,0,0,0,0,0,0,0,0,0,0,0,0,0,0,0,0,0,0,0,0,0,0,0,0,0,0,0,0,0,0,0,0,1,1,0,0,0,0,0,0,0,0,0,0,0,0,0,0,0,0,0,0,0,0,0,0,0,0,0,0,0,0,0,0,0,0
5.457129629629629,5.457129629629629,0.813009259259259,0.813009259259259,0.5538926622601129,23.272727272727273,150.22099999999995,136.10899999999998,150.104465068,60,0,0.10698509869138553,-0.46877044319591127,0.46877044319591127,0.10698509869138553,1.5454545454545454,2.3636363636363638,3.1818181818181817,16.333714681866994,9.883829684870701,2.1877896465899624,-2.1620332186669895,2.279327558093795,-2.089915050695517,5.284842867490119,0.4129561387656128,2.3204859085399065,2.363164992356218,259.83653540052643,7.8449349826912425,7.184269172402757,7.184269172402757,5.270856947829097,4.32945517152616,4.32945517152616,3.6684156834403017,3.6684156834403017,2.611550843596826,2.611550843596826,1.8388794426281463,1.8388794426281463,-0.72,510.50689987877945,6.957782807705849,2.4004897101702993,1.0860941828254844,67.40955391642422,4.417150937053347,5.760247418874442,0.0,0.0,0.0,0.0,0.0,0.0,0.0,0.0,6.923737199690624,36.81018947509803,6.4208216229260096,6.263162995639057,4.417150937053347,0.0,0.0,0.0,5.917906046161393,33.10993926815928,0.0,23.15031339790749,0.0,0.0,0.0,0.0,0.0,0.0,0.0,12.841643245852019,12.841643245852017,30.231709224885066,10.680313932692403,0.0,0.0,0.0,13.14,0.0,0.0,0.0,0.0,0.0,12.338727669087403,29.72879364812045,0.0,6.263162995639057,13.847474399381248,4.417150937053347,5.457129629629629,0.0,0.0,0.0,2.814814814814815,2.0502777777777776,0.0,5.581435185185185,4.429675925925926,0.0,0.6,11,0,1,1,0,1,0,0,1,1,1,0,1,0,1,1,0,0,0,0,0,0,1.5183714577725185,2,2.7128200000000007,44.63400000000002,0,0,0,0,0,0,0,0,0,0,0,0,0,0,0,0,0,0,0,0,0,0,0,0,0,0,0,0,0,0,1,0,0,0,0,0,1,0,0,0,0,0,1,0,0,0,0,0,0,0,0,0,0,0,0,0,0,0,0,0,0,0,0,0,0,0,0,0,0,0,0,0,0,0,0,0,0,0,0,0,0,0,0,0,0
6.060185185185185,6.060185185185185,0.15798611111111116,0.15798611111111116,0.5210255264729503,47.72727272727273,154.25299999999996,136.10899999999998,154.135765196,64,0,0.0661764034177079,-0.3691300164664661,0.3691300164664661,0.0661764034177079,1.0909090909090908,1.6363636363636365,1.9090909090909092,16.526690864221916,9.688270842860275,2.4748234860422516,-2.535061958618121,2.4865823613820237,-2.533481290260629,4.972061515391838,-0.2292084210050496,1.8374538503178093,2.2239918531978673,160.9567031494677,8.112884175122364,7.814025684399679,7.814025684399679,5.019385277895634,4.7205267871729495,4.7205267871729495,4.9296915177288065,4.9296915177288065,3.53588869331727,3.53588869331727,2.744104673446887,2.744104673446887,-0.04,293.9926160508495,7.600932428048904,2.0070319396307648,1.0992889094512,69.12561297984743,4.736862953800049,0.0,0.0,0.0,0.0,0.0,0.0,0.0,0.0,0.0,0.0,52.372404136937305,0.0,11.202101621967376,4.736862953800049,0.0,0.0,0.0,5.917906046161393,57.65659971274329,0.0,0.0,0.0,0.0,0.0,0.0,0.0,0.0,11.202101621967376,4.736862953800049,5.917906046161393,46.454498090775914,0.0,0.0,0.0,0.0,9.23,0.0,0.0,0.0,11.202101621967376,0.0,5.917906046161393,25.683286491704038,0.0,0.0,20.771211599071872,4.736862953800049,6.060185185185185,0.0,0.0,0.0,0.3784722222222223,0.8234490740740739,0.0,5.314675925925927,6.756550925925926,0.0,1.0,11,0,1,1,2,3,0,0,0,0,0,2,1,0,1,2,0,1,2,3,0,0,1.3868467412790337,3,2.7441000000000013,45.52700000000002,0,0,0,0,0,0,0,0,0,0,0,0,0,0,0,0,0,0,0,0,0,0,0,0,0,0,0,0,0,0,0,0,0,0,0,0,3,0,0,0,0,1,0,0,0,0,0,0,0,0,0,0,0,0,0,0,0,0,0,0,0,0,0,0,0,0,0,0,0,0,0,0,0,0,0,0,0,0,0,0,0,0,0,0,0
12.038344198790627,12.038344198790627,0.4592809901738477,-4.377493504346183,0.5690208447027212,12.875,362.15400000000005,352.0740000000001,361.9449186,90,0,0.4675080096001932,-0.29693666615855263,0.4675080096001932,0.29693666615855263,1.1875,1.75,2.25,126.91270435019587,9.988681242911131,2.3493341971922392,-2.255267706661595,2.3898714538918098,-2.214042132956632,14.111930931362167,-0.04585288847490123,2.1436298544494017,2.8194921314612267,365.3269289738701,12.397341225498538,8.63775554972314,11.611750421827187,7.222962099232046,4.408194172338611,6.2285249417239665,3.6025640470309552,5.560998112638046,1.8669802825970274,3.4966409088247707,1.1457756424556802,2.5752501236951284,0.04999999999999982,2171.4970425572437,14.112305295950156,5.136401770393455,4.136825350858616,110.09527503783589,0.0,17.643809482990854,0.0,0.0,0.0,5.508330501264255,4.183085432649707,0.0,13.171245143024459,0.0,18.19910120538483,48.0681635866079,3.5701822710653963,0.0,17.354330575674165,34.633629299075224,0.0,0.0,0.0,24.956855711629192,0.0,33.39910203660883,0.0,0.0,0.0,13.171245143024459,0.0,34.633629299075224,5.508330501264255,9.784136243633395,3.5701822710653963,19.410925891078243,24.26546827384644,0.0,0.0,0.0,9.23,23.152139984255108,13.171245143024459,0.0,0.0,0.0,9.133633762762392,0.0,25.980208536304467,12.13273413692322,22.590870627068057,4.183085432649707,41.84497749433106,1.6164241118669687,0.0,0.0,-4.608812948790627,0.0,7.205437268518518,0.0,3.2286407407407407,0.0,0.4,16,0,1,0,0,0,0,1,0,1,0,0,2,0,6,0,3,0,0,0,0,0,4.530404369153207,1,4.710900000000002,66.91600000000001,0,0,0,0,0,0,0,0,0,0,0,0,0,0,0,0,0,0,0,0,0,0,0,0,0,3,0,0,0,0,0,0,0,0,1,0,0,0,0,0,0,0,0,0,4,0,0,0,0,0,0,0,0,0,0,0,0,0,0,0,0,0,0,0,0,0,0,0,0,0,0,0,0,0,0,0,0,0,0,0,0,0,0,0,0
4.7906774376417225,4.7906774376417225,1.2959953703703706,-2.4852918556311425,0.2815172004442543,15.91304347826087,455.6510000000002,442.54700000000037,453.9296965160001,116,0,,,,,0.9130434782608695,1.608695652173913,2.391304347826087,,,,,,,,,2.851710523850744,2.197190094780807,10448.839180041892,15.604083527755582,12.362122121922242,15.50271958840708,11.254166850419292,7.292600947970994,13.015090505490923,5.392303922227204,13.289309270420647,4.240725639839095,12.025596863007507,3.414826698125345,10.269087796582077,-1.7776623376623375,422406.7696348676,13.642226780235996,4.618587186838956,1.578508106559039,143.55753686218253,0.0,0.0,0.0,0.0,0.0,144.39266850269266,0.0,0.0,0.0,0.0,0.0,0.0,0.0,0.0,14.012706853236654,49.91362141584115,3.47857378357784,3.2006607497865613,0.0,6.923737199690624,0.0,60.794147187767564,0.0,6.069221312792274,4.036367361708358,0.0,0.0,13.429432264192549,3.2006607497865613,14.012706853236654,9.547795096370113,6.923737199690624,60.794147187767564,0.0,32.44782178994024,0.0,20.000000000000004,14.012706853236654,0.0,0.0,0.0,0.0,0.0,36.4841891516486,0.0,6.923737199690624,83.49346151453898,3.47857378357784,8.474430272108844,1.5429940003779277,0.0,6.569339285714287,1.2959953703703706,0.0,22.653681925548,2.156087962962963,1.8741378495842782,0.0,0.05263157894736842,23,0,2,0,0,0,0,3,1,4,1,0,2,0,4,1,1,0,0,0,0,1,2.7394701655282274,4,5.088780000000003,96.60300000000002,0,0,0,0,0,1,0,0,0,0,0,0,0,0,0,2,0,0,0,0,0,0,0,0,0,0,0,0,0,0,0,0,0,0,3,0,6,0,0,0,0,0,0,0,1,0,0,0,0,0,0,0,0,0,0,0,0,0,0,0,0,0,0,0,0,0,0,0,0,0,0,0,0,1,0,0,0,0,0,0,0,0,0,0,0
4.590315570672713,4.590315570672713,1.0589583333333334,1.0589583333333334,0.401471441618669,11.421052631578947,308.178,298.098,306.99966142,90,0,0.07976013198693437,-0.25554403482233196,0.25554403482233196,0.07976013198693437,0.6842105263157895,1.368421052631579,2.210526315789474,79.9187311103358,9.972211964443833,2.0986978592539325,-2.097920519261244,2.3652590999823966,-1.8559719739675336,9.103976756696044,1.4297472976131995,2.4746770259911224,2.4751123002232047,882.9637656031932,12.819626477379408,10.098680760405445,11.68467729952015,9.360173345306137,6.197496930309152,6.990495199866504,4.607549302423342,5.4618862015978635,3.565534314113949,4.226366205411743,2.763967167232936,3.317948665691679,-1.9299999999999993,47395.01440178198,10.943860025039418,4.0362264603963105,1.498882700323575,118.56359230129047,0.0,0.0,0.0,0.0,0.0,0.0,4.9839785209472085,0.0,0.0,0.0,58.394513377180616,28.291406780317608,21.442011516375082,5.516700717616262,0.0,48.37776568788959,0.0,4.9839785209472085,0.0,0.0,0.0,65.26686670359999,0.0,0.0,0.0,0.0,0.0,15.929943897949348,4.9839785209472085,0.0,0.0,0.0,65.26686670359999,0.0,32.44782178994024,0.0,12.89,0.0,0.0,0.0,0.0,0.0,9.989420233448676,26.93112107232398,0.0,12.263210640074686,69.44485896658944,0.0,1.0967157974300832,3.6637250803099017,4.590315570672713,6.181458333333334,1.0589583333333334,0.0,18.968363921957675,1.8571296296296296,0.0,0.0,0.0,19,0,1,0,0,0,0,3,1,4,0,0,1,0,2,1,0,0,0,0,0,0,2.3248367058914488,4,5.303700000000003,84.45500000000003,0,0,0,0,0,1,0,0,0,0,0,0,0,0,0,1,0,0,0,0,0,0,0,0,0,0,0,0,0,0,0,0,0,0,3,0,6,0,0,0,0,0,0,0,1,0,0,0,0,0,0,0,0,0,0,0,0,0,0,0,0,0,0,0,0,0,0,0,0,0,0,0,0,1,0,0,0,0,0,0,0,0,0,0,0
12.619211152053413,12.619211152053413,0.07321286848072583,-0.2807397959183675,0.8686182232281348,16.857142857142858,284.31100000000004,268.18299999999994,284.104858992,108,0,0.17696799821948297,-0.49676821250151865,0.49676821250151865,0.17696799821948297,1.0,1.6666666666666667,2.3333333333333335,16.486137709442865,9.887586621577235,2.2987280137531982,-2.2443447138073425,2.3466304007922147,-2.255152369059249,6.039231119151705,0.08956983284507303,2.547979888250722,1.9049936936649845,660.9903676077386,14.819626477379408,11.958902096559008,11.958902096559008,10.223876650462413,6.716667932862259,6.716667932862259,4.8630904784280515,4.8630904784280515,3.694402129442887,3.694402129442887,2.472938691675943,2.472938691675943,-2.4899999999999998,86651.70003963055,13.491100893571794,5.4807737390595594,2.4445801161536265,122.8095345325792,14.210588861400147,23.85541746436463,5.783244946364939,0.0,0.0,0.0,4.794537184071822,0.0,0.0,0.0,12.13273413692322,29.828919765543436,6.06636706846161,25.700952620413453,19.005126045471968,5.783244946364939,0.0,0.0,0.0,5.917906046161393,20.826477047067986,53.59147246262526,0.0,17.248535499851716,14.210588861400147,0.0,17.248535499851716,0.0,26.609721993432924,0.0,0.0,21.839346213627206,42.46456947923127,0.0,0.0,0.0,44.760000000000005,0.0,4.794537184071822,0.0,11.701150992526333,23.669357122777722,11.3129633249809,0.0,32.418696287939895,24.26546827384644,0.0,14.210588861400147,16.01024631378378,0.0,12.619211152053413,0.0,1.5325334362139924,1.8356420020308917,12.788700606785923,0.0,0.33862079554043856,3.2083790269248906,0.23529411764705882,21,0,4,0,1,1,0,2,0,2,1,0,4,0,4,1,3,0,0,0,0,1,3.52103197564244,3,3.0627000000000013,78.55450000000003,0,0,0,0,0,0,0,0,0,0,1,1,0,0,0,0,0,0,0,0,0,0,0,0,0,0,0,0,0,0,0,0,0,0,2,0,1,0,0,0,0,3,0,0,0,0,0,0,0,0,0,1,1,0,0,2,0,0,0,0,0,0,0,0,0,0,0,0,0,0,0,0,0,0,0,0,0,0,0,0,0,0,0,0,0
12.389274848828421,12.389274848828421,0.035240929705215196,-0.3771825396825401,0.8220717691677335,17.68421052631579,256.257,244.16099999999994,256.073558864,96,0,0.17696799623932083,-0.5079666389097337,0.5079666389097337,0.17696799623932083,1.0,1.6842105263157894,2.4210526315789473,16.480655075877102,9.88781028244635,2.29703089264117,-2.2402911425990255,2.342951723151734,-2.2539027915346534,6.039047183711919,0.08957587299349248,2.402480905941187,1.9719615449428138,631.0938758768984,13.405412915006313,10.036832706631197,10.036832706631197,9.147867045540842,5.939136656970628,5.939136656970628,4.499835446667479,4.499835446667479,3.2481044185078143,3.2481044185078143,2.2247384388916127,2.2247384388916127,-2.4899999999999998,27964.87774515542,11.591985557765002,4.314847409507479,2.0120018122244634,109.44102734916427,14.94991774348146,23.85541746436463,5.783244946364939,0.0,0.0,0.0,4.794537184071822,0.0,0.0,0.0,12.13273413692322,29.828919765543436,6.06636706846161,11.48135753785839,19.74445492755328,5.783244946364939,0.0,0.0,0.0,5.917906046161393,6.606881964512918,53.59147246262526,0.0,17.248535499851716,4.736862953800049,0.0,17.248535499851716,0.0,22.60318170055927,0.0,0.0,21.839346213627206,42.46456947923127,0.0,0.0,0.0,66.75999999999999,0.0,15.007591973753232,0.0,29.80705662360706,11.3129633249809,5.563451491696996,12.13273413692322,30.33183534230805,0.0,0.0,4.736862953800049,5.528630243764172,0.0,12.389274848828421,18.634172086815035,1.281157407407408,0.2476793188706976,11.01624690308222,0.0,0.23617252456538185,0.0,0.13333333333333333,19,2,4,0,1,1,0,2,0,2,1,0,4,2,4,1,1,0,0,0,0,1,2.6325078344721278,3,2.4567000000000005,68.78010000000002,0,0,0,0,0,0,0,2,0,0,1,1,0,0,0,0,0,0,0,0,0,0,0,0,0,0,0,0,0,0,0,0,0,0,2,0,1,0,0,0,0,1,0,0,0,0,0,0,0,0,0,1,1,0,0,0,0,0,0,0,0,0,0,0,0,2,2,0,0,0,0,0,0,0,0,0,0,0,0,0,0,0,0,0,0
11.857637471655329,11.857637471655329,0.040872071050643166,-0.1804166666666671,0.6164348063543748,42.72222222222222,246.30599999999995,228.16199999999995,246.125594436,96,0,0.30920036548403285,-0.45723615056413663,0.45723615056413663,0.30920036548403285,1.3888888888888888,2.111111111111111,2.8333333333333335,16.551410647310206,9.615665529807464,2.521723238520395,-2.4240085881968456,2.5237516893815455,-2.3940724286480957,6.053814897281497,-0.1429065425225634,2.6034170211068863,2.0989565315857823,499.8681035469155,13.076985790260121,11.025709779712814,11.025709779712814,8.438176154395316,6.591927184717325,6.591927184717325,6.002418335042858,6.002418335042858,4.918984398911199,4.918984398911199,3.6895557089263624,3.6895557089263624,-1.3800000000000003,14597.359237346313,11.695902122961234,3.5609461164242924,1.3622049555979567,106.88833053402027,4.736862953800049,6.103966387748303,5.783244946364939,0.0,0.0,5.969305287951849,9.589074368143644,0.0,0.0,0.0,19.92349450621513,31.414505082445793,16.90600104562744,5.917906046161393,14.325937321943691,11.75255023431679,0.0,0.0,17.250802561719567,39.71682123267219,0.0,23.2982492738063,0.0,0.0,0.0,0.0,0.0,0.0,17.856516622065094,14.325937321943691,17.250802561719567,33.61285484492389,23.2982492738063,0.0,0.0,0.0,43.370000000000005,0.0,9.589074368143644,0.0,35.107319183784654,0.0,23.98785230599055,0.0,6.076020106833881,19.92349450621513,6.923737199690624,4.736862953800049,5.548032407407407,0.0,23.617395124716552,0.0,1.7123148148148155,0.1444094860166285,0.0,5.457534486016629,5.936980347694634,0.0,0.6,18,0,3,2,1,3,0,0,0,0,4,0,3,0,3,1,0,1,1,2,0,4,2.313804291268747,3,2.4196,66.72200000000004,0,0,0,0,0,0,0,0,0,0,2,2,0,0,0,0,0,0,0,0,0,0,0,0,0,0,3,0,0,0,0,0,0,0,0,0,3,0,0,0,1,1,0,0,0,0,0,0,0,0,0,1,0,0,0,0,0,0,0,0,0,0,0,0,0,0,0,0,0,0,0,0,0,0,0,0,0,0,0,0,0,0,0,0,0
12.352966742252459,12.352966742252459,0.015000000000000568,0.015000000000000568,0.7846896255721666,10.588235294117647,231.29900000000004,214.16299999999998,231.137162164,90,0,0.29471638684605356,-0.37168083212709435,0.37168083212709435,0.29471638684605356,1.1176470588235294,1.7058823529411764,2.176470588235294,16.144303623875835,10.303135696053396,2.1627779044269206,-2.08767116732232,2.1500513067822626,-2.2304028652603383,5.498369656674298,0.6297196305381796,2.5117362998439665,2.7302604727378808,578.702310213792,12.576985790260121,10.636640422911869,10.636640422911869,8.036581260209188,5.550875725254681,5.550875725254681,4.304556105345102,4.304556105345102,2.9710383464777625,2.9710383464777625,2.0691153529681183,2.0691153529681183,-1.9699999999999993,7726.100858320041,11.513497683888872,4.125142550519024,1.7533355056803268,100.68682649695077,4.899909730850478,5.687386274683562,0.0,0.0,5.559266895052007,0.0,9.476340119217006,4.681802935145185,0.0,0.0,18.19910120538483,19.056471336613843,21.143015948031568,11.381314269532023,0.0,5.687386274683562,0.0,9.36360587029037,7.04767198267719,6.923737199690624,18.99525369620486,46.37956741628034,0.0,5.687386274683562,10.459176625902485,5.687386274683562,0.0,0.0,23.45894983564475,7.04767198267719,6.923737199690624,5.693927994848461,35.126372526379875,0.0,5.687386274683562,0.0,30.17,0.0,4.794537184071822,0.0,5.559266895052007,0.0,17.068700544215584,0.0,4.681802935145185,67.9803011560259,0.0,0.0,3.5671296296296298,0.0,14.2112074829932,0.0,2.595005668934242,0.0,9.663323885109598,0.0,1.954537037037037,5.675462962962962,0.3076923076923077,17,0,4,0,0,0,0,1,1,2,0,0,4,0,4,1,2,0,0,0,0,0,2.7938128941830715,2,1.55042,70.07400000000003,0,0,0,0,0,2,0,0,0,0,0,0,0,0,0,3,0,0,0,0,0,0,0,0,0,0,0,0,0,1,0,0,0,0,1,0,0,0,0,0,0,0,0,0,0,0,0,0,0,0,0,0,0,0,0,0,0,0,0,0,0,0,0,0,1,0,0,0,0,0,0,0,0,0,0,0,0,0,0,0,0,0,0,0,0
12.609648526077098,12.609648526077098,0.030554531997984302,-3.521974618136461,0.7023165228263907,18.28,369.4870000000002,342.27100000000013,369.17222734399996,140,0,0.25464683502567786,-0.4958422275250794,0.4958422275250794,0.25464683502567786,1.4,2.12,2.72,32.227872577271285,10.12666170803326,2.2528238644617073,-2.2280876526046836,2.290642328848116,-2.396906122468907,7.911293334947551,0.09378873743476096,3.060798520993964,2.2412392955411353,733.6536618070231,18.612519696192855,15.040496811697064,15.85699339262479,11.834065645098946,8.560922822736801,10.213188049056956,6.128407517004096,8.3750799440283,4.69514138120559,6.478895417545323,3.1951973719911595,4.22165343584668,-1.8000000000000003,372275.7417129329,19.52374837784304,8.052660123966941,4.243964693315342,148.9899874864918,15.787319034968565,5.749511833283905,9.837253136417502,0.0,5.907179729351506,0.0,9.694446914922299,8.417796984328938,0.0,0.0,13.847474399381248,31.99752312613878,18.652964303522147,29.008972389922654,17.949197122200808,21.431819140452568,0.0,10.216698334856808,0.0,37.626441949899004,38.23058784292424,17.696185628620217,0.0,5.749511833283905,15.787319034968565,5.687386274683562,5.749511833283905,0.0,57.76364763944092,9.837253136417502,0.0,37.04710632100208,17.028217612440994,0.0,0.0,0.0,101.73,9.837253136417502,13.212334168400758,0.0,33.55586641128053,12.586597235060536,25.931156057677168,26.166268877891376,0.0,0.0,17.140435534547432,10.470530430962235,29.58838948823076,0.0,14.905944297472075,2.8998145786092215,6.111130026428999,-0.17206800621483098,3.020843267090787,2.1675766841784156,6.157749721368498,-2.0960467238305904,0.5882352941176471,25,3,7,0,1,1,1,1,0,1,1,0,6,2,8,1,7,0,1,1,0,1,6.288724401304836,2,1.2851,97.73540000000004,0,0,0,1,0,0,0,0,0,0,1,1,0,0,0,1,1,1,0,1,1,0,0,0,0,0,0,1,0,1,0,0,0,0,1,0,0,0,0,0,0,1,0,0,0,0,0,0,0,0,0,0,0,0,0,1,0,0,0,0,0,0,0,0,0,0,0,0,0,0,0,0,0,0,0,0,0,1,0,0,0,0,0,0,0
12.564530677488829,12.564530677488829,0.203345616024188,-4.329868979425258,0.8517964099245682,12.909090909090908,309.331,291.187,309.134048856,118,0,0.4159140545758244,-0.4856952913159904,0.4856952913159904,0.4159140545758244,1.0,1.6363636363636365,2.1818181818181817,19.413176625496675,10.065353429387237,2.2968623533702357,-2.197061998944736,2.3134828971209385,-2.159570295107016,5.2972040849453395,-0.1371491122996285,2.5164737412640332,2.130456050091155,566.707963548519,16.001789232183626,12.229857963760901,12.229857963760901,10.503349863289463,7.039300738362117,7.039300738362117,4.931541664038122,4.931541664038122,3.2878685536430825,3.2878685536430825,2.1235066311368165,2.1235066311368165,-2.0099999999999993,84553.51770647151,16.362054933938236,7.312920644092164,4.4948540227076474,127.47322151943769,10.05365155780638,11.853478221032208,0.0,0.0,0.0,6.176298517443475,0.0,0.0,13.171245143024459,0.0,30.33183534230805,43.421348154133206,6.4208216229260096,5.563451491696996,17.908108096824506,0.0,0.0,5.316788604006331,0.0,18.701086528117788,13.592428388589765,65.72420659954848,0.0,5.749511833283905,10.05365155780638,13.171245143024459,5.749511833283905,0.0,13.592428388589765,6.176298517443475,0.0,23.651690994068304,54.59730361615449,0.0,0.0,0.0,21.259999999999998,11.73975000914047,13.171245143024459,0.0,6.103966387748303,5.749511833283905,30.661763657458803,12.13273413692322,0.0,37.37950732498524,5.316788604006331,4.736862953800049,43.55650775431078,0.0,0.0,3.0539652930476344,0.32313322782816756,0.4286630763416479,14.432939648451462,-3.8094689652529223,0.7501940822625346,1.8473992163440216,0.29411764705882354,22,1,2,0,0,0,0,2,0,2,1,0,2,1,5,0,6,0,0,0,0,1,5.438836786643953,2,4.435000000000003,79.79870000000004,0,0,0,0,0,0,0,0,0,0,0,0,0,0,0,0,1,0,0,0,0,0,0,0,0,3,0,0,0,0,0,0,0,0,2,0,0,0,0,0,0,1,0,0,3,0,0,0,0,0,0,0,0,0,0,0,0,0,0,0,0,0,0,0,0,0,0,0,0,0,0,0,0,0,0,0,0,0,0,0,0,0,0,0,0
12.294248472537163,12.294248472537163,0.2622411186696898,-0.4474537037037045,0.807761185070717,16.285714285714285,321.829,305.701,321.059027432,110,0,0.32730142953770475,-0.46758616603239056,0.46758616603239056,0.32730142953770475,1.380952380952381,2.1904761904761907,2.9523809523809526,35.495691965273124,10.00982178116788,2.322011758442772,-2.3295480919047504,2.333574223746048,-2.3788598189166463,7.096507917197261,-0.14734062810115614,2.9661128067800964,1.9432242287829185,655.2314628845672,14.819626477379408,11.7126951677878,13.285120694733981,10.202708600407233,6.819775432334569,8.077392716598691,5.036700294294472,6.444567488233249,3.8265991348008668,5.19380134927403,2.771895128952106,3.9006562580739037,-1.3599999999999999,102654.19812985236,14.571987385583622,6.178250993598703,2.838691255205235,132.6508493554586,4.736862953800049,6.041840829147961,0.0,0.0,0.0,5.969305287951849,4.899909730850478,4.794537184071822,0.0,11.336785877934737,29.800041095617345,35.06052151370913,22.989293319267777,7.109797541277533,9.53140013787187,28.907031056119102,0.0,4.899909730850478,0.0,19.007418857986547,13.65455394719011,56.73858160361058,0.0,0.0,0.0,0.0,0.0,22.937725768167255,24.523768965992435,22.496978166710456,0.0,22.04589100624325,35.711898112773966,5.022633313741326,0.0,0.0,29.54,6.041840829147961,4.794537184071822,0.0,5.969305287951849,5.022633313741326,25.073785926448156,17.55039622667583,11.336785877934737,24.26546827384644,16.346339569778003,16.337802844032566,5.007809980473671,8.069305651787463,15.846354429117326,2.7088877690994098,2.108243417737466,-0.2622411186696898,9.161105862097925,0.963240976946334,1.5856412194507432,1.4227629230704628,0.3125,21,0,3,0,1,1,0,1,1,2,1,0,4,0,5,2,3,0,0,0,0,0,4.287114073509037,3,3.6739000000000024,84.64200000000002,0,0,0,0,0,0,0,0,0,0,1,1,0,0,0,1,0,0,0,0,0,0,0,0,0,0,0,0,0,0,0,0,0,0,1,0,1,0,0,0,1,1,0,0,1,0,0,0,0,0,0,0,0,0,0,1,0,0,0,0,0,0,0,0,0,0,0,0,0,0,0,0,0,0,0,0,0,0,0,0,0,0,1,0,0
2.5150462962962963,2.5150462962962963,1.0756018518518518,1.0756018518518518,0.8384623265941306,13.761904761904763,280.415,256.22299999999996,280.193948768,110,0,0.04429611292444658,-0.34099081171219864,0.34099081171219864,0.04429611292444658,0.8571428571428571,1.380952380952381,1.9047619047619047,15.14753191468407,10.049505827618923,2.189329576644002,-2.2716774216562965,2.3525137923940043,-2.2346062196139456,5.7053001090697455,0.4023405666092387,2.6503485522006267,1.9460857281895174,556.5202782227694,14.656489770562878,13.048763250449664,13.048763250449664,10.254020195423491,7.835903638099349,7.835903638099349,6.065891941848763,6.065891941848763,4.215547540145038,4.215547540145038,3.1561689443320073,3.1561689443320073,-1.7999999999999994,89136.52250761147,14.150516197935207,6.314843310189529,3.108345481049562,127.55692831321478,9.799819461700956,0.0,0.0,0.0,0.0,0.0,0.0,0.0,0.0,0.0,36.39820241076966,63.162202360362194,17.9195289552797,0.0,0.0,11.374772549367124,0.0,4.899909730850478,0.0,19.26246486877803,32.08476650803001,59.65783953108687,0.0,0.0,4.899909730850478,11.374772549367124,0.0,0.0,32.08476650803001,12.841643245852019,0.0,17.54772460632,48.53093654769288,0.0,0.0,0.0,6.48,0.0,0.0,0.0,0.0,0.0,25.931156057677168,28.92249715568712,0.0,0.0,72.42609997474823,0.0,0.0,0.0,4.7746008125472414,0.0,5.7217762660619815,0.0,17.73370134164777,3.448812515747039,2.2014290438397577,4.286346686822878,0.3684210526315789,21,0,2,0,1,1,0,2,0,2,0,0,2,0,2,1,4,0,0,0,0,0,4.255156788012367,3,3.8750000000000027,90.46900000000007,0,0,0,0,0,0,0,0,0,0,0,0,0,0,0,2,0,0,0,0,0,0,0,0,0,0,0,0,0,2,2,0,0,0,2,0,2,0,0,0,0,0,0,0,0,0,0,0,0,0,0,0,0,0,0,0,0,0,0,0,0,0,0,0,2,0,0,0,0,0,0,0,0,0,0,0,0,0,0,0,0,0,0,0,0
12.403475056689341,12.403475056689341,0.11703703703703683,-0.11703703703703683,0.861716125086419,17.05,266.3039999999999,252.19199999999998,266.116761068,100,0,0.259040848923194,-0.3184743028957275,0.3184743028957275,0.259040848923194,1.2,2.0,2.8,16.14955052219296,10.201193707182497,2.373605360711257,-2.231660272489422,2.429947005528425,-2.2221163413821157,6.114423212087309,0.10228199869188477,3.2711651994369526,2.0018389097081015,708.7697433173413,13.689869965382487,11.12820425447459,11.12820425447459,9.75402019542349,6.766994855590684,6.766994855590684,5.256326351105965,5.256326351105965,3.7775332283335605,3.7775332283335605,2.607004373620302,2.607004373620302,-2.43,110375.65615940165,11.401137803518536,4.030422454929436,1.5916576426488964,116.21205950623376,10.216698334856808,5.817862777835028,5.817862777835028,0.0,5.907179729351506,0.0,4.794537184071822,9.967957041894417,0.0,0.0,0.0,43.52793314262447,18.435527972374114,11.250837766380558,4.794537184071822,23.230291559705122,0.0,9.967957041894417,0.0,25.807221274690605,10.216698334856808,41.71969133200497,0.0,0.0,10.216698334856808,17.323111830353618,0.0,0.0,21.91697760039388,0.0,6.923737199690624,28.763083413317833,30.59278834861098,0.0,0.0,0.0,58.120000000000005,0.0,4.794537184071822,0.0,5.907179729351506,17.423155098679985,29.910343790067603,0.0,18.460054211687762,19.056471336613843,20.184655376751223,0.0,0.0,0.0,23.423495842781556,2.9763888888888888,2.4175982615268334,1.3993055555555562,5.908469387755102,5.726640211640212,1.9814351851851852,0.0,0.26666666666666666,20,1,5,1,1,2,1,0,2,2,0,0,4,1,5,3,1,1,0,1,0,0,2.297570090752299,4,2.6512199999999995,76.32520000000002,0,0,0,0,0,2,0,0,0,0,1,1,0,0,0,3,1,0,0,0,0,0,0,0,0,0,0,1,0,3,1,0,0,0,0,0,2,0,0,0,0,0,0,0,0,0,0,0,0,0,0,0,0,0,0,0,0,0,0,0,0,0,0,0,0,0,0,0,0,0,0,0,0,2,0,0,0,0,0,0,0,0,0,0,0
12.362390873015874,12.362390873015874,0.003668745275887675,-0.5661952003023436,0.8605899449393155,30.095238095238095,289.375,266.1909999999999,289.167793596,114,0,0.3155498550108651,-0.4617237756087618,0.4617237756087618,0.3155498550108651,1.2857142857142858,1.9047619047619047,2.4761904761904763,16.545022572319958,9.981040867699795,2.399916643223172,-2.3579857439368173,2.3556891343004565,-2.434594131849147,5.780669009753572,-0.1548238022436509,2.7161839716030087,1.632677623313254,476.06840462966727,14.819626477379408,12.442610100567016,12.442610100567016,10.185871848001627,7.7695615968301235,7.7695615968301235,6.226609618478852,6.226609618478852,5.006836850664758,5.006836850664758,3.705569432943791,3.705569432943791,-1.3899999999999997,86059.57295626972,14.54322777837141,6.1594002436145106,2.965447272746595,125.26323882275126,14.743300079491233,12.021872433909696,0.0,0.0,0.0,5.969305287951849,4.794537184071822,0.0,0.0,0.0,30.33183534230805,38.29440996607822,12.083681658295921,6.606881964512918,14.637927532712576,5.969305287951849,0.0,4.899909730850478,0.0,49.78884058390966,13.654553947190108,35.89528683400505,0.0,0.0,0.0,0.0,0.0,0.0,47.81794440687736,9.53140013787187,0.0,37.164644029562425,30.33183534230805,0.0,0.0,0.0,49.769999999999996,5.917906046161393,9.901064578912528,0.0,18.68015364021307,12.083681658295921,18.405094737549014,12.841643245852019,0.0,30.33183534230805,11.947581713527669,4.736862953800049,5.7023252078609215,0.0,14.784075097631646,9.528670319979845,0.8202772528764595,-0.8600349584278157,10.470208907254364,4.259639448754708,-0.20602521101033,2.1675306017468716,0.5882352941176471,21,1,4,0,2,2,0,1,0,1,4,2,4,1,4,2,4,0,2,2,0,1,4.265598129573437,3,1.9309,79.95580000000005,0,1,1,0,0,0,0,0,0,0,1,1,0,0,0,1,0,0,0,0,0,0,0,0,0,0,0,0,0,0,0,0,0,0,1,0,2,0,0,0,1,1,0,0,0,0,0,0,0,0,0,0,0,0,0,0,0,0,0,0,0,0,0,0,0,0,0,0,0,1,0,0,0,0,0,0,0,0,0,0,0,0,0,0,0
11.89231859410431,11.89231859410431,0.06120370370370365,0.06120370370370365,0.8489671904749567,10.647058823529411,234.343,212.16699999999994,234.173213324,94,0,0.23806613187559775,-0.324484604945174,0.324484604945174,0.23806613187559775,1.1764705882352942,1.7058823529411764,2.176470588235294,16.150137625790563,10.099692731628465,2.0944335667424587,-2.181557420748626,2.1862204178382965,-2.327331479447567,5.932586126168495,-0.1167933644749144,2.307845583406121,2.680267656047493,363.55864155890856,12.836498814253964,11.208833037092342,11.208833037092342,8.078917360319544,6.164591332105107,6.164591332105107,4.276374970349688,4.276374970349688,3.007185260971884,3.007185260971884,1.8408792833076064,1.8408792833076064,-1.35,5511.135253173818,13.713897763578274,6.4012209135305955,3.858200815473424,103.82215798852502,5.316788604006331,0.0,0.0,5.907179729351506,0.0,0.0,9.694446914922299,0.0,0.0,0.0,32.046575604766076,38.06389019460039,5.687386274683562,6.544756405912575,4.794537184071822,11.594566004035068,0.0,4.899909730850478,0.0,27.694948798762496,24.951057821744055,29.32600418877882,0.0,0.0,5.316788604006331,5.687386274683562,0.0,0.0,30.44135867793971,4.794537184071822,13.847474399381248,24.974377382775238,18.19910120538483,0.0,0.0,0.0,32.34,0.0,4.794537184071822,0.0,5.907179729351506,6.544756405912575,29.903802069902703,0.0,0.0,32.046575604766076,24.064172734238056,0.0,0.0,0.0,13.9924574829932,2.9969907407407406,3.167083333333334,0.06120370370370365,6.032499685059208,0.0,10.416431720836485,0.0,0.5,17,1,3,0,0,0,1,1,0,1,0,0,2,1,3,0,5,0,0,0,0,0,5.163864068837512,1,2.5837400000000006,72.33370000000005,0,0,0,0,0,0,0,0,0,0,1,1,0,0,0,1,1,0,0,1,0,0,0,0,0,0,0,1,0,1,2,0,0,0,1,0,0,0,0,0,0,0,0,0,0,0,0,0,0,0,0,0,0,0,0,0,0,0,0,0,0,0,0,0,1,0,0,0,0,0,0,0,0,0,0,0,0,0,0,0,0,0,0,0,0
12.929507254117226,12.929507254117226,0.14280062490789214,-0.14280062490789214,0.38941616262964607,14.324324324324325,493.61500000000035,462.3670000000003,493.25900861200006,188,0,0.2551591618569856,-0.3238440024866884,0.3238440024866884,0.2551591618569856,0.972972972972973,1.7837837837837838,2.5405405405405403,16.149174541145623,10.098649612569973,2.1437229105512823,-2.318663437061061,2.2447432353103705,-2.4337906261321485,6.041186003498957,0.10220047380487136,2.927880367656222,1.2352995604028638,1350.5562649808835,25.61430892837647,21.18540367336152,21.18540367336152,18.03000977870159,12.456873504443712,12.456873504443712,9.392360222954538,9.392360222954538,6.572995264494695,6.572995264494695,4.277829725025622,4.277829725025622,-4.14,321337165.8084786,24.549827238551874,11.281649166992505,6.354664605160738,216.95624924983883,15.53348693886314,0.0,0.0,5.948339280986494,5.907179729351506,0.0,14.678425435869508,9.967957041894417,0.0,0.0,18.19910120538483,67.56288164499307,73.81598827716321,5.693927994848461,4.794537184071822,23.230291559705122,0.0,24.751755024542582,0.0,13.4684936056032,43.86027481434015,95.94455587454634,0.0,11.257379486545457,10.633577208012662,17.323111830353618,0.0,0.0,63.885632360221564,6.544756405912575,6.923737199690624,21.48489165916281,79.25420139945534,0.0,11.257379486545457,0.0,86.28,0.0,4.794537184071822,0.0,5.907179729351506,17.19917704736705,55.23199928248888,5.563451491696996,18.59053071483923,67.58740788430673,42.43300421523243,0.0,0.0,0.0,30.864656998441014,6.293713638195605,6.081945305101588,0.3330038239571087,19.31483792404423,5.216715025503323,7.235456885744246,2.1596703990128807,0.2413793103448276,37,2,8,0,1,1,1,2,2,4,0,0,7,2,8,3,7,0,1,1,0,0,7.485474000422125,5,4.590320000000004,146.8938999999998,0,0,0,0,0,3,0,0,0,0,1,1,0,0,0,5,2,0,0,1,0,0,0,0,0,0,0,1,0,3,1,0,0,0,2,0,0,0,0,0,0,0,0,0,0,0,0,0,0,0,0,0,0,0,0,0,0,0,0,0,0,0,0,0,0,0,0,0,0,0,1,0,0,1,0,0,0,0,0,0,0,0,0,0,0
14.965687565753756,14.965687565753756,0.01207872585277725,-1.0186011468002434,0.1999514521531542,20.45098039215686,700.791,658.4549999999999,700.329708264,268,0,0.35020506423096553,-0.49321523700732484,0.49321523700732484,0.35020506423096553,0.9411764705882353,1.607843137254902,2.215686274509804,19.14548279312207,9.865887840016093,2.4441059377055816,-2.371089479264183,2.4175000301521963,-2.4609095393108342,5.5444817938729285,-0.020626446111843794,3.8951711830094404,0.9233492900705036,1957.7610476177256,35.536594180257325,28.68451178381223,28.68451178381223,24.724315652236413,17.321109723261948,17.321109723261948,13.33235836226696,13.33235836226696,9.962827352337372,9.962827352337372,7.240263988808741,7.240263988808741,-5.079999999999998,465444137337.98395,34.372570150593184,14.644881413353259,7.238378251204456,294.0195681725665,24.380072764141758,41.96696455065301,0.0,0.0,0.0,5.689743398203474,0.0,32.4900513184504,10.197363616602075,0.0,12.990104268152233,74.36268406169712,55.101522779337415,37.59171382651824,23.361083397790445,11.374772549367124,0.0,29.11204765563101,5.917906046161393,50.980732079025785,49.19260901437709,113.39417173343544,0.0,11.436898107967467,20.22642581370448,20.155602644716765,5.749511833283905,0.0,79.71533099089616,16.88267017069631,17.55234772825318,38.29440996607822,90.50653516144317,0.0,5.687386274683562,0.0,115.7,23.339458880823777,18.681894674262168,0.0,24.194246679425405,31.61885866657485,55.057063349446494,34.03627686938884,17.93286020960035,43.32193961046029,37.11389573617346,9.473725907600098,45.559700476198266,0.0,21.65674644699593,18.48755371623176,1.9271022313585568,-0.5627671443990364,19.16264018030378,4.884641512421522,7.967715914222565,0.0,0.40540540540540543,51,1,12,0,2,2,0,3,2,5,4,0,12,1,14,4,12,0,2,2,0,1,9.870239484854963,7,4.573200000000005,187.31279999999947,0,1,1,0,0,6,0,0,0,0,0,0,0,0,0,8,0,0,0,0,0,0,0,0,0,0,0,0,0,2,0,0,0,0,3,0,0,0,0,0,0,2,0,0,2,0,0,0,0,0,0,0,0,0,0,0,0,0,0,0,0,0,0,0,0,0,0,0,0,0,1,0,0,0,0,0,0,0,0,0,0,0,0,0,0
13.581172940208692,13.581172940208692,0.09513302905940568,-1.863973747550237,0.35595556922918214,22.209302325581394,586.6890000000004,548.3850000000003,586.2791349360001,226,0,0.41472818867498196,-0.45819772812578813,0.45819772812578813,0.41472818867498196,1.069767441860465,1.8372093023255813,2.558139534883721,16.557199089706835,9.856922713095754,2.451909748148631,-2.3932208226790403,2.404968384554425,-2.4830572307888774,5.900349151695952,-0.17184013716168,3.4060137903253116,1.163284424131722,1685.119955443863,29.879739930764952,24.856448931192347,24.856448931192347,20.817048796132656,15.654706358893753,15.654706358893753,12.235910395889263,12.235910395889263,9.96561727210515,9.96561727210515,7.470643971301107,7.470643971301107,-3.7599999999999993,8813764337.667715,28.03622737090953,10.749003948713428,4.53453316673796,249.75556271695098,28.947172411933117,12.356393797796823,5.601050810983688,0.0,5.559266895052007,12.062545358890265,4.794537184071822,14.573052889090853,0.0,0.0,20.268296022307258,81.44336231492464,35.6444808388319,29.012764604922754,24.169327670584444,22.96547029097132,0.0,19.35089763043952,0.0,83.58775577042047,26.1790256236503,56.87307831975825,0.0,17.137367822980828,10.296129848852056,4.794537184071822,5.749511833283905,0.0,68.74083683696874,34.704910942207064,0.0,74.6262101037253,29.060005457918262,0.0,22.29078092177798,0.0,114.2,11.570356098935537,19.490138947056174,0.0,24.680210553429347,60.361202476186506,34.871471161327065,32.35197768060318,23.623570984405198,17.032643867773697,11.823646930541102,14.457704428547306,12.716270371126281,0.0,48.533878168112516,12.035383886416401,2.384835639434715,-0.26559960489814416,7.767862197184429,6.261551748089342,7.649150927867793,0.0,0.5151515151515151,43,1,10,0,4,4,1,1,2,3,1,0,9,1,10,6,4,0,2,2,0,0,7.008407412021722,7,4.0911000000000035,159.94579999999968,0,1,0,0,0,2,0,0,0,0,2,2,0,0,0,4,0,0,0,0,2,0,0,0,0,0,0,1,0,0,1,0,0,0,1,0,5,0,0,0,1,2,0,0,0,0,0,0,0,0,0,0,0,0,1,0,0,0,0,0,0,0,0,0,0,0,0,0,0,2,0,0,0,2,0,0,0,0,0,0,0,0,0,0,0
11.81877824266467,11.81877824266467,0.19130797833719937,-1.0016490628871992,0.39211603092631026,11.06060606060606,440.4630000000001,420.3030000000002,440.15968850000013,164,0,0.33740345579272973,-0.47758226546440086,0.47758226546440086,0.33740345579272973,1.0303030303030303,1.8181818181818181,2.515151515151515,16.493529546631116,9.980637863418501,2.187546113579823,-2.116982432401516,2.306658424822187,-2.075203450516446,6.010991005564665,0.06982802355645078,3.4850869274079743,1.5251377806690443,1424.913779430258,22.785881803630282,17.764844677386456,17.764844677386456,16.152198343190413,10.42900695269698,10.42900695269698,7.369911069031325,7.369911069031325,5.354428105795907,5.354428105795907,3.900833906479136,3.900833906479136,-4.529999999999999,64441627.146884084,20.376998277247036,8.54138068507916,3.8011577516793493,188.2256647663815,9.843390348640755,0.0,0.0,5.824404497999927,6.010464839586836,5.969305287951849,4.567099647791355,4.794537184071822,10.197363616602075,10.197363616602075,54.59730361615449,40.960210907359695,5.563451491696996,29.748491297355013,14.637927532712576,17.002706723184374,0.0,30.175211976650374,0.0,13.4684936056032,6.606881964512918,77.85694073647171,0.0,28.52522381267775,4.736862953800049,0.0,6.010464839586836,0.0,47.85792662395585,6.544756405912575,0.0,22.845177367156435,66.73003775307771,0.0,33.54816040832343,0.0,118.80999999999999,5.969305287951849,9.901064578912528,0.0,5.563451491696996,36.019909143244774,22.253805966787983,0.0,18.19910120538483,60.021773395174854,25.60811232885902,4.736862953800049,7.525290503349146,0.0,16.32026596749683,24.028035046841694,5.174786042964707,-0.4719100908621452,21.36977262493122,0.0,2.720426571945227,0.0,0.125,33,2,9,0,0,0,0,3,2,5,0,0,7,2,9,2,7,0,0,0,0,0,5.274172712277854,5,4.028600000000002,122.01299999999999,0,0,0,0,1,6,1,0,1,1,1,0,0,0,0,5,1,0,0,0,0,1,0,0,0,0,0,0,0,0,0,0,0,0,3,0,1,0,0,0,0,1,0,0,0,0,0,1,0,0,0,0,0,0,0,0,0,0,0,0,0,0,0,0,1,0,0,0,0,0,0,0,0,0,0,0,0,0,0,1,0,0,0,0,0
13.643057057489102,13.643057057489102,0.0172524144593047,-2.240737142563892,0.2352625816856562,29.846153846153847,543.5250000000003,514.2930000000003,543.1740607479999,208,0,0.20163128145012926,-0.5068479547044316,0.5068479547044316,0.20163128145012926,1.1538461538461537,1.8461538461538463,2.4871794871794872,16.693332323770314,9.715574702488926,2.497373679420665,-2.4180027530954287,2.5210946624306727,-2.5254766490669773,6.310532857660574,-0.24685750774631757,2.9047365340290137,1.6862632099701684,1376.5187409654495,28.386022388089117,21.210137267735785,21.210137267735785,18.427777117237817,12.411801735393004,12.411801735393004,10.15993306051869,10.15993306051869,7.805280422640817,7.805280422640817,5.750258572698187,5.750258572698187,-3.39,374870204.0707537,27.187262938747462,9.662462759118538,4.111772825118512,222.0813970275671,45.47689331276585,29.45646827534832,17.85651662206509,5.783244946364939,0.0,0.0,14.383611552215466,0.0,0.0,0.0,12.13273413692322,12.990104268152233,41.994660173016975,42.11205117961343,54.12683738781914,17.34973483909482,0.0,0.0,5.733667477162185,62.43101960118041,13.716679505790452,51.579810155566804,0.0,17.248535499851716,10.470530430962235,0.0,17.248535499851716,0.0,86.73990246405228,20.68908471459793,0.0,68.83913015161657,18.19910120538483,0.0,0.0,0.0,206.07,95.66900423213335,39.91624852641899,0.0,34.4241394229979,0.0,0.0,25.308898746662365,6.923737199690624,0.0,0.0,19.944256338562333,16.992219914907576,0.0,39.739082074244365,53.69213165007616,2.3737416848895654,-3.774704747880251,3.6351561196884794,-5.122799847545571,0.5596546492817409,1.3221851690045994,0.4444444444444444,39,7,12,2,1,3,0,2,0,2,6,0,12,6,12,1,5,0,1,1,0,0,6.735792709436178,5,0.0013000000000004674,131.75440000000012,0,3,2,0,0,0,0,2,0,0,3,3,0,0,0,0,0,1,0,0,0,0,0,0,0,0,0,0,0,0,0,0,0,0,2,0,3,0,0,0,0,3,0,0,0,0,0,0,0,0,0,3,1,0,0,1,0,0,0,0,0,0,0,0,0,2,2,0,0,0,0,0,0,0,0,0,0,0,0,0,0,0,0,0,0
10.288871250686277,10.288871250686277,0.2073268910155639,-0.628033772150836,0.3499607634429391,12.2,406.482,380.27400000000017,406.189257312,156,0,0.1607126398147067,-0.49287002121803875,0.49287002121803875,0.1607126398147067,0.8666666666666667,1.6,2.466666666666667,16.514869200164995,10.131166433012623,2.1121947779252763,-2.146020446778709,2.3253648681054644,-2.3327499014386155,6.098300478021075,0.10603569474739297,3.1671514070042086,1.2575379884643594,1108.7174439193616,20.760937777247957,16.92858882191325,16.92858882191325,14.758351493073064,10.028490721446264,10.028490721446264,7.0175659059894056,7.0175659059894056,4.90863157687766,4.90863157687766,3.4733748085713096,3.4733748085713096,-3.2199999999999993,11337344.208505128,20.069059099616123,9.518994463287138,4.503684746753271,174.93537112075003,29.617883381194392,25.067242150058043,11.49902366656781,0.0,0.0,0.0,0.0,0.0,0.0,0.0,36.39820241076966,30.33183534230805,29.378661958371005,12.626498258893795,19.31711625624085,21.805849864162116,0.0,10.30076712495354,0.0,6.103966387748303,33.41307428212852,66.73003775307771,0.0,17.248535499851716,19.527377465406477,0.0,17.248535499851716,0.0,49.607546585664736,0.0,0.0,0.0,66.73003775307771,0.0,21.805849864162116,0.0,75.74000000000001,6.103966387748303,5.106527394840706,0.0,6.606881964512918,31.19541844290588,27.555361697446024,0.0,7.109797541277533,60.6636706846161,16.36713419341515,14.210588861400147,16.923660609313117,0.0,3.398281053806934,15.633087683505185,2.0931623701130935,2.1790765398261898,21.57988292641224,-0.628033772150836,1.7022495404545304,1.6186330487195506,0.25,30,3,6,0,0,0,0,3,1,4,1,0,5,3,6,1,10,0,0,0,0,1,6.367908748420941,4,3.738000000000002,118.66520000000004,0,1,1,0,0,1,1,0,0,0,0,0,0,0,0,0,2,0,0,0,0,1,0,0,0,0,0,0,0,0,0,0,0,0,3,0,3,0,0,0,0,3,0,0,0,0,0,0,0,0,0,0,0,0,0,1,0,0,0,0,0,0,0,0,3,0,0,0,0,0,0,0,0,0,0,0,0,0,0,0,0,0,0,0,0
6.060185185185185,6.060185185185185,0.15798611111111116,0.15798611111111116,0.5210255264729503,47.72727272727273,154.253,136.10899999999998,154.135765196,64,0,0.06617640341770793,-0.3691300164664661,0.3691300164664661,0.06617640341770793,1.0909090909090908,1.6363636363636365,1.9090909090909092,16.52669086422191,9.688270842860268,2.4748234860422524,-2.5350619586181216,2.486582361382025,-2.5334812902606294,4.972061515391837,-0.2292084210050475,1.8374538503178093,2.223991853197867,160.9567031494677,8.112884175122364,7.814025684399679,7.814025684399679,5.019385277895634,4.7205267871729495,4.7205267871729495,4.929691517728807,4.929691517728807,3.5358886933172697,3.5358886933172697,2.744104673446887,2.744104673446887,-0.04,293.9926160508495,7.600932428048904,2.0070319396307648,1.0992889094512,69.12561297984745,4.736862953800049,0.0,0.0,0.0,0.0,0.0,0.0,0.0,0.0,0.0,0.0,52.37240413693729,0.0,11.202101621967376,4.736862953800049,0.0,0.0,0.0,5.917906046161393,57.65659971274327,0.0,0.0,0.0,0.0,0.0,0.0,0.0,0.0,11.202101621967376,4.736862953800049,5.917906046161393,46.4544980907759,0.0,0.0,0.0,0.0,9.23,0.0,0.0,0.0,11.202101621967376,0.0,5.917906046161393,25.683286491704038,0.0,0.0,20.771211599071872,4.736862953800049,6.060185185185185,0.0,0.0,0.0,0.3784722222222223,0.8234490740740739,0.0,5.314675925925927,6.756550925925926,0.0,1.0,11,0,1,1,2,3,0,0,0,0,0,2,1,0,1,2,0,1,2,3,0,0,1.3868467412790337,3,2.7441000000000013,45.527000000000015,0,0,0,0,0,0,0,0,0,0,0,0,0,0,0,0,0,0,0,0,0,0,0,0,0,0,0,0,0,0,0,0,0,0,0,0,3,0,0,0,0,1,0,0,0,0,0,0,0,0,0,0,0,0,0,0,0,0,0,0,0,0,0,0,0,0,0,0,0,0,0,0,0,0,0,0,0,0,0,0,0,0,0,0,0
9.70976851851852,9.70976851851852,0.028935185185185786,-0.028935185185185786,0.6179494584335712,39.54545454545455,156.26899999999998,136.10899999999998,156.15141526,66,0,0.05729302557713654,-0.39282090888948124,0.39282090888948124,0.05729302557713654,1.2727272727272727,1.9090909090909092,2.3636363636363638,16.267157471795407,9.754711401801343,2.2807150030989285,-2.333994817741423,2.3250275437386594,-2.311410519637682,4.790134798165727,0.026560480335359446,1.8537307459098344,2.437159260034696,120.04118472439221,8.430721420318147,7.877935015818105,7.877935015818105,5.1090609052806215,4.789909525838158,4.789909525838158,4.3934434362154375,4.3934434362154375,2.9871899080425637,2.9871899080425637,2.1518823276524324,2.1518823276524324,-0.04,252.1073814437375,9.05124087591241,3.5728285052475055,2.193985626557494,69.8121326560658,5.106527394840706,0.0,0.0,0.0,0.0,0.0,0.0,0.0,0.0,0.0,27.19203322199788,30.595361384336197,0.0,6.103966387748303,5.106527394840706,0.0,0.0,0.0,17.75371813848418,46.1376428555982,0.0,0.0,0.0,0.0,0.0,0.0,0.0,0.0,11.210493782589008,0.0,17.75371813848418,40.0336764678499,0.0,0.0,0.0,0.0,20.23,0.0,5.106527394840706,0.0,6.103966387748303,11.835812092322787,12.338727669087403,12.841643245852019,0.0,0.0,20.771211599071872,0.0,0.0,0.0,0.0,9.70976851851852,0.0,1.9478703703703701,0.0,3.515462962962962,6.660231481481482,0.0,1.0,11,1,1,1,0,1,0,0,0,0,3,0,1,1,1,0,1,1,0,1,0,0,2.9398664917564776,1,2.4395000000000007,47.34980000000002,0,1,1,0,0,0,0,0,0,0,0,0,0,0,0,0,0,0,0,0,0,0,0,0,0,0,0,0,0,0,0,0,0,0,0,0,0,0,0,0,0,0,0,0,0,0,0,0,0,0,0,0,0,0,0,0,0,0,0,0,0,0,0,0,0,0,0,0,0,0,0,0,0,0,0,0,0,0,0,0,0,0,0,0,0
10.96457105064248,10.96457105064248,0.12986111111111076,-0.12986111111111076,0.6374825410921272,33.07142857142857,198.30599999999998,176.12999999999997,198.161979944,82,0,0.30240989225307174,-0.46224844550565997,0.46224844550565997,0.30240989225307174,1.3571428571428572,2.0,2.5,16.542753406392716,9.752355369761744,2.3203888634868663,-2.35952542160376,2.3470118557640727,-2.3484465920466504,5.657199824624199,-0.15261219624370737,2.0142295159754373,2.5834409878142726,198.49841012019365,10.71517847069432,9.747218001245873,9.747218001245873,6.502907755397974,5.675661186950376,5.675661186950376,4.973980236029972,4.973980236029972,3.2786609783515366,3.2786609783515366,2.463393867923229,2.463393867923229,-0.53,1015.1716760516204,11.544239049740165,4.809052280157554,3.000689757957182,87.02285046221364,4.736862953800049,6.103966387748303,0.0,0.0,0.0,5.969305287951849,4.794537184071822,0.0,0.0,0.0,27.19203322199788,30.5953613843362,6.923737199690624,0.0,9.53140013787187,5.969305287951849,0.0,0.0,17.75371813848418,53.06138005528882,0.0,0.0,0.0,0.0,0.0,0.0,0.0,0.0,12.073271675700152,9.53140013787187,17.75371813848418,46.95741366754052,0.0,0.0,0.0,0.0,26.3,0.0,4.794537184071822,0.0,12.073271675700152,17.75371813848418,6.4208216229260096,19.765380445542643,0.0,0.0,20.771211599071872,4.736862953800049,5.396574074074074,0.0,10.96457105064248,0.0,0.0,1.755601851851852,0.0,3.690791761148904,8.192461262282691,0.0,0.9166666666666666,14,0,2,1,0,1,0,0,0,0,3,0,2,0,2,0,2,1,0,1,0,0,3.96548922320263,1,3.0103000000000018,56.89700000000005,0,0,0,0,0,0,0,0,0,0,1,1,0,0,0,0,0,0,0,0,0,0,0,0,0,0,0,0,0,0,0,0,0,0,0,0,0,0,0,0,1,1,0,0,0,0,0,0,0,0,0,0,0,0,0,0,0,0,0,0,0,0,0,0,0,0,0,0,0,0,0,0,0,0,0,0,0,0,0,0,0,0,0,0,0
5.023216411564626,5.023216411564626,0.9011602418745279,0.9011602418745279,0.6262155548658499,10.363636363636363,148.20499999999998,136.10899999999998,148.088815004,58,0,0.11840058959106642,-0.496767824217075,0.496767824217075,0.11840058959106642,1.1818181818181819,1.8181818181818181,2.272727272727273,16.465249014661026,10.18236568333132,1.87452008246344,-1.9763992653447913,2.112760973445441,-1.8045252525068265,5.495036866032774,0.4145360559008534,2.066172828612932,2.8240417350315044,233.55461928814677,8.104448006685086,6.872349905601618,6.872349905601618,5.363703305156274,3.633098377859486,3.633098377859486,2.2731597389607816,2.2731597389607816,1.474918716136305,1.474918716136305,0.9074715917788423,0.9074715917788423,-1.2400000000000002,380.17580046477946,7.862459016393442,3.814282937664862,2.114270889670092,67.31511377440602,4.736862953800049,5.749511833283905,0.0,0.0,0.0,0.0,0.0,0.0,0.0,0.0,24.284774350590983,24.61992282831084,0.0,7.109797541277533,4.736862953800049,6.076020106833881,0.0,0.0,0.0,6.923737199690624,7.109797541277533,35.90493987237732,0.0,5.749511833283905,4.736862953800049,0.0,5.749511833283905,0.0,7.109797541277533,0.0,0.0,12.487188691387619,30.34148838068032,0.0,6.076020106833881,0.0,9.23,0.0,0.0,0.0,0.0,0.0,5.749511833283905,5.563451491696996,7.109797541277533,37.265225580370945,6.076020106833881,4.736862953800049,5.023216411564626,0.0,0.0,0.0,1.2021296296296298,0.9011602418745279,7.960648148148149,4.070684051398337,2.0041985544217686,1.6712962962962963,0.2,11,0,1,0,0,0,0,1,0,1,0,0,1,0,1,0,2,0,0,0,0,0,2.726331206756251,1,2.728300000000001,47.70200000000003,0,0,0,0,0,0,0,0,0,0,0,0,0,0,0,0,0,0,0,0,0,0,0,0,0,0,1,0,0,0,0,0,0,0,1,0,0,0,0,0,0,1,0,0,0,0,0,0,0,0,0,0,0,0,0,1,0,0,0,0,0,0,0,0,0,0,0,0,0,0,0,0,0,0,0,0,0,0,0,0,0,0,0,0,0
11.573125,11.573125,0.025462962962963243,0.025462962962963243,0.5206310184558879,46.81818181818182,152.23699999999997,136.10899999999998,152.120115132,62,0,0.13909874627049695,-0.2990642887496957,0.2990642887496957,0.13909874627049695,1.3636363636363635,2.0,2.1818181818181817,16.14018962316525,9.704437478909037,2.6060354612516505,-2.319067464636105,2.6288273467249432,-2.316780351725085,5.887317891772616,-0.1277547418679922,2.1988013603871117,2.474151724379751,216.91266689075218,8.276020881938896,7.606918903213133,7.606918903213133,4.982998800364116,4.516402641941019,4.516402641941019,4.9166936577690095,4.9166936577690095,4.4827638015220295,4.4827638015220295,2.9014656470740956,2.9014656470740956,-0.33,358.4046217430992,7.326147454014241,1.701311022684903,0.6047691790209927,68.17358985038433,0.0,5.783244946364939,0.0,0.0,0.0,0.0,4.794537184071822,0.0,0.0,0.0,20.771211599071872,24.17453976141019,11.83581209232279,0.0,4.794537184071822,5.783244946364939,0.0,0.0,16.747886984954953,40.0336764678499,0.0,0.0,0.0,0.0,0.0,0.0,0.0,0.0,5.783244946364939,4.794537184071822,16.747886984954953,40.0336764678499,0.0,0.0,0.0,0.0,17.07,0.0,4.794537184071822,0.0,10.82998093879356,11.701150992526333,12.841643245852019,6.4208216229260096,0.0,0.0,20.771211599071872,0.0,0.0,0.0,11.573125,0.0,0.30729166666666696,1.1932870370370372,0.0,3.2522222222222226,6.674074074074074,0.0,0.9,11,0,1,2,0,2,0,0,0,0,2,2,1,0,1,0,0,2,0,2,0,0,1.1330959470299424,2,2.401700000000001,44.23600000000002,0,0,0,0,0,0,0,0,0,0,1,1,0,0,0,0,0,0,0,0,0,0,0,0,0,0,0,0,0,0,0,0,0,0,0,0,2,0,0,0,0,0,0,0,0,0,0,0,0,0,0,1,1,0,0,0,0,0,0,0,0,0,0,0,0,0,0,0,0,0,0,0,0,0,0,0,0,0,0,0,0,0,0,0,0
2.4346064814814814,2.4346064814814814,0.6377314814814815,0.6377314814814815,0.44898299940434644,42.1,136.238,120.10999999999997,136.125200512,56,0,-0.014892219704730342,-0.08501290675016873,0.08501290675016873,0.014892219704730342,1.5,2.2,2.5,14.538688693894148,9.489745482551271,2.4928810862438358,-2.5563031925381177,2.583642979326937,-2.469653908052954,5.205804338826817,-0.0057901996183484595,1.868520927282636,2.2966265797203387,186.21499122004107,7.3533711511285205,7.146264369941973,7.146264369941973,4.621027033568037,4.287693700234704,4.287693700234704,4.4904220897451195,4.4904220897451195,3.74451716572525,3.74451716572525,2.659091511065034,2.659091511065034,-0.26,188.72061365554623,6.450201165867344,1.6637425470500236,0.5744620757576451,63.322464718156304,0.0,0.0,0.0,0.0,0.0,0.0,0.0,0.0,0.0,0.0,25.496599036284394,37.01618300726221,0.0,0.0,0.0,0.0,0.0,0.0,17.250802561719567,33.61285484492389,0.0,11.64912463690315,0.0,0.0,0.0,0.0,0.0,0.0,0.0,0.0,17.250802561719567,33.61285484492389,11.64912463690315,0.0,0.0,0.0,0.0,0.0,0.0,0.0,0.0,5.41499046939678,11.835812092322787,12.841643245852019,5.573104530069267,0.0,26.847231705905752,0.0,0.0,0.0,0.0,0.0,2.283564814814815,1.9235648148148143,0.0,5.244791666666666,7.131412037037037,0.0,0.8,10,0,0,3,0,3,0,0,0,0,2,2,0,0,0,0,0,1,0,1,0,0,1.0731474116685165,3,2.9987000000000013,43.75200000000002,0,0,0,0,0,0,0,0,0,0,0,0,0,0,0,0,0,0,0,0,0,0,0,0,0,0,2,0,0,0,0,0,0,0,0,0,1,0,0,0,0,0,0,0,0,0,0,0,0,0,0,0,0,0,0,0,0,0,0,0,0,0,0,0,0,0,0,0,0,0,0,0,0,0,0,0,0,0,0,0,0,0,0,0,0
10.165294312169312,10.165294312169312,0.6674074074074077,0.6674074074074077,0.575816465118545,8.9,136.14999999999998,128.08599999999998,136.052429496,52,0,0.14955258130421192,-0.49676779267846277,0.49676779267846277,0.14955258130421192,1.3,1.9,2.3,16.4652627977906,10.217451245488549,1.889318830393527,-1.9615284426764696,2.085945835455534,-1.8246960807452335,5.742935063019508,0.1118318600683671,2.048167390601267,2.895351845489354,213.20412994838864,7.397341225498538,5.703247926875856,5.703247926875856,4.863703305156274,2.9581170357320423,2.9581170357320423,1.8910108691585394,1.8910108691585394,1.2518847232277175,1.2518847232277175,0.6824778110696945,0.6824778110696945,-1.31,237.587417309747,6.805074798619103,3.011779444695785,1.34501586290279,59.43635467784082,4.736862953800049,12.03567235641346,0.0,0.0,0.0,0.0,4.794537184071822,0.0,0.0,0.0,0.0,24.26546827384644,5.563451491696996,7.109797541277533,9.53140013787187,6.286160523129555,0.0,0.0,0.0,0.0,7.109797541277533,29.828919765543436,0.0,5.749511833283905,4.736862953800049,0.0,5.749511833283905,0.0,13.39595806440709,0.0,0.0,10.357988675768818,24.26546827384644,0.0,0.0,0.0,26.3,0.0,4.794537184071822,0.0,0.0,5.563451491696996,12.03567235641346,0.0,31.37526581512397,0.0,0.0,4.736862953800049,4.897738095238095,0.0,10.165294312169312,0.0,0.6674074074074077,0.7690740740740742,6.9356481481481485,0.8049999999999999,0.0,1.5931712962962963,0.125,10,0,2,0,0,0,0,1,0,1,0,0,2,0,2,0,2,0,0,0,0,0,2.049538439809832,1,1.5076999999999998,38.38150000000001,0,0,0,0,0,0,0,0,0,0,1,1,0,0,0,0,0,0,0,0,0,0,0,1,0,0,0,0,0,0,0,0,0,0,1,0,0,0,0,0,0,1,0,0,0,0,0,0,0,0,0,0,0,0,0,1,0,0,0,0,0,0,0,0,0,0,0,0,0,0,0,0,0,0,0,0,0,0,0,0,0,0,0,0,0
11.528039965986395,11.528039965986395,0.0254166666666662,-0.026200869236583157,0.6040329256859971,33.13333333333333,202.25299999999996,188.14099999999996,202.099379688,78,0,0.3092113742114782,-0.4569319879921772,0.4569319879921772,0.3092113742114782,1.3333333333333333,2.1333333333333333,3.0,16.551108065464227,9.77368552349156,2.4427755721446145,-2.2673809316826055,2.455342114822648,-2.198113408109343,5.750331974475427,-0.1437518801520852,2.5587537808839786,2.0482872954086115,410.75190939297903,10.413849083443589,8.772162027628204,8.772162027628204,7.270856947829097,5.5544697061520605,5.5544697061520605,4.547505885870057,4.547505885870057,3.7546316875885513,3.7546316875885513,2.8139347607045533,2.8139347607045533,-1.31,5068.891239931162,8.95531373273035,3.09001453985372,1.2050593391485978,89.2494029427654,4.736862953800049,6.103966387748303,0.0,0.0,0.0,5.969305287951849,4.794537184071822,0.0,0.0,0.0,31.189205473537065,23.968546229246012,5.917906046161393,5.917906046161393,9.53140013787187,5.969305287951849,0.0,0.0,11.835812092322787,25.869346833290944,0.0,35.392371257240434,0.0,0.0,0.0,0.0,0.0,0.0,5.969305287951849,15.95222176079788,11.835812092322787,30.575428193758928,24.26546827384644,0.0,0.0,0.0,26.3,0.0,4.794537184071822,0.0,17.991177721861547,5.917906046161393,12.841643245852019,11.126902983393991,0.0,12.990104268152233,18.19910120538483,4.736862953800049,5.465046296296297,0.0,11.528039965986395,0.0,2.576018518518519,0.4420918367346939,8.316720049130764,2.1850462962962958,1.9870370370370372,0.0,0.46153846153846156,15,0,2,1,1,2,0,1,0,1,3,0,2,0,2,1,0,0,1,1,0,2,1.8448033095392313,3,2.4830000000000005,56.25000000000003,0,0,0,0,0,0,0,0,0,0,1,1,0,0,0,0,0,0,0,0,0,0,0,0,0,0,0,0,0,0,1,0,0,0,1,0,3,0,0,0,1,1,0,0,0,0,0,0,0,0,0,0,0,0,0,0,0,0,0,0,0,0,0,0,0,0,0,0,0,0,0,0,0,0,0,0,0,0,0,0,0,0,0,0,0
11.428502928949358,11.428502928949358,0.07412037037037078,-0.2206453136810278,0.47455608380745645,28.266666666666666,200.23699999999994,188.14099999999996,200.083729624,76,0,0.3339745402423488,-0.4534634052353728,0.4534634052353728,0.3339745402423488,1.3333333333333333,2.1333333333333333,3.0,16.550456567133487,9.796483651193999,2.417257640994003,-2.2544278577076606,2.4485237705896883,-2.167014794135094,5.906982894971855,-0.13915057627257377,2.5587537808839786,2.0854397610844058,447.6041044706172,10.413849083443589,8.401918539625125,8.401918539625125,7.270856947829097,5.247339494222375,5.247339494222375,4.195129505710841,4.195129505710841,3.3955282735227987,3.3955282735227987,2.5635094950694244,2.5635094950694244,-1.5699999999999998,5068.891239931162,8.715381811278245,2.9581419631746946,1.1406849198122968,88.55979991058118,4.736862953800049,6.103966387748303,0.0,0.0,0.0,5.969305287951849,0.0,4.794537184071822,0.0,0.0,30.84440395744494,23.968546229246012,11.49101057623066,0.0,9.53140013787187,5.969305287951849,0.0,0.0,5.917906046161393,18.94560963360032,0.0,47.544411470908194,0.0,0.0,0.0,0.0,0.0,0.0,5.969305287951849,15.95222176079788,5.917906046161393,23.651690994068304,36.417508487514205,0.0,0.0,0.0,26.3,0.0,4.794537184071822,0.0,17.991177721861547,5.573104530069267,12.841643245852019,11.126902983393991,0.0,12.13273413692322,18.711669820521717,4.736862953800049,5.365509259259259,0.0,11.428502928949358,0.0,3.1217620937263804,-0.019349017384731715,8.193846371882085,1.9251388888888883,3.817922808012094,0.0,0.3076923076923077,15,0,2,1,1,2,0,1,0,1,2,0,2,0,2,1,0,0,1,1,0,2,1.7187557774021103,3,2.4031000000000002,56.22600000000002,0,0,0,0,0,0,0,0,0,0,1,1,0,0,0,0,0,0,0,0,0,0,0,0,0,0,0,0,0,0,1,0,0,0,1,0,3,0,0,0,1,1,0,0,0,0,0,0,0,0,0,0,0,0,0,0,0,0,0,0,0,0,0,0,0,0,0,0,0,0,0,0,0,0,0,0,0,0,0,0,0,0,0,0,0
10.611948223733938,10.611948223733938,0.01601851851851821,-1.114027777777778,0.5501217966938848,9.307692307692308,180.15900000000002,172.09499999999997,180.042258736,68,0,0.33900378687731025,-0.4775395271554559,0.4775395271554559,0.33900378687731025,1.3076923076923077,1.9230769230769231,2.4615384615384617,16.536111221254345,10.182282381035353,2.1043069809578556,-2.0311320919470126,2.1698345568127997,-2.0630000619642934,5.913065796110137,-0.13141434244030709,2.0325369160995868,3.043527354634101,343.22286772671646,9.844934982691242,6.981359543650052,6.981359543650052,6.1090609052806215,3.6174536478673316,3.6174536478673316,2.3949556783206725,2.3949556783206725,1.3711546649445032,1.3711546649445032,0.887171219237414,0.887171219237414,-1.8399999999999999,729.6807528797516,9.249605734767023,3.7092512583454584,2.297415032519928,74.75705264447721,9.843390348640755,11.3129633249809,0.0,0.0,0.0,11.938610575903699,4.794537184071822,4.794537184071822,0.0,0.0,12.13273413692322,12.13273413692322,6.923737199690624,0.0,19.4324647167844,11.938610575903699,0.0,0.0,0.0,6.923737199690624,0.0,29.828919765543436,0.0,5.749511833283905,4.736862953800049,0.0,5.749511833283905,0.0,17.045137970744406,4.794537184071822,0.0,17.281725875459443,24.26546827384644,0.0,0.0,0.0,63.6,11.938610575903699,9.589074368143644,0.0,11.3129633249809,0.0,0.0,19.056471336613843,12.13273413692322,0.0,4.736862953800049,5.106527394840706,4.686898148148148,0.0,21.184767573696142,8.687243008314438,-0.01601851851851821,-1.5758796296296287,5.978792517006803,0.0,1.2208635676492818,0.0,0.1111111111111111,13,1,4,0,0,0,0,1,0,1,0,0,3,1,4,0,2,0,0,0,0,0,2.639162439298765,1,1.3100999999999998,44.71030000000002,0,0,0,0,1,0,0,0,1,1,2,1,0,0,0,0,0,0,0,0,0,0,0,0,0,0,0,0,0,0,0,0,0,0,1,0,0,0,0,0,1,1,0,0,0,0,0,0,0,0,0,0,0,0,0,0,0,0,0,0,0,0,0,0,1,0,0,0,0,0,0,0,0,0,0,0,0,0,0,0,0,0,0,0,0
12.345866087175612,12.345866087175612,0.012366780045351744,-0.22443877551020464,0.7975553900772502,22.761904761904763,304.415,284.255,304.12454888,112,0,0.23361449528151035,-0.3942302829133882,0.3942302829133882,0.23361449528151035,1.380952380952381,2.142857142857143,2.857142857142857,32.16667455007211,10.037298875028172,2.304271180458604,-2.263337031333908,2.3621992435226367,-2.4554042766629003,8.002116332526056,-0.12181251996369369,2.786484451930152,2.1046232541094336,665.3407706389335,14.982763184195939,12.219375623128162,13.035872204055888,10.096555450524585,7.272962698489053,8.15261550974395,5.852940037748544,7.004758375979349,3.900495732838809,5.497000828463884,2.788848372482661,3.994458262097753,-1.4599999999999997,76123.96874227983,14.476134884117906,5.733839470286446,2.675493442215132,127.86466189510315,15.407294519794245,0.0,0.0,5.907179729351506,0.0,0.0,4.794537184071822,0.0,0.0,0.0,43.80846055415719,23.96854622924601,10.902924932081056,22.924620802312294,9.901064578912528,28.571989610823678,0.0,10.30076712495354,5.917906046161393,36.586034860106636,6.606881964512918,29.828919765543436,0.0,0.0,5.316788604006331,0.0,0.0,11.761884949391115,33.896346468782475,11.21535880699783,5.917906046161393,19.410925891078243,29.29142825251568,0.0,10.902924932081056,0.0,65.12,0.0,9.901064578912528,0.0,29.72374659915595,6.4208216229260096,10.542660696285502,10.949675706161791,11.761884949391115,18.19910120538483,30.214608592796395,0.0,0.0,1.5964011715797426,15.781057886117411,14.614943704333584,2.281337868480726,0.24079743008314414,7.939990236835474,0.6521844293272865,4.059953939909297,0.0,0.4375,21,3,4,0,1,1,1,1,1,2,2,0,3,3,5,2,2,0,0,0,0,0,3.952563503606941,3,2.3178,85.50220000000004,0,1,1,0,0,1,1,0,0,0,1,1,0,0,0,0,2,0,0,0,0,1,0,0,0,0,0,1,0,0,0,0,0,0,1,0,3,0,0,0,0,0,0,0,0,0,0,0,0,0,0,0,0,0,0,0,0,0,0,0,0,0,0,0,1,0,0,0,0,0,0,0,0,0,0,1,0,0,0,0,0,0,0,0,0
13.085519024918149,13.085519024918149,0.019185917422524623,-0.5647086472329976,0.4808305590838653,44.16129032258065,430.58500000000026,392.2810000000002,430.2719243159999,172,0,0.3413359068695843,-0.49026129978267086,0.49026129978267086,0.3413359068695843,1.064516129032258,1.7096774193548387,2.3225806451612905,16.52544591863478,9.421452844209243,2.6540757776150135,-2.6630993260639753,2.6823929780379294,-2.639322643498836,6.250422739065447,-0.2281082750387889,2.6989348420149026,1.8435948412970393,910.7581105889724,23.145899891012466,20.34779147085703,20.34779147085703,14.236705750657448,11.665848622516158,11.665848622516158,11.751294009054698,11.751294009054698,9.921189791426192,9.921189791426192,7.813890077997818,7.813890077997818,-1.62,4581620.02401987,22.569549211208315,6.693128078219542,2.773849739333699,185.80464162055662,14.580253302440804,16.933320212709134,5.783244946364939,0.0,0.0,5.969305287951849,4.794537184071822,4.794537184071822,0.0,0.0,20.771211599071872,82.12004842841675,16.90600104562744,13.213763929025836,24.169327670584444,11.75255023431679,0.0,0.0,28.080783500513125,92.2752857111964,7.109797541277533,22.47847846186398,0.0,0.0,0.0,0.0,0.0,0.0,35.67389236916702,19.06280027574374,28.080783500513125,80.57026851246441,22.47847846186398,0.0,0.0,0.0,72.83000000000001,11.384295757348628,14.69560176298435,0.0,39.80925366012115,11.49101057623066,43.436377516355485,7.109797541277533,6.923737199690624,6.923737199690624,34.61868599845312,9.473725907600098,11.784828907981415,0.0,25.601439008831008,10.782527936413409,0.4443327874142726,0.5497481911727042,0.0,4.21611289360658,14.798174578773198,1.3228356958074117,0.7692307692307693,31,1,5,3,1,4,0,0,0,0,6,0,5,1,5,1,1,2,1,3,0,1,4.872931727041809,4,4.7313000000000045,117.97980000000007,0,1,1,0,0,0,0,0,0,0,2,2,0,0,0,0,0,0,0,0,0,0,0,0,0,0,2,0,0,0,0,0,0,0,0,0,4,0,0,0,1,2,0,0,0,0,0,0,0,0,0,1,1,0,0,1,0,0,0,0,0,0,0,0,0,0,0,0,0,0,0,0,0,0,0,0,0,0,0,0,0,0,0,0,0
12.210235825295939,12.210235825295939,0.005616402680345356,-0.4101721210525615,0.3696906523939196,21.103448275862068,399.4430000000001,374.24300000000017,399.16818752,154,0,0.28757361692843875,-0.4683781203301575,0.4683781203301575,0.28757361692843875,1.3448275862068966,2.0344827586206895,2.6206896551724137,16.629235179138767,9.937524119479697,2.5168341713193194,-2.0866686043870373,2.447032412968239,-2.140410965940909,5.560746385199335,-0.38444118248456766,3.35632615400919,1.5819116349240734,991.3523485766859,21.181433796945203,17.05947556617016,17.05947556617016,13.730201152279594,9.513851240240472,9.513851240240472,7.569656130376766,7.569656130376766,5.322453957422375,5.322453957422375,3.656214375533732,3.656214375533732,-2.93,3518101.074632433,20.79528485900116,8.206566451298613,4.737523178054562,168.65383150377653,13.890876844653445,11.864213806622745,5.428790391900541,0.0,11.633694035144913,0.0,14.908855452837393,0.0,0.0,0.0,6.076020106833881,63.30296662653937,17.696185628620217,23.700526469540502,18.814187893471114,11.763406381517443,0.0,0.0,0.0,51.73869366658188,7.109797541277533,73.1297361193837,0.0,5.946307760461352,10.16565334570059,5.687386274683562,5.946307760461352,0.0,23.738125788827194,11.157684576726059,17.038055468456196,43.5762680475017,45.11662799350248,0.0,6.076020106833881,0.0,95.10999999999999,4.923311048817671,14.908855452837393,0.0,28.767501625777445,17.744520533497447,23.97819926761828,25.30889874666236,19.056471336613843,12.999757306524504,6.923737199690624,13.890876844653445,16.398923510454402,0.0,22.553341512098324,10.753277807854946,2.3838888137397376,0.8081703662371431,7.820797023391789,4.228428516758901,5.835577939993975,1.4675945094707807,0.4090909090909091,29,0,7,0,1,1,0,1,1,2,2,0,6,0,7,2,8,0,1,1,0,0,5.884754726519894,3,4.448720000000004,109.23040000000005,0,0,0,0,0,0,0,0,0,0,0,0,0,0,0,1,0,0,0,0,0,0,0,0,0,0,0,0,0,0,1,0,0,0,1,0,0,0,0,1,0,2,0,0,0,0,0,0,0,0,0,0,0,0,0,1,0,0,1,1,1,0,0,0,0,0,0,0,0,0,0,0,0,0,0,0,0,0,0,0,0,0,0,0,0
11.07853702129,11.07853702129,0.14530228830397451,-0.2882155323549176,0.5688397634702943,46.48275862068966,404.63500000000016,360.28300000000013,404.32904526799996,166,0,0.05774005746534117,-0.3928400438781913,0.3928400438781913,0.05774005746534117,1.0344827586206897,1.793103448275862,2.5172413793103448,16.274795974621654,9.497087461475227,2.5655575514789652,-2.550946495674568,2.6253767249049926,-2.4760924468562155,5.245251250440644,-0.030034614141540163,3.0157987234508234,1.4989898860550617,613.0746968685667,20.921920772951363,19.05645477826469,19.05645477826469,13.719069803356486,12.4569207651585,12.4569207651585,11.732623400355388,11.732623400355388,9.77468737319314,9.77468737319314,8.093229266044606,8.093229266044606,-0.38,3472855.0831846897,21.837013707607056,8.27960975410004,3.850175247356789,177.5325774980316,15.319582184522117,0.0,0.0,0.0,0.0,0.0,0.0,0.0,0.0,0.0,39.34407343566565,104.62772739886063,0.0,18.31189916324491,15.319582184522117,0.0,0.0,0.0,46.840332792526524,103.79424256834149,0.0,11.64912463690315,0.0,0.0,0.0,0.0,0.0,0.0,33.63148134776702,0.0,46.840332792526524,85.48234340509659,11.64912463690315,0.0,0.0,0.0,60.69,0.0,15.319582184522117,0.0,35.56270172496447,29.589530230806965,44.94575136048208,18.414747775921285,0.0,0.0,33.770968905596376,0.0,0.0,0.0,0.0,32.09356693558017,1.7795995789470025,3.6294647023407483,0.0,11.161364349007208,9.086004434124874,0.0,0.9230769230769231,29,3,3,4,0,4,0,0,0,0,10,0,3,3,3,0,5,3,0,3,0,0,6.234550058411022,4,4.940200000000005,117.21540000000007,0,3,3,0,0,0,0,0,0,0,0,0,0,0,0,0,0,0,0,0,0,0,0,0,0,0,1,0,0,0,0,0,0,0,0,0,5,0,0,0,0,0,0,0,0,0,0,0,0,0,0,0,0,0,0,0,0,0,0,0,0,0,0,0,0,0,0,0,0,0,0,0,0,0,0,0,0,0,0,0,0,0,0,0,0
10.875558626228269,10.875558626228269,0.05163076341647832,-0.05163076341647832,0.6634296109985199,61.42857142857143,290.491,256.21899999999994,290.260965708,120,0,0.05989580892110666,-0.3925401378561274,0.3925401378561274,0.05989580892110666,0.9047619047619048,1.619047619047619,2.3333333333333335,16.2686477091794,9.496456495479816,2.7442686232110947,-2.5572827954571387,2.804048745238416,-2.5320938778768873,5.22930584038157,-0.1290736355156582,2.9208461350211814,1.8576019740336378,468.4588728849873,15.259148545064338,14.706362140564297,14.706362140564297,9.673921369044608,9.354769989602145,9.354769989602145,10.394256540126474,10.394256540126474,9.219524264962141,9.219524264962141,8.48859367267665,8.48859367267665,-0.04,63981.134587638975,14.545837274701016,3.887842451858557,1.4359598983112303,130.4440603394442,5.106527394840706,0.0,0.0,0.0,0.0,0.0,0.0,0.0,0.0,0.0,34.61868599845312,84.35943137655336,0.0,6.103966387748303,5.106527394840706,0.0,0.0,0.0,39.4136800160713,85.6684037466835,0.0,0.0,0.0,0.0,0.0,0.0,0.0,0.0,11.210493782589008,0.0,39.4136800160713,79.5644373589352,0.0,0.0,0.0,0.0,20.23,0.0,5.106527394840706,0.0,11.518956857145081,16.244971408190338,24.174539761410188,38.524929737556064,0.0,0.0,34.61868599845312,0.0,0.0,0.0,0.0,10.875558626228269,1.6785610355253213,2.5612499999999994,0.0,9.10562429138322,12.612339380196524,0.0,1.0,21,1,1,4,0,4,0,0,0,0,7,0,1,1,1,0,0,4,0,4,1,0,2.6929487454480565,4,5.026100000000005,86.89780000000006,0,1,1,0,0,0,0,0,0,0,0,0,0,0,0,0,0,0,0,0,0,0,0,0,0,0,0,0,0,0,0,0,0,0,0,0,2,0,0,0,0,0,0,0,0,0,0,0,0,0,0,0,0,0,0,0,0,0,0,0,0,0,0,0,0,0,0,0,0,0,0,0,0,0,0,0,0,0,0,0,0,0,0,0,0
6.177875173217435,6.177875173217435,0.021769048668849544,0.021769048668849544,0.8254203175590742,30.615384615384617,354.3580000000001,336.2140000000001,354.11033829599995,134,0,0.23080037766607414,-0.4535954662169616,0.4535954662169616,0.23080037766607414,0.5769230769230769,1.0384615384615385,1.5384615384615385,16.70116216302514,9.84603733386225,2.480228690497794,-2.16935629493762,2.5153354830814787,-2.141394715280641,5.464722173461149,0.01916794372227387,3.4205041657084245,1.2666509517997537,793.8750656237354,17.08721119088102,14.05141955942563,14.05141955942563,12.865305980755142,8.889866502830158,8.889866502830158,7.060974419704384,7.060974419704384,5.71446461272317,5.71446461272317,4.414808455923686,4.414808455923686,-2.439999999999999,3470785.576944338,14.700668031918653,5.52663605754515,2.1203965423342934,150.06598100365824,28.421177722800294,0.0,22.99804733313562,13.585884612199655,0.0,0.0,0.0,0.0,0.0,0.0,12.13273413692322,35.392371257240434,11.835812092322787,25.42169670452244,28.421177722800294,0.0,0.0,0.0,11.835812092322787,12.207932775496605,26.79964854122549,47.52510539416365,0.0,22.99804733313562,18.947451815200196,0.0,22.99804733313562,0.0,26.79964854122549,9.473725907600098,11.835812092322787,23.3348357588906,36.39820241076966,0.0,0.0,0.0,55.38000000000001,0.0,0.0,0.0,25.79381738769626,25.049576021348624,34.12495031652961,0.0,0.0,24.26546827384644,12.13273413692322,28.421177722800294,34.18117289814655,0.0,0.0,0.0,2.2438642185269173,3.8255294840338276,12.105603623502251,0.04353809733769953,1.9336250117860863,0.0,0.4,26,0,6,0,4,4,0,2,0,2,4,0,6,0,6,4,2,0,2,2,0,0,3.1248170005847276,6,3.2192000000000016,89.49600000000005,0,0,0,0,0,0,0,0,0,0,0,0,0,0,0,0,0,0,0,0,0,0,0,0,0,0,0,0,0,0,0,0,0,0,2,0,3,0,0,0,0,6,0,0,0,0,0,0,0,0,0,0,0,0,0,0,0,0,0,0,0,0,0,0,0,0,0,0,0,0,0,0,0,0,0,0,0,0,0,0,0,0,0,0,0
5.253065948601663,5.253065948601663,0.6690769085411944,0.6690769085411944,0.7610614713574507,10.4,208.25699999999998,192.12899999999996,208.109944372,82,0,0.16395091727657513,-0.4959883412020585,0.4959883412020585,0.16395091727657513,0.8666666666666667,1.4,1.8666666666666667,16.51030095115533,10.137326753811955,2.087174205798324,-2.113957785527616,2.3456386822601254,-1.9382541503603106,5.628310429471407,0.3484909406144131,2.2841697232617006,3.2684455578549043,356.13001884821756,11.259148545064338,9.534145948150094,9.534145948150094,7.261080115123762,4.691176582584409,4.691176582584409,2.9491416818854774,2.9491416818854774,2.082118743593074,2.082118743593074,1.3626388339942466,1.3626388339942466,-1.6399999999999997,2503.4500166948237,11.434850299401196,5.29268066852131,2.4310411193469696,90.27208846221299,14.210588861400147,5.749511833283905,11.49902366656781,0.0,0.0,0.0,0.0,0.0,0.0,0.0,12.152040213667762,12.990104268152233,11.629818560158606,21.3293926238326,14.210588861400147,6.076020106833881,0.0,0.0,0.0,6.923737199690624,21.3293926238326,23.772205735454097,0.0,17.248535499851716,14.210588861400147,0.0,17.248535499851716,0.0,21.3293926238326,0.0,0.0,12.487188691387619,18.208754243757102,0.0,6.076020106833881,0.0,27.69,0.0,0.0,0.0,0.0,11.49902366656781,11.3129633249809,0.0,21.3293926238326,31.208511550281607,0.0,14.210588861400147,15.644080924036281,0.0,0.0,0.0,0.9700462962962966,2.1386602418745277,3.7002314814814814,3.9073044217687074,1.9545122354497355,4.851831065759637,0.3333333333333333,15,0,3,0,0,0,0,1,0,1,0,0,3,0,3,0,4,0,0,0,0,0,4.034734075138388,1,2.7455000000000007,60.80600000000004,0,0,0,0,0,0,0,0,0,0,0,0,0,0,0,0,0,0,0,0,0,0,0,0,0,0,1,0,0,0,0,0,0,0,1,0,0,0,0,0,0,3,0,0,0,0,0,0,0,0,0,0,0,0,0,3,0,0,0,0,0,0,0,0,0,0,0,0,0,0,0,0,0,0,0,0,0,0,0,0,0,0,0,0,0
5.253065948601663,5.253065948601663,0.6690769085411944,0.6690769085411944,0.7610614713574507,10.4,208.25699999999998,192.12899999999996,208.109944372,82,0,0.16395091727657513,-0.4959883412020585,0.4959883412020585,0.16395091727657513,0.8666666666666667,1.4,1.8666666666666667,16.51030095115533,10.137326753811955,2.087174205798324,-2.113957785527616,2.3456386822601254,-1.9382541503603106,5.628310429471407,0.3484909406144131,2.2841697232617006,3.2684455578549043,356.13001884821756,11.259148545064338,9.534145948150094,9.534145948150094,7.261080115123762,4.691176582584409,4.691176582584409,2.9491416818854774,2.9491416818854774,2.082118743593074,2.082118743593074,1.3626388339942466,1.3626388339942466,-1.6399999999999997,2503.4500166948237,11.434850299401196,5.29268066852131,2.4310411193469696,90.27208846221299,14.210588861400147,5.749511833283905,11.49902366656781,0.0,0.0,0.0,0.0,0.0,0.0,0.0,12.152040213667762,12.990104268152233,11.629818560158606,21.3293926238326,14.210588861400147,6.076020106833881,0.0,0.0,0.0,6.923737199690624,21.3293926238326,23.772205735454097,0.0,17.248535499851716,14.210588861400147,0.0,17.248535499851716,0.0,21.3293926238326,0.0,0.0,12.487188691387619,18.208754243757102,0.0,6.076020106833881,0.0,27.69,0.0,0.0,0.0,0.0,11.49902366656781,11.3129633249809,0.0,21.3293926238326,31.208511550281607,0.0,14.210588861400147,15.644080924036281,0.0,0.0,0.0,0.9700462962962966,2.1386602418745277,3.7002314814814814,3.9073044217687074,1.9545122354497355,4.851831065759637,0.3333333333333333,15,0,3,0,0,0,0,1,0,1,0,0,3,0,3,0,4,0,0,0,0,0,4.034734075138388,1,2.7455000000000007,60.80600000000004,0,0,0,0,0,0,0,0,0,0,0,0,0,0,0,0,0,0,0,0,0,0,0,0,0,0,1,0,0,0,0,0,0,0,1,0,0,0,0,0,0,3,0,0,0,0,0,0,0,0,0,0,0,0,0,3,0,0,0,0,0,0,0,0,0,0,0,0,0,0,0,0,0,0,0,0,0,0,0,0,0,0,0,0,0
13.02137007117662,13.02137007117662,0.04986893214075705,-0.8968409195889346,0.8969243800371915,18.76,359.8090000000001,341.665,359.09243573599997,130,0,0.30354516378733354,-0.4967550704611723,0.4967550704611723,0.30354516378733354,1.2,1.88,2.48,35.49569162291132,9.922618789645549,2.4002450445906294,-2.248799784562203,2.445298009536347,-2.372377949378334,6.302794382288796,-0.13705846394635537,2.856211887899643,2.039816601593869,818.6738472945025,18.137463722575188,13.900395739293915,14.65632468531237,11.917922655570504,7.909183740594783,8.287148213604011,6.05175324542363,6.488189025895615,4.587795744948192,4.839772060287677,3.3296822420942513,3.455670399763994,-2.5299999999999994,468921.44290781184,17.298132627476928,6.763884813845741,3.1951947799266245,150.33118405168346,14.743300079491233,5.749511833283905,0.0,0.0,5.907179729351506,5.969305287951849,9.589074368143644,0.0,0.0,0.0,11.600939890232516,54.95175817061889,28.23321795543124,13.530619164203543,19.4324647167844,29.16481118221943,0.0,0.0,0.0,25.304305697925987,12.009707272128011,58.614105776366586,0.0,5.749511833283905,9.636772684650527,5.687386274683562,5.749511833283905,11.600939890232516,30.134650782569555,4.794537184071822,0.0,35.18390503624384,42.46456947923127,5.022633313741326,0.0,0.0,66.84,5.969305287951849,14.69560176298435,0.0,24.287748227586867,16.335596638722226,11.250837766380558,0.0,48.40790968289767,12.990104268152233,0.0,16.337802844032566,5.256002642639547,5.895542182110914,25.979456166228353,9.822292750089016,2.0463486901962438,-0.7260509462857343,11.793299144760786,-0.04986893214075705,1.8689496549648665,1.5584730918812115,0.2631578947368421,25,1,5,0,1,1,1,2,0,2,2,0,3,1,6,1,4,0,0,0,0,2,4.6801030634752285,3,3.9558000000000026,95.71130000000004,1,0,0,0,0,0,0,0,1,1,2,1,0,0,0,1,0,0,0,0,0,0,0,0,0,0,0,1,0,1,0,0,0,0,2,0,1,0,0,0,0,1,0,0,1,0,0,0,0,0,0,0,0,0,0,1,0,0,0,0,0,0,0,0,0,0,0,0,0,0,0,0,0,0,0,0,0,0,0,0,0,0,0,0,0
12.089914965986395,12.089914965986395,0.08734079743008327,-0.5970928166950893,0.40102665606831556,9.952380952380953,307.28700000000003,298.215,307.026291388,108,0,0.34518081377713905,-0.4258727084165106,0.4258727084165106,0.34518081377713905,1.380952380952381,2.0952380952380953,2.7142857142857144,32.13358691213356,10.16407999637928,2.1709295828661337,-2.071166106143728,2.2620346929844413,-2.1417177887019405,7.183798811276467,-0.3798982299568226,2.8694003038737965,2.1948856079562464,712.4233906667993,15.405412915006313,10.730668279731225,11.54716486065895,9.96923425058676,5.661331132093259,6.477827713020985,3.8046882389896464,4.8137871615191345,2.2792680748172,3.143707245259823,1.470328773299516,2.0975101907835354,-2.810000000000001,57763.897517283396,14.596021787554909,6.094683522610221,3.600616933319449,122.08276225581106,4.736862953800049,11.94635540489698,5.131558479839333,0.0,5.907179729351506,10.970387264639715,25.020181240915544,4.9839785209472085,0.0,0.0,12.13273413692322,23.469520014857956,6.923737199690624,10.486762540514666,19.24924837076136,33.345911351765295,0.0,4.9839785209472085,0.0,6.923737199690624,5.316788604006331,46.140081605922084,0.0,5.749511833283905,10.05365155780638,10.132640456527199,5.749511833283905,11.336785877934737,21.783774587068233,4.794537184071822,10.114318268765572,17.28172587545944,30.462311845459517,0.0,0.0,0.0,111.42999999999998,16.799796066121026,19.703392636909214,0.0,21.4456037815081,0.0,17.533629449547814,19.056471336613843,12.13273413692322,0.0,10.30076712495354,4.736862953800049,4.922643613000756,0.7338493113294697,36.76012261608041,12.87652418133614,0.13014172335600915,-1.0233423683599545,6.158469921115573,1.0538230400184765,1.2211012954564542,0.0,0.08333333333333333,21,1,8,0,0,0,1,1,1,2,0,0,7,1,9,1,4,0,0,0,0,0,4.23610159448908,2,2.2288999999999994,74.47260000000001,0,0,0,0,0,1,0,0,0,0,2,2,0,0,0,2,1,0,0,0,0,0,0,0,0,0,0,1,0,1,0,0,0,0,1,0,0,0,0,0,1,1,0,0,0,0,0,0,0,0,0,0,0,0,0,0,0,0,1,0,0,0,0,0,1,0,0,0,0,0,0,0,0,0,0,0,0,0,0,0,1,0,0,0,0
10.762425070336777,10.762425070336777,0.41842592592592687,-0.7716577958343824,0.8215995486924975,12.8,206.28499999999997,188.14099999999996,206.130679816,82,0,0.31018535153231086,-0.4807885019257389,0.4807885019257389,0.31018535153231086,1.2,1.7333333333333334,2.1333333333333333,16.366404797134482,9.96847176089874,2.123540108955398,-2.0857579653870717,2.1688935075416405,-2.0688004654239496,5.749768182058123,-0.13786206865190986,2.165506939440076,2.759037133270152,324.8941190021566,11.422285251880869,9.526670282288125,9.526670282288125,7.002907755397974,5.320300905843469,5.320300905843469,4.399478123622379,4.399478123622379,2.494095609718195,2.494095609718195,1.556376775771451,1.556376775771451,-1.31,1862.3359679184655,11.763046018991963,4.964460295417243,3.387630631562938,90.941753772513,5.106527394840706,0.0,0.0,0.0,0.0,5.969305287951849,4.794537184071822,0.0,0.0,0.0,38.11294267322769,30.389367852172015,0.0,5.917906046161393,9.901064578912528,5.969305287951849,0.0,0.0,5.917906046161393,33.10993926815927,0.0,35.392371257240434,0.0,0.0,0.0,0.0,0.0,0.0,11.075832682792555,11.21535880699783,5.917906046161393,37.81602062862726,24.26546827384644,0.0,0.0,0.0,37.3,11.887211334113243,4.794537184071822,0.0,0.0,5.917906046161393,11.984273114623004,5.563451491696996,6.923737199690624,24.26546827384644,13.847474399381248,5.106527394840706,0.0,0.0,10.762425070336777,8.850157339170236,2.140134164777023,-0.5579103678508444,7.871574074074074,1.0433852985638699,6.056901087595532,0.0,0.46153846153846156,15,1,2,0,0,0,0,1,0,1,1,0,1,1,2,0,4,0,0,0,0,1,3.8931449942967644,1,3.0732000000000017,61.03480000000004,1,0,0,0,0,0,0,0,1,1,1,0,0,0,0,0,0,0,0,0,0,0,0,0,0,0,0,0,0,0,0,0,0,0,1,0,0,0,0,0,0,0,0,0,0,0,0,0,0,0,0,0,0,0,0,0,0,0,0,0,0,0,0,0,0,0,0,0,0,0,0,0,0,0,0,0,0,0,0,0,0,0,0,0,0
9.583101851851852,9.583101851851852,0.0654166666666669,-0.0654166666666669,0.624254237197032,39.0,155.24099999999996,138.105,155.131014164,64,0,0.06927984710089172,-0.3915068993482396,0.3915068993482396,0.06927984710089172,1.0,1.7272727272727273,2.3636363636363638,16.268379533753052,9.924486855762085,2.2903699128358257,-2.2791256443887966,2.2439563251617787,-2.4253125317048894,4.888158343517057,0.0901380892858144,2.7757891994402915,1.7824389394899858,133.52442279202947,7.681798275874712,6.921905090188121,6.921905090188121,5.360173345306137,4.801875654125572,4.801875654125572,3.8992381283158135,3.8992381283158135,2.756609992069384,2.756609992069384,1.858455047025789,1.858455047025789,-0.08,838.2883382309681,7.562989054547093,3.1142627711421427,1.9376977040816326,67.99122157174801,10.423315998847038,0.0,0.0,0.0,0.0,0.0,0.0,0.0,0.0,0.0,12.841643245852019,25.683286491704038,12.083681658295921,6.103966387748303,5.106527394840706,0.0,0.0,5.316788604006331,0.0,56.71257778360028,0.0,0.0,0.0,0.0,5.316788604006331,0.0,0.0,0.0,23.29417544088493,0.0,0.0,38.524929737556064,0.0,0.0,0.0,0.0,32.26,0.0,5.106527394840706,0.0,6.103966387748303,6.041840829147961,12.462662452073971,32.10410811463005,0.0,0.0,5.316788604006331,0.0,0.0,0.0,0.0,13.075648148148149,0.0,0.0,1.1564814814814812,7.267870370370371,0.0,0.0,1.0,11,2,2,2,0,2,0,0,0,0,2,0,2,2,2,0,2,2,0,2,0,0,2.141194113739229,2,1.0418999999999998,44.42050000000002,0,1,1,0,0,0,0,0,0,0,0,0,0,0,0,0,1,0,0,0,0,0,0,0,0,0,0,0,0,0,0,0,0,0,0,0,0,0,0,0,0,0,0,0,0,0,0,0,0,0,0,0,0,0,0,0,0,0,0,0,0,0,0,0,0,0,0,0,0,0,0,0,0,0,0,0,0,0,0,0,0,0,0,0,0
2.3602777777777777,2.3602777777777777,0.8877314814814813,0.8877314814814813,0.5195874662924141,23.0,127.23100000000001,110.09499999999997,127.13609954399999,54,0,0.008911952994543804,-0.3064511463991764,0.3064511463991764,0.008911952994543804,1.0,1.5555555555555556,1.8888888888888888,15.089047381213396,9.948665026112973,2.1337931403325365,-2.27076838666948,2.1956303933642625,-2.290353965893819,4.700229776906411,0.22882593901113452,1.9003726279897948,2.2283621149350434,72.63682062300136,6.69023444431199,6.560097770622322,6.560097770622322,4.304530452640311,3.969122661674803,3.969122661674803,3.2554453222286504,3.2554453222286504,2.3049922140151087,2.3049922140151087,1.5974364971130461,1.5974364971130461,-0.04,129.22533870330605,7.071607142857144,3.2100399595076996,1.9767112224695478,58.04784834527996,4.899909730850478,0.0,0.0,0.0,0.0,0.0,0.0,0.0,0.0,0.0,19.26246486877803,26.936987211206397,6.041840829147961,0.0,0.0,0.0,0.0,4.899909730850478,0.0,38.14594894377801,14.09534396535438,0.0,0.0,0.0,0.0,0.0,0.0,0.0,25.03709452535282,0.0,0.0,32.10410811463005,0.0,0.0,0.0,0.0,3.24,0.0,0.0,0.0,0.0,0.0,6.041840829147961,32.10410811463005,0.0,0.0,18.99525369620486,0.0,0.0,0.0,2.3602777777777777,0.0,0.0,0.0,0.8877314814814813,7.204398148148147,0.0,4.380925925925926,1.0,9,0,1,1,0,1,0,0,0,0,0,0,1,0,1,0,1,1,0,1,0,0,2.5222379451679453,1,1.8806999999999998,40.56000000000001,0,0,0,0,0,0,0,0,0,0,0,0,0,0,0,1,0,0,0,0,0,0,0,0,0,0,0,0,0,0,0,0,0,0,0,0,0,0,0,0,0,0,0,0,0,0,0,0,0,0,0,0,0,0,0,0,0,0,0,0,0,0,0,0,0,0,0,0,0,0,0,0,0,0,0,0,0,0,0,0,0,0,0,0,0
5.360538548752835,5.360538548752835,0.7400925925925926,0.7400925925925926,0.6245074471542003,9.444444444444445,121.18299999999995,110.09499999999997,121.08914935199999,48,0,-0.0036698097858793165,-0.3301426071948191,0.3301426071948191,0.0036698097858793165,1.1111111111111112,1.7777777777777777,2.3333333333333335,14.510638720257301,10.153985338367812,1.8414265642733945,-1.9343325012196582,1.9629743280389496,-2.0133641227617702,5.140696653858067,0.9688468454086355,1.9100860088599136,2.61489994009295,157.4784207656209,6.52709773749546,5.37831517751085,5.37831517751085,4.431851652578137,3.1724852835800963,3.1724852835800963,2.0242736942483024,2.0242736942483024,1.2758373639697083,1.2758373639697083,0.811343904509024,0.811343904509024,-0.8200000000000001,145.16653667335345,6.302249388753057,3.2539886368490754,1.8590386018272278,55.50117804530289,5.733667477162185,0.0,0.0,0.0,0.0,0.0,0.0,0.0,0.0,0.0,30.33183534230805,18.52902952053558,0.0,0.0,0.0,0.0,0.0,0.0,5.733667477162185,6.4208216229260096,6.544756405912575,35.89528683400505,0.0,0.0,5.733667477162185,0.0,0.0,0.0,6.544756405912575,6.4208216229260096,0.0,5.563451491696996,30.33183534230805,0.0,0.0,0.0,26.02,0.0,0.0,0.0,0.0,0.0,12.965578028838586,5.563451491696996,0.0,18.19910120538483,12.13273413692322,5.733667477162185,0.0,0.0,0.0,0.0,6.67998299319728,0.0,10.25964663643235,0.9869444444444444,0.7400925925925926,0.0,0.25,9,2,1,0,0,0,0,1,0,1,0,0,1,1,1,0,2,0,0,0,0,0,2.278605321954609,1,1.1878,39.200400000000016,0,0,0,0,0,0,0,0,0,0,0,0,0,0,0,0,0,1,0,0,0,0,0,0,0,0,0,0,0,0,0,0,0,0,1,0,0,0,0,0,0,0,0,0,0,0,0,0,0,0,0,0,0,0,0,0,0,0,0,0,0,0,0,0,0,0,0,0,0,0,0,0,0,0,0,0,0,0,0,0,0,0,0,0,0
7.25,7.25,0.518518518518519,0.518518518518519,0.3568144897472585,8.5,115.17999999999999,102.076,115.11094741599999,48,0,0.19215738274077435,-0.3491548336254147,0.3491548336254147,0.19215738274077435,1.0,1.25,1.25,15.306039335287945,10.716896702571587,1.9684204821012983,-2.194731478796494,1.803297841307154,-2.3352811914041416,5.750450542946225,0.47791983265230653,1.6403360647604435,3.65123357893369,75.67457204070746,6.732050807568877,5.894427190999916,5.894427190999916,3.5534180126147956,2.4860679774997894,2.4860679774997894,2.1124611797498107,2.1124611797498107,0.8472135954999579,0.8472135954999579,0.39999999999999997,0.39999999999999997,-0.73,39.36806555425064,7.27,2.5461134562213323,1.8180153406908606,50.40403782508751,9.799819461700956,0.0,5.959554568743835,0.0,0.0,0.0,5.409283605791522,0.0,0.0,0.0,0.0,0.0,28.19068793070876,0.0,0.0,5.959554568743835,5.409283605791522,9.799819461700956,0.0,0.0,28.19068793070876,0.0,0.0,0.0,0.0,0.0,0.0,0.0,43.950061961153544,0.0,5.409283605791522,0.0,0.0,0.0,0.0,0.0,30.330000000000005,0.0,0.0,0.0,0.0,5.959554568743835,0.0,0.0,9.799819461700956,28.19068793070876,0.0,5.409283605791522,0.0,0.0,3.5,7.25,0.0,0.518518518518519,0.0,0.0,0.0,7.398148148148148,0.8,8,1,3,0,0,0,0,0,0,0,0,0,1,1,3,0,0,0,0,0,0,0,2.3137806033411357,0,0.0443699999999998,35.100699999999996,0,0,0,0,0,0,0,0,0,0,0,0,0,0,0,2,1,0,0,0,0,0,0,0,0,0,0,0,0,0,0,0,0,0,0,0,0,0,0,0,0,0,0,1,0,0,0,0,0,0,0,0,0,0,0,0,0,0,0,0,0,0,0,0,0,0,0,0,0,0,0,0,0,0,0,0,0,0,0,0,0,0,0,0,0
7.741337868480725,7.741337868480725,0.26148148148148165,0.26148148148148165,0.5275993403910493,9.5,211.268,198.16399999999996,211.110947416,80,0,0.19695317114632974,-0.3262648290452281,0.3262648290452281,0.19695317114632974,0.6875,1.0625,1.4375,15.135034950769649,10.291688643395714,1.9636301380436163,-2.093146357991523,2.074175117709722,-2.1968062516526765,6.008333320603232,1.4299911966303935,2.3115289161242996,1.9521941477943936,407.6186271235691,11.217332181807452,8.77350269189626,8.77350269189626,7.84333659290053,5.071367205045919,5.071367205045919,3.357050807568878,3.357050807568878,2.086253271292093,2.086253271292093,1.3628975063668278,1.3628975063668278,-2.2899999999999996,6213.389726542117,10.235362076049029,4.97865194117306,2.8498118619438304,94.6385148064385,10.633577208012662,0.0,5.959554568743835,0.0,0.0,0.0,5.409283605791522,0.0,0.0,0.0,36.39820241076966,24.26546827384644,11.374772549367124,0.0,0.0,17.33432711811096,5.409283605791522,0.0,0.0,0.0,10.633577208012662,60.6636706846161,0.0,0.0,10.633577208012662,11.374772549367124,0.0,0.0,5.959554568743835,0.0,5.409283605791522,0.0,60.6636706846161,0.0,0.0,0.0,47.910000000000004,0.0,0.0,0.0,5.959554568743835,0.0,11.374772549367124,0.0,0.0,60.6636706846161,10.633577208012662,5.409283605791522,0.0,0.0,0.0,13.666468253968253,1.79802059712774,0.26148148148148165,19.274029667422525,0.0,0.0,0.0,0.0,16,3,3,0,0,0,0,2,0,2,0,0,1,3,3,0,2,0,0,0,0,0,3.1848940792831635,2,3.1453700000000007,67.85610000000003,0,0,0,0,0,0,0,0,0,0,0,0,0,0,0,0,3,0,0,0,0,0,0,0,0,0,0,0,0,2,0,0,0,0,2,0,0,0,0,0,0,0,0,1,0,0,0,0,0,0,0,0,0,0,0,0,0,0,0,0,0,0,0,0,2,0,0,0,0,0,0,0,0,0,0,0,0,0,0,0,0,0,0,0,0
4.554027777777778,4.554027777777778,1.0752314814814814,1.0752314814814814,0.5152177670164989,25.454545454545453,152.24099999999999,136.11299999999997,152.131348512,62,0,0.09884183249054182,-0.36030804232987956,0.36030804232987956,0.09884183249054182,1.0,1.9090909090909092,2.909090909090909,15.199731471774351,10.192082977647894,2.1590724969400497,-2.268365681641385,2.1477896052953858,-2.34482031251628,5.825019918117443,0.39085545106461467,2.2807695153413854,2.0671428486798225,162.9456683028857,7.518661569058181,7.051281440492296,7.051281440492296,5.4663264951887856,4.749450284143745,4.749450284143745,3.4492101684151044,3.4492101684151044,2.573905335694611,2.573905335694611,1.939327325461553,1.939327325461553,-0.53,608.9654605961499,7.137067494977612,3.244738765570308,1.5490213076180552,68.30228179200745,4.899909730850478,0.0,0.0,0.0,0.0,0.0,4.992404732635669,0.0,0.0,0.0,6.4208216229260096,19.26246486877803,26.055090840663734,5.835619785757269,0.0,5.835619785757269,0.0,4.899909730850478,4.992404732635669,32.10410811463005,19.634269217737724,0.0,0.0,0.0,0.0,0.0,0.0,0.0,30.369798734345473,0.0,0.0,32.10410811463005,4.992404732635669,0.0,0.0,0.0,15.6,0.0,0.0,0.0,0.0,0.0,6.544756405912575,51.02924071221247,0.0,0.0,9.892314463486148,0.0,0.0,0.0,7.036666666666667,0.0,0.0,1.396990740740741,0.0,6.632314814814814,3.600694444444444,0.0,0.8888888888888888,11,0,2,0,2,2,0,0,0,0,0,0,2,0,2,2,0,0,1,1,0,0,2.105265415767784,2,1.6646,46.96000000000003,0,0,0,0,0,0,0,0,0,0,0,0,0,0,1,2,0,0,0,0,0,0,0,0,0,0,0,0,1,0,0,0,0,0,0,0,1,0,0,0,0,0,0,0,0,0,0,0,0,0,0,0,0,0,0,0,0,0,0,0,0,0,0,0,0,0,0,0,0,0,0,0,0,0,0,0,0,0,0,0,0,0,0,0,0
9.604453577727387,9.604453577727387,0.1400812547241126,-0.1400812547241126,0.7617000153408459,26.642857142857142,191.27399999999994,174.13799999999998,191.131014164,76,0,0.0692821401511565,-0.3915068760912382,0.3915068760912382,0.0692821401511565,1.2142857142857142,2.0,2.642857142857143,16.268747935910902,10.153332704141581,2.235027831468318,-2.1564246677509322,2.185058126396787,-2.3447745451684,5.13981721276654,0.14838781534168338,2.627317368889525,1.8246016843136745,272.91003516871785,9.803118619434356,8.317092604573531,8.317092604573531,6.860173345306137,5.314494322312541,5.314494322312541,3.9712437769896285,3.9712437769896285,2.8906808648420967,2.8906808648420967,2.02338096304317,2.02338096304317,-0.8600000000000001,2858.521297351803,9.685764820975935,4.578408118164612,2.336715652793384,84.95932058815144,10.423315998847038,0.0,0.0,0.0,0.0,0.0,0.0,0.0,0.0,0.0,30.33183534230805,24.825916360475023,12.586597235060536,6.103966387748303,5.106527394840706,0.0,0.0,5.316788604006331,0.0,37.95302849158686,0.0,35.89528683400505,0.0,0.0,5.316788604006331,0.0,0.0,0.0,17.25233461173697,6.544756405912575,0.0,24.825916360475023,30.33183534230805,0.0,0.0,0.0,32.26,0.0,5.106527394840706,0.0,6.103966387748303,6.041840829147961,25.807221274690605,5.563451491696996,0.0,18.19910120538483,17.449522740929552,0.0,0.0,0.0,0.0,13.002092466616276,1.283888888888889,0.0,10.621315901360544,3.062378669060216,0.8636574074074074,0.0,0.5,14,2,2,1,0,1,0,1,0,1,2,0,2,2,2,0,3,1,0,1,0,0,3.1675274490706733,2,1.6895999999999998,56.927500000000045,0,1,1,0,0,0,0,0,0,0,0,0,0,0,0,0,1,0,0,0,0,0,0,0,0,0,0,0,0,0,0,0,0,0,1,0,0,0,0,0,0,0,0,0,0,0,0,0,0,0,0,0,0,0,0,0,0,0,0,0,0,0,0,0,0,0,0,0,0,0,0,0,0,0,0,0,0,0,0,0,0,0,0,0,0
9.604453577727387,9.604453577727387,0.1400812547241126,-0.1400812547241126,0.7617000153408459,26.642857142857142,191.27399999999994,174.13799999999998,191.131014164,76,0,0.0692821401511565,-0.3915068760912382,0.3915068760912382,0.0692821401511565,1.2142857142857142,2.0,2.642857142857143,16.268747935910902,10.153332704141581,2.235027831468318,-2.1564246677509322,2.185058126396787,-2.3447745451684,5.13981721276654,0.14838781534168338,2.627317368889525,1.8246016843136745,272.91003516871785,9.803118619434356,8.317092604573531,8.317092604573531,6.860173345306137,5.314494322312541,5.314494322312541,3.9712437769896285,3.9712437769896285,2.8906808648420967,2.8906808648420967,2.02338096304317,2.02338096304317,-0.8600000000000001,2858.521297351803,9.685764820975935,4.578408118164612,2.336715652793384,84.95932058815144,10.423315998847038,0.0,0.0,0.0,0.0,0.0,0.0,0.0,0.0,0.0,30.33183534230805,24.825916360475023,12.586597235060536,6.103966387748303,5.106527394840706,0.0,0.0,5.316788604006331,0.0,37.95302849158686,0.0,35.89528683400505,0.0,0.0,5.316788604006331,0.0,0.0,0.0,17.25233461173697,6.544756405912575,0.0,24.825916360475023,30.33183534230805,0.0,0.0,0.0,32.26,0.0,5.106527394840706,0.0,6.103966387748303,6.041840829147961,25.807221274690605,5.563451491696996,0.0,18.19910120538483,17.449522740929552,0.0,0.0,0.0,0.0,13.002092466616276,1.283888888888889,0.0,10.621315901360544,3.062378669060216,0.8636574074074074,0.0,0.5,14,2,2,1,0,1,0,1,0,1,2,0,2,2,2,0,3,1,0,1,0,0,3.1675274490706733,2,1.6895999999999998,56.927500000000045,0,1,1,0,0,0,0,0,0,0,0,0,0,0,0,0,1,0,0,0,0,0,0,0,0,0,0,0,0,0,0,0,0,0,1,0,0,0,0,0,0,0,0,0,0,0,0,0,0,0,0,0,0,0,0,0,0,0,0,0,0,0,0,0,0,0,0,0,0,0,0,0,0,0,0,0,0,0,0,0,0,0,0,0,0
9.784453577727387,9.784453577727387,0.15049792139077933,-0.15049792139077933,0.7915421742925234,26.466666666666665,205.30100000000002,186.14899999999997,205.146664228,82,0,0.06928111813633754,-0.39150688467631495,0.39150688467631495,0.06928111813633754,1.1333333333333333,1.8666666666666667,2.6,16.26833577631968,9.923057947297062,2.213342045241074,-2.2803812967295043,2.181278904621039,-2.410738604423521,5.139405762959026,0.0902464147172121,2.2942479015596184,1.8199942949185282,285.8472440283996,10.510225400620904,9.024199385760078,9.024199385760078,7.360173345306137,5.814494322312539,5.814494322312539,4.324797167582902,4.324797167582902,3.1406808648420967,3.1406808648420967,2.1942049674402258,2.1942049674402258,-0.8600000000000001,3918.5754158638283,10.650951070501826,5.286264285924863,3.0453627948775224,91.32426270254807,10.423315998847038,0.0,0.0,0.0,0.0,0.0,0.0,0.0,0.0,0.0,43.173478588160066,18.405094737549014,12.586597235060536,6.103966387748303,5.106527394840706,0.0,0.0,5.316788604006331,0.0,44.37385011451287,0.0,35.89528683400505,0.0,0.0,5.316788604006331,0.0,0.0,0.0,17.25233461173697,6.544756405912575,0.0,31.246737983401033,30.33183534230805,0.0,0.0,0.0,32.26,0.0,5.106527394840706,0.0,6.103966387748303,6.041840829147961,19.386399651764595,18.405094737549014,0.0,18.19910120538483,17.449522740929552,0.0,0.0,0.0,0.0,13.222092466616276,1.2872902494331067,0.0,10.643869913706222,4.316423296170319,0.8636574074074074,0.0,0.5384615384615384,15,2,2,1,0,1,0,1,0,1,2,0,2,2,2,0,3,1,0,1,0,0,3.753582817008466,2,2.0797,61.54450000000005,0,1,1,0,0,0,0,0,0,0,0,0,0,0,0,0,1,0,0,0,0,0,0,0,0,0,0,0,0,0,0,0,0,0,1,0,0,0,0,0,0,0,0,0,0,0,0,0,0,0,0,0,0,0,0,0,0,0,0,0,0,0,0,0,0,0,0,0,0,0,0,0,0,0,0,0,0,0,0,0,0,0,0,0,0
9.784453577727387,9.784453577727387,0.15049792139077933,-0.15049792139077933,0.7915421742925234,26.466666666666665,205.30100000000002,186.14899999999997,205.146664228,82,0,0.06928111813633754,-0.39150688467631495,0.39150688467631495,0.06928111813633754,1.1333333333333333,1.8666666666666667,2.6,16.26833577631968,9.923057947297062,2.213342045241074,-2.2803812967295043,2.181278904621039,-2.410738604423521,5.139405762959026,0.0902464147172121,2.2942479015596184,1.8199942949185282,285.8472440283996,10.510225400620904,9.024199385760078,9.024199385760078,7.360173345306137,5.814494322312539,5.814494322312539,4.324797167582902,4.324797167582902,3.1406808648420967,3.1406808648420967,2.1942049674402258,2.1942049674402258,-0.8600000000000001,3918.5754158638283,10.650951070501826,5.286264285924863,3.0453627948775224,91.32426270254807,10.423315998847038,0.0,0.0,0.0,0.0,0.0,0.0,0.0,0.0,0.0,43.173478588160066,18.405094737549014,12.586597235060536,6.103966387748303,5.106527394840706,0.0,0.0,5.316788604006331,0.0,44.37385011451287,0.0,35.89528683400505,0.0,0.0,5.316788604006331,0.0,0.0,0.0,17.25233461173697,6.544756405912575,0.0,31.246737983401033,30.33183534230805,0.0,0.0,0.0,32.26,0.0,5.106527394840706,0.0,6.103966387748303,6.041840829147961,19.386399651764595,18.405094737549014,0.0,18.19910120538483,17.449522740929552,0.0,0.0,0.0,0.0,13.222092466616276,1.2872902494331067,0.0,10.643869913706222,4.316423296170319,0.8636574074074074,0.0,0.5384615384615384,15,2,2,1,0,1,0,1,0,1,2,0,2,2,2,0,3,1,0,1,0,0,3.753582817008466,2,2.0797,61.54450000000005,0,1,1,0,0,0,0,0,0,0,0,0,0,0,0,0,1,0,0,0,0,0,0,0,0,0,0,0,0,0,0,0,0,0,1,0,0,0,0,0,0,0,0,0,0,0,0,0,0,0,0,0,0,0,0,0,0,0,0,0,0,0,0,0,0,0,0,0,0,0,0,0,0,0,0,0,0,0,0,0,0,0,0,0,0
9.964453577727387,9.964453577727387,0.1609145880574463,-0.1609145880574463,0.765425186224746,26.3125,219.328,198.15999999999997,219.162314292,88,0,0.0692811100114556,-0.3915068847089101,0.3915068847089101,0.0692811100114556,1.0625,1.8125,2.625,16.268233905040546,10.058430072840832,2.199854617860553,-2.2135140202760684,2.178791894354744,-2.380865192760618,5.139235757995338,0.11911968994455649,2.52840164621999,1.8394751884641611,298.86346805296887,11.217332181807452,9.731306166946625,9.731306166946625,7.860173345306138,6.314494322312539,6.314494322312539,4.678350558176175,4.678350558176175,3.3906808648420967,3.3906808648420967,2.3709816627368627,2.3709816627368627,-0.8600000000000001,6826.684444793973,11.620307839244283,6.018956539575504,3.3232132225096773,97.6892048169447,10.423315998847038,0.0,0.0,0.0,0.0,0.0,0.0,0.0,0.0,0.0,49.59430021108608,18.405094737549014,12.586597235060536,6.103966387748303,5.106527394840706,0.0,0.0,5.316788604006331,0.0,50.79467173743888,0.0,35.89528683400505,0.0,0.0,5.316788604006331,0.0,0.0,0.0,17.25233461173697,6.544756405912575,0.0,37.667559606327046,30.33183534230805,0.0,0.0,0.0,32.26,0.0,5.106527394840706,0.0,12.145807216896262,0.0,19.386399651764595,24.825916360475023,0.0,6.06636706846161,29.58225687785277,0.0,0.0,0.0,0.0,13.442092466616275,1.2906916099773245,0.0,10.666423926051904,5.570467923280422,0.8636574074074074,0.0,0.5714285714285714,16,2,2,1,0,1,0,1,0,1,2,0,2,2,2,0,3,1,0,1,0,0,4.371382991306242,2,2.4698,66.16150000000005,0,1,1,0,0,0,0,0,0,0,0,0,0,0,0,0,1,0,0,0,0,0,0,0,0,0,0,0,0,0,0,0,0,0,1,0,0,0,0,0,0,0,0,0,0,0,0,0,0,0,0,0,0,0,0,0,0,0,0,0,0,0,0,0,0,0,0,0,0,0,0,0,0,0,0,0,0,0,0,0,0,0,0,0,0
9.964453577727387,9.964453577727387,0.1609145880574463,-0.1609145880574463,0.765425186224746,26.3125,219.328,198.15999999999997,219.162314292,88,0,0.0692811100114556,-0.3915068847089101,0.3915068847089101,0.0692811100114556,1.0625,1.8125,2.625,16.268233905040546,10.058430072840832,2.199854617860553,-2.2135140202760684,2.178791894354744,-2.380865192760618,5.139235757995338,0.11911968994455649,2.52840164621999,1.8394751884641611,298.86346805296887,11.217332181807452,9.731306166946625,9.731306166946625,7.860173345306138,6.314494322312539,6.314494322312539,4.678350558176175,4.678350558176175,3.3906808648420967,3.3906808648420967,2.3709816627368627,2.3709816627368627,-0.8600000000000001,6826.684444793973,11.620307839244283,6.018956539575504,3.3232132225096773,97.6892048169447,10.423315998847038,0.0,0.0,0.0,0.0,0.0,0.0,0.0,0.0,0.0,49.59430021108608,18.405094737549014,12.586597235060536,6.103966387748303,5.106527394840706,0.0,0.0,5.316788604006331,0.0,50.79467173743888,0.0,35.89528683400505,0.0,0.0,5.316788604006331,0.0,0.0,0.0,17.25233461173697,6.544756405912575,0.0,37.667559606327046,30.33183534230805,0.0,0.0,0.0,32.26,0.0,5.106527394840706,0.0,12.145807216896262,0.0,19.386399651764595,24.825916360475023,0.0,6.06636706846161,29.58225687785277,0.0,0.0,0.0,0.0,13.442092466616275,1.2906916099773245,0.0,10.666423926051904,5.570467923280422,0.8636574074074074,0.0,0.5714285714285714,16,2,2,1,0,1,0,1,0,1,2,0,2,2,2,0,3,1,0,1,0,0,4.371382991306242,2,2.4698,66.16150000000005,0,1,1,0,0,0,0,0,0,0,0,0,0,0,0,0,1,0,0,0,0,0,0,0,0,0,0,0,0,0,0,0,0,0,1,0,0,0,0,0,0,0,0,0,0,0,0,0,0,0,0,0,0,0,0,0,0,0,0,0,0,0,0,0,0,0,0,0,0,0,0,0,0,0,0,0,0,0,0,0,0,0,0,0,0
8.5533841962711,8.5533841962711,0.16731623204837498,0.16731623204837498,0.6171312932317708,11.454545454545455,154.253,136.10899999999998,154.135765196,64,0,0.06144351054774095,-0.39229736991721587,0.39229736991721587,0.06144351054774095,1.1818181818181819,1.8181818181818181,2.272727272727273,16.24949303726272,10.115647194314318,1.8616617021292279,-1.9603503485432394,2.049697450129432,-1.799849424909387,5.013361640224111,0.3412247385109317,1.8687620344865719,3.54438743137085,150.25571236699292,8.69023444431199,7.723234477438853,7.723234477438853,5.163902460147014,4.0636280067274635,4.0636280067274635,3.0532005505033757,3.0532005505033757,1.5310097978029482,1.5310097978029482,0.8464137068445395,0.8464137068445395,-0.56,203.69506175903632,10.44,6.1695841223704875,7.335554906673255,69.43875774522651,5.106527394840706,0.0,0.0,0.0,0.0,0.0,0.0,0.0,0.0,0.0,23.2982492738063,33.61285484492389,0.0,6.606881964512918,5.106527394840706,0.0,0.0,0.0,0.0,33.61285484492389,6.606881964512918,23.2982492738063,0.0,0.0,0.0,0.0,0.0,0.0,11.713409359353623,0.0,0.0,33.61285484492389,23.2982492738063,0.0,0.0,0.0,20.23,0.0,0.0,0.0,6.606881964512918,0.0,12.841643245852019,11.146209060138535,0.0,6.076020106833881,26.847231705905752,5.106527394840706,0.0,0.0,0.0,8.5533841962711,2.6312948790627364,0.0,0.0,6.2261451247165525,6.422509133282942,0.0,0.6,11,1,1,0,0,0,0,0,0,0,0,0,1,1,1,0,4,0,0,0,0,0,5.855496203413444,0,2.6714000000000016,49.50780000000003,0,1,1,0,0,0,0,0,0,0,0,0,0,0,0,0,0,0,0,0,0,0,0,0,0,0,3,0,0,0,0,0,0,0,0,0,0,0,0,0,0,0,0,0,0,0,0,0,0,0,0,0,0,0,0,0,0,0,0,0,0,0,0,0,0,0,0,0,0,0,0,0,0,0,0,0,0,0,0,0,0,0,0,0,0
8.715044757716043,8.715044757716043,0.16180687713561093,0.16180687713561093,0.6330301643827798,12.8125,222.37199999999996,196.16399999999996,222.198365452,92,0,0.06144351054775057,-0.39229736991721587,0.39229736991721587,0.06144351054775057,0.8125,1.3125,1.8125,16.249496682506496,10.06558613106343,1.9076571580867263,-2.003382924050414,2.1047624134746963,-1.820366262343556,5.047930176819149,0.34122360041960514,2.170474325643143,3.788179491871102,265.1595387832714,12.38890505706126,11.214798309001575,11.214798309001575,7.5577493102643665,6.114104822379414,6.114104822379414,4.642352500750139,4.642352500750139,2.562484212224506,2.562484212224506,1.4947151036533204,1.4947151036533204,-0.8200000000000001,2341.9417973689515,15.18,9.409141869664666,9.724281562263146,100.5738652850253,5.106527394840706,0.0,0.0,0.0,0.0,0.0,0.0,0.0,0.0,0.0,34.947373910709445,53.378235290466534,0.0,6.606881964512918,5.106527394840706,0.0,0.0,0.0,0.0,53.378235290466534,6.606881964512918,34.947373910709445,0.0,0.0,0.0,0.0,0.0,0.0,11.713409359353623,0.0,0.0,53.378235290466534,34.947373910709445,0.0,0.0,0.0,20.23,0.0,0.0,0.0,6.606881964512918,0.0,25.683286491704038,16.719313590207804,0.0,6.076020106833881,39.84698901243026,5.106527394840706,0.0,0.0,0.0,8.715044757716043,4.138583806915788,0.0,0.0,10.932299606558265,8.714071828809903,0.0,0.6,16,1,1,0,0,0,0,0,0,0,0,0,1,1,1,0,7,0,0,0,0,0,8.926923348844351,0,4.397900000000004,72.49880000000005,0,1,1,0,0,0,0,0,0,0,0,0,0,0,0,0,0,0,0,0,0,0,0,0,0,0,5,0,0,0,0,0,0,0,0,0,0,0,0,0,0,0,0,0,0,0,0,0,0,0,0,0,0,0,0,0,0,0,0,0,0,0,0,0,0,0,0,0,0,0,0,0,0,0,0,0,0,0,0,0,0,0,0,0,0
11.966273148148147,11.966273148148147,0.11962962962962953,0.11962962962962953,0.6659778501379551,21.142857142857142,194.31799999999996,172.14199999999997,194.167065324,80,0,0.158838983782978,-0.29453642167870825,0.29453642167870825,0.158838983782978,1.4285714285714286,2.0714285714285716,2.5714285714285716,16.13834400390063,9.704902647856663,2.3150054380414438,-2.330758674875598,2.404340803915978,-2.25554530705571,5.9686228049867465,-0.11635731316818936,2.017418642150895,2.9532825912894416,258.40912820819807,10.767584713501616,9.943782196396603,9.943782196396603,6.487199092348278,5.7218910981983,5.7218910981983,5.065943288176379,5.065943288176379,3.213007621715115,3.213007621715115,2.5906491799133935,2.5906491799133935,-0.5900000000000001,982.4828787274857,11.484571215510814,4.2883675352311,2.2562347094975608,87.58464431491913,0.0,0.0,5.783244946364939,0.0,0.0,0.0,4.794537184071822,0.0,0.0,0.0,26.34431612914114,43.595118690860716,6.4208216229260096,0.0,4.794537184071822,5.783244946364939,0.0,0.0,5.41499046939678,59.79905691339255,0.0,11.146209060138535,0.0,0.0,0.0,0.0,0.0,0.0,5.783244946364939,4.794537184071822,5.41499046939678,59.79905691339255,11.146209060138535,0.0,0.0,0.0,17.07,0.0,4.794537184071822,0.0,5.41499046939678,5.783244946364939,31.256391021773304,11.993926152995277,0.0,0.0,27.694948798762496,0.0,0.0,0.0,11.966273148148147,0.0,2.5828703703703706,0.3839814814814819,0.0,5.201270077475435,8.615604922524566,0.0,0.7692307692307693,14,0,1,1,0,1,0,0,0,0,0,0,1,0,1,0,3,0,0,0,0,0,3.517861596903296,1,3.8822000000000036,60.24700000000005,0,0,0,0,0,0,0,0,0,0,1,1,0,0,0,0,0,0,0,0,0,0,0,0,0,0,2,0,0,0,0,0,0,0,0,0,0,0,0,0,0,0,0,0,0,0,0,0,0,0,0,1,1,0,0,0,0,0,0,0,0,0,0,0,0,0,0,0,0,0,0,0,0,0,0,0,0,0,0,0,0,0,0,0,0
13.74763911197195,13.74763911197195,0.04157797146636444,-0.8726196381330311,0.4808305590838653,44.16129032258065,430.58500000000026,392.2810000000002,430.27192431599997,172,0,0.34131058096289935,-0.4902552426038555,0.4902552426038555,0.34131058096289935,1.032258064516129,1.6774193548387097,2.2903225806451615,16.525588952706478,9.422131232716126,2.662176611931564,-2.659653342301903,2.6768429137630156,-2.6452226336494933,6.2169439271485105,-0.22957797497554064,2.6989348420149026,1.8321767449868642,910.7581105889724,23.145899891012466,20.347791470857025,20.347791470857025,14.236705750657446,11.665848622516158,11.665848622516158,11.751294009054698,11.751294009054698,9.816581879778257,9.816581879778257,7.75349467204852,7.75349467204852,-1.6199999999999999,4581620.02401987,22.569549211208315,6.693128078219542,2.773849739333699,185.8046416205566,14.580253302440804,16.933320212709134,5.783244946364939,0.0,0.0,5.969305287951849,4.794537184071822,4.794537184071822,0.0,0.0,20.771211599071872,87.69315295848604,5.917906046161393,18.628754398422615,24.169327670584444,11.75255023431679,0.0,0.0,28.080783500513125,92.2752857111964,7.109797541277533,22.47847846186398,0.0,0.0,0.0,0.0,0.0,0.0,35.673892369167014,19.06280027574374,28.080783500513125,80.57026851246441,22.47847846186398,0.0,0.0,0.0,72.83000000000001,11.384295757348628,14.69560176298435,0.0,39.80925366012115,17.91183219915667,37.01555589342948,7.109797541277533,0.0,20.771211599071872,27.694948798762496,9.473725907600098,11.784828907981417,0.0,26.26355909588481,10.767250158635632,0.25856139872666795,0.5083590860331489,0.0,3.9536582802185247,14.640947376712393,1.3228356958074117,0.7692307692307693,31,1,5,3,1,4,0,0,0,0,6,0,5,1,5,1,1,2,1,3,0,0,4.872931727041809,4,4.7313000000000045,117.97980000000008,0,1,1,0,0,0,0,0,0,0,2,2,0,0,0,0,0,0,0,0,0,0,0,0,0,0,3,0,0,0,0,0,0,0,0,0,4,0,0,0,1,2,0,0,0,0,0,0,0,0,0,1,1,0,0,1,0,0,0,0,0,0,0,0,0,0,0,0,0,0,0,0,0,0,0,0,0,0,0,0,0,0,0,0,0
13.74763911197195,13.74763911197195,0.04157797146636444,-0.8726196381330311,0.4808305590838653,44.16129032258065,430.58500000000026,392.2810000000002,430.27192431599997,172,0,0.34131058096289935,-0.4902552426038555,0.4902552426038555,0.34131058096289935,1.032258064516129,1.6774193548387097,2.2903225806451615,16.525588952706478,9.422131232716126,2.662176611931564,-2.659653342301903,2.6768429137630156,-2.6452226336494933,6.2169439271485105,-0.22957797497554064,2.6989348420149026,1.8321767449868642,910.7581105889724,23.145899891012466,20.347791470857025,20.347791470857025,14.236705750657446,11.665848622516158,11.665848622516158,11.751294009054698,11.751294009054698,9.816581879778257,9.816581879778257,7.75349467204852,7.75349467204852,-1.6199999999999999,4581620.02401987,22.569549211208315,6.693128078219542,2.773849739333699,185.8046416205566,14.580253302440804,16.933320212709134,5.783244946364939,0.0,0.0,5.969305287951849,4.794537184071822,4.794537184071822,0.0,0.0,20.771211599071872,87.69315295848604,5.917906046161393,18.628754398422615,24.169327670584444,11.75255023431679,0.0,0.0,28.080783500513125,92.2752857111964,7.109797541277533,22.47847846186398,0.0,0.0,0.0,0.0,0.0,0.0,35.673892369167014,19.06280027574374,28.080783500513125,80.57026851246441,22.47847846186398,0.0,0.0,0.0,72.83000000000001,11.384295757348628,14.69560176298435,0.0,39.80925366012115,17.91183219915667,37.01555589342948,7.109797541277533,0.0,20.771211599071872,27.694948798762496,9.473725907600098,11.784828907981417,0.0,26.26355909588481,10.767250158635632,0.25856139872666795,0.5083590860331489,0.0,3.9536582802185247,14.640947376712393,1.3228356958074117,0.7692307692307693,31,1,5,3,1,4,0,0,0,0,6,0,5,1,5,1,1,2,1,3,0,0,4.872931727041809,4,4.7313000000000045,117.97980000000008,0,1,1,0,0,0,0,0,0,0,2,2,0,0,0,0,0,0,0,0,0,0,0,0,0,0,3,0,0,0,0,0,0,0,0,0,4,0,0,0,1,2,0,0,0,0,0,0,0,0,0,1,1,0,0,1,0,0,0,0,0,0,0,0,0,0,0,0,0,0,0,0,0,0,0,0,0,0,0,0,0,0,0,0,0
13.606729720437556,13.606729720437556,0.04157797146636444,-0.8726196381330311,0.6089335461817214,44.16129032258065,430.58500000000026,392.2810000000002,430.27192431599997,172,0,0.3411090350267589,-0.48962436948083404,0.48962436948083404,0.3411090350267589,1.032258064516129,1.6774193548387097,2.2903225806451615,16.53163393390321,9.42214747490075,2.662407803093418,-2.659262359066009,2.6770369496749753,-2.6451956031037525,6.087549562616021,-0.22966517912286813,2.70130867298991,1.8653405964297576,910.7581105889724,23.145899891012466,20.347791470857025,20.347791470857025,14.236705750657444,11.665848622516158,11.665848622516158,11.751294009054698,11.751294009054698,9.816581879778257,9.816581879778257,7.727979153894529,7.727979153894529,-1.6199999999999999,4597562.530020676,22.569549211208315,6.693128078219542,2.773849739333699,185.8046416205566,14.580253302440804,16.933320212709134,5.783244946364939,0.0,0.0,5.969305287951849,4.794537184071822,4.794537184071822,0.0,0.0,20.771211599071872,87.69315295848604,5.917906046161393,18.628754398422615,24.169327670584444,11.75255023431679,0.0,0.0,28.080783500513125,92.2752857111964,7.109797541277533,22.47847846186398,0.0,0.0,0.0,0.0,0.0,0.0,35.673892369167014,19.06280027574374,28.080783500513125,80.57026851246441,22.47847846186398,0.0,0.0,0.0,72.83000000000001,16.985346568332318,14.69560176298435,0.0,28.63509831906819,34.81720613095138,25.683286491704038,7.109797541277533,0.0,20.771211599071872,27.694948798762496,9.473725907600098,11.881444593607519,0.0,26.37669318980015,10.767250158635632,0.16182292555962374,0.6373684135295788,0.0,3.85288746089702,14.44626286864991,1.3762703893205686,0.7692307692307693,31,1,5,3,1,4,0,0,0,0,6,0,5,1,5,1,1,2,1,3,0,0,4.872931727041809,4,4.7313000000000045,117.97980000000008,0,1,1,0,0,0,0,0,0,0,2,2,0,0,0,0,0,0,0,0,0,0,0,0,0,0,2,0,0,0,0,0,0,0,0,0,4,0,0,0,1,2,0,0,0,0,0,0,0,0,0,1,1,0,0,1,0,0,0,0,0,0,0,0,0,0,0,0,0,0,0,0,0,0,0,0,0,0,0,0,0,0,0,0,0
13.747639111971951,13.747639111971951,0.04157797146636444,-0.8726196381330316,0.4808305590838653,44.16129032258065,430.58500000000026,392.28100000000023,430.27192431599997,172,0,0.34131058096289935,-0.4902552426038555,0.4902552426038555,0.34131058096289935,1.032258064516129,1.6774193548387097,2.2903225806451615,16.52558895270645,9.422131232716126,2.6621766119315704,-2.6596533423019126,2.676842913763007,-2.6452226336494933,6.216943927148517,-0.22957797497554147,2.6989348420149026,1.8321767449868642,910.7581105889724,23.145899891012462,20.347791470857025,20.347791470857025,14.236705750657443,11.665848622516156,11.665848622516156,11.751294009054698,11.751294009054698,9.816581879778258,9.816581879778258,7.75349467204852,7.75349467204852,-1.6199999999999999,4581620.02401987,22.569549211208315,6.693128078219542,2.773849739333699,185.80464162055662,14.580253302440804,16.933320212709134,5.783244946364939,0.0,0.0,5.969305287951849,4.794537184071822,4.794537184071822,0.0,0.0,20.771211599071872,87.69315295848604,5.917906046161393,18.628754398422615,24.169327670584444,11.75255023431679,0.0,0.0,28.080783500513125,92.2752857111964,7.109797541277533,22.47847846186398,0.0,0.0,0.0,0.0,0.0,0.0,35.673892369167014,19.06280027574374,28.080783500513125,80.57026851246441,22.47847846186398,0.0,0.0,0.0,72.83000000000001,11.384295757348628,14.69560176298435,0.0,39.80925366012115,17.91183219915667,37.01555589342948,7.109797541277533,0.0,20.771211599071872,27.694948798762496,9.473725907600098,11.784828907981417,0.0,26.26355909588481,10.767250158635632,0.25856139872666795,0.5083590860331464,0.0,3.9536582802185256,14.640947376712393,1.3228356958074117,0.7692307692307693,31,1,5,3,1,4,0,0,0,0,6,0,5,1,5,1,1,2,1,3,0,0,4.872931727041809,4,4.7313000000000045,117.97980000000008,0,1,1,0,0,0,0,0,0,0,2,2,0,0,0,0,0,0,0,0,0,0,0,0,0,0,3,0,0,0,0,0,0,0,0,0,4,0,0,0,1,2,0,0,0,0,0,0,0,0,0,1,1,0,0,1,0,0,0,0,0,0,0,0,0,0,0,0,0,0,0,0,0,0,0,0,0,0,0,0,0,0,0,0,0
12.931500782558459,12.931500782558459,0.011629818594104835,-0.5593082643283316,0.5561644188734121,44.51724137931034,402.53100000000023,368.2590000000002,402.24062418799997,160,0,0.341335925172702,-0.49278843702087594,0.49278843702087594,0.341335925172702,1.1379310344827587,1.793103448275862,2.4482758620689653,16.524989518977527,9.550463982513174,2.635577456493353,-2.502405540351976,2.6737457160349534,-2.4775000220393384,6.250623272950897,-0.13729120620836632,3.1774214585561964,1.7356186038669628,838.2090834023426,21.35300667219901,18.554898252043575,18.554898252043575,13.491871827671321,10.897897914823028,10.897897914823028,10.416287239910517,10.416287239910517,9.3373335283679,9.3373335283679,6.896684345131068,6.896684345131068,-1.62,2963136.1553911665,20.644648227997262,6.436797208262539,2.5522997356327846,173.07475739176346,14.580253302440804,17.43623578947375,5.783244946364939,0.0,0.0,5.969305287951849,4.794537184071822,4.794537184071822,0.0,0.0,13.847474399381248,69.78132075932936,17.408916622392056,18.628754398422615,24.169327670584444,11.75255023431679,0.0,0.0,22.16287745435173,85.35154851150578,7.109797541277533,22.47847846186398,0.0,0.0,0.0,0.0,0.0,0.0,36.17680794593163,19.06280027574374,22.16287745435173,73.14361573600918,22.47847846186398,0.0,0.0,0.0,72.83000000000001,11.384295757348628,14.69560176298435,0.0,34.394263190724374,11.49101057623066,49.857199139281505,7.109797541277533,6.923737199690624,6.923737199690624,20.771211599071872,9.473725907600098,11.531971214429017,0.0,25.27789993415049,10.19286431944073,1.0881237334044438,0.41287786203528454,0.0,5.470222796559982,10.457799011554423,1.3182411284256315,0.75,29,1,5,3,1,4,0,0,0,0,6,0,5,1,5,1,2,2,1,3,0,0,4.582255657914998,4,4.095200000000004,108.81580000000008,0,1,1,0,0,0,0,0,0,0,2,2,0,0,0,0,0,0,0,0,0,0,0,0,0,0,2,0,0,0,0,0,0,0,0,0,2,0,0,0,1,2,0,0,0,0,0,0,0,0,0,1,1,0,0,1,0,0,0,0,0,0,0,0,0,0,0,0,0,0,0,0,0,0,0,0,0,0,0,0,0,0,0,0,0
10.23059334845049,10.23059334845049,0.0740740740740744,-0.9861111111111114,0.6102585058580265,9.2,138.12199999999999,132.07399999999998,138.031694052,52,0,0.33518285963636446,-0.507966178790397,0.507966178790397,0.33518285963636446,1.2,1.7,2.1,16.365625068634984,10.201113101746596,1.9882437683342775,-1.9166997627553652,2.0822317313874907,-1.9337508130505283,5.8709903823159655,0.06966629916816969,1.8845053612018057,3.003400684579818,237.53306142431703,7.560477932315068,5.112076558222283,5.112076558222283,4.698377302757663,2.7227049457778083,2.7227049457778083,1.8520265887504572,1.8520265887504572,1.1142552863644086,1.1142552863644086,0.6040071144182831,0.6040071144182831,-1.5099999999999998,180.91251467537336,6.607785630153122,2.389632707443791,1.2539046385226678,57.54633483832936,10.213054789681411,5.749511833283905,0.0,0.0,0.0,5.969305287951849,0.0,4.794537184071822,0.0,0.0,0.0,24.26546827384644,0.0,5.563451491696996,15.007591973753234,5.969305287951849,0.0,0.0,0.0,0.0,0.0,29.828919765543436,0.0,5.749511833283905,0.0,0.0,5.749511833283905,0.0,16.182360077633263,0.0,0.0,10.357988675768818,24.26546827384644,0.0,0.0,0.0,57.53,5.969305287951849,4.794537184071822,0.0,11.3129633249809,0.0,0.0,24.26546827384644,0.0,0.0,0.0,10.213054789681411,0.0,0.0,10.23059334845049,17.13959183673469,0.17851851851851896,-0.912037037037037,5.363333333333333,0.0,0.0,0.0,0.0,10,2,3,0,0,0,0,1,0,1,0,0,2,2,3,0,1,0,0,0,0,0,1.579018066559098,1,1.0903999999999998,35.066100000000006,0,0,0,0,1,0,0,1,1,1,1,0,0,0,0,0,0,0,0,0,0,0,0,0,0,0,0,0,0,0,0,0,0,0,1,0,0,0,0,0,0,0,0,0,0,0,0,0,0,0,0,0,0,0,0,0,0,0,0,0,0,0,0,0,0,1,1,0,0,0,0,0,0,0,0,0,0,0,0,0,0,0,0,0,0
2.372446066478364,2.372446066478364,0.2911324244516714,0.2911324244516714,0.24351270202197942,21.95,536.8880000000004,480.4400000000004,536.438201792,216,0,-0.010398601996155476,-0.06957434981437802,0.06957434981437802,0.010398601996155476,0.5,0.825,1.175,14.316714479098074,9.723907724907102,2.2679466624551043,-2.325005656260693,2.413549582788343,-2.1852813154290454,5.385262812739836,0.3763601762640363,2.8498951244018684,1.885637979049954,1116.3830913843028,29.760937777247953,27.32554445577404,27.32554445577404,18.81420481774695,15.300964908321221,15.300964908321221,13.275418944133698,13.275418944133698,8.376528938581693,8.376528938581693,5.790498097469473,5.790498097469473,-2.8599999999999985,240732068.95568314,33.3470037553803,15.80332830428255,11.32405430008176,247.374697828212,0.0,0.0,0.0,0.0,0.0,0.0,0.0,0.0,0.0,0.0,146.19785747485247,102.04354293463193,0.0,0.0,0.0,0.0,0.0,0.0,10.82998093879356,107.7623017344623,0.0,129.64911773622848,0.0,0.0,0.0,0.0,0.0,0.0,0.0,0.0,10.82998093879356,107.7623017344623,129.64911773622848,0.0,0.0,0.0,0.0,0.0,0.0,0.0,0.0,10.82998093879356,0.0,71.96355691797167,11.146209060138535,0.0,154.30165349258058,0.0,0.0,0.0,0.0,0.0,11.726369575594607,0.0,0.0,38.394284900450245,22.712678857288495,0.0,0.45,40,0,0,2,0,2,0,0,0,0,0,0,0,0,0,0,10,0,0,0,0,0,13.174841207760448,2,12.605799999999977,181.3919999999994,0,0,0,0,0,0,0,0,0,0,0,0,0,0,0,0,0,0,0,0,0,0,0,0,0,0,22,0,0,0,0,0,0,0,0,0,0,0,0,0,0,0,0,0,0,0,0,0,0,0,0,0,0,0,0,0,0,0,0,0,0,0,0,0,0,0,0,0,0,0,0,0,0,0,0,0,0,0,0,0,0,0,0,0,0
11.394570814436886,11.394570814436886,0.0047606712438059695,-0.0047606712438059695,0.45785416344343327,23.88888888888889,252.39799999999988,224.17399999999995,252.208930136,104,0,0.30527751705292794,-0.4656750045230478,0.4656750045230478,0.30527751705292794,0.7222222222222222,1.2777777777777777,2.0,16.532358741718994,10.088261029628512,2.017568388163682,-2.042495628795861,2.0994375906964082,-2.050677195604506,5.686939934673668,-0.14343575699089917,2.373658209320554,2.17254413149647,233.25145951469779,12.891058768174391,11.6635852747321,11.6635852747321,8.893846850117352,7.7003067299130095,7.7003067299130095,5.201205485777605,5.201205485777605,3.4465364086206485,3.4465364086206485,2.2735357893951766,2.2735357893951766,-0.79,12271.812942187264,15.268105752469495,11.308930923954199,9.2618443529498,111.79301588761585,4.736862953800049,0.0,0.0,0.0,0.0,5.969305287951849,4.794537184071822,0.0,0.0,0.0,44.25614832829781,38.524929737556064,6.4208216229260096,6.606881964512918,9.53140013787187,5.969305287951849,0.0,0.0,0.0,77.04985947511214,6.606881964512918,12.152040213667762,0.0,0.0,0.0,0.0,0.0,0.0,12.576187252464766,9.53140013787187,0.0,77.04985947511214,12.152040213667762,0.0,0.0,0.0,26.3,0.0,4.794537184071822,0.0,5.969305287951849,13.027703587438928,25.683286491704038,44.94575136048208,0.0,0.0,12.152040213667762,4.736862953800049,5.214530029604434,0.0,11.394570814436886,0.0,0.0,-0.0047606712438059695,0.0,18.436940691400018,0.6253858024691358,0.0,0.8125,18,0,2,0,1,1,0,0,0,0,0,0,2,0,2,1,0,0,0,0,0,0,9.592552960794738,1,4.780600000000004,75.50300000000006,0,0,0,0,0,0,0,0,0,0,1,1,0,0,0,0,0,0,0,0,0,0,0,0,0,0,2,0,0,0,0,0,0,0,0,0,0,0,0,0,1,1,0,0,0,0,0,0,0,0,0,0,0,0,1,0,0,0,0,0,0,0,0,0,0,0,0,0,0,0,0,0,0,0,0,0,0,0,0,0,0,0,0,0,0
11.394570814436886,11.394570814436886,0.0047606712438059695,-0.0047606712438059695,0.45785416344343327,23.88888888888889,252.39799999999988,224.17399999999995,252.208930136,104,0,0.30527751705292794,-0.4656750045230478,0.4656750045230478,0.30527751705292794,0.7222222222222222,1.2777777777777777,2.0,16.532358741718994,10.088261029628512,2.017568388163682,-2.042495628795861,2.0994375906964082,-2.050677195604506,5.686939934673668,-0.14343575699089917,2.373658209320554,2.17254413149647,233.25145951469779,12.891058768174391,11.6635852747321,11.6635852747321,8.893846850117352,7.7003067299130095,7.7003067299130095,5.201205485777605,5.201205485777605,3.4465364086206485,3.4465364086206485,2.2735357893951766,2.2735357893951766,-0.79,12271.812942187264,15.268105752469495,11.308930923954199,9.2618443529498,111.79301588761585,4.736862953800049,0.0,0.0,0.0,0.0,5.969305287951849,4.794537184071822,0.0,0.0,0.0,44.25614832829781,38.524929737556064,6.4208216229260096,6.606881964512918,9.53140013787187,5.969305287951849,0.0,0.0,0.0,77.04985947511214,6.606881964512918,12.152040213667762,0.0,0.0,0.0,0.0,0.0,0.0,12.576187252464766,9.53140013787187,0.0,77.04985947511214,12.152040213667762,0.0,0.0,0.0,26.3,0.0,4.794537184071822,0.0,5.969305287951849,13.027703587438928,25.683286491704038,44.94575136048208,0.0,0.0,12.152040213667762,4.736862953800049,5.214530029604434,0.0,11.394570814436886,0.0,0.0,-0.0047606712438059695,0.0,18.436940691400018,0.6253858024691358,0.0,0.8125,18,0,2,0,1,1,0,0,0,0,0,0,2,0,2,1,0,0,0,0,0,0,9.592552960794738,1,4.780600000000004,75.50300000000006,0,0,0,0,0,0,0,0,0,0,1,1,0,0,0,0,0,0,0,0,0,0,0,0,0,0,2,0,0,0,0,0,0,0,0,0,0,0,0,0,1,1,0,0,0,0,0,0,0,0,0,0,0,0,1,0,0,0,0,0,0,0,0,0,0,0,0,0,0,0,0,0,0,0,0,0,0,0,0,0,0,0,0,0,0
12.592278964054758,12.592278964054758,0.009340986394557271,-4.440470403439154,0.8882248174804238,11.15,281.23299999999995,271.1529999999999,281.06636322,104,0,0.41598550592029687,-0.4775833405203052,0.4775833405203052,0.41598550592029687,1.05,1.75,2.4,19.413175915956792,10.126160472425743,2.2994114374506065,-2.117430036048074,2.3133808360119104,-2.0599501674575103,5.946497701856112,-0.13709750687143746,2.3823312318143866,2.337930511639871,638.3112969345251,14.75071237662706,10.10815745850851,10.10815745850851,9.376028663351637,5.6433951267312965,5.6433951267312965,4.054300008317402,4.054300008317402,2.6263777244767956,2.6263777244767956,1.7073931130953022,1.7073931130953022,-2.499999999999999,26005.527726485845,13.920745069393718,5.241818181818182,3.0853254437869824,112.22060579898074,10.423315998847038,0.0,0.0,0.0,0.0,12.145603805395325,0.0,4.794537184071822,13.171245143024459,0.0,18.19910120538483,30.33183534230805,5.687386274683562,16.814289258077554,23.07230972193699,17.344077837318974,0.0,0.0,0.0,6.176298517443475,5.316788604006331,59.65783953108687,0.0,0.0,5.316788604006331,24.546017692391587,0.0,0.0,11.075832682792555,6.176298517443475,0.0,15.921440167465814,48.53093654769288,0.0,0.0,0.0,49.33,17.70905529709232,17.96578232709628,0.0,16.93822404106412,0.0,12.13273413692322,24.26546827384644,12.13273413692322,0.0,5.316788604006331,5.106527394840706,37.776836892164276,0.0,11.018163422776519,11.693026108591585,-0.3953080120937249,-1.1527074278785594,10.583792753212396,-4.440470403439154,0.0,0.0,0.07142857142857142,20,2,3,0,0,0,0,2,0,2,0,0,2,2,6,0,3,0,0,0,0,0,3.64850073046019,2,4.147200000000001,68.12800000000001,0,0,0,0,1,0,0,0,1,1,1,0,0,0,0,0,1,0,0,0,0,0,0,0,0,3,0,0,0,2,0,0,0,0,2,0,0,0,0,0,0,0,0,0,3,0,0,0,0,0,0,0,0,0,0,0,0,0,0,0,0,0,0,0,1,0,0,0,0,0,0,0,0,0,0,0,0,0,0,0,0,0,0,0,0
9.81423611111111,9.81423611111111,0.03125000000000022,-0.03125000000000022,0.5667995799649954,53.45454545454545,154.25300000000001,136.10899999999998,154.135765196,64,0,0.06013839931464249,-0.39252958940800836,0.39252958940800836,0.06013839931464249,1.2727272727272727,1.9090909090909092,2.090909090909091,16.26932605561831,9.698639430141938,2.603256498984948,-2.362037715222968,2.6475384489843443,-2.3471430247304386,5.097907572055034,0.01264019963941318,2.1988013603871117,2.396254979141823,185.3117986128446,8.276020881938896,7.723234477438854,7.723234477438854,4.982998800364115,4.663847420921651,4.663847420921651,5.126253365490667,5.126253365490667,4.747957299492932,4.747957299492932,3.161512944719373,3.161512944719373,-0.04,358.4046217430992,7.600932428048904,1.8200897383602357,0.6583905214029607,68.80630150253658,5.106527394840706,0.0,0.0,0.0,0.0,0.0,0.0,0.0,0.0,0.0,20.771211599071872,36.010351853732985,0.0,6.103966387748303,5.106527394840706,0.0,0.0,0.0,16.747886984954953,46.1376428555982,0.0,0.0,0.0,0.0,0.0,0.0,0.0,0.0,11.210493782589008,0.0,16.747886984954953,40.0336764678499,0.0,0.0,0.0,0.0,20.23,0.0,5.106527394840706,0.0,11.518956857145081,5.41499046939678,12.338727669087403,12.841643245852019,0.0,0.0,20.771211599071872,0.0,0.0,0.0,0.0,9.81423611111111,0.6012731481481483,0.7800925925925923,0.0,3.5757870370370366,6.895277777777778,0.0,1.0,11,1,1,2,0,2,0,0,0,0,3,2,1,1,1,0,0,2,0,2,0,0,1.2576708285692146,2,2.1935000000000007,45.23580000000002,0,1,1,0,0,0,0,0,0,0,0,0,0,0,0,0,0,0,0,0,0,0,0,0,0,0,0,0,0,0,0,0,0,0,0,0,2,0,0,0,0,0,0,0,0,0,0,0,0,0,0,0,0,0,0,0,0,0,0,0,0,0,0,0,0,0,0,0,0,0,0,0,0,0,0,0,0,0,0,0,0,0,0,0,0
10.88393857079869,10.88393857079869,0.0025448790627364826,0.0025448790627364826,0.47866547415392324,23.75,170.25199999999995,152.10799999999998,170.130679816,70,0,0.30555643471556115,-0.46236353457298796,0.46236353457298796,0.30555643471556115,1.5,2.3333333333333335,3.0,16.544087699037103,10.028953471313132,2.1860012146346413,-2.2134385160246732,2.183764162720129,-2.226596597157676,5.696444858028818,-0.15354801483386848,2.050037828243418,2.0977277457256767,142.77400566229178,8.811554787871634,7.843594318423186,7.843594318423186,5.825698502695489,5.021107303566926,5.021107303566926,3.499878507023497,3.499878507023497,2.334765594877553,2.334765594877553,1.6030857830080363,1.6030857830080363,-0.53,571.9605540799137,9.557183958151702,5.175013037303056,3.244738765570308,74.29296623342044,4.736862953800049,6.103966387748303,0.0,0.0,0.0,5.969305287951849,4.794537184071822,0.0,0.0,0.0,19.765380445542643,25.683286491704038,6.4208216229260096,0.0,9.53140013787187,5.969305287951849,0.0,0.0,0.0,57.973454947921,0.0,0.0,0.0,0.0,0.0,0.0,0.0,0.0,12.073271675700152,9.53140013787187,0.0,51.8694885601727,0.0,0.0,0.0,0.0,26.3,0.0,4.794537184071822,0.0,12.073271675700152,6.4208216229260096,19.26246486877803,19.26246486877803,0.0,0.0,6.923737199690624,4.736862953800049,5.193945578231292,0.0,10.88393857079869,0.0,0.0,0.0025448790627364826,0.0,7.732189783320735,2.1873811885865457,0.0,0.9,12,0,2,0,1,1,0,0,0,0,1,0,2,0,2,1,4,0,1,1,0,0,4.121545965278224,1,2.6624000000000008,47.87300000000003,0,0,0,0,0,0,0,0,0,0,1,1,0,0,0,0,0,0,0,0,0,0,0,0,0,0,0,0,0,0,0,0,0,0,0,0,0,0,0,0,1,1,0,0,0,0,0,0,0,0,0,0,0,0,1,0,0,0,0,0,0,0,0,0,0,0,0,0,0,0,0,0,0,0,0,0,0,0,0,0,0,0,0,2,0
4.322158919123205,4.322158919123205,0.7073842592592593,0.7073842592592593,0.5594891083866828,52.93333333333333,204.35699999999997,180.16499999999996,204.187800768,84,0,-0.013574807206755213,-0.09955950308195431,0.09955950308195431,0.013574807206755213,1.3333333333333333,2.066666666666667,2.7333333333333334,14.698403555707442,9.47188119528325,2.6553186572680807,-2.5686009127733116,2.725140887285362,-2.5198855739586636,5.254274816561776,-0.07700117698951878,2.6196016310023493,1.9092042739276232,301.1601712439863,10.792528739883947,10.422285251880869,10.422285251880869,7.054366005410033,6.731216028204572,6.731216028204572,6.8073486413646505,6.8073486413646505,6.01070954375814,6.01070954375814,5.267269859391402,5.267269859391402,-0.26,3468.3525594471107,9.930246785113246,2.898095384632979,1.0367018914247688,94.14134413661012,0.0,0.0,0.0,0.0,0.0,0.0,0.0,0.0,0.0,0.0,32.923251812739636,60.68780719190778,0.0,0.0,0.0,0.0,0.0,0.0,35.00452070020374,46.454498090775914,0.0,12.152040213667764,0.0,0.0,0.0,0.0,0.0,0.0,0.0,0.0,35.00452070020374,46.454498090775914,12.152040213667764,0.0,0.0,0.0,0.0,0.0,0.0,0.0,0.0,5.41499046939678,29.589530230806965,25.683286491704038,5.573104530069267,0.0,27.35014728267037,0.0,0.0,0.0,0.0,0.0,2.3000000000000003,4.804097222222222,0.0,5.751614229024944,11.727621882086169,0.0,0.8666666666666667,15,0,0,3,0,3,0,0,0,0,5,0,0,0,0,0,1,3,0,3,0,1,1.9185868250802116,3,4.270900000000004,64.51300000000005,0,0,0,0,0,0,0,0,0,0,0,0,0,0,0,0,0,0,0,0,0,0,0,0,0,0,1,0,0,0,0,0,0,0,0,0,4,0,0,0,0,0,0,0,0,0,0,0,0,0,0,0,0,0,0,0,0,0,0,0,0,0,0,0,0,0,0,0,0,0,0,0,0,0,0,0,0,0,0,0,0,0,0,0,0
2.5281481481481483,2.5281481481481483,0.7472916666666667,0.7472916666666667,0.5594891083866828,52.46666666666667,204.35699999999997,180.16499999999996,204.187800768,84,0,-0.010404463015719956,-0.08470238001792556,0.08470238001792556,0.010404463015719956,1.3333333333333333,2.066666666666667,2.7333333333333334,14.752855017184512,9.699749994617832,2.714941058423181,-2.34669286570467,2.7737316083246917,-2.2695542496294063,5.347342134799908,0.14936386491805603,2.7492398888312324,1.9129064597613312,311.99999999999994,10.792528739883947,10.585421958697399,10.585421958697399,7.087058075861138,6.7537247425278055,6.7537247425278055,6.654361371567332,6.654361371567332,5.885870507929756,5.885870507929756,5.045088466962317,5.045088466962317,-0.26,4538.995056460365,9.930246785113246,2.898095384632979,1.0367018914247688,94.1413441366101,0.0,0.0,0.0,0.0,0.0,0.0,0.0,0.0,0.0,0.0,32.42033623597502,61.1907227686724,0.0,0.0,0.0,0.0,0.0,0.0,35.00452070020374,46.95741366754052,0.0,11.64912463690315,0.0,0.0,0.0,0.0,0.0,0.0,0.0,0.0,35.00452070020374,46.95741366754052,11.64912463690315,0.0,0.0,0.0,0.0,0.0,0.0,0.0,0.0,0.0,35.00452070020374,19.26246486877803,5.573104530069267,0.0,33.770968905596376,0.0,0.0,0.0,0.0,0.0,2.4689583333333336,4.95599537037037,0.0,6.907662037037038,9.750717592592594,0.0,0.8666666666666667,15,0,0,3,0,3,0,0,0,0,5,0,0,0,0,0,1,2,0,2,1,0,1.9185868250802116,3,4.270900000000004,64.51300000000005,0,0,0,0,0,0,0,0,0,0,0,0,0,0,0,0,0,0,0,0,0,0,0,0,0,0,2,0,0,0,0,0,0,0,0,0,1,0,0,0,0,0,0,0,0,0,0,0,0,0,0,0,0,0,0,0,0,0,0,0,0,0,0,0,0,0,0,0,0,0,0,0,0,0,0,0,0,0,0,0,0,0,0,0,0
2.5613888888888887,2.5613888888888887,0.7032638888888889,0.7032638888888889,0.5594891083866828,52.46666666666667,204.35699999999994,180.16499999999996,204.187800768,84,0,-0.011507889740043981,-0.08499127582072596,0.08499127582072596,0.011507889740043981,1.4,2.1333333333333333,2.7333333333333334,14.687002555606627,9.344466231899629,2.644751412701309,-2.6979553581777775,2.7129467496252135,-2.6338706857094203,5.2763138296278695,-0.18083685967491303,2.1714859161068127,1.9477443749547878,311.99999999999994,10.792528739883947,10.585421958697399,10.585421958697399,7.054366005410033,6.7210326720767,6.7210326720767,6.797722881483661,6.797722881483661,5.958408691748031,5.958408691748031,5.247908871691127,5.247908871691127,-0.26,2970.59273323412,9.930246785113246,2.898095384632979,1.0367018914247688,94.1413441366101,0.0,0.0,0.0,0.0,0.0,0.0,0.0,0.0,0.0,0.0,32.42033623597502,61.190722768672394,0.0,0.0,0.0,0.0,0.0,0.0,35.00452070020374,46.95741366754052,0.0,11.64912463690315,0.0,0.0,0.0,0.0,0.0,0.0,0.0,0.0,35.00452070020374,46.95741366754052,11.64912463690315,0.0,0.0,0.0,0.0,0.0,0.0,0.0,0.0,5.41499046939678,29.589530230806965,19.26246486877803,5.573104530069267,0.0,33.770968905596376,0.0,0.0,0.0,0.0,0.0,2.421180555555556,4.958078703703702,0.0,6.897800925925926,9.806273148148147,0.0,0.8666666666666667,15,0,0,3,0,3,0,0,0,0,5,4,0,0,0,0,1,2,0,2,0,2,1.9185868250802116,3,4.270900000000004,64.51300000000005,0,0,0,0,0,0,0,0,0,0,0,0,0,0,0,0,0,0,0,0,0,0,0,0,0,0,2,0,0,0,0,0,0,0,0,0,1,0,0,0,0,0,0,0,0,0,0,0,0,0,0,0,0,0,0,0,0,0,0,0,0,0,0,0,0,0,0,0,0,0,0,0,0,0,0,0,0,0,0,0,0,0,0,0,0
8.414410430839002,8.414410430839002,0.2719907407407407,0.2719907407407407,0.5577985638954323,13.875,134.244,120.13199999999998,134.076536068,50,0,0.04409901831959123,-0.39633422013705266,0.39633422013705266,0.04409901831959123,1.5,2.125,2.5,32.116995211273,10.186819848245172,1.9706098641669045,-2.0366317450636893,2.065671605651008,-1.9943840807510698,7.8048144935803645,0.28525224884341205,1.6750754835015291,2.919612641438553,41.79319390447952,6.405777393935816,5.300204584935733,6.1946317759356475,3.808060412490447,3.0980300178782727,3.614427797372595,1.954780573204528,2.6850773165447497,1.0842217596794175,1.6006195391737397,0.6265832772394088,1.000252220824495,0.31,50.25226450504587,8.310000000000002,5.446798905608757,4.468478605388275,56.51326201541032,5.106527394840706,0.0,0.0,0.0,0.0,0.0,0.0,0.0,12.628789148012991,0.0,13.344558822616634,12.841643245852019,11.856819994495092,0.0,5.106527394840706,12.628789148012991,0.0,0.0,0.0,31.436140098450828,6.606881964512918,0.0,0.0,0.0,0.0,0.0,0.0,12.628789148012991,16.963347389335798,0.0,0.0,26.186202068468653,0.0,0.0,0.0,0.0,20.23,0.0,0.0,0.0,6.606881964512918,5.249938029982174,19.26246486877803,0.0,0.0,0.0,19.552526347703616,5.106527394840706,0.0,4.230216049382716,0.0,8.821817838246409,0.0,0.0,0.0,3.1059413580246913,2.3975803099017385,0.0,1.0,8,1,1,0,0,0,0,0,0,0,1,0,2,2,2,0,4,0,0,0,0,1,5.657862363201098,0,1.4672999999999998,39.384800000000006,0,1,1,0,0,0,0,0,0,0,0,0,0,0,0,0,0,0,0,0,0,0,1,0,0,0,0,0,0,0,0,0,0,0,0,0,0,0,0,0,0,0,0,0,0,0,0,0,0,0,0,0,0,0,0,0,0,0,0,0,0,0,0,0,0,0,0,0,0,0,0,0,0,0,0,0,0,0,0,0,0,0,0,0,0
10.943172993766428,10.943172993766428,0.5565509259259258,-0.7553369341563785,0.7849558299886599,11.333333333333334,250.33799999999997,228.16199999999995,250.156894564,100,0,0.3085639988790408,-0.4933115604495353,0.4933115604495353,0.3085639988790408,1.3333333333333333,2.0,2.611111111111111,16.47732623242749,9.881754798035814,2.2566220608190846,-2.1854963050690954,2.234717956805362,-2.2365452756405624,5.7295291380664155,-0.14689527554703838,2.2836345978856696,2.4287441586455745,421.746932506919,13.759148545064338,11.617081327556205,11.617081327556205,8.326204387599239,6.262117485114515,6.262117485114515,5.41000245250466,5.41000245250466,3.1262839529157134,3.1262839529157134,1.6659795077777104,1.6659795077777104,-1.5100000000000002,6869.172870440094,14.550642813826562,5.894163180223425,4.058379110355047,108.7851832308131,9.843390348640755,5.749511833283905,0.0,0.0,0.0,5.969305287951849,4.794537184071822,0.0,0.0,0.0,12.13273413692322,57.72986209647011,0.0,12.021872433909698,14.637927532712578,5.969305287951849,0.0,0.0,5.41499046939678,40.53659204461451,6.606881964512918,29.32600418877882,0.0,5.749511833283905,4.736862953800049,0.0,5.749511833283905,0.0,17.682714647305474,4.794537184071822,19.26246486877803,37.81602062862726,18.19910120538483,0.0,0.0,0.0,46.53,11.384295757348628,4.794537184071822,0.0,0.0,13.027703587438928,17.733784947906912,5.563451491696996,13.847474399381248,25.980208536304467,6.06636706846161,9.843390348640755,5.699819538926681,0.0,10.943172993766428,8.997308435745484,1.6017847957084075,0.13645114218526921,6.096485226392108,1.3609906462585033,8.080653887683786,0.0,0.5333333333333333,18,1,3,0,0,0,0,1,0,1,0,0,2,1,3,0,6,0,0,0,0,0,4.7646590623243945,1,3.573240000000002,72.06180000000005,1,0,0,0,0,0,0,0,1,1,1,0,0,0,0,0,0,0,0,0,0,0,0,0,0,0,0,0,0,0,2,0,0,0,1,0,0,0,0,0,0,1,0,0,0,0,0,0,0,0,0,0,0,0,0,0,0,0,0,0,0,0,0,0,0,0,0,0,0,0,0,0,0,0,0,0,0,0,0,0,0,0,0,0,0
10.95424966961583,10.95424966961583,0.01122487501275371,-0.7861496063326869,0.7446503843941237,11.368421052631579,266.33699999999993,244.16099999999994,266.151809184,106,0,0.3085639988790408,-0.493309837349541,0.493309837349541,0.3085639988790408,1.368421052631579,2.0526315789473686,2.6315789473684212,16.477398201614772,9.88175148423397,2.256791611729501,-2.186008671184535,2.2367771721054104,-2.236589128363434,5.729534164415853,-0.14689622782841188,2.3598964848315243,2.4750495443160445,437.77175659029945,14.466255326250886,11.771401704242711,11.771401704242711,8.864209190060025,6.431898641724626,6.431898641724626,5.399014356787316,5.399014356787316,3.217767107600419,3.217767107600419,1.7015232678985601,1.7015232678985601,-1.5499999999999998,12101.549174216056,15.507306590257876,6.568483947457563,4.558446886373966,113.57941698300911,14.94991774348146,5.749511833283905,0.0,0.0,0.0,5.969305287951849,4.794537184071822,0.0,0.0,0.0,12.13273413692322,50.80612489677948,0.0,18.628754398422615,19.74445492755328,5.969305287951849,0.0,0.0,5.41499046939678,40.21973680943681,6.606881964512918,29.32600418877882,0.0,5.749511833283905,4.736862953800049,0.0,5.749511833283905,0.0,22.789242042146178,11.40141914858474,12.338727669087405,37.81602062862726,18.19910120538483,0.0,0.0,0.0,66.75999999999999,11.384295757348628,4.794537184071822,0.0,6.606881964512918,19.448525210364938,16.876414816677897,0.0,13.847474399381248,25.122838405075452,0.0,14.94991774348146,5.650375094482237,0.0,10.95424966961583,18.072891670301935,1.103605783362728,-0.03644486332437247,5.578846337503219,1.253139172335601,5.840003802389489,0.0,0.5333333333333333,19,2,4,0,0,0,0,1,0,1,0,0,3,2,4,0,7,0,0,0,0,0,5.361026021390091,1,2.7571200000000005,73.24760000000005,1,1,1,0,0,0,0,0,1,1,1,0,0,0,0,0,0,0,0,0,0,0,0,0,0,0,0,0,0,0,1,0,0,0,1,0,0,0,0,0,0,1,0,0,0,0,0,0,0,0,0,0,0,0,0,0,0,0,0,0,0,0,0,0,0,0,0,0,0,0,0,0,0,0,0,0,0,0,0,0,0,0,0,0,0
10.952872259147512,10.952872259147512,0.260981975192383,-0.7878162729993539,0.7753521739040403,11.368421052631579,266.33699999999993,244.16099999999994,266.151809184,106,0,0.3085639988790408,-0.507672065834176,0.507672065834176,0.3085639988790408,1.263157894736842,1.894736842105263,2.473684210526316,16.477454001330482,9.881746371148372,2.2570492659493864,-2.186618334724058,2.274358589289406,-2.2365574670342863,5.729570574834578,-0.14689638492921991,2.3021516201182175,2.5057475481791425,463.45853295188135,14.629392033067417,11.986944653866537,11.986944653866537,8.736887990122199,6.40239094953116,6.40239094953116,5.545242863550636,5.545242863550636,3.276143237340268,3.276143237340268,1.7331319196548958,1.7331319196548958,-1.71,10115.654218799447,15.34783689994216,5.9544053534163845,4.1564221157403605,113.57941698300912,14.94991774348146,11.49902366656781,0.0,0.0,0.0,5.969305287951849,4.794537184071822,0.0,0.0,0.0,0.0,63.796229164931724,0.0,12.021872433909698,19.74445492755328,5.969305287951849,0.0,0.0,5.41499046939678,40.53659204461451,6.606881964512918,23.259637120317212,0.0,11.49902366656781,4.736862953800049,0.0,11.49902366656781,0.0,22.789242042146178,4.794537184071822,19.26246486877803,37.81602062862726,12.13273413692322,0.0,0.0,0.0,66.75999999999999,11.384295757348628,9.901064578912528,0.0,5.749511833283905,19.448525210364938,16.876414816677897,0.0,25.980208536304467,13.847474399381248,0.0,9.843390348640755,5.643708427815571,0.0,10.952872259147512,18.54312234751313,0.9264555776014112,0.21245377853467695,3.4710895507894515,1.2471336451247166,7.586497746806865,0.0,0.5333333333333333,19,2,4,0,0,0,0,1,0,1,0,0,3,2,4,0,6,0,0,0,0,0,4.809854852651428,1,3.2788400000000015,73.72660000000005,1,0,0,0,0,0,0,1,1,1,1,0,0,0,0,0,0,0,0,0,0,0,0,0,0,0,0,0,0,0,2,0,0,0,1,0,0,0,0,0,0,1,0,0,0,0,0,0,0,0,0,0,0,0,0,0,0,0,0,0,0,0,0,0,0,1,1,0,0,0,0,0,0,0,0,0,0,0,0,0,0,0,0,0,0
10.952872259147512,10.952872259147512,0.1772831763878393,-0.9982772840668759,0.7500628736355515,11.15,280.31999999999994,260.15999999999997,280.13107374,110,0,0.33531819370841487,-0.49329461137629815,0.49329461137629815,0.33531819370841487,1.25,1.9,2.45,16.477563719076013,9.881749631327093,2.2572638225725563,-2.185425186244826,2.237102302110478,-2.2366693727817117,5.8775952772852635,-0.14690053053361649,2.3554260683678505,2.561477501650426,504.98537883609254,15.336498814253964,11.972543213520026,11.972543213520026,9.236887990122199,6.4398484280964245,6.4398484280964245,5.42647988231833,5.42647988231833,3.217732411005015,3.217732411005015,1.6917918010020723,1.6917918010020723,-2.04,17072.12814353018,16.01567928730512,6.410357430300499,4.258914868288515,117.7409390830529,14.94991774348146,5.749511833283905,0.0,0.0,0.0,11.938610575903699,4.794537184071822,4.794537184071822,0.0,0.0,6.06636706846161,51.3090404735441,0.0,17.585323925606694,24.538992111625106,11.938610575903699,0.0,0.0,5.41499046939678,33.61285484492389,6.606881964512918,29.32600418877882,0.0,5.749511833283905,4.736862953800049,0.0,5.749511833283905,0.0,28.758547330098025,4.794537184071822,12.338727669087405,42.610557812699085,18.19910120538483,0.0,0.0,0.0,83.83000000000001,17.35360104530048,9.589074368143644,0.0,5.563451491696996,25.198037043648842,5.563451491696996,12.13273413692322,19.913841467842857,6.923737199690624,0.0,14.94991774348146,5.546486205593348,0.0,21.83290365627171,17.91179203761139,0.2549740961199296,-1.3042159490441405,4.706392633799515,1.0932949105568153,5.541705742424763,0.0,0.4666666666666667,20,2,5,0,0,0,0,1,0,1,0,0,3,2,5,0,7,0,0,0,0,0,5.133311436034308,1,2.963020000000001,74.28410000000004,1,0,0,0,1,0,0,0,2,2,2,0,0,0,0,0,0,0,0,0,0,0,0,0,0,0,0,0,0,0,1,0,0,0,1,0,0,0,0,0,0,1,0,0,0,0,0,0,0,0,0,0,0,0,0,0,0,0,0,0,0,0,0,0,0,0,0,0,0,0,0,0,0,0,0,0,0,0,0,0,0,0,0,0,0
12.560524656653806,12.560524656653806,0.3844758576193459,-1.8447305515749919,0.3524195249711736,26.833333333333332,426.46200000000005,396.22200000000015,426.18898253999987,168,0,0.33533541112261867,-0.49331156044674845,0.49331156044674845,0.33533541112261867,1.1,1.7666666666666666,2.4,16.724096599739415,9.877535811883378,2.4896416342611394,-2.386043769487256,2.2885333932022562,-2.605541148396587,5.760909421518062,-0.28846476294547047,2.672545574256908,1.897082786087866,760.8439745238408,22.637463722575188,17.570218331395797,17.570218331395797,13.935265292879865,9.774077693934556,9.774077693934556,8.245247520718792,8.245247520718792,5.136088875139681,5.136088875139681,3.0754934493498682,3.0754934493498682,-2.2,2233130.9760287357,24.072955246913583,9.738378897720327,5.6918732782369155,174.74031857930905,34.63669844076296,24.061410996528814,6.103966387748303,6.290026729335213,0.0,11.938610575903699,4.794537184071822,4.794537184071822,0.0,0.0,12.13273413692322,57.72986209647011,0.0,12.021872433909698,44.225772808906605,11.938610575903699,0.0,0.0,5.41499046939678,71.24248432494292,6.606881964512918,29.32600418877882,0.0,5.749511833283905,4.736862953800049,0.0,5.749511833283905,0.0,69.67749440010786,19.06280027574374,19.26246486877803,37.81602062862726,18.19910120538483,0.0,0.0,0.0,142.75000000000003,48.05949332562889,24.90865655266576,0.0,0.0,19.448525210364938,16.876414816677897,0.0,13.847474399381248,32.046575604766076,0.0,19.31711625624085,15.903621353563494,0.0,23.70995963650488,38.56923071930367,1.1132749051240802,-1.4956174878687083,5.903031916409441,-8.03653511429725,7.5830340712603945,0.0,0.6190476190476191,30,4,9,0,1,1,0,1,0,1,5,0,8,4,9,1,8,0,1,1,0,5,7.814385312743636,2,0.9240399999999995,104.83520000000004,1,3,3,0,0,0,0,0,1,1,2,1,0,0,0,0,0,0,0,0,0,0,0,0,0,0,0,0,0,0,2,0,0,0,1,0,0,0,0,0,1,3,0,0,0,0,0,0,0,0,0,0,0,0,0,0,0,0,0,0,0,0,0,0,0,0,0,0,0,0,0,0,0,0,0,0,0,0,0,0,0,0,0,0,0
3.8452777777777776,3.8452777777777776,0.4240277777777778,0.4240277777777778,0.4976928911715465,30.384615384615383,245.20399999999995,224.03599999999997,244.082662772,76,0,0.023361317323062333,-0.08813360702714276,0.08813360702714276,0.023361317323062333,1.5384615384615385,2.3076923076923075,2.8461538461538463,79.9187333204849,9.766781310094089,2.2955590460277406,-2.3364078934849277,2.393858190095917,-2.267285935139839,9.092606665048573,0.3404745464570469,2.1507212520041787,2.4647877030504373,173.9632901226748,9.734204518682008,8.852655967697391,10.438652506812096,6.188487256621397,5.506058245466499,6.421733774258189,4.410181034663804,5.51549917483483,3.111528203618785,4.615276676817183,2.010804996651282,2.716076654868744,0.21999999999999997,868.8913858096882,11.295642965204237,5.187888404618244,3.1218403887602353,90.92572770612011,0.0,0.0,0.0,0.0,0.0,0.0,0.0,0.0,0.0,0.0,54.77110175685037,31.09827696110082,4.827174070296812,0.0,0.0,15.929943897949348,0.0,0.0,5.41499046939678,57.199578207234126,0.0,12.152040213667762,0.0,0.0,0.0,0.0,0.0,15.929943897949348,4.827174070296812,0.0,5.41499046939678,52.37240413693732,12.152040213667762,0.0,0.0,0.0,0.0,0.0,0.0,0.0,0.0,10.242164539693592,0.0,38.524929737556064,0.0,0.0,41.92945851099836,0.0,0.0,3.8452777777777776,0.6773148148148147,0.0,0.4240277777777778,0.0,0.0,12.737407801083398,4.649305161879567,0.0,0.8333333333333334,13,0,0,1,0,1,0,0,0,0,2,0,0,0,1,0,4,0,0,0,0,0,4.507733473991592,1,4.686500000000004,63.338000000000044,0,0,0,0,0,0,0,0,0,0,0,0,0,0,0,0,0,0,0,0,0,0,0,0,0,1,2,0,0,0,0,0,0,0,0,0,0,0,0,0,0,0,0,0,1,0,0,0,0,0,0,0,0,0,0,0,0,0,0,0,0,0,0,0,0,0,0,0,0,0,0,0,0,0,0,0,0,0,0,0,0,0,0,1,0
9.436064814814815,9.436064814814815,0.4086111111111119,-0.4086111111111119,0.6909601393063742,12.909090909090908,170.639,159.551,170.049842652,60,0,0.08009710030738193,-0.3883762463312252,0.3883762463312252,0.08009710030738193,1.2727272727272727,1.9090909090909092,2.4545454545454546,35.49566274492652,10.086892974671175,2.0337887737120233,-2.068261094051094,2.151450168931086,-1.9635878513492442,6.1738496534923515,0.17443510880541246,2.066172828612932,2.610675164103469,197.9775235394922,8.104448006685086,6.203493246020036,6.959422192038491,5.342535255101096,3.633067159241221,4.16758964306607,2.404138749562954,2.782103222572181,1.5668919075963337,1.7851097978323263,0.9452041217422804,1.15190307415513,-0.53,380.17580046477946,8.565510983763133,4.369018590889185,2.5237952602171454,71.62372944176448,5.106527394840706,0.0,0.0,0.0,0.0,0.0,0.0,0.0,0.0,11.600939890232516,30.33183534230805,11.984273114623004,5.880003444970339,6.103966387748303,5.106527394840706,11.600939890232516,0.0,0.0,0.0,12.524788010674312,5.880003444970339,35.89528683400505,0.0,0.0,0.0,0.0,0.0,11.600939890232516,10.986530839811046,0.0,0.0,18.08823950237131,30.33183534230805,0.0,0.0,0.0,20.23,6.103966387748303,5.106527394840706,0.0,0.0,12.300825067896348,5.563451491696996,0.0,0.0,30.33183534230805,0.0,11.600939890232516,0.0,5.486283541194255,0.0,9.436064814814815,0.9381018518518522,0.4960922146636435,9.546543997228522,0.20802469135802404,0.0,0.0,0.3333333333333333,11,1,1,0,0,0,0,1,0,1,1,0,1,1,2,0,3,0,0,0,0,0,3.4020797025933307,1,2.3489000000000004,46.738800000000026,0,1,1,0,0,0,0,0,0,0,0,0,0,0,0,0,0,0,0,0,0,0,0,0,0,1,0,0,0,0,0,0,0,0,1,0,0,0,0,0,0,0,0,0,1,0,0,0,0,0,0,0,0,0,0,0,0,0,0,0,0,0,0,0,0,0,0,0,0,0,0,0,0,0,0,0,0,0,0,0,0,0,0,0,0
10.533614890400605,10.533614890400605,1.0233654572940287,-1.9005092592592596,0.48794690010747666,14.666666666666666,178.13999999999996,168.05999999999997,178.04773804,70,0,0.3375858213848216,-0.46700857410915075,0.46700857410915075,0.3375858213848216,1.0,1.25,1.4166666666666667,16.55436879334554,10.19201096547228,2.3109207480725646,-2.120303332178039,1.9724937532387306,-2.40419139741406,5.8450411342275395,-0.16920099093794871,2.1228001749259824,4.1781030147917555,156.8771237954945,9.723614639131599,6.68212089123462,6.68212089123462,5.540111220059325,3.060074543872734,3.060074543872734,1.9359940980020278,1.9359940980020278,1.1844241632159693,1.1844241632159693,0.4992909062048918,0.4992909062048918,-1.14,358.753229562491,10.86,4.680178546809884,2.4787983313075466,68.70256376330589,19.68678069728151,0.0,12.207932775496605,0.0,0.0,11.938610575903699,0.0,9.589074368143644,0.0,0.0,0.0,0.0,0.0,14.219595082555067,29.27585506542515,11.938610575903699,0.0,0.0,0.0,12.207932775496605,14.219595082555067,0.0,0.0,0.0,0.0,0.0,0.0,0.0,48.57919322363678,19.06280027574374,0.0,0.0,0.0,0.0,0.0,0.0,93.06,24.146543351400304,9.589074368143644,0.0,0.0,0.0,14.219595082555067,0.0,0.0,0.0,9.473725907600098,10.213054789681411,8.142150415721844,0.0,21.06722978080121,17.724722222222223,0.0,-2.179814814814814,0.0,-3.8010185185185192,0.0,2.0467309145880574,0.6666666666666666,12,2,6,0,0,0,0,0,0,0,2,0,6,2,6,0,3,0,0,0,0,0,4.235561584862945,0,-1.9457999999999995,36.0456,0,2,2,0,0,0,0,0,0,0,2,2,0,0,0,0,0,0,0,0,0,0,0,0,0,0,0,0,0,0,0,0,0,0,0,0,0,0,0,0,2,2,0,0,0,0,0,0,0,0,0,0,0,0,0,2,0,0,0,0,0,0,0,0,0,0,0,0,0,0,0,0,0,0,0,0,0,0,0,0,0,0,0,0,0
10.64555933484505,10.64555933484505,0.6718518518518521,-1.3372222222222223,0.6450069011729174,13.0,155.22200000000004,146.14999999999998,155.040484908,54,0,0.12163877900133359,-0.24758620062423248,0.24758620062423248,0.12163877900133359,1.3,1.8,2.2,32.20252877523113,10.240387518477457,1.9351167355676504,-1.9402978692111104,2.0361310263879124,-2.012512561546893,7.822802728872953,0.6841100518937415,1.8845053612018057,3.003400684579818,242.2879489264805,7.560477932315068,5.703247926875856,6.519744507803582,4.698377302757663,2.927860277340033,4.140846421928261,2.1104620379811707,3.1766855755642607,1.253290751300597,1.9900718949822902,0.6723922249390247,1.0767209398017674,-0.67,180.91251467537336,7.437181136120043,2.9439253786615573,1.6529171884118818,62.64586764511069,0.0,10.98560705989439,0.0,0.0,0.0,0.0,0.0,9.34787222977241,0.0,0.0,17.696185628620217,19.056471336613843,0.0,4.895483475517775,4.208898492164469,10.98560705989439,0.0,0.0,5.138973737607942,11.819220675208399,0.0,29.828919765543436,0.0,0.0,5.138973737607942,0.0,0.0,0.0,4.208898492164469,10.98560705989439,6.923737199690624,5.563451491696996,29.160951749364216,0.0,0.0,0.0,43.09,10.98560705989439,4.208898492164469,0.0,0.0,4.895483475517775,5.563451491696996,0.0,12.13273413692322,19.056471336613843,0.0,5.138973737607942,10.64555933484505,0.0,0.6718518518518521,5.136001511715797,1.1474074074074077,0.0,7.316543209876543,0.0,1.9754144620811287,-1.3372222222222223,0.14285714285714285,10,2,2,0,0,0,0,1,0,1,1,0,1,1,3,0,1,0,0,0,0,1,2.1894506292326787,1,0.9763200000000001,41.77480000000001,0,0,0,0,0,0,0,0,0,0,0,0,0,0,0,0,0,1,0,0,0,0,0,0,0,0,0,0,0,0,1,0,0,0,1,0,0,0,0,0,0,0,0,0,0,0,0,0,0,0,0,0,0,0,0,0,0,0,0,0,0,0,0,0,0,0,0,0,0,0,0,0,0,0,0,0,0,0,0,0,0,0,0,0,0
9.099289493575208,9.099289493575208,0.3675000000000008,-0.3675000000000008,0.7394738643780492,13.1,201.063,191.99099999999999,199.983677008,54,0,0.07614525709611196,-0.3887122184013657,0.3887122184013657,0.07614525709611196,1.3,1.8,2.2,79.91873096516554,10.135642459276598,1.9697445758772278,-2.0192079610885587,2.149752485362148,-1.8809220770281494,9.102990323720608,0.19905375355245528,1.8845053612018057,2.893762783606677,203.0025054923936,7.560477932315068,5.711929414457314,7.297925953572019,4.698377302757663,3.134573735082132,3.9275720046394844,2.227524692784881,3.1432002215765698,1.352409625359355,1.8810751383975899,0.7412967108530579,1.0056294673721753,-0.3400000000000001,180.91251467537336,7.763519668737061,3.1703559119416806,1.820856954826373,68.82306870612756,5.106527394840706,0.0,0.0,0.0,0.0,0.0,0.0,0.0,0.0,0.0,28.06267803487257,24.619922828310838,4.472719515832414,6.103966387748303,5.106527394840706,15.929943897949348,0.0,0.0,0.0,13.027703587438927,0.0,34.30163928137585,0.0,0.0,0.0,0.0,0.0,15.929943897949348,5.106527394840706,0.0,0.0,18.591155079135923,28.738187789678854,0.0,0.0,0.0,20.23,0.0,0.0,0.0,6.103966387748303,0.0,10.03617100752941,0.0,6.923737199690624,24.26546827384644,15.929943897949348,5.106527394840706,1.0387962962962964,3.31291477702192,0.0,9.099289493575208,0.9474074074074077,0.0,7.6325462962962956,-0.3675000000000008,1.753212396069539,0.0,0.25,10,1,1,0,0,0,0,1,0,1,1,0,1,1,2,0,1,0,0,0,0,1,2.4613120479256057,1,2.5024000000000006,44.77580000000002,0,1,1,0,0,0,0,0,0,0,0,0,0,0,0,0,0,0,0,0,0,0,0,0,0,0,0,0,0,0,0,0,0,0,1,0,0,0,0,0,0,0,0,0,1,0,0,0,0,0,0,0,0,0,0,0,0,0,0,0,0,0,0,0,0,0,0,0,0,0,0,0,0,0,0,0,0,0,0,0,0,0,0,0,0
12.345866087175612,12.345866087175612,0.012366780045351744,-0.2244387755102044,0.7975553900772502,22.761904761904763,304.415,284.255,304.12454887999996,112,0,0.23361449528151035,-0.3942302829133882,0.3942302829133882,0.23361449528151035,1.380952380952381,2.142857142857143,2.857142857142857,32.166674550072095,10.037298875028185,2.3042711804586054,-2.263337031333906,2.362199243522643,-2.455404276662905,8.002116332526077,-0.12181251996369347,2.786484451930152,2.1046232541094336,665.3407706389332,14.982763184195939,12.219375623128164,13.035872204055888,10.096555450524587,7.272962698489055,8.15261550974395,5.852940037748545,7.004758375979349,3.900495732838809,5.497000828463888,2.7888483724826605,3.994458262097754,-1.4600000000000002,76123.96874227983,14.476134884117906,5.733839470286446,2.675493442215132,127.8646618951032,15.407294519794245,0.0,0.0,5.907179729351506,0.0,0.0,4.794537184071822,0.0,0.0,0.0,43.80846055415719,23.96854622924601,10.902924932081056,22.924620802312294,9.901064578912528,28.571989610823678,0.0,10.30076712495354,5.917906046161393,36.586034860106636,6.606881964512918,29.828919765543436,0.0,0.0,5.316788604006331,0.0,0.0,11.761884949391115,33.896346468782475,11.21535880699783,5.917906046161393,19.410925891078243,29.29142825251568,0.0,10.902924932081056,0.0,65.12,0.0,9.901064578912528,0.0,29.72374659915595,6.4208216229260096,10.542660696285502,10.949675706161791,11.761884949391115,18.19910120538483,30.214608592796395,0.0,0.0,1.5964011715797428,15.78105788611741,14.614943704333587,2.281337868480726,0.24079743008314436,7.939990236835474,0.6521844293272866,4.059953939909297,0.0,0.4375,21,3,4,0,1,1,1,1,1,2,2,0,3,3,5,2,2,0,0,0,0,0,3.952563503606941,3,2.3177999999999996,85.50220000000003,0,1,1,0,0,1,1,0,0,0,1,1,0,0,0,0,2,0,0,0,0,1,0,0,0,0,0,1,0,0,0,0,0,0,1,0,3,0,0,0,0,0,0,0,0,0,0,0,0,0,0,0,0,0,0,0,0,0,0,0,0,0,0,0,1,0,0,0,0,0,0,0,0,0,0,1,0,0,0,0,0,0,0,0,0
13.085519024918149,13.085519024918149,0.0191859174225244,-0.5647086472329976,0.4808305590838653,44.16129032258065,430.58500000000026,392.2810000000002,430.2719243159999,172,0,0.3413359068695843,-0.49026129978267086,0.49026129978267086,0.3413359068695843,1.064516129032258,1.7096774193548387,2.3225806451612905,16.525445918634755,9.421452844209231,2.6540757776150086,-2.663099326063982,2.682392978037928,-2.639322643498833,6.25042273906546,-0.2281082750387902,2.6989348420149026,1.8435948412970389,910.7581105889724,23.145899891012466,20.34779147085703,20.34779147085703,14.236705750657446,11.665848622516158,11.665848622516158,11.751294009054696,11.751294009054696,9.921189791426187,9.921189791426187,7.8138900779978195,7.8138900779978195,-1.6199999999999999,4581620.02401987,22.569549211208315,6.693128078219542,2.773849739333699,185.8046416205566,14.580253302440804,16.93332021270913,5.783244946364939,0.0,0.0,5.969305287951849,4.794537184071822,4.794537184071822,0.0,0.0,20.771211599071872,82.12004842841677,16.90600104562744,13.213763929025836,24.169327670584444,11.75255023431679,0.0,0.0,28.080783500513128,92.2752857111964,7.109797541277533,22.47847846186398,0.0,0.0,0.0,0.0,0.0,0.0,35.673892369167014,19.06280027574374,28.080783500513128,80.57026851246441,22.47847846186398,0.0,0.0,0.0,72.83000000000001,11.384295757348628,14.69560176298435,0.0,39.80925366012115,11.49101057623066,43.436377516355485,7.109797541277533,6.923737199690624,6.923737199690624,34.61868599845312,9.473725907600098,11.784828907981417,0.0,25.601439008831008,10.782527936413407,0.4443327874142722,0.5497481911727043,0.0,4.216112893606581,14.7981745787732,1.3228356958074117,0.7692307692307693,31,1,5,3,1,4,0,0,0,0,6,0,5,1,5,1,1,2,1,3,0,0,4.872931727041809,4,4.7313000000000045,117.97980000000008,0,1,1,0,0,0,0,0,0,0,2,2,0,0,0,0,0,0,0,0,0,0,0,0,0,0,2,0,0,0,0,0,0,0,0,0,4,0,0,0,1,2,0,0,0,0,0,0,0,0,0,1,1,0,0,1,0,0,0,0,0,0,0,0,0,0,0,0,0,0,0,0,0,0,0,0,0,0,0,0,0,0,0,0,0
12.303109410430839,12.303109410430839,0.08818594104308364,-0.706064814814815,0.7717915307026936,11.85,279.336,258.16799999999995,279.147058152,110,0,0.32817794243626075,-0.46747856729214543,0.46747856729214543,0.32817794243626075,1.2,1.75,2.2,16.52582195106583,10.058963206204652,2.2937328333591216,-2.2972322429283025,2.2663877080318215,-2.459246525269915,6.007366946556991,-0.14291316513643035,2.411998841180752,3.29996676443239,478.3969225140251,15.284092571446669,12.596714615300463,12.596714615300463,9.433958070176677,6.386552366699458,6.386552366699458,4.636302366511686,4.636302366511686,3.1464961206687567,3.1464961206687567,2.188969186749118,2.188969186749118,-1.8799999999999994,21042.27789046088,16.175187637969096,7.050088441721775,3.35960302457467,119.0258504783711,9.473725907600098,12.648722793660879,0.0,0.0,5.907179729351506,5.969305287951849,9.694446914922299,4.794537184071822,0.0,0.0,18.19910120538483,31.898114582465862,7.109797541277533,12.797183815961095,19.06280027574374,17.563871291986917,0.0,0.0,0.0,26.813052428219834,25.726386777918464,29.32600418877882,0.0,0.0,4.899909730850478,5.687386274683562,0.0,0.0,38.74480289351931,19.06280027574374,13.847474399381248,18.050640183084614,18.19910120538483,0.0,0.0,0.0,55.84,12.011146117099809,9.589074368143644,0.0,12.514061693864424,0.0,16.814289258077554,19.119504813405545,6.923737199690624,32.046575604766076,0.0,9.473725907600098,9.654904572940286,0.0,25.54848828420257,0.0,2.572094671201815,-0.7361980347694626,5.010981670445956,0.0,5.3603297430083146,2.7560657596371883,0.4666666666666667,20,0,5,0,0,0,1,1,0,1,1,0,4,0,5,0,5,0,0,0,0,0,5.701825170456344,1,1.8443399999999999,76.75600000000004,0,0,0,0,0,0,0,0,0,0,2,2,0,0,0,1,0,0,0,0,0,0,0,0,0,0,0,1,0,1,2,0,0,0,1,0,0,0,0,0,1,2,0,0,0,0,0,0,0,0,0,0,0,0,0,2,0,0,0,0,0,0,0,0,1,0,0,0,0,0,0,0,0,0,0,0,0,0,0,0,0,0,0,0,0
12.18751133786848,12.18751133786848,0.022278911564625803,-0.08776234567901198,0.7507170326024228,12.263157894736842,283.799,261.623,283.13390662399996,106,0,0.2417515170158824,-0.382547052258071,0.382547052258071,0.2417515170158824,1.4736842105263157,2.1578947368421053,2.6842105263157894,35.49566342254664,10.02985594500341,2.2403174690852534,-2.3121693733409683,2.2768940155570188,-2.4261640482888294,6.291300097796985,-0.1164774160274155,2.4037621030357434,3.2776937707403,434.153792738549,14.41384908344359,12.072396069755058,12.828325015773514,9.061279270114504,6.517550355333029,7.052072839157877,4.6379293412339315,4.905190583146356,3.1747740574778445,3.4034058635292803,2.320751067653541,2.449519054054496,-1.0599999999999998,14703.812784269643,15.99574136008919,7.510031316107033,3.7063359092600447,120.05404937570212,9.636772684650527,5.880003444970339,0.0,5.907179729351506,0.0,0.0,4.794537184071822,0.0,0.0,11.600939890232516,25.122838405075452,31.395199005701247,7.109797541277533,18.33610906834444,9.53140013787187,23.195505894267583,0.0,0.0,0.0,33.23387405114585,24.49659268161127,29.32600418877882,0.0,0.0,4.899909730850478,5.687386274683562,0.0,11.600939890232516,31.545703509260253,15.95222176079788,6.923737199690624,24.974377382775238,18.19910120538483,0.0,0.0,0.0,29.54,0.0,4.794537184071822,0.0,17.829024003469804,6.606881964512918,23.23511088100356,0.0,12.009707272128011,25.98020853630447,12.990104268152233,16.337802844032566,5.177148998488284,5.75671658478206,13.956029856387,0.0,3.2105457923910317,-0.11004125724363778,6.045014408541194,0.8777591175359032,6.5606017731166535,1.6373358371126228,0.5333333333333333,19,0,3,0,0,0,1,1,0,1,1,0,2,0,4,0,6,0,0,0,0,1,6.3225536072957,1,3.1641200000000014,80.10100000000004,0,0,0,0,0,0,0,0,0,0,1,1,0,0,0,1,0,0,0,0,0,0,0,0,0,1,0,1,0,1,2,0,0,0,1,0,0,0,0,0,0,1,0,0,1,0,0,0,0,0,0,0,0,0,0,1,0,0,0,0,0,0,0,0,1,0,0,0,0,0,0,0,0,0,0,0,0,0,0,0,0,0,0,0,0
12.84037848009574,12.84037848009574,0.04975977891156491,0.04975977891156491,0.7993674496203518,25.043478260869566,312.4130000000002,288.221,312.183778008,122,0,0.24228438420799156,-0.3319773237323323,0.3319773237323323,0.24228438420799156,1.0869565217391304,1.8695652173913044,2.6956521739130435,16.16410927377855,9.865301445733989,2.393527110920374,-2.450188602200147,2.341617484140935,-2.5626980764027287,5.874429730200125,-0.15161956438247454,2.6127258432521705,1.5676188764312609,621.550557109791,15.81119030894213,13.538986417744328,13.538986417744328,11.237183443017882,8.898896264718886,8.898896264718886,7.105438519138775,7.105438519138775,5.718235612403577,5.718235612403577,4.4500301455417794,4.4500301455417794,-1.8399999999999996,314436.3297837122,14.733395903688434,5.986649116471944,2.642452324809413,137.00086868655947,9.799819461700956,0.0,0.0,11.814359458703011,0.0,0.0,9.589074368143644,0.0,0.0,0.0,43.52793314262448,30.38936785217202,19.007418857986544,12.586597235060536,9.589074368143644,11.814359458703011,0.0,9.799819461700956,5.917906046161393,44.56677056670402,19.634269217737724,35.392371257240434,0.0,0.0,0.0,0.0,0.0,0.0,41.24844813814169,16.00989599106965,5.917906046161393,49.272851927172,24.26546827384644,0.0,0.0,0.0,40.620000000000005,0.0,9.589074368143644,0.0,30.31886273992494,6.544756405912575,38.64886452054263,17.547724606320003,0.0,15.866186530162565,18.19910120538483,0.0,0.0,0.0,29.222436775636176,0.0,2.5571847442680777,0.4607420529940369,8.416703507798385,6.455969342205814,1.720296910430839,0.0,0.5789473684210527,23,0,4,1,2,3,2,1,0,1,1,0,2,0,4,2,1,1,1,2,0,0,3.834942242149901,4,2.5349000000000004,87.75500000000005,0,0,0,0,0,0,0,0,0,0,2,2,0,0,0,2,0,0,0,0,0,0,0,0,0,0,0,2,0,0,0,0,0,0,1,0,3,0,0,0,0,0,0,0,0,0,0,0,0,0,0,0,0,0,0,0,0,0,0,0,0,0,0,0,0,0,0,0,0,0,1,0,0,0,0,0,0,0,0,0,0,0,0,0,0
12.865416272990677,12.865416272990677,0.005249223146048143,-0.26597153464487544,0.8498812984407066,29.875,328.41200000000015,304.22,328.17869262799996,128,0,0.2422843842081958,-0.39313055709963607,0.39313055709963607,0.2422843842081958,1.125,1.875,2.6666666666666665,16.26603517633882,9.852683837581267,2.39793542864855,-2.4510556900600458,2.342478112294849,-2.5637950283539492,5.874601596391597,-0.15198012559334545,2.6123256080542947,1.5355700391549085,651.7669149168144,16.681433796945207,13.856443501247364,13.856443501247364,11.631030293135234,8.973591735393773,8.973591735393773,7.275952122813504,7.275952122813504,5.809767835484072,5.809767835484072,4.423258989078676,4.423258989078676,-1.8799999999999997,444638.7170957054,15.63628869325328,6.204887782401904,2.7076650435944214,141.7951024387555,14.906346856541662,0.0,0.0,11.814359458703011,0.0,0.0,9.589074368143644,0.0,0.0,0.0,24.26546827384644,43.23101109802404,19.007418857986544,18.69056362280884,14.69560176298435,11.814359458703011,0.0,9.799819461700956,5.917906046161393,44.24991533152631,19.634269217737724,35.392371257240434,0.0,0.0,0.0,0.0,0.0,0.0,52.458941920730695,16.00989599106965,5.917906046161393,42.852030304245986,24.26546827384644,0.0,0.0,0.0,60.85000000000001,0.0,14.69560176298435,0.0,36.42282912767324,19.386399651764595,25.807221274690605,11.126902983393991,4.899909730850478,17.032643867773697,12.13273413692322,0.0,0.0,0.0,29.14458677143697,9.639032438613484,2.4817630185938273,0.11989457357016842,8.254991354903007,3.4754472940078998,1.5509512155413128,0.0,0.5789473684210527,24,1,5,1,2,3,2,1,0,1,1,0,3,1,5,2,1,1,1,2,0,0,4.042559028119846,4,1.5056999999999994,89.14480000000005,0,1,1,0,0,0,0,0,0,0,2,2,0,0,0,2,0,0,0,0,0,0,0,0,0,0,0,2,0,0,0,0,0,0,1,0,3,0,0,0,0,0,0,0,0,0,0,0,0,0,0,0,0,0,0,0,0,0,0,0,0,0,0,0,0,0,0,0,0,0,1,0,0,0,0,0,0,0,0,0,0,0,0,0,0
12.865416272990677,12.865416272990677,0.005249223146048143,-0.26597153464487544,0.8498812984407066,29.875,328.41200000000015,304.22,328.17869262799996,128,0,0.2422843842081958,-0.39313055709963607,0.39313055709963607,0.2422843842081958,1.125,1.875,2.6666666666666665,16.26603517633882,9.852683837581267,2.39793542864855,-2.4510556900600458,2.342478112294849,-2.5637950283539492,5.874601596391597,-0.15198012559334545,2.6123256080542947,1.5355700391549085,651.7669149168144,16.681433796945207,13.856443501247364,13.856443501247364,11.631030293135234,8.973591735393773,8.973591735393773,7.275952122813504,7.275952122813504,5.809767835484072,5.809767835484072,4.423258989078676,4.423258989078676,-1.8799999999999997,444638.7170957054,15.63628869325328,6.204887782401904,2.7076650435944214,141.7951024387555,14.906346856541662,0.0,0.0,11.814359458703011,0.0,0.0,9.589074368143644,0.0,0.0,0.0,24.26546827384644,43.23101109802404,19.007418857986544,18.69056362280884,14.69560176298435,11.814359458703011,0.0,9.799819461700956,5.917906046161393,44.24991533152631,19.634269217737724,35.392371257240434,0.0,0.0,0.0,0.0,0.0,0.0,52.458941920730695,16.00989599106965,5.917906046161393,42.852030304245986,24.26546827384644,0.0,0.0,0.0,60.85000000000001,0.0,14.69560176298435,0.0,36.42282912767324,19.386399651764595,25.807221274690605,11.126902983393991,4.899909730850478,17.032643867773697,12.13273413692322,0.0,0.0,0.0,29.14458677143697,9.639032438613484,2.4817630185938273,0.11989457357016842,8.254991354903007,3.4754472940078998,1.5509512155413128,0.0,0.5789473684210527,24,1,5,1,2,3,2,1,0,1,1,0,3,1,5,2,1,1,1,2,0,0,4.042559028119846,4,1.5056999999999994,89.14480000000005,0,1,1,0,0,0,0,0,0,0,2,2,0,0,0,2,0,0,0,0,0,0,0,0,0,0,0,2,0,0,0,0,0,0,1,0,3,0,0,0,0,0,0,0,0,0,0,0,0,0,0,0,0,0,0,0,0,0,0,0,0,0,0,0,0,0,0,0,0,0,1,0,0,0,0,0,0,0,0,0,0,0,0,0,0
12.854493706433189,12.854493706433189,0.05012448034769479,-0.06653651738473165,0.8599157054403535,24.5,328.4120000000002,304.22,328.178692628,128,0,0.24228438440143404,-0.507956003550626,0.507956003550626,0.24228438440143404,1.1666666666666667,1.9583333333333333,2.75,16.25480125641294,9.864594643100286,2.3957768087798,-2.4504081497709667,2.355375728094176,-2.562716261829071,5.874687135356878,-0.15162088589655387,2.608094581043513,1.5774030960209562,666.5757883906865,16.681433796945207,13.90884974405466,13.90884974405466,11.631030293135234,9.033186664991824,9.033186664991824,7.28974146339026,7.28974146339026,5.789697837514556,5.789697837514556,4.496823464081736,4.496823464081736,-2.04,440663.66041311197,15.485517751479291,6.112915987331572,2.6576569292065138,141.7951024387555,14.906346856541662,5.749511833283905,0.0,11.814359458703011,0.0,0.0,9.589074368143644,0.0,0.0,0.0,25.328831937239638,42.52210198909523,19.007418857986544,12.586597235060536,14.69560176298435,11.814359458703011,0.0,9.799819461700956,5.917906046161393,44.56677056670402,19.634269217737724,29.32600418877882,0.0,5.749511833283905,0.0,0.0,5.749511833283905,0.0,46.354975532982394,16.00989599106965,5.917906046161393,49.272851927172,18.19910120538483,0.0,0.0,0.0,60.85,0.0,14.69560176298435,0.0,36.06837457320884,13.08951281182515,43.23101109802404,6.4208216229260096,17.032643867773697,10.966276799312087,0.0,0.0,0.0,0.0,29.12603534160578,9.70157810942783,2.170888447971782,0.5723973368936397,5.305608803323901,6.14778641466974,1.4757055461073318,0.0,0.5789473684210527,24,1,5,1,2,3,2,1,0,1,1,0,3,1,5,2,1,1,1,2,0,0,3.944236209796859,4,2.2405,89.41980000000004,0,0,0,0,0,0,0,1,0,0,2,2,0,0,0,2,0,0,0,0,0,0,0,0,0,0,0,2,0,0,0,0,0,0,1,0,3,0,0,0,0,0,0,0,0,0,0,0,0,0,0,0,0,0,0,0,0,0,0,0,0,0,0,0,0,1,1,0,0,0,1,0,0,0,0,0,0,0,0,0,0,0,0,0,0
12.855328325774753,12.855328325774753,0.051886574074074154,-0.6370407282645743,0.8579063596708804,27.625,328.4120000000002,304.22,328.178692628,128,0,0.24237585513669505,-0.3865448590685782,0.3865448590685782,0.24237585513669505,1.0416666666666667,1.75,2.5,16.26896952373658,9.860559827733171,2.4160190267795927,-2.461684146400658,2.376691222707146,-2.5687593868594694,5.875029617706486,-0.15341447236731137,2.6268682026214583,1.5912974563911133,653.7669149168142,16.681433796945207,13.856443501247364,13.856443501247364,11.647867045540842,9.000465188931448,9.000465188931448,7.260307076599924,7.260307076599924,5.765739862351807,5.765739862351807,4.473181901452892,4.473181901452892,-1.8799999999999997,459502.29347535595,15.63628869325328,6.204887782401904,2.6066793983161567,141.7951024387555,14.906346856541662,0.0,0.0,11.814359458703011,0.0,0.0,9.589074368143644,0.0,0.0,0.0,43.52793314262448,23.968546229246012,12.462662452073968,25.23532002872141,14.69560176298435,11.814359458703011,0.0,9.799819461700956,5.917906046161393,44.24991533152631,19.634269217737724,35.392371257240434,0.0,0.0,0.0,0.0,0.0,0.0,46.354975532982394,9.589074368143644,5.917906046161393,55.376818314920314,24.26546827384644,0.0,0.0,0.0,60.85,6.103966387748303,14.69560176298435,0.0,30.31886273992494,13.08951281182515,36.81018947509803,6.4208216229260096,9.799819461700956,24.26546827384644,0.0,0.0,0.0,0.0,28.96334656084656,10.322553456210562,1.8650551146384484,0.17850941148064114,7.605360915205793,4.706544297853821,1.0252969104308391,0.0,0.5789473684210527,24,1,5,1,2,3,2,1,0,1,2,0,3,1,5,2,1,1,1,2,0,0,4.042559028119846,4,2.0258000000000003,89.01080000000005,0,1,1,0,0,0,0,0,0,0,2,2,0,0,0,2,0,0,0,0,0,0,0,0,0,0,0,2,0,0,0,0,0,0,1,0,3,0,0,0,0,0,0,0,0,0,0,0,0,0,0,0,0,0,0,0,0,0,0,0,0,0,0,0,0,0,0,0,0,0,1,0,0,0,0,0,0,0,0,0,0,0,0,0,0
12.871489591206853,12.871489591206853,0.014383634626689457,-1.3804529242252461,0.8524154974391485,27.625,328.4120000000002,304.2200000000001,328.178692628,128,0,0.24426810151860265,-0.36522218534313594,0.36522218534313594,0.24426810151860265,1.1666666666666667,1.9166666666666667,2.7083333333333335,16.31833650059367,9.85052424982539,2.4941017911855785,-2.5038976034338947,2.373823548198754,-2.6595744747689833,5.877797400460342,-0.19117567174904784,2.6114146956390316,1.6343694957209123,668.3306758928499,16.7338400397525,13.908849744054661,13.908849744054661,11.593172145670252,8.99454093600628,8.99454093600628,7.298368683943131,7.298368683943131,5.804594742722864,5.804594742722864,4.5272885013849065,4.5272885013849065,-1.8799999999999997,422955.1697644801,15.63628869325328,5.883612780758615,2.420947293252248,141.7951024387555,14.906346856541662,6.544756405912575,5.724985593970254,11.814359458703011,0.0,0.0,9.589074368143644,0.0,0.0,0.0,43.52793314262448,24.825916360475023,18.026113943770966,6.544756405912575,14.69560176298435,11.814359458703011,0.0,9.799819461700956,5.917906046161393,44.24991533152631,19.634269217737724,35.392371257240434,0.0,0.0,0.0,0.0,0.0,0.0,46.354975532982394,21.734881585039908,5.917906046161393,43.23101109802404,24.26546827384644,0.0,0.0,0.0,60.85,5.724985593970254,14.69560176298435,0.0,30.821778316689553,6.544756405912575,43.23101109802404,6.4208216229260096,9.799819461700956,24.26546827384644,0.0,0.0,0.0,0.0,28.634404368228772,11.342492913832203,0.45450959782060985,-0.09525331737633347,7.708841877034969,5.910656724103017,0.7943478363567655,0.0,0.5789473684210527,24,1,5,1,2,3,2,1,0,1,1,0,3,1,5,2,1,1,1,2,0,1,3.833244499969018,4,1.6388999999999996,88.91080000000005,0,1,0,0,0,0,0,0,0,0,2,2,0,1,0,2,0,0,0,0,0,0,0,0,0,0,0,2,0,0,0,0,0,0,1,0,3,0,0,0,0,0,0,0,0,0,0,0,0,0,0,0,0,0,0,0,0,0,0,0,0,0,0,0,0,0,0,0,0,0,1,0,0,0,0,0,0,0,0,0,0,0,0,0,0
12.871489591206853,12.871489591206853,0.014383634626689457,-1.3804529242252461,0.8524154974391485,27.625,328.4120000000002,304.2200000000001,328.178692628,128,0,0.24426810151860265,-0.36522218534313594,0.36522218534313594,0.24426810151860265,1.1666666666666667,1.9166666666666667,2.7083333333333335,16.31833650059367,9.85052424982539,2.4941017911855785,-2.5038976034338947,2.373823548198754,-2.6595744747689833,5.877797400460342,-0.19117567174904784,2.6114146956390316,1.6343694957209123,668.3306758928499,16.7338400397525,13.908849744054661,13.908849744054661,11.593172145670252,8.99454093600628,8.99454093600628,7.298368683943131,7.298368683943131,5.804594742722864,5.804594742722864,4.5272885013849065,4.5272885013849065,-1.8799999999999997,422955.1697644801,15.63628869325328,5.883612780758615,2.420947293252248,141.7951024387555,14.906346856541662,6.544756405912575,5.724985593970254,11.814359458703011,0.0,0.0,9.589074368143644,0.0,0.0,0.0,43.52793314262448,24.825916360475023,18.026113943770966,6.544756405912575,14.69560176298435,11.814359458703011,0.0,9.799819461700956,5.917906046161393,44.24991533152631,19.634269217737724,35.392371257240434,0.0,0.0,0.0,0.0,0.0,0.0,46.354975532982394,21.734881585039908,5.917906046161393,43.23101109802404,24.26546827384644,0.0,0.0,0.0,60.85,5.724985593970254,14.69560176298435,0.0,30.821778316689553,6.544756405912575,43.23101109802404,6.4208216229260096,9.799819461700956,24.26546827384644,0.0,0.0,0.0,0.0,28.634404368228772,11.342492913832203,0.45450959782060985,-0.09525331737633347,7.708841877034969,5.910656724103017,0.7943478363567655,0.0,0.5789473684210527,24,1,5,1,2,3,2,1,0,1,1,0,3,1,5,2,1,1,1,2,0,0,3.833244499969018,4,1.6388999999999996,88.91080000000005,0,1,0,0,0,0,0,0,0,0,2,2,0,1,0,2,0,0,0,0,0,0,0,0,0,0,0,2,0,0,0,0,0,0,1,0,3,0,0,0,0,0,0,0,0,0,0,0,0,0,0,0,0,0,0,0,0,0,0,0,0,0,0,0,0,0,0,0,0,0,1,0,0,0,0,0,0,0,0,0,0,0,0,0,0
10.524468537414966,10.524468537414966,0.11510204081632636,-0.11510204081632636,0.5950261967780849,9.181818181818182,151.16500000000002,142.093,151.063328528,58,0,0.22074743631242585,-0.5079643157925783,0.5079643157925783,0.22074743631242585,1.3636363636363635,1.9090909090909092,2.3636363636363638,16.25468871437964,10.280190859964742,1.928036059035985,-1.9945540738765888,2.12524757916018,-2.0440113126102917,5.880954784597919,-0.1137357833826605,1.9291266251851134,2.736298072105655,253.29949758389105,8.267584713501616,6.164862962722324,6.164862962722324,5.1815405503520555,3.2490981480278296,3.2490981480278296,2.228060242189872,2.228060242189872,1.1876733148984595,1.1876733148984595,0.7480265991539317,0.7480265991539317,-1.5100000000000002,285.51074052739676,7.595374077976819,3.0531381005525,2.292303972882069,64.66690538413799,10.423315998847038,5.749511833283905,0.0,5.907179729351506,0.0,0.0,4.794537184071822,0.0,0.0,0.0,0.0,24.26546827384644,12.611123474374185,0.0,9.901064578912528,11.594566004035068,0.0,0.0,0.0,6.923737199690624,5.316788604006331,24.26546827384644,0.0,5.749511833283905,5.316788604006331,5.687386274683562,5.749511833283905,0.0,11.013707124192212,4.794537184071822,0.0,6.923737199690624,24.26546827384644,0.0,0.0,0.0,49.33,0.0,4.794537184071822,0.0,11.65669156263541,5.687386274683562,0.0,19.056471336613843,12.13273413692322,0.0,5.316788604006331,5.106527394840706,0.0,0.0,10.524468537414966,11.460032596371882,0.6900925925925927,0.07851095993953194,6.309537037037037,0.0,1.437358276643991,0.0,0.125,11,2,3,0,0,0,1,1,0,1,0,0,2,2,3,0,1,0,0,0,0,0,2.1081569077654403,1,1.3505999999999998,42.41050000000002,0,0,0,0,0,0,0,1,0,0,1,1,0,0,0,0,1,0,0,0,0,0,0,0,0,0,0,1,0,1,0,0,0,0,1,0,0,0,0,0,0,0,0,0,0,0,0,0,0,0,0,0,0,0,0,0,0,0,0,0,0,0,0,0,0,1,1,0,0,0,0,0,0,0,0,0,0,0,0,0,0,0,0,0,0
10.443000755857899,10.443000755857899,0.018518518518518157,-1.1331944444444437,0.29786277412295686,11.5,170.164,160.08399999999997,170.0579088,66,0,0.33455979056491886,-0.4777827883703206,0.4777827883703206,0.33455979056491886,1.4166666666666667,1.9166666666666667,2.1666666666666665,16.53746333954689,10.2356414742591,2.085351172565779,-2.02506003554803,2.066729153206634,-2.0486212875158234,5.871493362956916,-0.13645033606193774,1.978896306591296,4.732157305234764,249.78347512548117,9.723614639131599,6.956415517267722,6.956415517267722,5.4852696651929325,3.2370268037363816,3.2370268037363816,2.092171176164707,2.092171176164707,1.1294784137452847,1.1294784137452847,0.5315452763395692,0.5315452763395692,-1.58,296.83444598869437,10.42,4.329441682808623,3.005223044230256,70.1454629460277,9.843390348640755,5.759164871656176,0.0,0.0,0.0,11.938610575903699,4.794537184071822,4.794537184071822,0.0,0.0,6.578935683598497,12.999757306524504,6.923737199690624,5.573104530069267,19.4324647167844,11.938610575903699,0.0,0.0,0.0,13.847474399381248,0.0,23.987225192157823,0.0,0.0,0.0,0.0,0.0,0.0,17.045137970744406,14.325937321943691,0.0,13.847474399381248,23.987225192157823,0.0,0.0,0.0,63.6,11.938610575903699,9.589074368143644,0.0,11.332269401725444,0.0,0.0,19.92349450621513,0.0,0.0,11.315798637398547,5.106527394840706,4.564398148148149,0.0,20.82717120181406,8.499465230536659,-0.04148148148148145,-1.7160648148148137,0.0,1.1853703703703702,5.847808012093726,0.0,0.25,12,1,4,0,0,0,0,0,0,0,0,0,3,1,4,0,3,0,0,0,0,0,3.759398527905488,0,1.0941,42.298800000000014,1,0,0,0,0,0,0,0,1,1,2,1,0,0,0,0,0,0,0,0,0,0,0,0,0,0,1,0,0,0,0,0,0,0,0,0,0,0,0,0,1,1,0,0,0,0,0,0,0,0,0,0,0,0,0,0,0,0,0,0,0,0,0,0,0,0,0,0,0,0,0,0,0,0,0,0,0,0,0,0,0,0,0,0,0
10.838800075585791,10.838800075585791,0.4299537037037038,-0.4592129629629629,0.7308083074639656,9.416666666666666,165.19199999999995,154.10399999999996,165.078978592,64,0,0.2519621405768378,-0.49304611294055495,0.49304611294055495,0.2519621405768378,1.5,2.1666666666666665,2.75,16.47683981154968,10.171325502675407,2.0579143050343145,-2.0527926103320406,2.1597104305424106,-2.1224105911991966,5.950463007736212,0.09964273839531408,2.0543762587369407,2.9976300631078683,283.61195376207496,8.974691494688164,6.910354708062403,6.910354708062403,5.753218857624055,3.770055610029663,3.770055610029663,2.293422889502377,2.293422889502377,1.4523597036422038,1.4523597036422038,0.9515692671868902,0.9515692671868902,-1.51,538.2465797890785,8.585328884652048,3.7588733548338538,1.7515801479920028,71.14118748925014,10.470530430962235,5.749511833283905,0.0,0.0,5.907179729351506,0.0,4.794537184071822,0.0,0.0,0.0,12.13273413692322,19.056471336613846,0.0,12.170333456209914,9.53140013787187,5.907179729351506,0.0,0.0,5.733667477162185,6.923737199690624,6.606881964512918,29.828919765543436,0.0,5.749511833283905,10.470530430962235,0.0,5.749511833283905,0.0,12.514061693864424,0.0,0.0,17.28172587545944,24.26546827384644,0.0,0.0,0.0,52.32,5.907179729351506,4.794537184071822,0.0,0.0,17.919845289493818,0.0,0.0,24.26546827384644,6.923737199690624,0.0,10.470530430962235,5.197453703703704,0.0,10.838800075585791,0.0,5.555862622826909,0.08939814814814828,6.9275462962962955,0.0,2.3909391534391533,0.0,0.2222222222222222,12,2,3,0,0,0,1,1,0,1,0,0,2,1,3,0,3,0,0,0,0,0,2.689263665583669,1,1.1842000000000001,46.12890000000002,0,0,0,0,0,0,0,0,0,0,1,1,0,0,0,0,0,1,0,0,0,0,0,0,0,0,0,1,0,0,0,0,0,0,1,0,0,0,0,0,0,1,0,0,0,0,0,0,0,0,0,0,0,0,0,0,0,0,0,0,0,0,0,0,1,0,0,0,0,0,0,1,0,0,0,0,0,0,0,0,0,0,0,0,0
12.452503779289493,12.452503779289493,0.08352418745275902,0.08352418745275902,0.7820187389876361,25.941176470588236,232.327,212.16699999999994,232.15756326,92,0,0.24606972409643216,-0.27264016003089037,0.27264016003089037,0.24606972409643216,1.1764705882352942,1.7647058823529411,2.235294117647059,16.1654556039107,9.898217759194774,2.4367752833698972,-2.262070229765698,2.3271187309242705,-2.3812569695430725,5.963922560979753,-0.12147572954954541,2.5117362998439665,2.3418382007342844,401.9430536892982,12.576985790260121,10.921477634980787,10.921477634980787,8.036581260209188,6.154826437332325,6.154826437332325,5.0696629498857115,5.0696629498857115,3.637499213353978,3.637499213353978,2.6383270463942936,2.6383270463942936,-1.3499999999999999,7726.100858320041,12.11605163722281,4.492303403840378,1.952595112118922,102.9964343418261,0.0,0.0,0.0,5.907179729351506,0.0,0.0,4.794537184071822,10.017825047909064,0.0,0.0,32.046575604766076,24.974377382775238,13.08951281182515,11.605292320844956,4.794537184071822,11.594566004035068,0.0,5.008912523954532,11.835812092322787,26.813052428219834,12.056584506631722,30.33183534230805,0.0,0.0,5.008912523954532,5.687386274683562,0.0,0.0,24.00560506513119,4.794537184071822,11.835812092322787,20.771211599071872,30.33183534230805,0.0,0.0,0.0,23.55,0.0,4.794537184071822,0.0,17.866926604660858,5.917906046161393,5.687386274683562,0.0,5.008912523954532,42.38841984893977,20.771211599071872,0.0,0.0,0.0,12.452503779289493,3.8449074074074074,0.9537037037037039,0.6621003401360548,10.094469954648527,0.0,6.341574074074074,1.984074074074074,0.5,17,0,3,0,1,1,1,1,0,1,2,0,2,0,3,1,2,0,1,1,0,2,3.2017047065295183,2,2.540700000000001,69.48100000000004,0,0,0,0,0,0,0,0,0,0,1,1,0,0,0,2,0,0,0,0,0,0,0,0,0,0,0,1,0,1,0,0,0,0,1,0,0,0,0,0,0,0,0,0,0,1,0,0,0,0,0,0,0,0,0,0,0,0,0,0,0,0,0,0,1,0,0,0,0,0,0,0,0,0,0,0,0,0,0,0,0,0,0,0,0
12.517059870244394,12.517059870244394,0.34421012849584254,-0.34421012849584254,0.49037266509001237,11.28,350.443,332.29900000000004,350.10889881599996,126,0,0.3461479178379889,-0.42213338481111684,0.42213338481111684,0.3461479178379889,1.08,1.88,2.64,32.133539530571284,10.139846773091051,2.132768982301709,-2.2047725094529795,2.3022119324762995,-2.2111779230061597,7.212092948902142,0.5630946847315453,3.0560499207192424,1.8425959267094933,1076.5387853898205,17.388540578131753,14.15218777828161,14.968684359209336,12.190203145651196,8.380844623908203,9.19734120483593,5.828694107140749,6.859342989067115,4.3724373727449395,5.4421210234266475,3.021870885780148,3.9912457233775216,-2.6599999999999993,899468.8368657703,15.843779070310706,6.332098836126802,2.805442241542079,148.897778692232,9.317060667903824,10.590643838495009,0.0,0.0,0.0,5.625586319077987,0.0,9.77851570501903,0.0,11.336785877934737,12.13273413692322,44.179309741689295,30.22949036943512,15.78007212578236,4.417150937053347,38.2100371428107,0.0,4.9839785209472085,0.0,13.847474399381248,17.98942254267563,58.951060050842685,0.0,10.571075188549761,10.525496049928465,5.687386274683562,0.0,11.336785877934737,18.07349133277236,0.0,0.0,13.847474399381248,57.742624668818046,0.0,31.756940178742155,0.0,46.34,0.0,4.794537184071822,0.0,5.625586319077987,16.154095330192003,34.37974393505887,11.336785877934737,0.0,42.46456947923127,29.797729719640543,4.417150937053347,6.6712483016622635,1.5090445670284232,19.313377418103247,1.6059552679096334,2.7491376845223354,0.0,15.770044841134514,0.0,6.0478585863062495,0.0,0.2,25,0,4,0,0,0,0,2,2,4,0,0,5,0,5,2,4,0,0,0,0,0,4.012975000438584,4,4.915900000000003,104.65900000000003,0,0,0,0,0,1,0,0,0,0,0,0,0,0,0,2,0,0,0,0,0,0,0,0,0,0,0,0,0,1,0,0,0,0,2,0,2,0,0,0,0,0,0,0,0,0,0,0,0,0,0,0,0,0,0,0,0,0,0,0,0,0,0,0,1,0,0,0,0,0,0,0,0,0,0,0,0,0,0,0,1,0,0,0,0
9.84195389266818,9.84195389266818,0.25635345804988674,-1.4933437263794402,0.4499934043405802,33.95,286.28000000000003,268.13599999999997,286.105252916,112,0,0.22873842796797722,-0.46160463625848625,0.46160463625848625,0.22873842796797722,1.0,1.7,2.35,16.705617398089892,9.991957099543656,2.4431060594737337,-2.3925466516396328,2.2587468101012402,-2.596114870338639,5.323557666679203,-0.2772126086271558,2.4796425470028733,2.1504764393251574,436.48277752692195,14.698306133819765,10.662930543507246,10.662930543507246,9.578917360319545,6.240768411273734,6.240768411273734,4.5809643758399,4.5809643758399,3.234524521802995,3.234524521802995,2.03929550135312,2.03929550135312,-1.2200000000000002,33824.80398366619,15.174225254339698,6.4871088740546545,2.927399855562322,115.17842598673782,35.006362881803625,30.165377384277114,0.0,6.290026729335213,0.0,0.0,0.0,0.0,0.0,0.0,18.19910120538483,6.06636706846161,5.563451491696996,13.213763929025836,35.006362881803625,0.0,0.0,0.0,0.0,37.31277424484134,6.606881964512918,29.828919765543436,0.0,5.749511833283905,4.736862953800049,0.0,5.749511833283905,0.0,62.845411219044855,11.343744918312968,0.0,5.563451491696996,24.26546827384644,0.0,0.0,0.0,119.61000000000001,37.31277424484134,20.426109579362823,0.0,6.606881964512918,11.3129633249809,0.0,0.0,24.26546827384644,0.0,0.0,14.580253302440804,10.646073318216176,0.0,0.0,47.416194124254645,0.4902409297052157,0.2910459183673475,6.607681983287142,-6.673507311875369,-0.7777289619551522,0.0,0.5384615384615384,20,5,7,0,1,1,0,1,0,1,5,0,7,5,7,1,4,0,1,1,0,0,4.921842565216565,2,-1.6424000000000003,66.76000000000003,0,5,5,0,0,0,0,0,0,0,0,0,0,0,0,0,0,0,0,0,0,0,0,0,0,0,0,0,0,0,0,0,0,0,1,0,0,0,0,0,0,2,0,0,0,0,0,0,0,0,0,0,0,0,0,0,0,0,0,0,0,0,0,0,1,0,0,0,0,0,0,0,0,0,0,0,0,0,0,0,0,0,0,0,0
13.041717477114304,13.041717477114304,0.040512141406178204,-1.6541226388660897,0.3546626418179848,26.733333333333334,416.3820000000001,396.2220000000002,416.11073221999993,158,0,0.2000057094535598,-0.507966244667516,0.507966244667516,0.2000057094535598,0.9,1.6,2.2666666666666666,16.544775850822266,9.894951666605536,2.45333535801425,-2.3987216802869544,2.4009706748026964,-2.5481077245642365,5.857383762023451,-0.23136830515064688,2.7391301990539816,1.8686586483166339,1119.7654729836902,21.576621311330612,15.543336455853398,15.543336455853398,14.328606258093465,9.20437580296439,9.20437580296439,7.149910383780172,7.149910383780172,5.312049069720053,5.312049069720053,3.666618650990585,3.666618650990585,-2.9499999999999997,5902606.448545406,20.327958809637845,7.7083942535199315,3.222851740078442,169.1992700568824,39.79317825989763,53.86503874259062,0.0,5.428790391900541,0.0,0.0,4.794537184071822,0.0,0.0,0.0,12.13273413692322,29.828919765543436,0.0,23.120009162371705,39.79317825989763,10.969244356107037,0.0,0.0,0.0,30.51983193874151,6.606881964512918,58.44814447407807,0.0,22.6259266499618,5.428790391900541,0.0,11.49902366656781,0.0,61.66191188455035,4.736862953800049,0.0,11.6674178794453,51.873053527533884,0.0,22.09614733950103,0.0,160.82,42.555504295154975,35.43370155311605,0.0,33.59517100606884,5.563451491696996,0.0,30.528631269485494,12.13273413692322,0.0,0.0,9.154013890853395,11.146154444100873,0.0,13.041717477114304,59.819349987335585,0.1502334361966411,-0.3137813613739766,8.53529411910784,-6.241987670825258,-0.6369804316559993,0.0,0.2857142857142857,30,6,9,0,1,1,0,2,1,3,5,0,9,6,9,2,3,0,1,1,0,0,5.223197362466741,4,0.3860999999999997,103.9698,0,4,4,0,0,0,0,2,0,0,0,0,0,0,0,0,0,0,0,0,0,0,0,0,0,0,0,0,0,0,0,0,0,0,2,0,1,0,0,0,0,1,0,0,0,0,0,0,0,0,0,0,0,0,0,0,0,0,0,0,0,0,0,0,0,2,2,0,0,0,0,0,0,0,0,0,0,0,0,0,0,0,0,0,0
2.7519430161489145,2.7519430161489145,0.5532973428887931,0.5532973428887931,0.4158183889479575,46.535714285714285,384.69200000000023,336.3080000000001,384.375601536,160,0,-0.008508548582410621,-0.08446280051776908,0.08446280051776908,0.008508548582410621,0.9642857142857143,1.75,2.5,14.630436146873125,9.463269414537336,2.583996854820051,-2.5824610685508764,2.6709650193104677,-2.4996554408829743,5.2457929528469105,-0.05225647152202321,2.989781980387718,1.4894525128431004,584.8457306866738,20.10408352775558,19.89697674656903,19.89697674656903,13.253691300962933,12.948996401092344,12.948996401092344,12.637714984010847,12.637714984010847,10.551494017994257,10.551494017994257,8.867597452514692,8.867597452514692,-0.26,2160246.041455283,20.99043970692131,7.773447301917643,3.4333458126641143,175.8797604702368,0.0,0.0,0.0,0.0,0.0,0.0,0.0,0.0,0.0,0.0,72.45401270382492,103.62189624533141,0.0,0.0,0.0,0.0,0.0,0.0,52.2553232619233,112.17146105032987,0.0,11.64912463690315,0.0,0.0,0.0,0.0,0.0,0.0,0.0,0.0,52.2553232619233,112.17146105032987,11.64912463690315,0.0,0.0,0.0,0.0,0.0,0.0,0.0,0.0,10.82998093879356,41.42534232312975,70.62903785218613,0.0,5.573104530069267,47.61844330497762,0.0,0.0,0.0,0.0,0.0,3.062489567504154,6.726768321445396,0.0,18.953900313069354,15.256841797981092,0.0,0.9285714285714286,28,0,0,4,0,4,0,0,0,0,8,0,0,0,0,0,5,3,0,3,0,0,5.827431318065444,4,8.663900000000005,122.21000000000011,0,0,0,0,0,0,0,0,0,0,0,0,0,0,0,0,0,0,0,0,0,0,0,0,0,0,2,0,0,0,0,0,0,0,0,0,5,0,0,0,0,0,0,0,0,0,0,0,0,0,0,0,0,0,0,0,0,0,0,0,0,0,0,0,0,0,0,0,0,0,0,0,0,0,0,0,0,0,0,0,0,0,0,0,0
11.320356110840418,11.320356110840418,0.3914341878726796,-0.3962234924834125,0.531068822628021,11.95,270.28399999999993,256.17199999999997,270.089208928,102,0,0.33569711347681974,-0.46405816828044133,0.46405816828044133,0.33569711347681974,1.15,1.95,2.75,16.473530368899706,10.132825936209684,2.1204718264017743,-2.060225704061976,2.346413963793398,-1.954844996525749,6.0062574894258765,0.4830396694136338,2.8466514610782245,2.226819055234487,836.4208874698636,14.11251969619286,11.251795315372462,11.251795315372462,9.647867045540844,6.42343479163734,6.42343479163734,4.894746001243632,4.894746001243632,2.958064989575256,2.958064989575256,2.001594052782216,2.001594052782216,-2.4899999999999998,53505.66086242631,12.539082327374338,4.886256197404567,2.2019101096471996,114.80405314040267,13.571164827906744,16.91555211656839,0.0,0.0,0.0,5.625586319077987,0.0,4.794537184071822,0.0,0.0,13.847474399381248,24.126660289918494,12.13273413692322,23.29769187298944,13.571164827906744,21.938488712214077,0.0,0.0,5.917906046161393,13.847474399381248,0.0,53.286855327889974,0.0,5.749511833283905,10.362449272878036,0.0,5.749511833283905,0.0,0.0,0.0,5.917906046161393,13.847474399381248,56.495570882918685,0.0,21.938488712214077,0.0,52.58,5.625586319077987,4.794537184071822,0.0,0.0,22.833458162729784,10.772448428929591,6.06636706846161,24.657977580983065,12.142387175295491,13.847474399381248,13.571164827906744,16.294373110355252,0.0,11.320356110840418,1.5895011337868485,0.6803449126564218,1.0228230767615685,6.6140263605442176,5.182064594356261,4.129844034032346,0.0,0.1875,20,0,4,0,0,0,0,1,2,3,0,0,4,0,4,2,3,0,0,0,0,0,3.0634584365949467,3,4.087700000000003,76.86200000000004,0,0,0,0,0,0,0,0,0,0,0,0,0,0,0,0,0,0,0,0,0,0,0,0,0,0,1,0,0,0,0,0,0,0,1,0,2,0,0,0,0,1,1,0,0,0,0,0,0,0,0,0,0,0,0,0,0,0,0,0,0,0,0,0,0,0,0,0,0,0,0,0,0,0,0,0,0,0,0,0,0,0,0,0,0
12.37685185185185,12.37685185185185,0.06481481481481466,-0.6346296296296294,0.5794952297659434,13.05,270.24,260.15999999999997,270.05282342,100,0,0.20147269602940907,-0.5077973188636857,0.5077973188636857,0.20147269602940907,0.75,1.3,1.95,16.269057067369953,9.820152390815498,2.343538446786392,-2.194719830929608,2.3837615442663047,-2.2095824888756743,6.299384264594799,0.09735911245706885,2.335440786755452,2.395675330053908,725.8362617815494,14.601929816642452,10.467538444186104,10.467538444186104,9.396754605515326,5.888469760472304,5.888469760472304,4.75231214320519,4.75231214320519,3.3075520418501942,3.3075520418501942,2.4847526279103502,2.4847526279103502,-2.82,30603.616069643445,12.225960501521723,3.835039475725175,1.4953118674777062,113.28323797189718,15.319582184522117,17.248535499851716,5.783244946364939,5.783244946364939,0.0,0.0,9.589074368143644,0.0,0.0,0.0,0.0,30.68628989677245,17.193270051855603,11.126902983393991,24.90865655266576,11.566489892729878,0.0,0.0,0.0,6.923737199690624,0.0,52.08272573233142,0.0,17.248535499851716,0.0,0.0,17.248535499851716,0.0,26.886072077251995,0.0,6.923737199690624,37.40633182662862,24.26546827384644,0.0,0.0,0.0,94.83000000000001,17.316001726013784,24.90865655266576,0.0,33.752829633355795,5.563451491696996,12.13273413692322,12.13273413692322,6.923737199690624,0.0,0.0,0.0,0.0,0.0,24.74078231292517,29.13146825396825,0.3321924603174613,-2.2290972222222205,5.003611426051902,0.0,1.6877094356261022,0.0,0.06666666666666667,20,3,5,1,0,1,0,2,0,2,0,0,5,3,5,0,0,0,0,0,0,0,2.344352057599628,3,1.8872199999999997,69.4804,0,0,0,0,0,0,0,3,0,0,2,2,0,0,0,0,0,0,0,0,0,0,0,0,0,0,0,0,0,0,1,0,0,0,2,0,2,0,0,0,0,0,0,0,0,0,0,0,0,0,0,2,0,0,0,0,0,0,0,0,0,0,0,0,0,3,3,0,0,0,0,0,0,0,0,0,0,0,0,0,0,0,0,0,0
12.33574074074074,12.33574074074074,0.037407407407407334,-0.527592592592592,0.6444480285471402,13.105263157894736,254.24099999999999,244.16099999999994,254.0579088,94,0,0.20146783458580098,-0.5071590533791613,0.5071590533791613,0.20146783458580098,0.8421052631578947,1.5263157894736843,2.263157894736842,16.260245431351017,9.82216064327504,2.3351629184748868,-2.1903707878806697,2.3631226525365103,-2.208706153226256,6.2976817091547925,0.09739085827091737,2.343819413761773,2.3960912078810463,744.0510609635681,13.731686328639373,10.097675117875772,10.097675117875772,9.002907755397974,5.754179360199366,5.754179360199366,4.564554875259757,4.564554875259757,3.247715545906915,3.247715545906915,2.4230785850592147,2.4230785850592147,-2.6199999999999997,21994.40137874048,11.469264126569897,3.6844318224472077,1.4631520730627146,108.48900421970116,10.213054789681411,11.49902366656781,5.783244946364939,5.783244946364939,0.0,0.0,9.589074368143644,0.0,0.0,0.0,12.13273413692322,30.68628989677245,11.126902983393991,11.126902983393991,19.802129157825057,11.566489892729878,0.0,0.0,0.0,6.923737199690624,0.0,58.14909280079303,0.0,11.49902366656781,0.0,0.0,11.49902366656781,0.0,21.77954468241129,0.0,6.923737199690624,37.40633182662862,30.33183534230805,0.0,0.0,0.0,74.6,5.783244946364939,19.802129157825057,0.0,39.53607457972073,5.563451491696996,0.0,24.26546827384644,12.990104268152233,0.0,0.0,0.0,0.0,0.0,24.670003779289495,19.648066106072058,0.9656075207860928,-1.3718258692365823,7.356264644746787,0.0,1.7318838183421517,0.0,0.06666666666666667,19,2,4,1,0,1,0,2,0,2,0,0,4,2,4,0,0,0,0,0,0,0,2.224090617262437,3,2.18162,67.81560000000002,0,0,0,0,0,0,0,2,0,0,2,2,0,0,0,0,0,0,0,0,0,0,0,0,0,0,0,0,0,0,1,0,0,0,2,0,2,0,0,0,0,0,0,0,0,0,0,0,0,0,0,2,0,0,0,0,0,0,0,0,0,0,0,0,0,2,2,0,0,0,0,0,0,0,0,0,0,0,0,0,0,0,0,0,0
11.989243669690097,11.989243669690097,0.1534287603930462,-0.15407407407407403,0.7417295882600524,18.352941176470587,224.259,212.16299999999995,224.083729624,84,0,0.1701515677227977,-0.48449859061862716,0.48449859061862716,0.1701515677227977,0.9411764705882353,1.6470588235294117,2.4705882352941178,16.492110669521086,9.963451177760925,2.2626788613327826,-2.248316250622473,2.337550802064004,-2.195874789398543,5.994587603373176,0.08499183983439561,2.396697722196647,1.9683975513704544,545.8580948683214,11.664925939000156,9.297106054010534,9.297106054010534,8.34333659290053,5.682461238223914,5.682461238223914,4.140636572758042,4.140636572758042,2.9988424951139945,2.9988424951139945,2.1266223798191257,2.1266223798191257,-2.0899999999999994,13651.5902256321,10.088920230629265,4.055276419082364,1.8217756307290371,99.85255984477224,4.736862953800049,11.853478221032208,5.783244946364939,0.0,0.0,0.0,4.794537184071822,0.0,0.0,0.0,42.46456947923127,17.696185628620217,0.0,11.984273114623004,9.53140013787187,5.783244946364939,0.0,0.0,0.0,12.524788010674312,0.0,65.72420659954848,0.0,5.749511833283905,4.736862953800049,0.0,5.749511833283905,0.0,5.783244946364939,0.0,0.0,28.446228178140124,54.59730361615449,0.0,0.0,0.0,26.3,0.0,4.794537184071822,0.0,11.887211334113243,17.73378494790691,5.563451491696996,0.0,0.0,54.59730361615449,0.0,4.736862953800049,5.867546296296297,0.0,11.989243669690097,0.0,1.7454020219198791,0.845653817082389,17.288543083900223,0.263611111111111,0.0,0.0,0.13333333333333333,17,0,2,0,1,1,0,2,0,2,1,0,2,0,2,1,1,0,0,0,0,0,2.4066682532514037,3,3.3931000000000022,65.20050000000003,0,0,0,0,0,0,0,0,0,0,1,1,0,0,0,0,0,0,0,0,0,0,0,0,0,0,0,0,0,0,0,0,0,0,2,0,1,0,0,0,0,1,0,0,0,0,0,0,0,0,0,1,1,0,0,0,0,0,0,0,0,0,0,0,1,0,0,0,0,0,0,0,0,0,0,0,0,0,0,0,0,0,0,0,0
12.871916655738943,12.871916655738943,0.014001244016125014,-1.3550534733765738,0.4153444925028238,43.77142857142857,490.7250000000003,440.3250000000003,490.3658246999999,200,0,0.13829892124926066,-0.3924630940564176,0.3924630940564176,0.13829892124926066,1.0285714285714285,1.6571428571428573,2.257142857142857,16.36706640935654,9.355621256570346,2.6863928455027257,-2.685432887301961,2.737826490437087,-2.6521728754979534,5.8515069178507355,-0.207906478571303,3.074080836552729,1.6752672113705769,898.9131578425373,26.35300667219901,23.318058537093826,23.318058537093826,15.90920882647202,13.93270886106366,13.93270886106366,14.547050079199712,14.547050079199712,11.910576529389244,11.910576529389244,9.773856734332007,9.773856734332007,-0.7500000000000001,25696718.195273925,27.28923246700599,8.377314569486291,3.8155657640587246,211.94810180785782,20.426109579362823,11.887211334113243,0.0,0.0,0.0,0.0,4.794537184071822,0.0,0.0,0.0,52.68863225828227,92.79191530653783,11.83581209232279,17.808983586480295,25.220646763434644,5.783244946364939,0.0,0.0,39.4136800160713,130.66942055516168,0.0,11.146209060138535,0.0,0.0,0.0,0.0,0.0,0.0,50.12230449995635,4.794537184071822,39.4136800160713,106.75647058093307,11.146209060138535,0.0,0.0,0.0,97.99000000000001,23.912949974228596,25.220646763434644,0.0,33.495773969909905,30.96361586130436,32.10410811463005,24.993683459519783,0.0,0.0,41.54242319814374,0.0,0.0,0.0,12.871916655738943,43.007954752430436,0.8953052274401236,0.9141607431595224,0.0,3.9600772825650212,16.600585338665955,0.0,0.9,35,4,5,4,0,4,0,0,0,0,9,0,5,4,5,0,5,3,0,3,0,0,6.531728135312789,4,4.794500000000007,137.53320000000002,0,4,3,0,0,0,0,0,0,0,1,1,0,0,0,0,0,0,0,0,0,0,0,0,0,0,1,0,0,0,0,0,0,0,0,0,5,0,0,0,0,0,0,0,0,0,0,0,0,0,0,1,1,0,0,0,0,0,0,0,0,0,0,0,0,0,0,0,0,0,0,0,0,0,0,0,0,0,0,0,0,0,0,0,0
11.893893927941548,11.893893927941548,0.2473200638280002,-0.6605035903250194,0.8163481667641405,12.1,274.32,256.17599999999993,274.131742436,106,0,0.3284725107649589,-0.4644505062343546,0.4644505062343546,0.3284725107649589,1.35,2.1,2.8,16.53391942328499,10.049666570704014,2.219048958459361,-2.1545405357915888,2.1891977421137057,-2.4187513303073636,5.862810396283908,-0.1467246771767804,2.8121314152992087,2.2197571371432545,618.3610807771132,14.535169427003234,11.60306004890244,11.60306004890244,9.613392202930195,6.60200684010317,6.60200684010317,4.568779408163072,4.568779408163072,3.047565328247443,3.047565328247443,2.201911800969817,2.201911800969817,-2.3,39831.02936629799,14.116368783779917,6.23231691622886,3.172771652217826,116.8632744862252,15.037630078753587,6.041840829147961,0.0,5.907179729351506,0.0,5.969305287951849,4.794537184071822,4.794537184071822,0.0,0.0,18.19910120538483,18.55355575984923,30.444327326310766,6.606881964512918,14.325937321943691,22.779409949384412,0.0,10.30076712495354,0.0,26.31013685145522,6.606881964512918,36.02576333715651,0.0,0.0,5.316788604006331,0.0,0.0,0.0,29.50918633191144,20.7467589448697,0.0,19.410925891078243,30.462311845459514,0.0,10.902924932081056,0.0,71.19,12.011146117099809,9.589074368143644,0.0,5.907179729351506,13.027703587438928,16.466376423778055,6.923737199690624,6.923737199690624,30.462311845459514,10.30076712495354,4.736862953800049,5.001884448223734,0.0,26.275083695515242,3.6883600245653816,1.986423086209793,-0.6565968023011668,7.177256918199378,2.265015117157974,3.42924017909633,0.0,0.3333333333333333,20,2,5,0,0,0,1,1,1,2,1,0,3,2,5,1,5,0,0,0,0,0,4.39888419834383,2,1.7781999999999998,76.24040000000002,0,0,0,0,0,1,1,0,0,0,2,2,0,0,0,0,2,0,0,0,0,1,0,0,0,0,0,1,0,0,0,0,0,0,1,0,1,0,0,0,1,1,0,0,0,0,0,0,0,0,0,0,0,0,0,0,0,0,0,0,0,0,0,0,1,0,0,0,0,0,0,0,0,0,0,0,0,0,0,0,0,0,0,0,0
11.216671705719325,11.216671705719325,0.3839989606953884,-0.6072165532879823,0.7607621564076389,12.625,218.25600000000003,204.14399999999998,218.105527688,84,0,0.3224773690309034,-0.46784506706490936,0.46784506706490936,0.3224773690309034,1.5,2.25,3.0,16.524735598249965,10.06011147601467,2.1552683632338936,-2.0730680170974454,2.1825567361710605,-2.330328539207151,5.84069613209473,-0.1416172021113604,2.715601028319957,2.2440021801265404,504.44299887698855,11.543605595440512,9.065055246441656,9.065055246441656,7.71954535281284,5.105007268292262,5.105007268292262,3.6932742808903245,3.6932742808903245,2.6186800282599494,2.6186800282599494,1.7721288243977267,1.7721288243977267,-1.8099999999999996,6596.194897789175,10.699326455634814,4.365060760627515,1.9207627598212662,93.39695455639627,15.454508951909443,6.041840829147961,0.0,0.0,0.0,5.969305287951849,4.794537184071822,0.0,0.0,0.0,18.19910120538483,11.629818560158606,23.520590126620142,7.109797541277533,9.53140013787187,16.872230220032908,0.0,4.9839785209472085,5.733667477162185,12.462662452073971,7.109797541277533,36.02576333715651,0.0,0.0,5.733667477162185,0.0,0.0,0.0,24.10492217932455,15.95222176079788,0.0,5.563451491696996,30.462311845459514,0.0,10.902924932081056,0.0,68.11,6.041840829147961,4.794537184071822,0.0,5.969305287951849,6.4208216229260096,16.466376423778055,7.109797541277533,0.0,30.462311845459514,9.720841474747257,5.733667477162185,4.598690003779289,0.0,14.359461529982363,1.0989380196523055,7.807712112622827,-0.3839989606953884,7.309304295792391,2.3652314814814814,0.0,1.3446615173847318,0.25,16,3,4,0,0,0,0,1,1,2,1,0,3,2,4,1,3,0,0,0,0,0,2.9189506297897125,2,1.2106999999999994,61.99410000000002,0,0,0,0,0,1,1,0,0,0,1,1,0,0,0,0,1,1,0,0,0,1,0,0,0,0,0,0,0,0,0,0,0,0,1,0,1,0,0,0,1,1,0,0,0,0,0,0,0,0,0,0,0,0,0,1,0,0,0,0,0,0,0,0,1,0,0,0,0,0,0,0,0,0,0,0,0,0,0,0,0,0,0,0,0
9.843953766691861,9.843953766691861,0.2993329554043842,-0.4987329931972795,0.8375057924076362,12.842105263157896,259.34900000000005,238.18099999999995,259.157228912,102,0,0.12675869165350548,-0.49019502312328916,0.49019502312328916,0.12675869165350548,1.105263157894737,1.8421052631578947,2.6315789473684212,16.489516152072376,10.110876783104922,2.0714360516187766,-2.1549170352990323,2.245590993589872,-2.346909974736159,5.87641550649045,0.1052503592274712,2.4242917581827936,1.9779417823071141,519.6427894422644,13.664925939000156,11.465827871043551,11.465827871043551,9.16470379794645,6.685791019114888,6.685791019114888,5.0050612108958275,5.0050612108958275,2.9425786417040287,2.9425786417040287,1.9381932675812228,1.9381932675812228,-1.5799999999999996,22327.72709286353,13.84252142964087,6.547124220490315,3.9447395719001546,113.76036150292278,15.160178952647087,18.460360185545124,0.0,0.0,0.0,0.0,0.0,0.0,0.0,0.0,50.245676810150904,11.452591282926406,17.97282144952533,0.0,9.843390348640755,10.772448428929591,0.0,5.316788604006331,0.0,25.993281616277514,13.151638370425493,42.46456947923127,0.0,5.749511833283905,10.05365155780638,0.0,5.749511833283905,0.0,30.40397298216246,0.0,0.0,13.847474399381248,42.46456947923127,0.0,10.772448428929591,0.0,41.489999999999995,6.103966387748303,5.106527394840706,0.0,0.0,19.193479199573453,16.521960262213497,0.0,0.0,30.33183534230805,31.296997140310797,4.736862953800049,5.723354119425549,0.0,0.0,15.258388238011253,0.0,0.8210156840513985,14.411528118963636,-0.4987329931972795,4.951113499412111,0.0,0.375,19,2,3,0,0,0,0,2,0,2,1,0,3,2,3,0,6,0,0,0,0,1,4.769931964455682,2,2.5775000000000006,78.58850000000005,0,1,1,0,0,0,0,0,0,0,0,0,0,0,0,0,1,0,0,0,0,0,0,0,0,0,0,0,0,0,0,0,0,0,2,0,1,0,0,0,0,1,0,0,0,0,0,0,0,0,0,0,0,0,0,0,0,0,0,0,0,0,0,0,0,0,0,0,0,0,0,0,0,0,0,0,0,0,0,0,0,0,0,0,0
12.098087364575461,12.098087364575461,0.2788528806584363,-1.0795374196510557,0.6829097001636526,17.666666666666668,319.407,306.30300000000005,319.033685276,108,0,0.32320746684558144,-0.47991304543699065,0.47991304543699065,0.32320746684558144,1.380952380952381,2.0476190476190474,2.6666666666666665,32.18119814476122,10.125233914998208,2.3266409380684365,-2.095842902505139,2.31302053750641,-2.3278437251560966,8.262915133696366,-0.13981702427297382,2.668571715284955,2.184382796949049,650.14239307736,15.405412915006313,11.275979018369299,12.908972180224751,9.96923425058676,6.176606416921917,7.401351288313506,4.460632190401631,6.136397779597787,2.7196403544731997,4.0974186155686185,1.8321597402611778,3.1370616357842116,-1.9199999999999995,51151.18263858202,15.468485897049254,6.689288885642163,4.025050585201351,131.68984682622576,5.106527394840706,10.865290491471546,0.0,0.0,5.907179729351506,5.969305287951849,14.48898409899412,0.0,0.0,0.0,60.387613841579736,24.13631332829077,0.0,4.905136513890047,14.69560176298435,46.25279760213402,0.0,4.899909730850478,0.0,6.923737199690624,6.544756405912575,52.44954798479824,0.0,0.0,0.0,0.0,0.0,23.97975839243781,32.748212634466086,9.589074368143644,0.0,12.487188691387619,46.88609649310124,0.0,6.076020106833881,0.0,57.61,12.514061693864424,9.589074368143644,0.0,10.227713814910476,4.905136513890047,27.798350702007856,0.0,6.076020106833881,43.331592648832554,0.0,17.324400837887403,0.2788528806584363,6.16740342987006,24.371998787963868,8.778816685951842,1.93452735260771,-1.4330451252024115,9.736673189951023,3.6784660808767953,1.4863067173226805,0.0,0.13333333333333333,21,1,4,0,1,1,1,1,0,1,0,0,4,1,6,1,4,0,1,1,0,0,4.927293847087815,2,2.918700000000001,87.71380000000002,1,0,0,0,0,0,0,0,1,1,2,1,1,0,0,1,0,0,0,0,0,0,0,0,0,0,2,1,0,0,0,0,0,0,1,0,0,0,0,0,0,0,0,0,0,0,0,0,0,0,0,0,0,0,0,0,0,0,0,0,0,0,0,0,0,0,0,0,0,0,0,0,0,0,0,1,0,0,0,0,0,0,0,0,0
12.936933437749705,12.936933437749705,0.10878294861970894,0.10878294861970894,0.7474614915624848,20.214285714285715,379.50000000000017,350.26800000000014,379.214743788,148,0,0.16620209627378937,-0.49285879087511075,0.49285879087511075,0.16620209627378937,1.0,1.6785714285714286,2.357142857142857,16.5078525980367,9.851170413196156,2.340516458126298,-2.324976283448084,2.3913651584674827,-2.33810590446927,6.024698499182402,0.08952545146687967,3.033559459933484,1.3362548695620295,825.2439471833666,19.50986092169139,16.817858357904015,16.817858357904015,13.67336639324559,10.22995982367692,10.22995982367692,8.070461212884847,8.070461212884847,6.285957345712203,6.285957345712203,4.712021514075524,4.712021514075524,-2.3299999999999996,3746809.9601530447,19.00679023622427,8.356363444273022,3.925173476821331,167.00458662052273,9.473725907600098,0.0,17.28226861293275,0.0,0.0,0.0,9.694446914922299,0.0,0.0,0.0,30.33183534230805,67.9503424700078,18.026113943770966,14.219595082555067,14.268263091671919,5.783244946364939,0.0,4.899909730850478,11.835812092322787,32.22804289761662,27.30910789438022,59.15492395432226,0.0,11.49902366656781,9.473725907600098,0.0,11.49902366656781,0.0,37.99226257159563,12.965578028838586,11.835812092322787,40.74735652794084,42.46456947923127,0.0,0.0,0.0,38.77,0.0,4.794537184071822,0.0,11.701150992526333,17.416929712729203,43.60281544698374,18.405094737549014,14.219595082555067,12.13273413692322,35.23174507315853,9.473725907600098,10.773646631006095,0.0,15.471438518707707,0.0,3.3088814785703318,2.382056313548328,14.515899250917201,4.189755871867163,3.2689293059503055,3.256059296099534,0.4583333333333333,28,0,4,1,1,2,0,2,0,2,1,0,4,0,4,1,6,0,1,1,0,1,5.672415968676781,4,4.361100000000004,110.13050000000005,0,0,0,0,0,0,0,0,0,0,1,1,0,0,0,1,0,0,0,0,1,0,0,0,0,0,0,0,0,0,0,0,0,0,2,0,1,0,0,0,0,2,0,0,0,0,0,0,0,0,0,1,1,0,0,2,0,0,0,0,0,0,0,0,0,0,0,0,0,1,0,0,0,0,0,0,0,0,0,0,0,0,0,0,0
11.54706748439649,11.54706748439649,0.08090768122471581,0.08090768122471581,0.6149801508040519,16.866666666666667,448.3940000000003,421.1780000000003,447.148032464,160,0,0.22421509242340937,-0.49351975013808286,0.49351975013808286,0.22421509242340937,1.0,1.8333333333333333,2.6666666666666665,35.49826287843537,10.030337608057765,2.1928002227518055,-2.361828776424417,2.3258922815877985,-2.4632561672203237,6.432648109397091,-0.11593257220975889,2.755340481072627,1.154396951666441,898.0121087625581,20.924074484064487,17.00202214494933,18.513880036986237,14.59735678832402,10.568791114657497,11.324720060675952,7.824330846087761,8.609495445837595,5.758419358128086,6.567346235473263,4.017137067374732,4.43219956801867,-1.9499999999999997,8073775.827172481,21.288457529152762,9.904587958522693,5.2032171877250555,187.442327584194,14.953561288656857,5.749511833283905,0.0,5.907179729351506,0.0,0.0,9.694446914922299,0.0,0.0,0.0,35.33461391738825,49.56977397177243,44.35360058972148,22.339534866679134,9.53140013787187,40.48383205918366,0.0,4.899909730850478,0.0,25.683286491704038,49.5473623289326,52.006920529949305,0.0,5.749511833283905,14.953561288656857,11.374772549367124,5.749511833283905,23.20187978046503,50.13775345427777,11.21535880699783,0.0,24.825916360475023,36.39820241076966,10.045266627482652,0.0,0.0,44.81,0.0,4.794537184071822,0.0,5.907179729351506,23.07297021492158,69.11053128099194,5.563451491696996,0.0,30.33183534230805,21.182975134168895,27.93874273426508,5.890788191640256,12.502648897781196,16.344757653303947,4.1756261491598945,3.097257157800196,0.90309740708584,11.796141392195612,3.467462302252992,5.711109737668955,0.0,0.43478260869565216,30,1,5,0,2,2,1,2,0,2,0,0,4,1,7,2,7,0,1,1,0,0,7.0284466699589405,4,4.859300000000004,123.23670000000006,0,0,0,0,0,0,0,0,0,0,1,1,0,0,0,2,1,0,0,0,0,0,0,0,0,0,0,1,0,2,1,0,0,0,2,0,1,0,0,0,0,1,0,0,2,0,0,0,0,0,0,0,0,0,0,0,0,0,0,0,0,0,0,0,0,0,0,0,0,0,1,0,0,0,0,0,0,0,0,0,0,0,0,1,0
13.383737399947787,13.383737399947787,0.2051672487842564,-0.23801709547200134,0.2723461385495727,12.0,442.4300000000002,428.31800000000027,442.09535692799994,160,0,0.19618997828248197,-0.3514841255348843,0.3514841255348843,0.19618997828248197,0.38235294117647056,0.7352941176470589,1.1176470588235294,16.139623115359353,9.99260751759435,2.1675622790417095,-2.0997154651660455,2.2619506180123636,-2.144863048916117,6.140735961444661,1.4142354180185737,2.8778342517580215,1.7231672910963134,2099.9711956119463,23.13709924364568,17.561196392130963,17.561196392130963,16.541713895658198,10.792564324352899,10.792564324352899,8.479031349939067,8.479031349939067,6.706028494995802,6.706028494995802,5.110553557178134,5.110553557178134,-4.839999999999999,116499335.04596752,18.704886952672716,6.357812874472156,2.2366427004600253,188.60677467197624,9.967957041894417,0.0,21.715161567602163,0.0,0.0,0.0,19.178148736287287,0.0,0.0,0.0,48.53093654769288,24.26546827384644,32.31734528678877,32.83925129939463,0.0,65.15659658618341,0.0,9.967957041894417,0.0,0.0,0.0,113.68971512542879,0.0,0.0,21.715161567602163,0.0,0.0,0.0,9.967957041894417,0.0,0.0,0.0,91.97455355782664,0.0,65.15659658618341,0.0,99.85999999999999,0.0,19.178148736287287,0.0,21.715161567602163,65.15659658618341,0.0,0.0,72.79640482153933,0.0,9.967957041894417,0.0,0.0,0.0,59.46881645490183,2.764709183600572,1.1822921832435949,0.0,20.25084884492067,0.0,0.0,0.0,0.0,34,2,6,0,0,0,0,6,1,7,0,0,4,2,6,1,0,0,0,0,0,0,3.4977109142132012,7,4.140600000000003,136.44539999999998,0,0,0,0,0,2,2,0,0,0,0,0,0,0,0,0,2,0,0,0,0,2,0,0,0,0,0,0,0,0,0,0,0,0,6,0,8,0,0,0,0,0,0,0,0,0,0,0,0,0,0,0,0,0,0,0,0,0,0,0,0,0,0,0,0,0,0,0,0,0,0,0,0,0,0,0,0,0,0,0,0,0,0,0,0
5.595634703733549,5.595634703733549,0.298552023645541,0.298552023645541,0.6744905567941374,14.16,336.3670000000001,318.22300000000007,336.12303447608997,126,0,0.23080098116659084,-0.49284078100225776,0.49284078100225776,0.23080098116659084,1.0,1.84,2.64,16.696813997030084,9.948838657625846,2.2801211673381583,-2.1693699758061262,2.4101727954855736,-2.3953952958814115,5.913534970158527,-0.6858697194735439,3.1072809129201557,1.7524067385221962,1012.4841662348883,16.96589084732138,14.16562871605281,14.16562871605281,12.27951954312824,8.29333981983898,8.29333981983898,6.268661691710983,6.268661691710983,5.000725186240826,5.000725186240826,3.768374317835423,3.768374317835423,-2.95,1279721.2148625145,14.397839862069473,5.275648027356567,2.049607604030209,144.86701050779013,18.947451815200196,0.0,35.73964731066127,12.486870300948288,0.0,0.0,0.0,0.0,4.567099647791355,0.0,0.0,35.21514398000823,12.487188691387619,25.169270788716858,23.51455146299155,10.772448428929591,0.0,0.0,0.0,12.965578028838586,21.012537388654895,42.09213040561812,0.0,34.25542681968108,23.51455146299155,0.0,22.99804733313562,0.0,21.012537388654895,12.965578028838586,0.0,5.563451491696996,36.52867891392113,0.0,22.02982791547505,0.0,40.8,0.0,0.0,0.0,0.0,6.792942306099827,46.736073790903795,16.82083097824245,14.219595082555067,6.06636706846161,35.02941149325087,18.947451815200196,24.383546540408393,0.0,0.0,2.170564977534224,3.6764180209120694,3.1814025857766848,10.423709083942219,3.1120773494583016,1.2135135221338251,3.338767919834284,0.25,25,0,5,0,2,2,0,2,1,3,0,0,4,0,5,3,2,0,0,0,0,0,3.038317418660902,5,3.096300000000001,92.51000000000005,0,0,0,0,0,1,0,0,0,0,0,0,0,0,0,1,0,0,0,0,0,0,0,0,0,0,0,0,0,0,2,0,0,0,2,0,5,0,0,0,0,4,0,0,0,0,0,0,0,0,0,0,0,0,0,2,0,0,0,0,0,0,0,0,0,0,0,0,0,0,0,0,0,1,0,0,0,0,0,0,0,0,0,0,0
8.427130295299937,8.427130295299937,0.5037500000000001,0.5037500000000001,0.2346588097545297,11.0,252.347,236.219,252.11571551199998,92,0,0.20394285225588685,-0.3547517477349958,0.3547517477349958,0.20394285225588685,1.7058823529411764,2.5294117647058822,3.1176470588235294,32.166491297615,10.386482726080418,2.004052010262761,-2.0571525216896003,2.1086010574470673,-2.3513833853835524,7.980548373288173,0.930264029908537,2.7307249421932687,2.1309410302229006,405.1737761568005,12.510225400620904,9.948559689713006,10.765056270640732,8.274386907679233,5.1993650634680435,6.354065601847294,3.2626099816574676,4.367781697180005,2.1098484568237756,3.0802088940534382,1.1752178591245963,2.0503461820649704,-1.6800000000000002,8399.709922186494,13.38527415143603,7.570081043458362,4.7817848631942805,104.92554288214419,10.30076712495354,0.0,6.19315609577884,5.959554568743835,0.0,0.0,10.309193336642,4.9839785209472085,17.0237765041296,0.0,0.0,6.923737199690624,30.792063596931804,12.021248069613002,0.0,17.72143951813495,5.261891554738487,20.60153424990708,4.992404732635669,12.676590806437414,19.345281995336553,17.715176064461463,0.0,6.19315609577884,10.633577208012662,0.0,0.0,11.761884949391115,35.272793605974805,5.752853606746789,18.37878485020795,11.387855989696922,11.31972480740021,0.0,0.0,0.0,88.88999999999999,0.0,0.0,0.0,0.0,5.959554568743835,29.438319609103075,0.0,25.136877006832847,13.116893295469463,25.593938982542745,5.261891554738487,0.0,1.7850186602418743,11.151355513841084,13.923213350435573,2.210137058024414,2.32291832010582,0.0,3.535713102951108,2.7731323241086048,1.6318450036248557,0.5,17,3,6,0,0,0,0,0,1,1,0,0,4,3,7,1,5,0,0,0,0,0,5.960447653839948,1,0.5973999999999998,69.59710000000001,0,0,0,0,0,2,1,0,0,0,0,0,0,0,1,3,3,0,0,0,0,1,0,0,0,0,0,0,0,0,1,0,0,0,0,0,0,0,0,0,0,0,0,1,0,0,0,1,0,0,0,0,0,0,0,0,0,1,0,0,0,0,0,0,0,0,0,0,0,0,0,0,0,0,0,1,0,0,0,0,0,0,0,0,0
6.130140778533635,6.130140778533635,0.6218518518518521,0.6218518518518521,0.8124044266873097,14.9375,253.71800000000002,245.654,253.01889393599998,82,0,0.1955222435671746,-0.3542537133391691,0.3542537133391691,0.1955222435671746,1.375,2.3125,3.125,35.49569173360366,10.243414696793801,2.1263806983936497,-2.0785309619902366,2.293125957137596,-2.2593779772550935,6.9966368498498746,0.9588970346011367,2.9231891281501468,2.0617148602417177,564.0247287194559,10.957819157813608,8.196767650725311,9.769193177671493,7.84333659290053,4.805415760557733,5.913676976907181,3.336446190529841,4.272094005126102,2.2946345625195135,3.152174806970943,1.5457812834800018,2.2881069486518086,-1.4,10804.107017642942,9.79973871389171,3.8766446423441536,1.5953329067710489,100.86221513104599,10.633577208012662,11.033401435232523,5.959554568743835,0.0,0.0,0.0,4.992404732635669,0.0,8.747079962832899,0.0,11.600939890232516,12.13273413692322,6.544756405912575,28.982963339536077,0.0,46.009469514091045,0.0,14.06386856683923,4.992404732635669,0.0,18.406301415831482,17.155367450664546,0.0,0.0,10.633577208012662,5.687386274683562,0.0,23.32912723543113,27.796147343401884,0.0,0.0,0.0,17.12513886955889,5.022633313741326,11.033401435232523,0.0,62.2,0.0,0.0,0.0,0.0,5.022633313741326,35.76985509048507,11.728187345198613,0.0,12.13273413692322,24.37306190348123,11.600939890232516,8.389059744268078,7.304870874275635,4.254279415469892,6.895843096497858,2.393947782816831,0.7383333333333334,3.666038202317964,0.0,1.6354053287981856,0.0,0.2222222222222222,16,2,5,0,1,1,0,1,1,2,0,0,6,2,7,2,1,0,0,0,0,0,2.374381536348805,3,1.7157999999999998,66.35240000000002,0,0,0,0,0,2,0,0,0,0,0,0,0,0,1,3,2,0,0,0,0,0,0,0,0,0,0,0,0,1,0,0,0,0,1,0,1,0,0,0,0,0,0,1,1,0,0,0,0,0,0,0,0,0,0,0,0,0,0,0,0,0,0,0,0,0,0,0,0,0,0,0,0,0,0,0,0,0,0,0,0,0,0,0,0
12.508626202024018,12.508626202024018,0.040145318930040697,-3.897318882800034,0.8613672076779288,16.17391304347826,351.40900000000005,338.30500000000006,351.034747896,120,0,0.2781171491552844,-0.5048615466844338,0.5048615466844338,0.2781171491552844,1.3478260869565217,2.0434782608695654,2.6956521739130435,32.233444240285536,10.12386933174677,2.3734869163545675,-2.276782488255113,2.343773144173589,-2.3674153875459067,7.890383545877382,-0.11329665869623029,2.907486673145146,2.0868272197468083,931.0039542533557,16.775656403009393,12.26963358476732,13.902626746622772,10.8194043363257,6.5746623823776105,8.831222292105975,4.896095511357748,8.068550181304975,3.376633205317527,6.020296360616856,2.25098634285171,4.308454596530414,-2.39,168046.91473444315,15.503582135477622,5.355825178237105,2.470915259971133,136.5040125616549,5.106527394840706,0.0,16.58776266455134,0.0,15.930470882759089,0.0,14.416541779374388,13.401775505276145,0.0,11.336785877934737,12.13273413692322,19.056471336613843,23.68511423968856,4.895483475517775,18.318861563241466,38.157980112189335,0.0,9.289194512243443,0.0,11.819220675208399,12.36446058668352,46.59994984391364,0.0,0.0,5.316788604006331,5.131558479839333,0.0,11.336785877934737,35.76837060344178,14.817828337479405,6.923737199690624,10.440598685398296,41.05483463403312,0.0,5.759164871656176,0.0,99.6,15.930470882759089,18.318861563241466,0.0,21.91513915192678,5.131558479839333,9.182363184997534,30.517191997535146,18.329577708536295,6.923737199690624,10.30076712495354,0.0,25.795490310321657,1.252775835642899,17.279040643391067,13.21041889749727,-0.23368297010162054,-1.1239526643990922,5.988899788182797,1.5884391665616864,1.8308550117577895,-2.671617352187789,0.14285714285714285,23,2,7,0,1,1,1,1,1,2,0,0,6,2,9,2,2,0,0,0,0,0,3.610194589306871,3,1.9509199999999998,86.42030000000004,0,1,1,0,0,1,0,0,0,0,1,1,0,0,0,2,1,0,0,1,0,0,0,0,0,0,0,1,0,1,1,0,0,0,1,0,1,0,0,0,0,0,0,0,0,0,0,0,0,0,0,0,0,0,0,0,0,0,0,0,0,0,0,0,0,0,0,0,0,0,0,0,0,0,0,0,1,0,0,0,1,0,0,0,0
12.26831884605694,12.26831884605694,0.2021415186444946,-1.0070258455769816,0.7977632704521287,28.0,334.39700000000005,316.25300000000004,334.09872805599997,122,0,0.3273993847026587,-0.4796728023655438,0.4796728023655438,0.3273993847026587,1.3043478260869565,1.9565217391304348,2.5652173913043477,32.16690614916107,9.956816977411966,2.6362075433409955,-2.4313369018698774,2.50224508937839,-2.7029184926640744,8.013146257169781,-0.16058803827234286,2.741987834077,1.66490359617118,661.3038986246087,16.775656403009393,12.853329287558925,13.669825868486651,10.809367635193633,7.371634471739616,8.25128728299451,6.30570597673362,8.076591116106181,4.198926417267647,5.770457012115132,3.1511383951469205,4.776534984756248,-2.02,129114.72313101777,15.859752401338886,5.559882097428595,2.692385835603269,137.78076788790858,15.323225729697514,17.45755447126466,0.0,11.814359458703011,0.0,5.969305287951849,9.589074368143644,4.794537184071822,0.0,11.761884949391115,30.33183534230805,19.410925891078243,4.747022453217559,6.4208216229260096,19.49013894705617,29.545549696045974,0.0,10.216698334856808,0.0,42.47287294678948,0.0,35.89528683400505,0.0,0.0,5.316788604006331,0.0,0.0,11.761884949391115,49.994678796828254,20.804433175141472,0.0,19.410925891078243,30.33183534230805,0.0,0.0,0.0,86.71000000000001,22.80000939946533,19.49013894705617,0.0,23.60905389459776,0.0,5.563451491696996,16.66179468024159,0.0,44.179309741689295,5.316788604006331,0.0,-0.5783058915140893,1.4237074305030653,37.19097428557031,11.789438746504459,0.8717091967960027,-1.5549260303422452,7.784420219356601,0.2021415186444946,3.6208405244813973,0.0,0.4375,23,2,6,0,2,2,2,1,0,1,3,0,4,2,7,2,4,0,2,2,0,1,3.8338414541675756,3,0.8607999999999998,85.80450000000005,1,0,0,0,0,0,0,0,1,1,3,2,0,0,0,1,1,0,0,0,0,0,0,0,0,0,0,2,0,0,0,0,0,0,1,0,1,0,0,0,0,0,0,0,0,0,0,0,0,0,0,0,0,1,0,0,0,0,0,0,0,0,0,0,0,0,0,0,0,0,0,0,0,0,0,1,0,0,0,0,0,0,0,0,0
5.979497354497354,5.979497354497354,0.5057464096749811,0.5057464096749811,0.7489707109733231,11.722222222222221,240.30999999999997,224.18199999999996,240.13749651199998,92,0,0.15182243250264943,-0.3818164701097039,0.3818164701097039,0.15182243250264943,1.2777777777777777,2.0555555555555554,2.8333333333333335,15.063940333938099,10.143569537699031,2.1174665119658904,-2.0907162337522984,2.267609989023484,-2.0330017410836145,6.057237817644988,0.5331794275907302,2.7323088387852037,2.3960082511257843,712.2091703961677,12.698306133819765,10.590199452013804,10.590199452013804,8.66470379794645,6.15602696913863,6.15602696913863,5.002184512235766,5.002184512235766,3.0422741972297005,3.0422741972297005,2.3379700326531734,2.3379700326531734,-2.099999999999999,19956.783758487127,11.01700633563247,3.978426224070977,1.6103334006307395,105.45281920706918,10.30076712495354,5.516700717616262,5.817862777835028,0.0,0.0,0.0,0.0,9.967957041894417,0.0,0.0,32.046575604766076,11.984273114623004,11.93098062037737,17.360721509997063,0.0,27.754189145148608,0.0,14.53505668968577,5.917906046161393,20.392230805293824,5.733667477162185,30.59278834861098,0.0,0.0,5.733667477162185,5.817862777835028,0.0,0.0,14.53505668968577,6.544756405912575,5.917906046161393,13.847474399381248,30.59278834861098,0.0,21.936326367313583,0.0,56.730000000000004,0.0,0.0,0.0,0.0,11.735768823996422,28.481082773226156,0.0,0.0,24.52642128014937,34.44889815752863,5.733667477162185,2.167037037037037,0.0,8.795069916855631,1.1109722222222222,8.793530801209371,1.0710723733938017,8.052162698412697,1.8562962962962963,5.320525321239607,0.0,0.2857142857142857,18,2,4,0,0,0,0,1,2,3,0,0,4,1,4,2,2,0,0,0,0,0,2.4350192731353513,3,2.8227,74.28440000000003,0,0,0,1,0,3,0,0,0,0,0,0,0,0,0,3,0,1,0,0,0,0,0,0,0,0,0,0,0,1,0,0,0,0,1,0,3,0,0,0,0,0,0,0,0,0,0,1,0,0,0,0,0,0,0,0,0,0,0,0,0,0,0,0,1,0,0,0,0,0,0,0,0,1,0,0,0,0,0,0,0,0,0,0,0
12.437916811581168,12.437916811581168,0.008342122569631183,-3.9475561838377122,0.5981616815314104,14.612903225806452,445.54500000000024,418.3290000000002,445.17837534399996,166,0,0.32840989085221617,-0.35031779946173125,0.35031779946173125,0.32840989085221617,1.032258064516129,1.7419354838709677,2.3870967741935485,32.233272343563534,9.956633298341325,2.2070751669842044,-2.2230010509858102,2.1720948093220525,-2.445847321228376,7.8966512556337145,0.09483845837469383,2.745567163976687,1.4808622529805016,1001.0705398115275,22.26937394568523,17.426867995952446,18.243364576880168,14.831337023048244,10.324437260199971,11.807600507794364,7.606765398013321,9.289167639422836,5.113916264423449,6.460808376486555,3.3987880001588153,4.314024862705542,-3.0100000000000002,7718338.411371263,22.67022007113408,10.340075129309016,6.744800730100008,181.66973203561423,10.633577208012662,5.693927994848461,0.0,0.0,15.930470882759089,6.031114512338072,9.77851570501903,22.918407553800055,0.0,0.0,31.39519900570125,43.88238769708887,18.783440806673614,16.786255041979313,18.00687135247258,21.96158539509716,0.0,25.323629114359168,0.0,56.38599124191242,6.544756405912575,53.61046289846651,0.0,0.0,15.355672072464749,4.794537184071822,0.0,0.0,42.910645502973466,16.444112776333593,6.923737199690624,53.84995278009579,41.55463889259037,0.0,0.0,0.0,130.15,16.054405665745655,18.00687135247258,0.0,22.538432028865703,12.965578028838586,43.36148760117551,24.52642128014937,19.056471336613843,0.0,25.323629114359168,0.0,26.947658805255376,0.0,32.162740075877906,5.483756040005309,1.8176536934919796,-0.3195591114281011,5.527282833114902,8.425448092664388,2.152575754855957,-3.9475561838377122,0.42857142857142855,31,3,9,1,0,1,3,1,1,2,0,0,6,3,10,1,7,1,0,1,0,0,7.561670281725663,3,2.0781199999999993,114.97440000000005,0,0,0,0,0,2,0,0,0,0,2,2,0,0,0,2,3,0,0,0,0,0,0,0,0,0,0,3,0,0,1,0,0,0,1,0,0,0,0,0,0,0,0,0,0,0,0,0,0,0,0,0,0,0,0,0,0,0,0,0,0,0,0,0,0,0,0,0,0,0,0,0,0,0,0,0,1,0,0,0,0,0,0,0,1
11.553342799476233,11.553342799476233,0.12859999419153767,-1.0810780009922882,0.45541449702144693,22.13888888888889,531.4400000000003,503.21600000000024,530.148760736,190,0,0.21906664142055066,-0.4907908063975836,0.4907908063975836,0.21906664142055066,1.1388888888888888,1.9166666666666667,2.5833333333333335,35.49683712008253,10.054793827265843,2.4495897882435336,-2.352397634579803,2.402726840217124,-2.476105779562887,6.346684460093638,-0.18875066760934336,3.5366295112877486,1.217537201434065,1183.1646774789097,25.122745096813752,19.978376919265465,21.490234811302372,17.415453901946535,11.88144594970773,12.637374895726184,8.960978204398748,9.804614111611338,6.51359642067459,7.061402531950628,4.597175258783871,5.149636173075101,-2.779999999999999,217868883.41727722,24.894187867656502,10.682485378298802,5.466468508597956,219.81542995421987,28.57750797089246,18.460360185545127,0.0,11.694290881922102,0.0,0.0,4.794537184071822,4.9839785209472085,0.0,0.0,29.26824684892664,36.39820241076966,61.76992104668895,24.50159175893136,19.005126045471968,34.7964457845001,0.0,14.450987899589041,0.0,25.3595711459221,44.29269928352661,76.79429481640162,0.0,5.749511833283905,9.636772684650527,5.687386274683562,5.749511833283905,23.20187978046503,65.85492356936497,26.60013065015509,0.0,12.487188691387619,61.18557669722196,10.045266627482652,0.0,0.0,69.06,5.7871111525705965,4.794537184071822,0.0,12.011146117099809,35.36723845411806,37.61592373161777,0.0,31.580634982991462,45.99568829256296,9.883888251797686,37.41246864186518,20.604900125414357,12.655940089837516,19.83034259812441,1.0208319602453875,1.8210378081523435,-0.20122165867601582,13.29190626572164,4.97870032850494,5.80311803823098,0.0,0.38461538461538464,36,0,8,0,2,2,1,2,1,3,2,0,7,0,10,3,7,0,2,2,0,0,7.386994386135111,5,4.2058000000000035,137.5959999999999,0,0,0,0,0,2,0,0,0,0,1,1,0,0,0,4,0,0,0,0,0,0,0,0,0,0,0,1,0,1,0,0,0,0,2,0,0,0,0,0,0,3,0,0,2,0,0,1,0,0,0,0,0,0,0,0,0,0,0,0,0,0,0,0,0,0,0,0,0,0,1,0,0,0,0,0,0,0,0,0,0,0,0,0,0
13.460933996662956,13.460933996662956,0.012365883591984428,-0.8862455120937269,0.326500977362608,23.075,567.7960000000002,522.4360000000004,567.31307792,218,0,0.251521733277959,-0.5076609476452876,0.5076609476452876,0.251521733277959,1.05,1.75,2.45,32.16653727060222,9.723120993858617,2.4142106277365905,-2.4661336191109733,2.386547531521421,-2.600418225996119,7.9894963187935755,-0.13215002148650976,2.9115844355635305,1.5359247976445247,1152.5947105502228,28.863232072819912,24.228793406848983,25.045289987776705,19.01385900776041,14.529963187051171,15.515561746704659,12.470328870492498,13.563741859211675,8.228258886041393,9.359541169413847,6.06170315368141,7.088778945006785,-2.55,556232048.7398434,30.409538932375426,13.407906745472761,8.015265495682277,242.66985707369898,20.846631997694075,5.749511833283905,0.0,5.907179729351506,5.907179729351506,0.0,14.48898409899412,0.0,0.0,11.761884949391115,43.52793314262447,76.63787241078373,40.403678129867046,18.187648046044224,19.802129157825057,23.576244408094126,0.0,15.533486938863138,11.835812092322787,88.42111368733788,18.842366418571938,59.65783953108687,0.0,5.749511833283905,10.633577208012662,0.0,5.749511833283905,11.761884949391115,69.49626369623441,4.794537184071822,18.75954929201341,68.79675988116772,53.42642002321065,0.0,0.0,0.0,101.9,12.145807216896262,19.802129157825057,0.0,29.144637373518222,35.26032508837614,30.70270475020838,12.841643245852019,36.88472335446657,51.103046941379915,15.533486938863138,0.0,0.0,1.5746738881375424,29.999754220217127,27.995726885944254,0.5433338262603098,1.2722780430953868,13.930787892743108,4.671330342755237,8.762114900847036,0.0,0.5625,40,4,7,1,1,2,2,2,0,2,5,0,6,4,8,1,9,1,1,2,0,0,10.193206554452825,4,4.747620000000004,160.59249999999975,0,1,1,0,0,0,0,1,0,0,2,2,0,1,0,1,2,0,0,0,1,0,0,0,0,0,0,2,0,0,0,0,0,0,2,0,1,0,0,0,0,0,0,0,0,0,0,0,0,0,0,0,0,0,0,0,0,0,0,0,0,0,0,0,0,1,1,0,0,1,0,0,0,0,0,1,0,0,0,0,0,0,0,0,0
12.901305712217523,12.901305712217523,0.022130758936269812,-4.039914890524529,0.27869329917322994,13.731707317073171,575.6870000000004,542.4230000000002,575.2090067759999,214,0,0.4113908629035278,-0.4964394078508563,0.4964394078508563,0.4113908629035278,1.0,1.7560975609756098,2.4878048780487805,32.23327353024042,10.010005226367761,2.221445494055955,-2.1295130338785477,2.3017371496227885,-2.306371045601829,7.897503259007124,0.0980270378012273,3.555863399099867,1.3506887919896549,1721.2016884804789,29.14768912319608,23.26868876495525,24.085185345882977,19.64019877333812,13.496744547905283,14.979907795499678,10.337468070366132,11.988292196612058,7.43462043084332,8.925832574203158,5.328071818818362,6.549592612452292,-4.3100000000000005,1711400272.1357656,28.227045802618033,11.660599325964185,6.221701040970508,239.06555499453577,14.040825555391454,11.853478221032208,0.0,0.0,15.930470882759089,6.093240070938415,10.111325788078153,17.934429032852847,0.0,0.0,24.26546827384644,85.69558057725533,41.81909987567789,12.005281016795308,27.480597260072678,38.61402216046213,0.0,9.289194512243443,7.04767198267719,50.02729517758675,12.426586145283864,89.11432022301717,0.0,5.749511833283905,14.775746422258468,10.481923458755384,5.749511833283905,0.0,38.199080361436046,28.228647712810833,6.923737199690624,52.73162964256384,71.75599773174696,0.0,10.902924932081056,0.0,115.72999999999999,22.023710953697503,18.00687135247258,0.0,16.562901354963074,23.42117122259047,47.713114407179084,19.242531678200752,37.255572541998674,36.010716407466454,10.038883468458419,9.473725907600098,40.90458803037882,0.0,25.365602154232562,3.8066704586580347,4.144405815181727,-0.29089467616053777,17.066331221742644,5.9977737176307055,1.6719028668636824,-0.5830462551943034,0.2903225806451613,41,2,9,1,0,1,2,3,1,4,0,0,7,2,10,1,8,1,0,1,0,0,8.027909055121171,5,5.6959200000000045,156.9096999999997,0,0,0,0,0,1,0,0,0,0,2,2,0,0,0,1,2,0,0,0,0,0,0,0,0,0,0,2,0,1,2,0,0,0,3,0,1,0,0,0,0,2,0,0,0,0,0,0,0,0,0,0,0,0,0,1,0,0,0,0,0,0,0,0,0,0,0,0,0,0,0,0,0,0,0,0,1,0,0,0,0,0,0,0,0
13.867316916540332,13.867316916540332,0.06706243300136161,-1.0488532991638568,0.10624046585910327,13.68,720.962,672.5780000000001,720.3127606359999,268,0,0.4073141084370974,-0.4437652036234549,0.4437652036234549,0.4073141084370974,0.9,1.56,2.14,32.13466401595826,9.927974980551133,2.306639915411909,-2.303712768623038,2.2018052937742087,-2.5543814826597404,7.09479389813047,-0.12444634034955412,3.7921793348755144,1.4637670685945976,1617.4968237573792,36.045030348694596,29.24353314531864,30.876526307174093,23.97727464143374,16.809050565648977,18.568356188158763,13.041735838482222,14.902314971567558,8.129844994772254,10.077090874431388,5.3864746113482616,6.718416169253569,-4.329999999999999,99661659139.94312,38.47159782577355,19.165556143146798,12.21811936765673,302.0583739168021,30.693665891510225,12.648722793660879,0.0,5.907179729351506,0.0,12.124354583276487,9.77851570501903,14.573052889090853,0.0,22.673571755869474,88.35861948337862,36.30727389833341,30.584325200065535,39.77980178182875,24.22700190085622,40.705106068497464,0.0,30.818232584763884,5.917906046161393,90.2564469593196,7.04767198267719,104.45671816910902,0.0,0.0,15.950365812018994,9.589074368143644,0.0,22.673571755869474,69.28308933808296,35.524681754149384,5.917906046161393,66.73927833664642,77.75111630031249,0.0,0.0,0.0,145.77999999999997,30.3227289461306,19.49013894705617,0.0,30.8839038752899,25.304305697925987,26.705601868796514,16.236695608785215,30.091840705842383,79.89120785446327,39.765797253294664,4.736862953800049,5.424978507101565,2.9499528922081164,50.97752074868347,23.4906276799991,4.35270225484641,-0.2767656664093314,16.78617448703173,0.8361452993284642,8.282283762480287,1.6763800347301994,0.43243243243243246,50,4,11,0,0,0,4,2,2,4,4,0,9,4,13,2,17,0,0,0,0,0,14.746591360928546,4,5.905200000000005,196.89689999999942,0,1,1,0,0,2,0,0,0,0,3,3,0,0,0,3,3,0,0,0,0,0,0,0,1,0,0,4,0,0,0,0,0,0,2,0,0,0,0,0,0,1,0,0,0,0,0,0,0,0,0,0,0,0,0,0,0,0,0,0,0,0,0,0,0,0,0,0,0,0,0,0,0,0,0,0,0,0,0,0,2,0,0,0,1
9.644321186577265,9.644321186577265,0.07723783524111627,-0.07723783524111671,0.3081454686289042,16.555555555555557,504.63600000000054,464.3160000000003,504.31725176000003,200,0,0.22780331080487576,-0.3945342844261826,0.3945342844261826,0.22780331080487576,0.5,0.8333333333333334,1.1388888888888888,16.259225120843094,10.112766503212193,2.2665462043816915,-2.3251148548561384,2.342773256266217,-2.3590280683114124,5.948931815782793,0.27919060902361587,2.923513433042501,1.9379728019114326,879.5223205537839,25.329851878000298,21.094485207357344,21.094485207357344,17.693733105501334,13.228014765201799,13.228014765201799,9.35558095812653,9.35558095812653,6.839870083791568,6.839870083791568,5.004720278142205,5.004720278142205,-2.5400000000000005,167591553.56642714,26.520984332276463,13.132812022900296,6.049910617292099,211.76522501669623,40.02574850276473,11.033401435232523,11.635725555670057,11.896678561972989,0.0,0.0,0.0,9.967957041894417,9.967957041894417,0.0,0.0,38.524929737556064,52.358051247300594,26.427527858051672,20.426109579362823,34.56580555287557,0.0,19.935914083788834,0.0,38.524929737556064,98.3852180287542,0.0,0.0,0.0,19.599638923401912,23.532404117643043,0.0,0.0,119.14760276850397,0.0,0.0,38.524929737556064,0.0,0.0,11.033401435232523,0.0,145.44,0.0,20.426109579362823,0.0,26.427527858051672,49.10910562085581,63.4980376710244,12.841643245852019,9.799819461700956,0.0,9.799819461700956,19.935914083788834,0.0,0.0,27.7792538558123,38.57728474630906,1.3056481481481483,2.349613672629546,0.0,6.609832638901903,4.3783669381990515,0.0,0.75,36,4,12,0,2,2,0,0,2,2,0,0,12,4,12,4,12,0,2,2,0,0,9.674863941613076,4,-0.017599999999998284,140.02519999999993,0,4,4,0,0,4,0,0,0,0,0,0,0,0,0,8,0,0,0,0,0,0,0,0,0,0,0,0,0,4,0,0,0,0,0,0,1,0,0,0,0,0,0,0,0,0,0,0,0,0,0,0,0,0,0,0,0,0,0,0,0,0,0,0,0,0,0,0,0,2,0,0,0,0,0,0,0,0,0,0,0,0,0,0,0
14.009301971802648,14.009301971802648,0.01504425807411014,-1.6833449598975387,0.2836428888779876,49.0,717.9380000000003,650.4020000000003,717.466326584,292,0,0.3111756872967318,-0.4590361221939893,0.4590361221939893,0.3111756872967318,0.9,1.52,2.08,16.712921929123954,9.716953211939156,2.5073952134743243,-2.4691894526294758,2.3946193045960555,-2.5855720471937125,5.8296590502437935,-0.3074676355776914,3.035683375120094,2.12423828979402,1133.7410227605715,38.093129169275656,32.62049197579819,32.62049197579819,22.997998440693348,18.385748490280836,18.385748490280836,16.334154774538618,16.334154774538618,12.052537035080675,12.052537035080675,8.012234947175187,8.012234947175187,-1.2600000000000005,17776385945.210175,43.14688313550699,16.821666163332328,9.447079324182269,298.800757941636,53.74719703301359,29.696194920593534,12.580053458670426,0.0,0.0,5.969305287951849,9.589074368143644,0.0,0.0,0.0,27.694948798762496,80.81813807843753,37.8290937086003,41.535873219121974,58.43636167030675,11.75255023431679,0.0,4.899909730850478,23.671624184645573,179.49429154654385,21.20514150663191,0.0,0.0,0.0,0.0,0.0,0.0,0.0,136.4365224861696,38.010252090943936,23.671624184645573,101.34148011153627,0.0,0.0,0.0,0.0,173.67999999999998,95.64793369070873,30.015183947506465,0.0,37.19151703203923,12.841643245852019,0.0,7.109797541277533,55.38989759752498,32.842728095586104,0.0,28.421177722800294,37.005794543545576,0.0,29.79402957233823,46.27300296187961,-4.237848884288017,-3.631357416809224,-0.28700120697758513,-7.129652615340471,17.23323997218346,5.229793073468426,0.9459459459459459,50,4,13,0,3,3,0,0,0,0,17,0,13,4,13,3,7,0,3,3,0,0,14.516049281876244,3,2.8148000000000044,184.8681999999995,0,4,2,0,0,0,0,0,0,0,2,2,0,0,0,1,0,0,0,1,0,0,0,0,0,0,0,0,0,0,0,0,0,0,0,0,0,0,0,0,1,6,0,0,0,0,0,0,0,0,0,1,1,0,1,1,0,0,0,0,0,0,0,0,0,0,0,0,0,0,0,0,0,0,0,0,0,0,0,0,0,0,0,0,0
3.9729166666666664,3.9729166666666664,0.359375,0.359375,0.45945663941707066,66.0,451.82200000000006,439.72600000000006,447.767248784,80,0,0.029755459361667246,-0.08517284379845931,0.08517284379845931,0.029755459361667246,0.42857142857142855,0.5714285714285714,0.7142857142857143,79.92183925335075,9.555966974164722,2.654249931272703,-2.6444915320124434,2.701445890281208,-2.641907995863656,9.11456597368526,0.11193551226865703,1.6707298880571042,2.0816588952083035,204.94824867480926,10.242640687119286,7.754498579156195,14.098484735615012,6.2426406871192865,4.99856963313774,8.170562711367149,5.664227623254366,12.393041069732782,3.801783725737272,7.16619044897648,4.156736644270155,12.8543211853679,1.92,855.4137026852374,11.035822305484693,2.8374062976991348,1.6159488329861667,118.47642701937677,0.0,0.0,0.0,0.0,0.0,0.0,0.0,0.0,0.0,0.0,63.719775591797394,38.524929737556064,17.29703397412879,0.0,0.0,63.719775591797394,0.0,0.0,0.0,55.82196371168486,0.0,0.0,0.0,0.0,0.0,0.0,0.0,63.719775591797394,17.29703397412879,0.0,0.0,38.524929737556064,0.0,0.0,0.0,0.0,0.0,0.0,0.0,0.0,0.0,17.29703397412879,0.0,38.524929737556064,0.0,0.0,63.719775591797394,0.0,1.4375,15.891666666666666,0.0,0.0,0.0,0.0,0.0,7.6708333333333325,0.0,0.0,1.0,14,0,0,4,0,4,0,0,0,0,0,4,0,0,4,0,0,4,0,4,0,0,2.2366508364193467,4,4.902600000000002,74.33400000000002,0,0,0,0,0,0,0,0,0,0,0,0,0,0,0,0,0,0,0,0,0,0,0,0,0,4,0,0,0,0,0,0,0,0,0,0,0,0,0,0,0,0,0,0,4,0,0,0,0,0,0,0,0,0,0,0,0,0,0,0,0,0,0,0,0,0,0,0,0,0,0,0,0,0,0,0,0,0,0,0,0,0,0,0,0
11.875486111111112,11.875486111111112,0.015162037037037557,-4.076203703703703,0.7276809702837485,38.6,232.301,216.17299999999997,232.076929992,86,0,0.26536914229054337,-0.29901404916937635,0.29901404916937635,0.26536914229054337,1.4666666666666666,2.066666666666667,2.4,32.23974041957901,9.701613289039583,2.647475497048377,-2.3471438989031252,2.6361663583839055,-2.4152451475890944,7.853789844434202,-0.12760070489738656,2.3388727982309994,2.446514288921517,409.13832557624323,11.483127663125442,8.985984151291227,9.802480732218953,6.690105581550663,5.1745386862974945,6.783703993823896,5.392945510579476,6.845449216200408,4.567948901014521,5.42554988611036,3.4195548543877115,4.719643992181399,-0.42000000000000004,1800.9320546378694,11.077000037901195,2.8253517777540558,1.3609102542985694,89.80222586042494,0.0,5.783244946364939,0.0,0.0,10.118126859033554,0.0,9.347287057762186,0.0,8.417796984328938,0.0,13.847474399381248,24.17453976141019,6.4208216229260096,11.167844076143568,17.76508404209112,15.901371805398494,0.0,0.0,16.747886984954953,33.10993926815928,5.752853606746789,0.0,0.0,0.0,0.0,0.0,0.0,0.0,24.50664541113103,14.912664043105377,16.747886984954953,33.10993926815928,0.0,0.0,0.0,0.0,71.44,21.285970935177122,13.212334168400758,0.0,17.116141461923114,12.841643245852019,6.4208216229260096,0.0,0.0,13.847474399381248,0.0,4.552749873690364,30.975902777777772,0.0,11.875486111111112,0.0,-1.1199074074074074,-0.1012731481481477,0.0,1.9722916666666666,3.8903703703703703,-4.076203703703703,0.9,15,1,4,2,0,2,0,0,0,0,2,2,3,1,5,0,2,2,0,2,0,2,2.086428116617726,2,1.2696,54.97760000000003,0,0,0,0,0,0,0,0,0,0,1,1,0,0,0,0,0,0,0,0,0,0,0,0,0,0,0,0,0,0,0,0,0,0,0,0,2,0,0,0,0,0,0,0,0,0,0,0,0,0,0,1,1,0,0,0,0,0,0,0,0,0,0,0,0,0,0,0,0,0,0,0,0,0,0,0,0,0,0,0,0,0,0,0,0
12.564997480473671,12.564997480473671,0.0661120776236217,-4.571498947572856,0.5987510403874274,10.892857142857142,434.81800000000015,419.69800000000015,434.0411455,152,0,0.34362023417411963,-0.4807654139941515,0.4807654139941515,0.34362023417411963,1.1428571428571428,1.7142857142857142,2.2142857142857144,35.49569762704236,10.358956556019253,2.3259849285056533,-2.101133828431704,2.2374094716303725,-2.3621057452805023,7.896748788768661,0.05955958227873984,2.9423204326401224,2.3087590933066258,1000.3748774462955,21.06011345338556,15.010155447909591,16.582580974855773,13.121759345333652,7.242134109042517,9.103261829646135,4.922048723335941,6.877757862471726,3.145748289056328,4.841882585254622,2.025435402244972,3.5906957542056737,-3.1300000000000012,1084495.1766646595,21.17326172206816,8.263340847292056,4.398301476359086,163.55212580591558,14.210588861400147,5.563451491696996,10.179069795562032,17.708315953857237,10.023291153407584,12.000419800289922,9.998591539151516,14.31116923259573,23.48443583452439,0.0,11.600939890232516,0.0,7.04767198267719,27.39575969229421,32.21746021387273,39.572990124916515,0.0,24.470536649792727,7.04767198267719,5.025959978669241,26.64618122783893,16.782928377051398,0.0,11.759976672870742,19.512609376058517,10.742876465058316,11.759976672870742,11.600939890232516,61.4960511937921,21.807826089884824,0.0,10.357988675768818,11.092327047130851,5.153109816892792,0.0,0.0,163.63000000000002,37.76623224095654,18.00687135247258,0.0,17.708315953857237,0.0,11.791600476422719,27.333634133693867,4.722094864452088,0.0,25.120290408001836,21.074665797832616,41.994965565043756,5.789653940527846,31.62085776416689,4.70172678174933,-0.5219756912559939,-1.201221668053678,0.1282904806716585,0.0,0.0,0.3488139382613138,0.3076923076923077,28,2,13,0,0,0,2,0,2,2,0,0,11,2,15,2,6,0,0,0,0,0,6.248638516370399,2,0.1776999999999993,94.03370000000001,0,0,0,0,0,4,0,0,0,0,2,2,0,0,0,4,2,0,0,0,0,0,0,0,0,0,0,2,0,1,1,0,0,0,0,0,0,0,0,0,1,3,0,0,1,0,0,0,0,0,0,0,0,0,0,3,0,0,0,0,0,0,0,0,0,0,0,0,0,0,0,0,0,0,0,0,1,0,0,0,0,0,0,0,1
10.547594009826152,10.547594009826152,0.35078703703703695,-0.35078703703703695,0.7200584673200358,59.625,222.37199999999999,196.16399999999996,222.198365452,92,0,0.06560339224406883,-0.38985960932190267,0.38985960932190267,0.06560339224406883,1.1875,1.875,2.5,16.28545444880906,9.694946222786575,2.7746369200780343,-2.35592697707923,2.798730170648207,-2.2957176179487755,5.25537283510727,0.029078422451331173,2.793585632628777,1.9243782956286275,306.55681230985857,11.71517847069432,11.162392066194279,11.162392066194279,7.410354708062403,7.133961505812383,7.133961505812383,7.359268941299172,7.359268941299172,6.351873583657678,6.351873583657678,5.568418654184915,5.568418654184915,-0.04,6179.411419374855,11.073461738781058,3.0415889803630933,1.110031699718452,99.62518092099036,5.106527394840706,0.0,0.0,0.0,0.0,0.0,0.0,0.0,0.0,0.0,20.771211599071872,67.61154439159841,0.0,5.601050810983688,5.106527394840706,0.0,0.0,0.0,35.00452070020374,58.97928610145023,0.0,0.0,0.0,0.0,0.0,0.0,0.0,0.0,10.707578205824394,0.0,35.00452070020374,53.378235290466534,0.0,0.0,0.0,0.0,20.23,0.0,5.106527394840706,0.0,5.601050810983688,11.332896515558172,30.09244580757158,19.26246486877803,0.0,0.0,27.694948798762496,0.0,0.0,0.0,0.0,10.547594009826152,0.2014814814814816,4.014004629629628,0.0,5.131744614512471,9.271841931216931,0.0,1.0,16,1,1,3,0,3,0,0,0,0,6,0,1,1,1,0,1,3,0,3,1,0,2.1050574499468,3,3.4657000000000027,65.99680000000005,0,1,0,0,0,0,0,0,0,0,0,0,0,0,0,0,0,0,0,0,0,0,0,0,0,0,0,0,0,0,0,0,0,0,0,0,1,0,0,0,0,0,0,0,0,0,0,0,0,0,0,0,0,0,0,0,0,0,0,0,0,0,0,0,0,0,0,0,0,0,0,0,0,0,0,0,0,0,0,0,0,0,0,0,0
10.166040249433108,10.166040249433108,0.5906712962962962,-0.6376388888888886,0.6626033627143815,37.875,222.37199999999999,196.16399999999996,222.198365452,92,0,0.08022464925566276,-0.3860809588853636,0.3860809588853636,0.08022464925566276,1.4375,2.125,2.75,16.281530601243816,9.85736622368451,2.180810636652174,-2.2312859593244103,2.254850295816673,-2.2121218195087518,5.068289282187895,0.10174979934010416,2.155849813235409,2.788116689266121,271.15953878327144,12.181798275874712,11.162392066194279,11.162392066194279,7.405484083944211,6.479260967433131,6.479260967433131,5.751988183667314,5.751988183667314,3.574063297053896,3.574063297053896,2.173199132496445,2.173199132496445,-0.56,2524.500131298664,13.504766839378238,5.674350634885274,4.524707061706391,100.25763716368031,5.106527394840706,0.0,0.0,0.0,0.0,0.0,0.0,0.0,0.0,0.0,37.648639249952154,51.366572983408076,0.0,5.601050810983688,5.106527394840706,0.0,0.0,0.0,11.835812092322787,58.97928610145023,0.0,23.80116485057091,0.0,0.0,0.0,0.0,0.0,0.0,10.707578205824394,0.0,11.835812092322787,53.378235290466534,23.80116485057091,0.0,0.0,0.0,20.23,5.601050810983688,5.106527394840706,0.0,0.0,11.835812092322787,12.841643245852019,18.414747775921285,0.0,12.999757306524504,32.923251812739636,0.0,0.0,0.0,0.0,10.166040249433108,0.8315740740740745,1.2427791950113378,0.0,10.711832010582011,8.631107804232805,0.0,0.7333333333333333,16,1,1,1,0,1,0,0,0,0,2,0,1,1,1,0,1,0,0,0,0,0,4.789423893062718,1,4.086100000000004,70.31680000000004,0,1,0,0,0,0,0,0,0,0,0,0,0,0,0,0,0,0,0,0,0,0,0,0,0,0,3,0,0,0,0,0,0,0,0,0,0,0,0,0,0,0,0,0,0,0,0,0,0,0,0,0,0,0,0,0,0,0,0,0,0,0,0,0,0,0,0,0,0,0,0,0,0,0,0,0,0,0,0,0,0,0,0,0,0
2.5616666666666665,2.5616666666666665,0.7847222222222221,0.7847222222222221,0.5418461603175865,31.666666666666668,204.35699999999997,180.16499999999996,204.187800768,84,0,0.0012829209007339734,-0.07811217239543704,0.07811217239543704,0.0012829209007339734,1.1333333333333333,1.8666666666666667,2.533333333333333,14.365041039148288,9.6674152596478,2.3156685080577013,-2.382449254471001,2.440823759283987,-2.2680052429032855,5.295077779236373,0.2770853260348283,2.168181951352349,2.3257379603392723,304.0,10.999635521070495,10.637828201504695,10.637828201504695,7.092224152875015,6.450959269812562,6.450959269812562,5.7909179348377915,5.7909179348377915,4.373542222472984,4.373542222472984,3.3401651809185138,3.3401651809185138,-0.52,2599.6501596714666,10.980103492712109,4.154573523638252,2.044177999849034,94.45757225795508,0.0,0.0,0.0,0.0,0.0,0.0,0.0,0.0,0.0,0.0,36.64280809642293,51.366572983408076,5.917906046161393,0.0,0.0,0.0,0.0,0.0,17.75371813848418,53.378235290466534,0.0,22.795333697041684,0.0,0.0,0.0,0.0,0.0,0.0,0.0,0.0,17.75371813848418,53.378235290466534,22.795333697041684,0.0,0.0,0.0,0.0,0.0,0.0,0.0,0.0,0.0,17.75371813848418,25.683286491704038,16.719313590207804,0.0,33.770968905596376,0.0,0.0,0.0,0.0,0.0,5.092870370370371,2.5200925925925923,0.0,7.949619236583522,9.437417800453513,0.0,0.7333333333333333,15,0,0,2,0,2,0,0,0,0,2,0,0,0,0,0,1,0,0,0,0,0,3.0411764838419746,2,4.7252000000000045,66.74300000000005,0,0,0,0,0,0,0,0,0,0,0,0,0,0,0,0,0,0,0,0,0,0,0,0,0,0,4,0,0,0,0,0,0,0,0,0,1,0,0,0,0,0,0,0,0,0,0,0,0,0,0,0,0,0,0,0,0,0,0,0,0,0,0,0,0,0,0,0,0,0,0,0,0,0,0,0,0,0,0,0,0,0,0,0,0
10.52619425547997,10.52619425547997,0.4233564814814812,-0.4233564814814812,0.6694749175341461,44.125,222.37199999999996,196.16399999999996,222.198365452,92,0,0.06532968413721162,-0.38987048558783993,0.38987048558783993,0.06532968413721162,1.375,2.0625,2.6875,16.283676810983145,9.583470925573053,2.455112630114322,-2.4907062336400476,2.4903959994116236,-2.4761718970756372,5.131690381604431,-0.08066166751180866,2.1563121826829454,2.273075405700146,287.8100768023834,11.922285251880869,11.162392066194279,11.162392066194279,7.415520785076279,6.812594300766464,6.812594300766464,6.539257290189248,6.539257290189248,4.9245693896723015,4.9245693896723015,3.8656886130076322,3.8656886130076322,-0.3,3391.879063360273,12.164699343827316,4.177266877621159,2.06648617306811,99.94140904233535,5.106527394840706,0.0,0.0,0.0,0.0,0.0,0.0,0.0,0.0,0.0,25.496599036284397,63.20238507573086,0.0,5.601050810983688,5.106527394840706,0.0,0.0,0.0,23.671624184645573,58.97928610145023,0.0,11.64912463690315,0.0,0.0,0.0,0.0,0.0,0.0,10.707578205824394,0.0,23.671624184645573,53.378235290466534,11.64912463690315,0.0,0.0,0.0,20.23,5.601050810983688,5.106527394840706,0.0,0.0,11.835812092322787,18.256633715248796,24.835569398847294,0.0,0.0,33.770968905596376,0.0,0.0,0.0,0.0,10.52619425547997,1.1086805555555561,2.639884259259259,0.0,7.011239606953893,8.964001322751322,0.0,0.8666666666666667,16,1,1,2,0,2,0,0,0,0,4,0,1,1,1,0,1,1,0,1,0,0,3.175949727824356,2,3.7759000000000027,68.15680000000005,0,1,0,0,0,0,0,0,0,0,0,0,0,0,0,0,0,0,0,0,0,0,0,0,0,0,2,0,0,0,0,0,0,0,0,0,1,0,0,0,0,0,0,0,0,0,0,0,0,0,0,0,0,0,0,0,0,0,0,0,0,0,0,0,0,0,0,0,0,0,0,0,0,0,0,0,0,0,0,0,0,0,0,0,0
10.52619425547997,10.52619425547997,0.4233564814814812,-0.4233564814814812,0.6694749175341461,44.125,222.37199999999996,196.16399999999996,222.198365452,92,0,0.06532968413721162,-0.38987048558783993,0.38987048558783993,0.06532968413721162,1.375,2.0625,2.6875,16.283676810983145,9.583470925573053,2.455112630114322,-2.4907062336400476,2.4903959994116236,-2.4761718970756372,5.131690381604431,-0.08066166751180866,2.1563121826829454,2.273075405700146,287.8100768023834,11.922285251880869,11.162392066194279,11.162392066194279,7.415520785076279,6.812594300766464,6.812594300766464,6.539257290189248,6.539257290189248,4.9245693896723015,4.9245693896723015,3.8656886130076322,3.8656886130076322,-0.3,3391.879063360273,12.164699343827316,4.177266877621159,2.06648617306811,99.94140904233535,5.106527394840706,0.0,0.0,0.0,0.0,0.0,0.0,0.0,0.0,0.0,25.496599036284397,63.20238507573086,0.0,5.601050810983688,5.106527394840706,0.0,0.0,0.0,23.671624184645573,58.97928610145023,0.0,11.64912463690315,0.0,0.0,0.0,0.0,0.0,0.0,10.707578205824394,0.0,23.671624184645573,53.378235290466534,11.64912463690315,0.0,0.0,0.0,20.23,5.601050810983688,5.106527394840706,0.0,0.0,11.835812092322787,18.256633715248796,24.835569398847294,0.0,0.0,33.770968905596376,0.0,0.0,0.0,0.0,10.52619425547997,1.1086805555555561,2.639884259259259,0.0,7.011239606953893,8.964001322751322,0.0,0.8666666666666667,16,1,1,2,0,2,0,0,0,0,4,0,1,1,1,0,1,1,0,1,0,0,3.175949727824356,2,3.7759000000000027,68.15680000000005,0,1,0,0,0,0,0,0,0,0,0,0,0,0,0,0,0,0,0,0,0,0,0,0,0,0,2,0,0,0,0,0,0,0,0,0,1,0,0,0,0,0,0,0,0,0,0,0,0,0,0,0,0,0,0,0,0,0,0,0,0,0,0,0,0,0,0,0,0,0,0,0,0,0,0,0,0,0,0,0,0,0,0,0,0
10.52619425547997,10.52619425547997,0.4233564814814812,-0.4233564814814812,0.6694749175341461,44.125,222.37199999999996,196.16399999999996,222.198365452,92,0,0.06532968413721162,-0.38987048558783993,0.38987048558783993,0.06532968413721162,1.375,2.0625,2.6875,16.283676810983145,9.583470925573053,2.455112630114322,-2.4907062336400476,2.4903959994116236,-2.4761718970756372,5.131690381604431,-0.08066166751180866,2.1563121826829454,2.273075405700146,287.8100768023834,11.922285251880869,11.162392066194279,11.162392066194279,7.415520785076279,6.812594300766464,6.812594300766464,6.539257290189248,6.539257290189248,4.9245693896723015,4.9245693896723015,3.8656886130076322,3.8656886130076322,-0.3,3391.879063360273,12.164699343827316,4.177266877621159,2.06648617306811,99.94140904233535,5.106527394840706,0.0,0.0,0.0,0.0,0.0,0.0,0.0,0.0,0.0,25.496599036284397,63.20238507573086,0.0,5.601050810983688,5.106527394840706,0.0,0.0,0.0,23.671624184645573,58.97928610145023,0.0,11.64912463690315,0.0,0.0,0.0,0.0,0.0,0.0,10.707578205824394,0.0,23.671624184645573,53.378235290466534,11.64912463690315,0.0,0.0,0.0,20.23,5.601050810983688,5.106527394840706,0.0,0.0,11.835812092322787,18.256633715248796,24.835569398847294,0.0,0.0,33.770968905596376,0.0,0.0,0.0,0.0,10.52619425547997,1.1086805555555561,2.639884259259259,0.0,7.011239606953893,8.964001322751322,0.0,0.8666666666666667,16,1,1,2,0,2,0,0,0,0,4,0,1,1,1,0,1,1,0,1,0,0,3.175949727824356,2,3.7759000000000027,68.15680000000005,0,1,0,0,0,0,0,0,0,0,0,0,0,0,0,0,0,0,0,0,0,0,0,0,0,0,2,0,0,0,0,0,0,0,0,0,1,0,0,0,0,0,0,0,0,0,0,0,0,0,0,0,0,0,0,0,0,0,0,0,0,0,0,0,0,0,0,0,0,0,0,0,0,0,0,0,0,0,0,0,0,0,0,0,0
6.20938393207077,6.20938393207077,0.7975376879146723,0.7975376879146723,0.7918053413291344,13.238095238095237,318.87300000000005,299.72100000000006,318.09574728800004,110,0,0.056730031151179014,-0.33955085067145824,0.33955085067145824,0.056730031151179014,1.0476190476190477,1.8095238095238095,2.619047619047619,35.49569172673941,10.174862677663182,2.2241997898206933,-2.3283288852104964,2.4811491281815785,-2.248645771949371,7.993773600916319,0.4021486092750588,2.464688558179496,1.9437632658356152,642.4372765270095,14.819626477379408,12.343412182360032,13.915837709306214,10.147867045540842,7.136710986404236,8.33117204034119,5.490300683775356,7.010513420734167,3.5747949419179776,4.940160423539642,2.588411696505556,3.83086207290959,-1.1600000000000001,72649.15994089883,14.763801473252023,6.304372410382191,3.203270439286252,135.25342033666846,9.799819461700956,0.0,0.0,0.0,0.0,0.0,0.0,0.0,0.0,0.0,35.49555897654685,57.39275733650101,21.35835667068945,11.374772549367124,0.0,34.73759738899076,0.0,4.899909730850478,0.0,16.21178857396156,32.08476650803001,47.487202792972596,0.0,0.0,4.899909730850478,11.374772549367124,0.0,23.36282483962363,32.08476650803001,0.0,0.0,6.4208216229260096,52.255536430266815,5.022633313741326,0.0,0.0,6.48,0.0,0.0,0.0,0.0,0.0,24.532967748492485,21.165739500402672,0.0,17.828252017852726,60.29336583782499,11.600939890232516,0.0,8.033371581142744,7.222372037806892,0.7975376879146723,2.5147952884857654,0.0,14.766852306766326,1.12297052154195,2.088099568531116,4.231778785588309,0.29411764705882354,21,0,2,0,1,1,0,2,0,2,0,0,3,0,4,1,4,0,0,0,0,0,4.432214413349048,3,4.8944000000000045,92.19400000000003,0,0,0,0,0,0,0,0,0,0,0,0,0,0,0,2,0,0,0,0,0,0,0,0,0,0,0,0,0,2,0,0,0,0,2,0,2,0,0,0,0,0,0,0,1,0,0,0,0,0,0,0,0,0,0,0,0,0,0,0,0,0,0,0,1,0,0,0,0,0,0,0,0,0,0,0,0,0,0,0,0,0,0,0,0
12.299823318216175,12.299823318216175,0.011296296296296138,-0.7469406651549508,0.4763808123905034,10.24,344.32300000000015,328.19500000000005,344.100836232,130,0,0.3398732553032847,-0.4653531324802471,0.4653531324802471,0.3398732553032847,1.0,1.48,1.92,16.62858752099841,9.91195491620554,2.3019398217582907,-2.1640716052075897,2.3701759599494423,-2.1603392952341554,6.077651799240598,-0.383698425606013,2.5932665724561046,3.0295817443896413,835.432060683619,18.723250160202095,14.1533180105416,14.1533180105416,11.82780492029403,7.246312195965127,7.246312195965127,5.165045883238241,5.165045883238241,3.7081403512385904,3.7081403512385904,2.6674129314785318,2.6674129314785318,-3.29,291739.89613473933,18.054511939157425,7.08004213702281,3.1849956298623687,143.10090837448828,9.473725907600098,0.0,0.0,0.0,5.687386274683562,11.938610575903699,15.09829678971278,9.589074368143644,0.0,0.0,12.13273413692322,19.913841467842857,11.629818560158606,47.22111659616065,23.98611132456141,17.625996850587264,0.0,4.9839785209472085,0.0,13.847474399381248,14.219595082555067,56.89454551570292,0.0,11.126902983393991,0.0,5.687386274683562,0.0,0.0,36.06549522822365,9.473725907600098,23.96179266814682,32.103833341234555,24.26546827384644,0.0,11.126902983393991,0.0,108.63000000000001,16.86192162472137,19.703392636909214,0.0,27.941192241471544,11.387855989696922,0.0,32.418696287939895,19.913841467842857,0.0,4.9839785209472085,9.473725907600098,9.573892668178381,0.0,39.64347852103805,11.423900384227766,0.5153835978835992,-1.4938813303099003,5.834810090702947,0.0,3.136082766439909,2.366333301839254,0.23529411764705882,25,0,8,0,0,0,0,1,1,2,0,0,7,0,8,1,4,0,0,0,0,0,5.113068211704639,2,2.846840000000001,88.48040000000003,0,0,0,0,0,1,0,0,0,0,2,2,0,0,0,2,0,0,0,0,0,0,0,0,0,0,0,0,0,0,2,0,0,0,1,0,0,0,0,0,2,2,0,0,0,0,0,0,0,0,0,0,0,0,0,2,0,0,1,1,0,0,0,0,1,0,0,0,0,0,0,0,0,1,0,0,0,0,0,0,0,0,0,0,0
10.55421343537415,10.55421343537415,0.08055555555555594,-0.5385534769463345,0.7981444096668123,41.04545454545455,299.36999999999995,278.202,299.152143532,116,0,0.16548052094753993,-0.4928574808156397,0.4928574808156397,0.16548052094753993,1.3636363636363635,2.227272727272727,3.0454545454545454,16.534915253417253,9.531106567762501,2.6368303860172433,-2.5601900472424854,2.6186110464315027,-2.6431499791088173,5.616731157018932,-0.04529641824196364,2.8761242741534874,1.822365423841526,685.154996148535,15.060113453385565,12.951046269004296,12.951046269004296,10.663869018582142,8.102093592364021,8.102093592364021,7.113244797870748,7.113244797870748,6.354309691044523,6.354309691044523,5.388740830926853,5.388740830926853,-1.52,226722.00040724524,12.968359178093896,4.059867674858224,1.2776232367596778,129.87893872736822,19.480163033291284,12.207932775496605,11.49902366656781,0.0,0.0,0.0,0.0,0.0,0.0,0.0,18.218407282129373,38.06389019460039,22.93818883640313,7.109797541277533,14.580253302440804,0.0,0.0,4.899909730850478,5.917906046161393,36.50640731989336,20.7022259298673,35.411677333984976,0.0,11.49902366656781,9.473725907600098,0.0,11.49902366656781,0.0,48.95843666020304,11.83581209232279,5.917906046161393,17.547724606320003,24.284774350590983,0.0,0.0,0.0,41.93000000000001,6.103966387748303,5.106527394840706,0.0,11.518956857145081,11.959746875309353,30.885423318332407,11.126902983393991,7.109797541277533,12.142387175295491,24.089968888823158,9.473725907600098,11.834056358654573,0.0,2.4724038643235073,10.55421343537415,2.6029629629629634,2.089918745275888,4.7003831254724115,5.5357549130763415,1.053250425170068,3.9070561696900983,0.5555555555555556,22,1,4,2,2,4,0,1,0,1,5,2,4,1,4,2,1,0,1,1,1,0,2.3931737374133806,5,1.5010999999999999,82.46380000000003,0,1,1,0,0,0,0,0,0,0,0,0,0,0,0,1,0,0,0,1,1,0,0,0,0,0,0,0,0,0,0,0,0,0,1,0,0,0,0,0,0,2,0,0,0,0,0,0,0,0,0,0,0,0,0,1,0,0,0,0,0,0,0,0,0,0,0,0,0,1,0,0,0,0,0,0,0,0,0,0,0,0,0,0,0
12.865690282533231,12.865690282533231,0.07338886726266725,-0.6324977677537618,0.0948674729834446,19.057142857142857,495.74500000000035,442.32100000000025,495.39237379599996,204,0,0.3284108437869222,-0.4609863609210806,0.4609863609210806,0.3284108437869222,0.9428571428571428,1.5142857142857142,2.057142857142857,16.576144087169997,9.862289799827655,2.4300102002422115,-2.3706407748565304,2.324493373390878,-2.476485758800027,5.789443828430018,-0.19010476866061532,2.813294436444706,2.57799527414015,579.4194352374097,25.89069428924488,23.02615834762838,23.02615834762838,16.92145261542064,14.530041077362387,14.530041077362387,10.809519269875329,10.809519269875329,7.056267367979539,7.056267367979539,4.904239028951727,4.904239028951727,-1.59,26290810.420640815,31.439931158335824,19.58110530205703,13.915176986678182,214.2133180201585,14.790514511606428,18.249773604644567,0.0,6.410095306116121,0.0,11.938610575903699,9.589074368143644,4.794537184071822,0.0,0.0,104.74480827387463,31.60119253786543,6.4208216229260096,5.917906046161393,23.85733745981556,18.34870588201982,0.0,5.316788604006331,11.835812092322787,155.0986899931493,0.0,0.0,0.0,0.0,5.316788604006331,0.0,0.0,0.0,36.59847948666439,23.85733745981556,11.835812092322787,136.8489163885047,0.0,0.0,0.0,0.0,81.7,6.041840829147961,14.383611552215466,0.0,35.98235544372309,19.25173855196814,38.524929737556064,57.787394606334104,0.0,13.847474399381248,19.16426300338758,9.473725907600098,11.402396285570127,0.0,35.961655674734466,2.6204883015733538,0.0,-0.3023813202059833,-0.6324977677537618,18.498680643722594,8.45165818235921,0.0,0.896551724137931,35,1,6,0,1,1,1,0,0,0,4,0,5,1,6,1,23,0,1,1,0,0,17.589388648594216,1,6.881900000000007,140.91269999999997,0,0,0,0,0,0,0,0,0,0,3,3,0,0,0,0,1,0,0,0,0,0,0,0,0,0,0,1,0,0,0,0,0,0,0,0,0,0,0,0,2,2,0,0,0,0,0,0,0,0,0,0,0,0,1,0,0,0,0,0,0,0,0,0,0,0,0,0,0,0,0,0,0,0,0,0,0,0,0,0,0,0,0,11,0
13.217028805738446,13.217028805738446,0.015790947551860723,-2.183583853007328,0.46919998733479373,30.6,416.3820000000002,396.2220000000002,416.11073221999993,158,0,0.18951549533579842,-0.5111949878187635,0.5111949878187635,0.18951549533579842,1.1666666666666667,1.8333333333333333,2.466666666666667,16.46636294387594,9.628896475998765,2.5510991249386366,-2.423604967468964,2.5021785944074595,-2.5079184798993195,6.189624547351826,-0.14389383949628154,2.721945370533498,1.9159363064852806,1050.556806619647,21.95530096777097,15.954483098052643,15.954483098052643,14.156920169408728,9.313179715406173,9.313179715406173,7.738959551937526,7.738959551937526,6.151835010217512,6.151835010217512,4.7021225811548355,4.7021225811548355,-3.0100000000000002,4566332.831661626,20.27040901930075,6.762759028143137,2.5575259257130627,170.07811560110815,30.269499928003576,29.475774352092863,17.34973483909482,0.0,0.0,0.0,14.383611552215466,0.0,0.0,0.0,12.13273413692322,6.06636706846161,29.551303797687545,30.613027513045616,44.65311148021904,17.34973483909482,0.0,0.0,11.835812092322787,24.54666044458401,13.716679505790452,51.990542992229706,0.0,5.749511833283905,4.736862953800049,0.0,5.749511833283905,0.0,68.30406851782078,4.794537184071822,11.835812092322787,33.55762059738965,40.863640008835716,0.0,0.0,0.0,161.59,71.8574190838269,34.809721131578286,0.0,28.022623876816432,0.0,0.0,25.30889874666236,0.0,0.0,0.0,9.843390348640755,5.178055593639073,0.0,38.37886089263508,52.04408232623691,-2.556800875040862,-6.226170696954427,4.415449275885142,-2.66101179978164,-0.9871709543911993,1.331372904438589,0.38095238095238093,30,5,9,3,0,3,0,1,0,1,4,0,9,5,9,0,3,1,0,1,0,2,4.56946305331434,4,0.3916,100.228,0,5,4,0,0,0,0,0,0,0,3,3,0,0,0,0,0,0,0,0,0,0,0,0,0,0,2,0,0,0,0,0,0,0,1,0,3,0,0,0,0,1,0,0,0,0,0,0,0,0,0,3,3,0,0,1,0,0,0,0,0,0,0,0,0,0,0,0,0,0,0,0,0,0,0,0,0,0,0,0,0,0,0,0,0
11.614286501637691,11.614286501637691,0.04902440538242292,-0.6742405190398171,0.499387662026941,10.6,275.22,266.14799999999997,275.05422038800003,102,0,0.43306163654831437,-0.5079661963975146,0.5079661963975146,0.43306163654831437,1.3,2.0,2.6,16.648444378180923,10.18673387376571,2.099911298815442,-1.9852991045349475,2.1340320533577533,-2.167582709286591,5.9432304596940275,-0.4017294041480988,2.8819450914315947,1.9654215364791057,659.9872474445725,14.535169427003233,10.016085832682709,10.016085832682709,9.5585506480638,5.4272660325266955,5.4272660325266955,3.679112244281453,3.679112244281453,2.279920163758098,2.279920163758098,1.3415971393244888,1.3415971393244888,-3.16,41004.31476088873,13.275862374067444,5.653531237601811,3.1923348834534853,112.03676308287376,9.523678331894054,10.672822882101576,5.760247418874442,0.0,5.907179729351506,5.884182201861009,14.908855452837393,5.425791397110385,5.101407525739723,0.0,0.0,30.33183534230805,5.563451491696996,12.280967647996928,19.241526564783545,18.005962510747832,0.0,5.425791397110385,5.101407525739723,0.0,0.0,57.836219590106666,0.0,5.749511833283905,5.425791397110385,5.884182201861009,5.749511833283905,0.0,22.1516187525452,0.0,10.114318268765572,16.118236094643258,45.91676087356274,0.0,0.0,0.0,117.97000000000001,16.714672980030183,14.908855452837393,0.0,11.509759252158346,5.563451491696996,6.2146005795353165,36.39820241076966,0.0,0.0,10.527198922850108,9.523678331894054,4.8155798671626595,0.0,21.32598220397071,23.077144415427764,2.5349333375325447,-0.6997505274302078,8.135285086052582,1.144158950617284,0.0,0.0,0.0,20,2,8,0,0,0,1,1,1,2,0,0,6,2,8,1,4,0,0,0,0,0,3.7527751318946416,2,1.6573,68.52940000000001,0,0,0,0,0,0,0,1,0,0,1,1,0,0,0,2,1,0,0,0,0,0,0,0,0,0,0,1,0,0,0,0,0,0,1,0,0,0,0,0,0,0,1,0,0,0,1,0,0,0,0,0,0,0,0,0,0,0,1,0,0,0,0,0,0,1,1,0,0,0,0,0,0,0,0,0,0,0,0,0,0,0,0,0,0
2.5150462962962963,2.5150462962962963,1.0756018518518518,1.0756018518518518,0.8384623265941304,13.761904761904763,280.41499999999996,256.22299999999996,280.193948768,110,0,0.04429611292444658,-0.34099081171219864,0.34099081171219864,0.04429611292444658,0.8571428571428571,1.380952380952381,1.9047619047619047,15.147531914684084,10.049505827618898,2.1893295766440075,-2.2716774216562943,2.3525137923940123,-2.2346062196139465,5.705300109069737,0.4023405666092395,2.6503485522006267,1.946085728189517,556.5202782227694,14.656489770562878,13.048763250449664,13.048763250449664,10.25402019542349,7.835903638099349,7.835903638099349,6.065891941848764,6.065891941848764,4.215547540145039,4.215547540145039,3.1561689443320082,3.1561689443320082,-1.7999999999999994,89136.52250761147,14.150516197935207,6.314843310189529,3.108345481049562,127.55692831321478,9.799819461700956,0.0,0.0,0.0,0.0,0.0,0.0,0.0,0.0,0.0,36.39820241076966,63.162202360362194,17.9195289552797,0.0,0.0,11.374772549367124,0.0,4.899909730850478,0.0,19.26246486877803,32.08476650803001,59.65783953108687,0.0,0.0,4.899909730850478,11.374772549367124,0.0,0.0,32.08476650803001,12.841643245852019,0.0,17.54772460632,48.53093654769288,0.0,0.0,0.0,6.48,0.0,0.0,0.0,0.0,0.0,25.931156057677168,28.92249715568712,0.0,0.0,72.42609997474823,0.0,0.0,0.0,4.7746008125472414,0.0,5.7217762660619815,0.0,17.73370134164777,3.448812515747039,2.2014290438397577,4.286346686822878,0.3684210526315789,21,0,2,0,1,1,0,2,0,2,0,0,2,0,2,1,4,0,0,0,0,0,4.255156788012367,3,3.8750000000000036,90.46900000000007,0,0,0,0,0,0,0,0,0,0,0,0,0,0,0,2,0,0,0,0,0,0,0,0,0,0,0,0,0,2,2,0,0,0,2,0,2,0,0,0,0,0,0,0,0,0,0,0,0,0,0,0,0,0,0,0,0,0,0,0,0,0,0,0,2,0,0,0,0,0,0,0,0,0,0,0,0,0,0,0,0,0,0,0,0
13.391455125428823,13.391455125428823,0.16054179316354622,-0.30288331320204875,0.6577452185749304,18.066666666666666,410.4930000000002,383.27700000000016,410.211804324,158,0,0.25648037354974157,-0.35589095870673193,0.35589095870673193,0.25648037354974157,1.2,2.033333333333333,2.8666666666666667,19.14214814206955,9.912007692616648,2.254503461461029,-2.3090343036165244,2.3236025093767187,-2.3688536158765077,5.794442161089768,0.21079440988495973,3.1679844987412777,1.2328492308842518,1128.1689101168888,20.664561460070644,17.363784324560765,17.363784324560765,14.59735678832402,10.963062134042449,10.963062134042449,8.580102500215451,8.580102500215451,6.694743712192054,6.694743712192054,4.943831929390458,4.943831929390458,-2.5400000000000005,12434275.79786954,19.42507820908214,7.945993904374621,3.5548338156190766,174.23929709545143,9.423004667823825,11.641625339045822,5.583020141642242,0.0,5.559266895052008,0.0,9.361636831863176,9.374393568622029,0.0,0.0,5.156663257125445,64.25009226306905,48.138211250384416,5.693927994848461,8.913509984648169,10.969244356107037,0.0,19.607651156714486,0.0,57.911329389320656,19.634269217737724,57.145838104948396,0.0,0.0,5.559266895052008,4.39041504767482,0.0,0.0,39.241920374452214,19.386399651764595,12.740958040736519,54.37690451725928,27.51673332643,0.0,10.969244356107037,0.0,64.16,0.0,9.184952231746642,0.0,11.376487736097904,11.500926187803636,92.865891555065,12.13273413692322,6.06636706846161,11.49083684748198,10.056572987975922,9.507073457920557,20.61639405905525,0.0,20.058440809875137,5.145664014026554,3.380492052384917,0.9737534052999746,4.627242259171112,5.810256603119456,5.554423463734266,0.0,0.5217391304347826,30,0,6,0,2,2,0,1,2,3,0,0,6,0,7,4,4,0,1,1,0,0,5.145051768045565,5,3.5904200000000017,112.25800000000007,0,0,0,0,0,3,0,0,0,0,0,0,0,0,0,4,0,0,0,0,1,0,0,0,0,0,0,0,0,0,2,0,0,0,1,0,2,0,0,0,0,0,0,0,1,0,0,0,0,0,0,0,0,0,0,0,0,0,0,0,0,0,0,0,0,0,0,0,0,1,0,0,0,0,0,0,0,0,0,0,0,0,0,0,0
13.329457661763307,13.329457661763307,0.14650035168388365,-3.6980905452171684,0.553404610518758,15.878787878787879,474.5870000000003,444.34700000000026,474.20492443999996,178,0,0.2768584114184537,-0.4931125653923465,0.4931125653923465,0.2768584114184537,1.121212121212121,1.8484848484848484,2.515151515151515,32.23342759296929,10.143767050377264,2.2857090893549974,-2.312216038566479,2.319656173179809,-2.4651160099936176,7.887447288396954,0.22217370043726445,3.100516930069805,1.8517024716417818,1322.639953437774,23.750347897697548,19.459107705693818,20.275604286621544,15.755587286553409,11.176521360205136,12.616584689005776,8.230388694686832,10.1683236746285,5.85539724083782,7.75003410743423,4.0930963393690565,5.542045992921878,-2.76,25919155.741017863,23.399926494545742,9.238628240496574,4.397669312114405,192.78073394335607,14.620751205597735,17.090617048900093,5.516700717616262,10.023291153407584,5.559266895052008,0.0,9.476340119217006,13.401775505276145,9.40389779959727,0.0,13.344558822616634,38.591332010678656,33.22669760632749,22.75974492657615,13.154659938128987,21.056692588640107,0.0,28.95356750748735,7.04767198267719,31.584601120751042,39.833579570840406,34.24683327935712,0.0,17.137367822980828,10.296129848852058,0.0,5.749511833283905,0.0,77.20494406265671,23.491784759010784,0.0,25.96222401715572,27.889121864974424,0.0,22.421257424929443,0.0,113.41999999999999,10.023291153407584,13.212334168400758,0.0,16.27915486856971,61.55309397130265,12.114749617774471,8.987018926441419,25.24677318806202,20.89514638205844,14.982570060098723,9.720841474747257,35.442187232994414,0.0,22.660373449080627,4.454356276546136,1.7456064624421626,0.7175832231040566,4.714448223733938,1.543898142707389,6.479860064113433,-0.008313074722151592,0.5,33,1,10,0,1,1,0,1,2,3,0,0,8,1,11,3,7,0,1,1,0,0,6.551006719334978,4,1.610899999999999,125.98550000000004,0,0,0,0,0,4,1,0,0,0,0,0,0,0,0,5,1,0,0,1,0,1,0,0,0,0,0,0,0,0,2,0,0,0,1,0,1,0,0,0,0,1,0,0,0,0,0,0,0,0,0,0,0,0,0,0,0,0,0,0,0,0,0,0,0,0,0,0,0,0,1,0,0,0,0,0,1,0,0,0,0,0,0,0,0
12.700415721844294,12.700415721844294,0.16092376973891387,-1.3927340010078104,0.6976385406732035,12.32,361.42300000000006,342.2710000000001,361.109627088,132,0,0.19730311802189443,-0.496683562342977,0.496683562342977,0.19730311802189443,1.28,2.08,2.76,32.19727922014357,10.124465606413654,2.166929481027134,-2.120949378062619,2.2650848922653264,-2.0581065502263756,7.836007802935396,0.2723998440526866,3.0581715153923055,1.895565159524248,939.0328138763053,17.974327015758657,14.198248587486926,15.014745168414652,12.066411905563507,7.6132736543928825,8.932205547379704,5.4613885282004855,6.82780605551928,3.9677699077785027,5.128050727732458,2.615056240912848,3.7151231439605428,-2.4499999999999997,607108.2092356805,17.37553166777971,7.200981858320427,3.354698390458629,147.03890722697224,19.564231823388013,11.49902366656781,5.156436481820707,0.0,0.0,0.0,9.192877013111676,4.9839785209472085,0.0,0.0,0.0,19.056471336613843,23.390113623468675,54.10622912680006,18.789151794605274,21.83297047813683,0.0,14.951935562841626,0.0,24.439909252771038,14.219595082555067,41.216775755240356,0.0,11.49902366656781,9.473725907600098,0.0,11.49902366656781,0.0,38.48695653240186,23.159304614164014,6.923737199690624,16.82083097824245,29.552381258818613,0.0,11.033401435232523,0.0,97.33,10.799569042904308,9.315425887005174,0.0,12.359735571259707,33.429540352550234,11.080152209313258,7.109797541277533,19.37300818135222,19.056471336613843,14.951935562841626,9.473725907600098,23.2093099523286,0.0,11.770055741049608,9.726845424138862,3.498699090821171,1.4603890884248032,5.441406299936728,1.5435188386649423,1.673428402259362,1.7319027179314812,0.29411764705882354,25,2,7,0,0,0,0,1,2,3,1,0,6,2,8,2,6,0,0,0,0,1,5.004835532734151,3,2.08362,94.20690000000002,0,1,1,0,0,3,1,0,0,0,0,0,0,0,0,2,1,0,0,0,0,1,0,0,0,0,0,0,0,0,0,0,0,0,1,0,1,0,0,0,0,2,0,0,0,0,0,1,0,0,0,0,0,0,0,2,0,0,0,0,0,0,0,0,0,0,0,0,0,0,0,0,0,1,0,0,0,0,0,0,0,0,0,0,0
10.827338400380729,10.827338400380729,0.06424107142857127,-0.8893467078189301,0.8807285394160606,10.210526315789474,296.15299999999996,285.065,295.01668395200005,98,0,0.30739587692442316,-0.4809852135804913,0.4809852135804913,0.30739587692442316,1.0526315789473684,1.6842105263157894,2.3157894736842106,35.49683559976265,10.100301513191681,2.0971844788845853,-2.129783874772339,2.330821310822248,-2.0355568215770297,6.388086929697556,-0.13571846254865302,2.3509148477009196,2.3558879442321032,593.8950014443018,13.828062645816686,9.859949497496205,11.371807389533116,9.075387400469408,5.584169402223604,6.3400983482420585,3.9493209781324907,4.763721231613703,2.5814720825166764,3.211412870865388,1.7112313592468351,2.203167158964942,-1.7099999999999995,18978.935565489523,13.715440199973633,5.9544053534163845,3.397616957868233,120.33053204396539,10.423315998847038,0.0,0.0,0.0,0.0,5.969305287951849,4.794537184071822,0.0,0.0,0.0,47.46734805431147,23.762552697081826,5.687386274683562,22.153474525092225,9.901064578912528,40.545957617784005,0.0,0.0,0.0,6.4208216229260096,5.316788604006331,58.073287598410914,0.0,0.0,5.316788604006331,11.374772549367124,0.0,23.20187978046503,11.075832682792555,11.21535880699783,0.0,5.563451491696996,42.46456947923127,10.045266627482652,0.0,0.0,49.33,5.969305287951849,4.794537184071822,0.0,6.4208216229260096,26.98349066854677,0.0,0.0,36.39820241076966,6.06636706846161,5.316788604006331,28.30840717530574,0.0,12.148457175051089,10.827338400380729,12.941774656364606,1.9255171327790386,-0.8893467078189301,12.332722636894264,-0.06424107142857127,0.0,0.0,0.07142857142857142,19,2,3,0,0,0,0,2,0,2,0,0,2,2,5,0,4,0,0,0,0,0,4.298278450062384,2,4.364100000000001,77.52650000000003,1,0,0,0,0,0,0,0,1,1,1,0,0,0,0,0,1,0,0,0,0,0,0,0,0,0,0,0,0,2,0,0,0,0,2,0,0,0,0,0,0,0,0,0,2,0,0,0,0,0,0,0,0,0,0,0,0,0,0,0,0,0,0,0,2,0,0,0,0,0,0,0,0,0,0,0,0,0,0,0,0,0,0,0,0
13.700927427859469,13.700927427859469,0.005966919751191568,-2.2181445499713,0.2942175440609526,36.30769230769231,545.5410000000003,514.2930000000003,545.1897108119998,210,0,0.1895156864061176,-0.5111949864752384,0.5111949864752384,0.1895156864061176,1.1794871794871795,1.8717948717948718,2.5128205128205128,16.693387068352198,9.628067452757582,2.5623355292924965,-2.4532778744098045,2.513478253706189,-2.548136786344371,6.18973430486868,-0.239820420174119,2.9047365340290137,1.6321207596881502,1290.3976570248512,28.386022388089113,21.364837806115045,21.364837806115045,18.427777117237817,12.649835607105597,12.649835607105597,10.508795338130568,10.508795338130568,8.199342560560094,8.199342560560094,6.148635236183657,6.148635236183657,-3.130000000000001,374870204.0707537,27.43739023094181,9.805923670107559,4.1859453529908475,222.82891828998504,45.47689331276586,29.475774352092863,23.639761568430032,0.0,0.0,0.0,14.383611552215466,0.0,0.0,0.0,12.13273413692322,12.990104268152233,42.01396624976152,42.82096028854222,54.12683738781914,17.34973483909482,0.0,0.0,17.569479569484972,62.43101960118041,13.716679505790452,51.990542992229706,0.0,5.749511833283905,10.470530430962235,0.0,5.749511833283905,0.0,92.84386885180055,14.268263091671919,11.835812092322787,46.902179420006284,40.863640008835716,0.0,0.0,0.0,206.07,96.39721941780665,39.91624852641899,0.0,34.44344549974244,0.0,0.0,25.30889874666236,6.923737199690624,0.0,0.0,19.944256338562333,17.049416154514528,0.0,39.86683386940687,53.83934608510536,3.584373239865908,-6.244133525321745,3.723831531211113,-4.987028767508618,0.5791142633742918,1.3382471493522943,0.5185185185185185,39,7,12,3,1,4,0,1,0,1,8,0,12,6,12,1,5,1,1,2,0,2,6.898691136194107,5,0.23900000000000204,132.0284,0,5,4,0,0,0,0,0,0,0,3,3,0,0,0,0,0,1,0,0,0,0,0,0,0,0,2,0,0,0,0,0,0,0,1,0,3,0,0,0,0,3,0,0,0,0,0,0,0,0,0,3,3,0,0,1,0,0,0,0,0,0,0,0,0,0,0,0,0,0,0,0,0,0,0,0,0,0,0,0,0,0,0,0,0
10.749537037037037,10.749537037037037,0.3033333333333328,-0.3033333333333328,0.3165786787720106,8.9,137.142,130.08599999999998,137.058911844,52,0,0.2647827507246253,-0.2901429275077938,0.2901429275077938,0.2647827507246253,1.5,2.1,2.6,16.15196327236311,10.252677242961722,1.9847168343840498,-1.9497178966473725,1.9276778864040705,-2.2934927484375827,5.9293472129786835,0.09533133419927392,2.048167390601267,2.8526279288191434,221.69435494406167,7.397341225498538,5.2422132319119505,5.2422132319119505,4.842535255101096,2.7532139951773598,2.7532139951773598,1.7093504426241088,1.7093504426241088,1.0736035943040487,1.0736035943040487,0.586622195880962,0.586622195880962,-1.42,237.587417309747,6.6965501165501164,2.9319034022891572,1.2945922692541976,58.03740421573959,0.0,0.0,0.0,0.0,5.907179729351506,0.0,15.204307102129416,5.842670270266239,0.0,0.0,0.0,12.13273413692322,17.957138634923147,0.0,4.794537184071822,5.907179729351506,0.0,10.409769918057593,5.842670270266239,0.0,0.0,30.08987277184637,0.0,0.0,11.268461667376624,0.0,0.0,0.0,10.891158250298714,0.0,0.0,10.357988675768818,24.52642128014937,0.0,0.0,0.0,68.01,0.0,4.794537184071822,0.0,5.907179729351506,5.563451491696996,0.0,12.393687143226153,12.13273413692322,5.425791397110385,4.9839785209472085,5.842670270266239,0.0,0.0,14.490795540438398,0.0,2.5261111111111116,4.5807785336356766,3.1710185185185185,3.0646296296296294,0.0,0.0,0.0,10,3,4,0,0,0,1,0,1,1,0,0,3,2,4,1,1,0,0,0,0,0,1.963363807031314,1,-0.3149000000000006,35.89060000000001,0,0,0,1,0,1,0,0,0,0,1,1,0,0,0,1,1,1,0,0,0,0,0,0,0,0,0,1,0,0,0,0,0,0,0,0,0,0,0,0,0,0,0,0,0,1,0,0,0,0,0,0,0,0,0,0,0,0,0,0,0,0,0,0,0,0,0,0,0,0,0,0,0,1,0,0,0,0,0,0,0,0,0,0,0
11.75297052154195,11.75297052154195,0.47351851851851845,-0.47351851851851845,0.7483634501218209,12.555555555555555,236.27399999999997,224.17799999999994,236.094963004,88,0,0.32342219617413165,-0.3508838374482669,0.3508838374482669,0.32342219617413165,0.8333333333333334,1.2777777777777777,1.7222222222222223,16.162539663353616,10.135516398412987,2.2056372732933154,-2.22046833514345,2.3510276735172613,-2.3159039816860933,6.042905677902138,0.2557766369179072,2.548225653496903,2.3052507895775833,596.9467906495954,12.535169427003234,9.706314847049708,9.706314847049708,8.770856947829095,5.729003813978893,5.729003813978893,4.124612648148249,4.124612648148249,3.018151561343786,3.018151561343786,2.2109625427574167,2.2109625427574167,-2.5499999999999994,20630.434890710927,10.594325580249754,4.035866968245453,1.5691552778201157,105.14913595029721,5.733667477162185,0.0,0.0,0.0,0.0,6.031114512338072,4.899909730850478,4.794537184071822,0.0,0.0,48.55024262443742,23.259637120317212,0.0,11.374772549367124,4.794537184071822,29.557927275372958,0.0,0.0,5.733667477162185,0.0,4.899909730850478,59.65783953108687,0.0,0.0,10.633577208012664,16.169309733438947,0.0,0.0,6.031114512338072,0.0,0.0,11.126902983393991,48.53093654769288,0.0,12.152040213667762,0.0,46.33,6.031114512338072,4.794537184071822,0.0,0.0,0.0,22.501675532761116,0.0,4.899909730850478,60.68297676136064,0.0,5.733667477162185,0.0,0.0,13.299266817838246,0.0,9.10644746787604,0.0,14.93335978835979,3.994259259259259,0.0,0.0,0.0,18,2,3,0,1,1,2,2,0,2,0,0,1,1,3,1,0,0,0,0,0,0,2.375404925564879,3,3.3872000000000018,73.53440000000003,0,0,0,0,0,0,0,0,0,0,1,1,0,0,0,1,0,1,0,0,0,0,0,0,0,0,0,2,0,2,0,0,0,0,2,0,2,0,0,0,0,0,0,0,0,0,0,0,0,0,0,0,0,0,0,0,0,0,0,0,0,0,0,0,2,0,0,0,0,0,0,1,0,0,0,0,0,0,0,0,0,0,0,0,1
12.550924115016377,12.550924115016377,0.06567602040816278,-0.06567602040816278,0.7376336116501088,10.571428571428571,282.295,268.183,282.089208928,106,0,0.19999292477354977,-0.4967678180883639,0.4967678180883639,0.19999292477354977,0.9047619047619048,1.5714285714285714,2.238095238095238,16.468018655102064,10.054936491254006,2.0955460223252467,-2.051738102086445,2.2381724819238724,-2.0429634398597316,5.821876593063143,0.41398391629903647,2.547979888250722,2.146731651035434,831.5281896810577,14.819626477379408,11.75179531537246,11.75179531537246,10.223876650462412,6.466771633604285,6.466771633604285,4.569092958075319,4.569092958075319,3.382797835464376,3.382797835464376,2.2054505574035423,2.2054505574035423,-2.75,86651.70003963055,13.243141289437586,5.324074074074074,2.3576584022038567,121.09347546915599,13.890876844653445,23.34520680384911,5.428790391900541,0.0,0.0,0.0,4.794537184071822,0.0,0.0,0.0,12.13273413692322,29.828919765543436,6.06636706846161,25.169270788716858,13.890876844653445,10.969244356107037,0.0,0.0,0.0,0.0,14.219595082555067,58.951060050842685,0.0,22.6259266499618,14.90251629950064,0.0,11.49902366656781,0.0,14.219595082555067,0.0,0.0,0.0,57.93942059599549,0.0,22.09614733950103,0.0,48.67,0.0,4.794537184071822,0.0,5.428790391900541,22.28220768108794,11.3129633249809,6.263162995639057,32.418696287939895,24.26546827384644,0.0,13.890876844653445,15.808054325877508,0.0,12.550924115016377,0.5315907921810703,1.7622866013689438,1.39954700539026,12.457820977156294,1.4780914588057446,0.0,3.178351390870469,0.11764705882352941,21,0,4,0,0,0,0,2,1,3,0,0,4,0,4,1,3,0,0,0,0,0,3.3574983427806933,3,3.4772000000000025,81.02400000000004,0,0,0,0,0,0,0,0,0,0,0,0,0,0,0,0,0,0,0,0,0,0,0,0,0,0,0,0,0,0,0,0,0,0,2,0,1,0,0,0,0,2,0,0,0,0,0,0,0,0,0,0,0,0,0,2,0,0,0,0,0,0,0,0,0,0,0,0,0,0,0,0,0,0,0,0,0,0,0,0,0,0,0,0,0
6.248981481481482,6.248981481481482,0.06018518518518512,0.06018518518518512,0.5343265587316449,41.42857142857143,194.31799999999996,172.14199999999997,194.167065324,80,0,0.09435965028697044,-0.36714715799761627,0.36714715799761627,0.09435965028697044,1.3571428571428572,2.0714285714285716,2.5714285714285716,16.51902842039566,9.638039665393725,2.51664981825513,-2.4716503138173804,2.526995831208524,-2.4704857912267832,5.24762542976721,-0.09117911459391428,2.461269986956107,2.3736440210106866,264.40912820819807,10.397341225498538,9.891375953589305,9.891375953589305,6.478780716145475,5.82945517152616,5.82945517152616,5.603854043643377,5.603854043643377,4.255386040609213,4.255386040609213,3.205903815757637,3.205903815757637,-0.30000000000000004,1646.5896212736357,10.225706881392012,3.0951289857394646,1.2527312515781495,87.53083629085302,4.736862953800049,0.0,0.0,0.0,0.0,0.0,0.0,0.0,0.0,0.0,19.92349450621513,50.518855890551336,0.0,11.70501719873199,4.736862953800049,0.0,0.0,0.0,5.41499046939678,65.08325248919853,0.0,11.64912463690315,0.0,0.0,0.0,0.0,0.0,0.0,11.70501719873199,4.736862953800049,5.41499046939678,53.378235290466534,11.64912463690315,0.0,0.0,0.0,9.23,0.0,0.0,0.0,5.601050810983688,11.518956857145081,0.0,31.256391021773304,0.0,0.0,33.770968905596376,4.736862953800049,6.248981481481482,0.0,0.0,0.0,1.8467129629629628,0.0,0.0,7.728962585034013,9.175342970521541,0.0,0.8461538461538461,14,0,1,1,1,2,0,0,0,0,2,0,1,0,1,1,0,0,1,1,1,2,2.260705840590852,2,3.690400000000003,59.28400000000005,0,0,0,0,0,0,0,0,0,0,0,0,0,0,0,0,0,0,0,0,0,0,0,0,0,0,1,0,0,0,0,0,0,0,0,0,0,0,0,0,0,1,0,0,0,0,0,0,0,0,0,0,0,0,0,0,0,0,0,0,0,0,0,0,0,0,0,0,0,0,0,0,0,0,0,0,0,0,0,0,0,0,0,0,0
6.248981481481481,6.248981481481481,0.06018518518518534,0.06018518518518534,0.5343265587316449,41.42857142857143,194.31799999999998,172.14199999999997,194.167065324,80,0,0.09435965028697045,-0.36714715799761627,0.36714715799761627,0.09435965028697045,1.3571428571428572,2.0714285714285716,2.5714285714285716,16.519028420395646,9.638039665393748,2.5166498182551327,-2.471650313817387,2.5269958312085277,-2.4704857912267855,5.247625429767214,-0.09117911459391323,2.461269986956107,2.373644021010687,264.4091282081981,10.397341225498538,9.891375953589305,9.891375953589305,6.478780716145475,5.82945517152616,5.82945517152616,5.603854043643377,5.603854043643377,4.255386040609213,4.255386040609213,3.2059038157576385,3.2059038157576385,-0.3,1646.5896212736357,10.225706881392012,3.0951289857394646,1.2527312515781495,87.530836290853,4.736862953800049,0.0,0.0,0.0,0.0,0.0,0.0,0.0,0.0,0.0,19.92349450621513,50.518855890551336,0.0,11.70501719873199,4.736862953800049,0.0,0.0,0.0,5.41499046939678,65.08325248919853,0.0,11.64912463690315,0.0,0.0,0.0,0.0,0.0,0.0,11.70501719873199,4.736862953800049,5.41499046939678,53.378235290466534,11.64912463690315,0.0,0.0,0.0,9.23,0.0,0.0,0.0,5.601050810983688,11.518956857145081,0.0,31.256391021773304,0.0,0.0,33.770968905596376,4.736862953800049,6.248981481481481,0.0,0.0,0.0,1.846712962962963,0.0,0.0,7.7289625850340125,9.175342970521541,0.0,0.8461538461538461,14,0,1,1,1,2,0,0,0,0,2,0,1,0,1,1,0,0,1,1,1,0,2.260705840590852,2,3.690400000000002,59.28400000000005,0,0,0,0,0,0,0,0,0,0,0,0,0,0,0,0,0,0,0,0,0,0,0,0,0,0,1,0,0,0,0,0,0,0,0,0,0,0,0,0,0,1,0,0,0,0,0,0,0,0,0,0,0,0,0,0,0,0,0,0,0,0,0,0,0,0,0,0,0,0,0,0,0,0,0,0,0,0,0,0,0,0,0,0,0
10.955883408919124,10.955883408919124,0.07759259259259288,-0.37847222222222254,0.6222799459003837,38.63636363636363,156.225,140.09699999999998,156.115029752,64,0,0.1349857479433626,-0.39236950095692086,0.39236950095692086,0.1349857479433626,1.4545454545454546,2.090909090909091,2.5454545454545454,16.268479938533073,9.789306680788728,2.2907934905719376,-2.2893582980773672,2.2849098968165644,-2.322548475821464,5.7845191149292905,-0.12579046400571525,1.8537307459098344,2.502755695684179,153.64172284395272,8.430721420318147,7.208833037092342,7.208833037092342,5.109060905280622,4.294674933952317,4.294674933952317,3.702715372156854,3.702715372156854,2.6009593047758393,2.6009593047758393,1.8250245395079645,1.8250245395079645,-0.37,252.1073814437375,8.724073377234243,3.3508827076078944,2.0271732399372433,67.60871264171296,5.106527394840706,5.783244946364939,0.0,0.0,0.0,0.0,4.794537184071822,0.0,0.0,0.0,6.923737199690624,32.104108114630044,5.917906046161393,6.103966387748303,9.901064578912528,5.783244946364939,0.0,0.0,11.835812092322787,39.21390565590758,0.0,0.0,0.0,0.0,0.0,0.0,0.0,0.0,16.99373872895395,4.794537184071822,11.835812092322787,33.10993926815928,0.0,0.0,0.0,0.0,37.3,0.0,9.901064578912528,0.0,17.805117380274638,5.917906046161393,19.26246486877803,0.0,6.923737199690624,0.0,6.923737199690624,0.0,0.0,0.0,10.955883408919124,9.488935185185186,0.0,0.6492592592592593,0.0,2.374722222222222,3.697866591080877,0.0,0.8888888888888888,11,1,2,1,0,1,0,0,0,0,3,0,2,1,2,0,1,1,0,1,0,0,2.657576965425148,1,1.3724999999999998,43.19280000000001,0,1,1,0,0,0,0,0,0,0,1,1,0,0,0,0,0,0,0,0,0,0,0,0,0,0,0,0,0,0,0,0,0,0,0,0,0,0,0,0,0,0,0,0,0,0,0,0,0,0,0,1,1,0,0,0,0,0,0,0,0,0,0,0,0,0,0,0,0,0,0,0,0,0,0,0,0,0,0,0,0,0,0,0,0
11.614293272864701,11.614293272864701,0.04629629629629606,-0.6101721938775515,0.7710373061672668,31.294117647058822,242.35899999999998,216.15099999999995,242.188194692,100,0,0.3081841804963657,-0.4619749820880907,0.4619749820880907,0.3081841804963657,1.3529411764705883,2.0,2.5294117647058822,16.544531646391654,9.752086353674148,2.3285717108715764,-2.363179981326649,2.349726851556461,-2.358595520663959,5.696462495779548,-0.1573900534233376,2.1466419627152025,2.541188778260036,247.85187723362267,12.999635521070495,11.478888647122005,11.478888647122005,7.896754605515327,6.773012026944301,6.773012026944301,5.907552591438933,5.907552591438933,3.706221086303238,3.706221086303238,2.708372028726395,2.708372028726395,-0.5700000000000001,4035.6868899045808,14.490864272671939,6.38616361518244,4.663060148797411,104.54696844320287,9.843390348640755,6.103966387748303,0.0,0.0,0.0,5.969305287951849,4.794537184071822,0.0,0.0,0.0,27.19203322199788,37.51909858402682,0.0,12.524788010674312,14.637927532712578,5.969305287951849,0.0,0.0,17.75371813848418,65.58616806596314,0.0,0.0,0.0,0.0,0.0,0.0,0.0,0.0,23.28376545828916,9.53140013787187,17.75371813848418,53.378235290466534,0.0,0.0,0.0,0.0,46.53,6.103966387748303,9.901064578912528,0.0,18.49409329862616,17.75371813848418,12.841643245852019,6.4208216229260096,6.923737199690624,0.0,20.771211599071872,4.736862953800049,5.5475462962962965,0.0,11.614293272864701,9.178498441043084,0.0,1.398239795918367,0.0,2.8833967939027456,8.211358733308138,0.0,0.9285714285714286,17,1,3,1,0,1,0,0,0,0,4,0,3,1,3,0,4,1,0,1,0,0,5.443590010040275,1,2.761300000000001,67.52080000000005,0,1,1,0,0,0,0,0,0,0,1,1,0,0,0,0,0,0,0,0,0,0,0,0,0,0,0,0,0,0,0,0,0,0,0,0,0,0,0,0,1,1,0,0,0,0,0,0,0,0,0,0,0,0,0,0,0,0,0,0,0,0,0,0,0,0,0,0,0,0,0,0,0,0,0,0,0,0,0,0,0,0,0,0,0
8.762671721466365,8.762671721466365,0.1485081254724112,0.1485081254724112,0.755073152992904,33.642857142857146,200.32199999999997,176.12999999999997,200.177630008,84,0,0.07011217392579812,-0.3939800650643467,0.3939800650643467,0.07011217392579812,1.3571428571428572,2.0714285714285716,2.642857142857143,16.495860852864894,9.752420510346976,2.304591979643928,-2.365781842698731,2.3457185134900285,-2.344179665372359,4.807049723404288,-0.04891156237200514,2.139059621939854,2.4530703445349404,156.40071895207583,10.55204176387779,9.700396868655064,9.700396868655064,6.647065707741407,5.872315797098164,5.872315797098164,4.958945091683595,4.958945091683595,3.3845370088219795,3.3845370088219795,2.5104295910555887,2.5104295910555887,-0.08,1283.4357731639122,11.99183908045977,5.716615911989795,3.247866515067872,87.65556211436589,9.843390348640755,0.0,0.0,0.0,0.0,0.0,0.0,0.0,0.0,0.0,27.19203322199788,30.595361384336197,0.0,19.31773031677414,9.843390348640755,0.0,0.0,0.0,17.75371813848418,46.1376428555982,13.213763929025836,0.0,0.0,0.0,0.0,0.0,0.0,0.0,24.424257711614842,4.736862953800049,17.75371813848418,40.0336764678499,0.0,0.0,0.0,0.0,29.46,0.0,0.0,0.0,6.606881964512918,24.54666044458401,5.917906046161393,19.26246486877803,0.0,0.0,20.771211599071872,9.843390348640755,5.726435185185185,0.0,0.0,8.762671721466365,0.0,2.178366402116402,0.0,4.171739654195012,7.494120370370371,0.0,1.0,14,1,2,1,0,1,0,0,0,0,3,0,2,1,2,0,4,1,0,1,0,0,4.8966241500983845,1,2.4561,58.168800000000054,0,1,1,0,0,0,0,0,0,0,0,0,0,0,0,0,0,0,0,0,0,0,0,0,0,0,0,0,0,0,0,0,0,0,0,0,0,0,0,0,0,1,0,0,0,0,0,0,0,0,0,0,0,0,0,0,0,0,0,0,0,0,0,0,0,0,0,0,0,0,0,0,0,0,0,0,0,0,0,0,0,0,0,0,0
12.817327333711264,12.817327333711264,0.08105093117493833,0.08105093117493833,0.8687077310429372,23.304347826086957,312.4570000000001,284.233,312.22016351599996,124,0,0.22729432222714763,-0.32584690123807925,0.32584690123807925,0.22729432222714763,1.3478260869565217,2.0,2.5652173913043477,16.149841466643622,9.63708552409696,2.3941053672318966,-2.4134948071597457,2.4445596369813325,-2.3928727330932893,5.924458376936,-0.12470968029527567,2.4788599713245585,2.0853245286561597,580.6543912676834,17.035169427003233,14.725340895037395,14.725340895037395,10.82049898411674,8.589850630969382,8.589850630969382,7.942442234346016,7.942442234346016,5.141501330175912,5.141501330175912,3.7246084429823596,3.7246084429823596,-1.82,103408.12256377528,17.532554434128176,7.1687970903258975,4.575484321873094,139.63872553264076,5.316788604006331,0.0,0.0,5.907179729351506,0.0,0.0,4.794537184071822,0.0,5.261891554738487,0.0,39.827682935685715,54.209453059117806,11.605292320844956,12.490042935718282,4.794537184071822,11.594566004035068,5.261891554738487,0.0,23.16870860788096,53.378235290466534,5.316788604006331,29.828919765543436,0.0,6.069221312792274,5.316788604006331,5.687386274683562,0.0,0.0,5.907179729351506,11.21535880699783,34.499821475411714,52.52086515923753,24.26546827384644,0.0,0.0,0.0,52.89,0.0,4.794537184071822,0.0,17.240076244909677,18.256633715248796,24.092481012232575,6.4208216229260096,0.0,24.26546827384644,39.080958715561096,5.261891554738487,0.0,0.0,12.817327333711264,11.796793593367923,2.038212820328622,1.210911948801558,9.732063077781872,3.6815518981741295,8.973139327834632,0.0,0.6,23,1,3,1,0,1,1,1,0,1,2,0,2,1,3,0,4,1,0,1,0,0,5.4646663136242815,2,4.789680000000004,93.83870000000006,0,0,0,0,0,0,0,0,0,0,1,1,0,0,0,1,1,0,0,0,0,0,0,0,0,0,0,1,0,1,0,0,0,0,1,0,0,0,0,0,0,0,0,0,0,0,0,0,0,0,0,0,0,0,0,0,0,1,0,0,0,0,0,0,0,0,0,0,0,0,0,0,0,0,0,0,0,0,0,0,0,0,0,0,0
11.15699074074074,11.15699074074074,0.12615740740740788,-0.6004861111111104,0.7396181904184586,31.785714285714285,198.30599999999995,176.12999999999997,198.161979944,82,0,0.30630196413133015,-0.48101845681163774,0.48101845681163774,0.30630196413133015,1.4285714285714286,2.0,2.4285714285714284,16.366619399242957,9.640960845782576,2.392969019120247,-2.4008992771904873,2.4398900389310043,-2.3652846743900273,5.702207625207218,-0.14739863791588662,2.011452737433896,2.7581619917012623,218.36161893476813,10.930721420318147,9.708833037092344,9.708833037092344,6.333004438872778,5.561376644736916,5.561376644736916,5.759615128860019,5.759615128860019,3.6172743692153,3.6172743692153,2.6757468193348997,2.6757468193348997,-0.53,850.844507934538,11.544239049740165,3.9152329227492,2.4902940814722263,86.70353898490278,5.106527394840706,0.0,0.0,0.0,0.0,5.969305287951849,4.794537184071822,0.0,0.0,0.0,27.694948798762496,36.51326743049759,0.0,5.917906046161393,9.901064578912528,5.969305287951849,0.0,0.0,23.16870860788096,46.957413667540536,0.0,0.0,0.0,0.0,0.0,0.0,0.0,0.0,11.075832682792555,4.794537184071822,23.16870860788096,46.957413667540536,0.0,0.0,0.0,0.0,37.3,5.969305287951849,9.901064578912528,0.0,11.332896515558172,11.835812092322787,12.841643245852019,6.4208216229260096,0.0,0.0,27.694948798762496,0.0,0.0,0.0,11.15699074074074,9.189768518518518,0.21671296296296294,0.14162037037037034,0.0,3.0758333333333336,8.63574074074074,0.0,0.9166666666666666,14,1,2,1,0,1,0,0,0,0,2,0,1,1,2,0,2,1,0,1,0,0,3.228456056830688,1,3.169500000000002,57.08580000000004,1,0,0,0,0,0,0,0,1,1,1,0,0,0,0,0,0,0,0,0,0,0,0,0,0,0,0,0,0,0,0,0,0,0,0,0,0,0,0,0,0,0,0,0,0,0,0,0,0,0,0,0,0,0,0,0,0,0,0,0,0,0,0,0,0,0,0,0,0,0,0,0,0,0,0,0,0,0,0,0,0,0,0,0,0
10.955883408919123,10.955883408919123,0.07759259259259266,-0.37847222222222276,0.6222799459003837,38.63636363636363,156.225,140.09699999999998,156.115029752,64,0,0.13498574794336266,-0.39236950095692086,0.39236950095692086,0.13498574794336266,1.4545454545454546,2.090909090909091,2.5454545454545454,16.268479938533087,9.789306680788744,2.290793490571935,-2.2893582980773655,2.2849098968165698,-2.3225484758214643,5.784519114929304,-0.12579046400571453,1.8537307459098344,2.5027556956841788,153.64172284395272,8.430721420318147,7.208833037092342,7.208833037092342,5.109060905280622,4.294674933952317,4.294674933952317,3.7027153721568546,3.7027153721568546,2.60095930477584,2.60095930477584,1.8250245395079643,1.8250245395079643,-0.37,252.1073814437375,8.724073377234243,3.3508827076078944,2.0271732399372433,67.60871264171296,5.106527394840706,5.783244946364939,0.0,0.0,0.0,0.0,4.794537184071822,0.0,0.0,0.0,6.923737199690624,32.104108114630044,5.917906046161393,6.103966387748303,9.901064578912528,5.783244946364939,0.0,0.0,11.835812092322787,39.21390565590758,0.0,0.0,0.0,0.0,0.0,0.0,0.0,0.0,16.993738728953947,4.794537184071822,11.835812092322787,33.10993926815928,0.0,0.0,0.0,0.0,37.3,0.0,9.901064578912528,0.0,17.805117380274634,5.917906046161393,19.26246486877803,0.0,6.923737199690624,0.0,6.923737199690624,0.0,0.0,0.0,10.955883408919123,9.488935185185186,0.0,0.6492592592592593,0.0,2.3747222222222217,3.697866591080877,0.0,0.8888888888888888,11,1,2,1,0,1,0,0,0,0,3,0,2,1,2,0,1,1,0,1,0,0,2.657576965425148,1,1.3725,43.19280000000001,0,1,1,0,0,0,0,0,0,0,1,1,0,0,0,0,0,0,0,0,0,0,0,0,0,0,0,0,0,0,0,0,0,0,0,0,0,0,0,0,0,0,0,0,0,0,0,0,0,0,0,1,1,0,0,0,0,0,0,0,0,0,0,0,0,0,0,0,0,0,0,0,0,0,0,0,0,0,0,0,0,0,0,0,0
0.0,0.0,0.0,0.0,0.3374156091270468,0.0,17.031,14.007,17.02600051609,7,1,-0.20920011509775494,-0.20920011509775494,0.20920011509775494,0.20920011509775494,1.0,1.0,1.0,14.007,14.007,-0.20920011509775494,-0.20920011509775494,-1.95,-1.95,0.0,0.0,0.0,0.0,0.0,0.0,0.7071067811865475,0.7071067811865475,0.0,0.0,0.0,0.0,0.0,0.0,0.0,0.0,0.0,-0.04,0.0,0.9600000000000016,-27.040000000000028,-104.0400000000001,7.50422812385033,0.0,0.0,0.0,0.0,0.0,0.0,0.0,6.150546350318038,0.0,0.0,0.0,0.0,0.0,0.0,6.150546350318038,0.0,0.0,0.0,0.0,0.0,0.0,0.0,0.0,0.0,6.150546350318038,0.0,0.0,0.0,0.0,0.0,0.0,0.0,0.0,0.0,0.0,0.0,35.0,0.0,0.0,0.0,6.150546350318038,0.0,0.0,0.0,0.0,0.0,0.0,0.0,0.0,0.0,0.0,0.0,0.0,0.0,0.0,0.0,0.0,0.0,0.0,1,3,1,0,0,0,0,0,0,0,0,0,1,1,1,0,0,0,0,0,0,0,-25.958400000000072,0,-1.3074000000000001,2.8881,0,0,0,0,0,0,0,0,0,0,0,0,0,0,0,0,0,0,0,0,0,0,0,0,0,0,0,0,0,0,0,0,0,0,0,0,0,0,0,0,0,0,0,0,0,0,0,0,0,0,0,0,0,0,0,0,0,0,0,0,0,0,0,0,0,0,0,0,0,0,0,0,0,0,0,0,0,0,0,0,0,0,0,0,0
11.662701247165533,11.662701247165533,0.029537037037036695,-0.20447118816662435,0.5320436649768467,25.25,224.29999999999993,204.13999999999996,224.1412445,90,0,0.3053093365736281,-0.4689875703921227,0.4689875703921227,0.3053093365736281,1.5,2.25,2.875,16.52305138951641,9.893364025000862,2.344290043257756,-2.1472078499699943,2.337296383716925,-2.1752293200994033,5.841987361857904,-0.14159830805981713,2.6113209941343682,2.517960760137256,280.9022938794015,11.966255326250886,10.069679854082832,10.069679854082832,7.685070510202192,5.931417542113548,5.931417542113548,4.267172535044287,4.267172535044287,3.193038874439121,3.193038874439121,2.25225282374081,2.25225282374081,-1.12,4420.966443069486,12.947204301075267,6.4597723355357655,3.4724556213017745,96.85971164446978,4.736862953800049,5.783244946364939,0.0,0.0,0.0,5.969305287951849,9.589074368143644,0.0,0.0,0.0,19.075777413358388,25.18037091493942,18.75954929201341,7.109797541277533,14.325937321943691,11.75255023431679,0.0,0.0,11.835812092322787,39.02784531432067,7.109797541277533,12.152040213667762,0.0,0.0,0.0,0.0,0.0,0.0,18.862347775594323,14.325937321943691,11.835812092322787,39.02784531432067,12.152040213667762,0.0,0.0,0.0,43.370000000000005,0.0,9.589074368143644,0.0,17.805117380274638,18.624888192216957,19.26246486877803,7.109797541277533,0.0,0.0,23.812640367158437,0.0,4.6530995685311165,0.0,22.861138668430335,0.0,0.0,0.3075771867388932,0.0,7.7158831727135295,2.068354408121273,1.3939469954648525,0.6923076923076923,16,0,3,1,0,1,0,0,0,0,2,0,3,0,3,0,5,1,0,1,0,2,5.22724951041348,1,2.501100000000001,61.90200000000004,0,0,0,0,0,0,0,0,0,0,2,2,0,0,0,0,0,0,0,0,0,0,0,0,0,0,2,0,0,0,0,0,0,0,0,0,0,0,0,0,1,1,0,0,0,0,0,0,0,0,0,1,1,0,0,1,0,0,0,0,0,0,0,0,0,0,0,0,0,0,0,0,0,0,0,0,0,0,0,0,0,0,0,0,0
10.345718537414966,10.345718537414966,0.6099074074074072,0.6099074074074072,0.43632859417527453,24.09090909090909,150.22099999999998,136.10899999999998,150.104465068,60,0,0.14520262333257386,-0.298269086986623,0.298269086986623,0.14520262333257386,1.8181818181818181,2.5454545454545454,2.909090909090909,16.129055096163285,9.859204250971503,2.131318882640041,-2.188746314856732,2.264133887509433,-2.0615540774153573,5.728022011803019,-0.10466608005898063,2.0456060352867365,2.538224956711323,200.91831683475925,8.267584713501616,6.9687262227789315,6.9687262227789315,5.236382105218448,4.033579316758091,4.033579316758091,3.2145437230292417,3.2145437230292417,2.294330179114891,2.294330179114891,1.4090665302303933,1.4090665302303933,-0.8500000000000001,335.4793897870248,8.248522167487685,3.5146720351602596,2.0380175146227497,67.80021493954504,0.0,6.286160523129555,0.0,0.0,0.0,0.0,4.794537184071822,0.0,0.0,0.0,18.228060320501648,37.67721264469931,0.0,0.0,4.794537184071822,6.286160523129555,0.0,0.0,5.917906046161393,26.186202068468653,0.0,23.801164850570913,0.0,0.0,0.0,0.0,0.0,0.0,6.286160523129555,4.794537184071822,5.917906046161393,26.186202068468653,23.801164850570913,0.0,0.0,0.0,17.07,0.0,4.794537184071822,0.0,0.0,5.917906046161393,31.12172992197685,5.573104530069267,0.0,6.076020106833881,13.502672883289122,0.0,0.0,0.0,10.345718537414966,0.0,2.202499055177627,0.6099074074074072,0.0,6.036536281179137,5.9720053854875275,0.0,0.5,11,0,1,1,0,1,0,0,0,0,1,0,1,0,1,0,2,0,0,0,0,1,2.6355318357698603,1,2.4879000000000007,46.30200000000003,0,0,0,0,0,0,0,0,0,0,1,1,0,0,0,0,0,0,0,0,0,0,0,1,0,0,3,0,0,0,0,0,0,0,0,0,0,0,0,0,0,0,0,0,0,0,0,0,0,0,0,0,0,0,0,0,0,0,0,0,0,0,0,0,0,0,0,0,0,0,0,0,0,0,0,0,0,0,0,0,0,0,0,0,0
4.168200585789871,4.168200585789871,0.28891203703703705,0.28891203703703705,0.5803050231883816,36.6,206.37299999999996,180.16499999999996,206.203450832,86,0,-0.008379676633032863,-0.10251127526431071,0.10251127526431071,0.008379676633032863,1.4666666666666666,2.066666666666667,2.466666666666667,14.42675374789541,9.604774855456967,2.3812737893160314,-2.4411110922603347,2.4823794530223786,-2.343440771628902,5.115416317516894,0.12701813508615634,2.171483623176981,2.8295047425814652,248.76392511682735,11.637828201504695,10.844934982691242,10.844934982691242,6.903701311784668,6.194159218539024,6.194159218539024,5.887355276559116,5.887355276559116,4.392284257066626,4.392284257066626,2.974350591304254,2.974350591304254,-0.52,1661.1849717303905,12.549060773480663,4.5504097874598175,2.5335979956371335,95.4634034114843,0.0,0.0,0.0,0.0,0.0,0.0,0.0,0.0,0.0,6.578935683598497,38.999271919573516,49.354910676349604,0.0,0.0,0.0,0.0,0.0,0.0,23.16870860788096,46.95741366754052,0.0,24.806996004100142,0.0,0.0,0.0,0.0,0.0,0.0,0.0,0.0,23.16870860788096,46.95741366754052,24.806996004100142,0.0,0.0,0.0,0.0,0.0,0.0,0.0,5.41499046939678,5.917906046161393,11.835812092322787,24.835569398847298,0.0,0.0,46.92884027279337,0.0,0.0,0.0,0.0,0.0,1.6247916666666669,2.3167502834467113,0.0,6.082592592592593,17.392532123960695,0.0,0.7333333333333333,15,0,0,1,0,1,0,0,0,0,3,0,0,0,0,0,3,1,0,1,0,0,3.806891264471632,1,4.827100000000004,68.78700000000005,0,0,0,0,0,0,0,0,0,0,0,0,0,0,0,0,0,0,0,0,0,0,0,0,0,0,2,0,0,0,0,0,0,0,0,0,0,0,0,0,0,0,0,0,0,0,0,0,0,0,0,0,0,0,0,0,0,0,0,0,0,0,0,0,0,0,0,0,0,0,0,0,0,0,0,0,0,0,0,0,0,0,0,0,0
10.63439956538171,10.63439956538171,0.40222222222222226,-0.40222222222222226,0.7135152708437654,49.125,224.38799999999995,196.16399999999996,224.21401551600002,94,0,0.06526547668316213,-0.38987196768590837,0.38987196768590837,0.06526547668316213,1.125,1.8125,2.4375,16.283787514648015,9.52505964875324,2.503416839764255,-2.544419035204678,2.556581851891551,-2.511633777268389,5.010367043241282,-0.12641228079058683,2.1543345535086122,2.1762881568383494,256.16056618269954,11.974691494688164,11.421905090188123,11.421905090188123,7.350789184073621,7.074395981823601,7.074395981823601,7.195816236884229,7.195816236884229,5.59027115343507,5.59027115343507,4.328148249491383,4.328148249491383,-0.04,3141.0197790155567,12.417791918832325,4.011092287508036,2.0331061693865577,100.63101207451962,5.106527394840706,0.0,0.0,0.0,0.0,0.0,0.0,0.0,0.0,0.0,27.19203322199788,62.19655392220163,0.0,5.601050810983688,5.106527394840706,0.0,0.0,0.0,23.16870860788096,71.82092934730225,0.0,0.0,0.0,0.0,0.0,0.0,0.0,0.0,10.707578205824394,0.0,23.16870860788096,66.21987853631856,0.0,0.0,0.0,0.0,20.23,5.601050810983688,5.106527394840706,0.0,0.0,11.332896515558172,18.256633715248796,32.10410811463005,0.0,0.0,27.694948798762496,0.0,0.0,0.0,0.0,10.63439956538171,0.021527777777777812,2.1526171579743,0.0,7.515501700680272,9.175953798185942,0.0,1.0,16,1,1,2,0,2,0,0,0,0,4,0,1,1,1,0,1,2,0,2,0,0,3.113056837094247,2,3.999900000000003,68.25080000000005,0,1,0,0,0,0,0,0,0,0,0,0,0,0,0,0,0,0,0,0,0,0,0,0,0,0,0,0,0,0,0,0,0,0,0,0,1,0,0,0,0,0,0,0,0,0,0,0,0,0,0,0,0,0,0,0,0,0,0,0,0,0,0,0,0,0,0,0,0,0,0,0,0,0,0,0,0,0,0,0,0,0,0,0,0
4.0586432350718065,4.0586432350718065,0.38844907407407403,0.38844907407407403,0.5782358234963598,37.266666666666666,208.38899999999998,180.16499999999996,208.219100896,88,0,-0.011831153697536272,-0.10252262245723755,0.10252262245723755,0.011831153697536272,1.2,1.8,2.2,14.440545069953894,9.591198803214466,2.392152065106596,-2.4573919515244986,2.4863170330787416,-2.367042061011874,5.006280631008876,0.06956709386826013,2.171483623176981,2.782704535230314,214.07820003461552,11.637828201504695,11.21517847069432,11.21517847069432,6.903701311784666,6.5399645650635225,6.5399645650635225,6.338926756528234,6.338926756528234,4.671402260521133,4.671402260521133,3.287626059846736,3.287626059846736,-0.26,1661.1849717303905,12.807842605156038,4.718527703418083,2.6485008746515524,96.15300644366856,0.0,0.0,0.0,0.0,0.0,0.0,0.0,0.0,0.0,6.578935683598497,40.694706105287,48.34907952282039,0.0,0.0,0.0,0.0,0.0,0.0,29.08661465404235,53.881150867231156,0.0,12.654955790432378,0.0,0.0,0.0,0.0,0.0,0.0,0.0,0.0,29.08661465404235,53.881150867231156,12.654955790432378,0.0,0.0,0.0,0.0,0.0,0.0,0.0,0.0,5.41499046939678,23.671624184645573,19.26246486877803,0.0,0.0,47.2736417888855,0.0,0.0,0.0,0.0,0.0,0.38844907407407403,3.399759542705971,0.0,6.344907407407407,15.95021730914588,0.0,0.8666666666666667,15,0,0,1,0,1,0,0,0,0,3,0,0,0,0,0,3,1,0,1,0,3,4.028944010229813,1,4.9070000000000045,68.81100000000006,0,0,0,0,0,0,0,0,0,0,0,0,0,0,0,0,0,0,0,0,0,0,0,0,0,0,1,0,0,0,0,0,0,0,0,0,0,0,0,0,0,0,0,0,0,0,0,0,0,0,0,0,0,0,0,0,0,0,0,0,0,0,0,0,0,0,0,0,0,0,0,0,0,0,0,0,0,0,0,0,0,0,0,0,0
4.337506141345427,4.337506141345427,0.6118287037037037,0.6118287037037037,0.5403008935486041,41.733333333333334,206.37299999999996,180.16499999999996,206.203450832,86,0,-0.014917867118028604,-0.09956051121850351,0.09956051121850351,0.014917867118028604,1.3333333333333333,2.066666666666667,2.7333333333333334,14.475324558403841,9.556851950051835,2.4263615983703515,-2.4922845946980687,2.5377986482587396,-2.3854537817481827,5.119799833560449,0.05826442019360534,2.165264124189831,2.122438050974661,250.7639251168273,11.05204176387779,10.681798275874712,10.681798275874712,7.027492551872356,6.704342574666896,6.704342574666896,6.4968917312960945,6.4968917312960945,5.1473455618864365,5.1473455618864365,3.8521933001863555,3.8521933001863555,-0.26,2412.1042343474714,11.232113748024199,3.9569827725095448,2.0040806749495954,95.14717529013934,0.0,0.0,0.0,0.0,0.0,0.0,0.0,0.0,0.0,0.0,32.923251812739636,61.69363834543701,0.0,0.0,0.0,0.0,0.0,0.0,23.16870860788096,59.296141336627926,0.0,12.152040213667764,0.0,0.0,0.0,0.0,0.0,0.0,0.0,0.0,23.16870860788096,59.296141336627926,12.152040213667764,0.0,0.0,0.0,0.0,0.0,0.0,0.0,0.0,5.41499046939678,17.75371813848418,38.524929737556064,5.573104530069267,0.0,27.35014728267037,0.0,0.0,0.0,0.0,0.0,2.175810185185185,2.661668083900226,0.0,8.453603552532122,11.625584845049131,0.0,0.8666666666666667,15,0,0,2,0,2,0,0,0,0,3,0,0,0,0,0,1,2,0,2,0,0,2.9630187066532914,2,4.805100000000005,66.76700000000005,0,0,0,0,0,0,0,0,0,0,0,0,0,0,0,0,0,0,0,0,0,0,0,0,0,0,1,0,0,0,0,0,0,0,0,0,1,0,0,0,0,0,0,0,0,0,0,0,0,0,0,0,0,0,0,0,0,0,0,0,0,0,0,0,0,0,0,0,0,0,0,0,0,0,0,0,0,0,0,0,0,0,0,0,0
2.5324537037037036,2.5324537037037036,0.6430787037037037,0.6430787037037037,0.5403008935486041,41.266666666666666,206.37299999999996,180.16499999999996,206.203450832,86,0,-0.014915213566431954,-0.08528864214444709,0.08528864214444709,0.014915213566431954,1.3333333333333333,2.066666666666667,2.7333333333333334,14.464260728551778,9.567914700719296,2.4153956182537804,-2.4811540649004304,2.5249287462128533,-2.3759843378612606,5.142853109705292,0.07055298743160347,2.165264124189831,2.1569216135321287,261.21187563522585,11.05204176387779,10.844934982691242,10.844934982691242,7.027492551872357,6.694159218539024,6.694159218539024,6.471906265921997,6.471906265921997,5.140175214957306,5.140175214957306,3.806577553211915,3.806577553211915,-0.26,2412.1042343474714,11.232113748024199,3.9569827725095448,2.0040806749495954,95.14717529013934,0.0,0.0,0.0,0.0,0.0,0.0,0.0,0.0,0.0,0.0,32.42033623597502,62.19655392220163,0.0,0.0,0.0,0.0,0.0,0.0,23.16870860788096,59.79905691339255,0.0,11.64912463690315,0.0,0.0,0.0,0.0,0.0,0.0,0.0,0.0,23.16870860788096,59.79905691339255,11.64912463690315,0.0,0.0,0.0,0.0,0.0,0.0,0.0,0.0,5.41499046939678,17.75371813848418,32.10410811463005,5.573104530069267,0.0,33.770968905596376,0.0,0.0,0.0,0.0,0.0,2.332060185185185,2.7511125283446702,0.0,9.63915060468632,9.694343348450492,0.0,0.8666666666666667,15,0,0,2,0,2,0,0,0,0,3,0,0,0,0,0,1,1,0,1,0,0,2.9630187066532914,2,4.805100000000005,66.76700000000005,0,0,0,0,0,0,0,0,0,0,0,0,0,0,0,0,0,0,0,0,0,0,0,0,0,0,2,0,0,0,0,0,0,0,0,0,1,0,0,0,0,0,0,0,0,0,0,0,0,0,0,0,0,0,0,0,0,0,0,0,0,0,0,0,0,0,0,0,0,0,0,0,0,0,0,0,0,0,0,0,0,0,0,0,0
11.787407879818595,11.787407879818595,0.3094675925925927,0.3094675925925927,0.6067926981908729,34.9375,218.33999999999995,196.16399999999996,218.167065324,88,0,0.1580872350028752,-0.29456948602508654,0.29456948602508654,0.1580872350028752,1.4375,2.125,2.75,16.138267016660166,9.606174577244019,2.3979809793006908,-2.434511115420351,2.506860046778171,-2.331887907230929,5.963542784906813,-0.11654353504294468,2.236735664560593,2.344008995566019,374.8961901224146,11.922285251880869,10.728239246772775,10.728239246772775,7.438176154395315,6.32706281372084,6.32706281372084,5.873465272888543,5.873465272888543,4.695338538647096,4.695338538647096,3.28603944337184,3.28603944337184,-0.8500000000000001,3710.744467506024,11.63001993693029,3.868405274120684,1.7664902438525012,98.61909435799886,0.0,0.0,5.783244946364939,0.0,0.0,0.0,4.794537184071822,0.0,0.0,0.0,24.648881943427657,56.43676193671273,6.4208216229260096,0.0,4.794537184071822,5.783244946364939,0.0,0.0,11.332896515558172,52.87531971370193,0.0,23.2982492738063,0.0,0.0,0.0,0.0,0.0,0.0,5.783244946364939,4.794537184071822,11.332896515558172,52.87531971370193,23.2982492738063,0.0,0.0,0.0,17.07,0.0,4.794537184071822,0.0,0.0,17.11614146192311,24.835569398847294,23.987852305990554,0.0,6.923737199690624,20.426410082979746,0.0,0.0,0.0,11.787407879818595,0.0,4.076201341647771,0.9710789871504157,0.0,5.356824452003023,10.558487339380196,0.0,0.6666666666666666,16,0,1,2,0,2,0,0,0,0,2,0,1,0,1,0,1,1,0,1,0,2,2.811851903884365,2,4.048300000000003,67.20300000000005,0,0,0,0,0,0,0,0,0,0,1,1,0,0,0,0,0,0,0,0,0,0,0,0,0,0,3,0,0,0,0,0,0,0,0,0,1,0,0,0,0,0,0,0,0,0,0,0,0,0,0,1,1,0,0,0,0,0,0,0,0,0,0,0,0,0,0,0,0,0,0,0,0,0,0,0,0,0,0,0,0,0,0,0,0
11.18574074074074,11.18574074074074,0.341990740740741,0.341990740740741,0.6512006108473766,13.545454545454545,174.30899999999997,156.16499999999996,174.107836196,66,0,0.1889586603902116,-0.28721126782224154,0.28721126782224154,0.1889586603902116,1.3636363636363635,1.9090909090909092,2.272727272727273,32.16669892831721,10.15348034939693,2.086136343735818,-2.0707408541014973,2.1796888396238048,-2.032294821400779,8.136559510861407,-0.11112865928291465,1.8507672028156712,3.520278575642976,120.731140660285,8.85337115112852,7.885410681680073,8.701907262607799,5.0577493102643665,4.253158111135804,5.132810922390699,3.3066961014650964,4.802478017246457,1.4824602335579526,2.64772087215174,0.6891713008358054,1.7341805691740821,0.019999999999999962,179.5244186731201,11.02,5.642503813666075,6.419201596806388,73.94342006841141,0.0,0.0,5.11527693018572,0.0,0.0,0.0,4.794537184071822,0.0,0.0,0.0,39.45683374815361,12.338727669087403,11.670759652908185,0.0,4.794537184071822,16.877161879576835,0.0,0.0,5.917906046161393,45.78653007459668,0.0,0.0,0.0,0.0,0.0,0.0,0.0,11.761884949391115,10.365214960167894,4.794537184071822,5.917906046161393,40.53659204461451,0.0,0.0,0.0,0.0,17.07,0.0,4.794537184071822,0.0,0.0,16.28312100632929,12.841643245852019,11.761884949391115,0.0,0.0,27.694948798762496,0.0,0.0,1.4889814814814812,11.18574074074074,0.8292592592592594,0.0,0.4991260393046104,0.0,1.7951473922902494,8.368411753590324,0.0,0.8888888888888888,11,0,1,0,0,0,0,0,0,0,1,0,2,0,2,0,4,0,0,0,0,1,5.652762911509104,0,3.0908000000000015,51.80600000000004,0,0,0,0,0,0,0,0,0,0,1,1,0,0,0,0,0,0,0,0,0,0,0,0,0,0,0,0,0,0,0,0,0,0,0,0,0,0,0,0,0,0,0,0,0,0,0,0,0,0,0,0,0,0,0,0,0,0,0,0,0,0,0,0,0,0,0,0,0,0,0,0,0,0,0,1,0,0,0,0,0,0,0,0,0
10.582361111111112,10.582361111111112,0.10097222222222202,-0.1666666666666663,0.4814415409923352,12.777777777777779,148.227,136.13099999999997,148.055800624,54,0,0.3063741286398853,-0.46593979337492125,0.46593979337492125,0.3063741286398853,1.7777777777777777,2.3333333333333335,2.6666666666666665,32.11699470712687,10.329374095690183,2.03346354118608,-2.0145533679109153,1.9936669503979387,-2.0795195029342772,7.804825533260061,-0.14246870063601713,1.6303242219043683,3.271192048897002,91.05865002596163,7.276020881938894,5.755274007990405,6.649701198990321,4.163902460147014,3.001381046239147,3.5177788257334694,1.8581666810983768,2.7397128322628106,0.7674031098283771,0.9499772956634325,0.4611154687303834,0.6101866672303695,-0.18000000000000005,66.8432930980791,8.82,4.675610573783558,5.694872077123519,60.99409559276495,4.736862953800049,0.0,0.0,0.0,0.0,5.969305287951849,4.794537184071822,0.0,12.628789148012991,0.0,6.923737199690624,6.923737199690624,5.249938029982174,13.027703587438928,9.53140013787187,18.59809443596484,0.0,0.0,0.0,25.518234052289433,6.606881964512918,0.0,0.0,0.0,0.0,0.0,0.0,12.628789148012991,17.82612528244694,9.53140013787187,0.0,20.268296022307258,0.0,0.0,0.0,0.0,26.3,0.0,4.794537184071822,0.0,11.219243317934023,13.027703587438928,0.0,0.0,6.923737199690624,6.923737199690624,17.36565210181304,0.0,4.664861111111112,4.029387755102041,10.582361111111112,0.10097222222222202,0.0,-0.1666666666666663,0.0,0.39975308641975316,4.111553602922651,0.0,0.8333333333333334,9,0,2,0,0,0,0,0,0,0,1,0,3,1,3,0,3,0,0,0,0,1,4.582098362307887,0,1.2578999999999998,39.698000000000015,0,0,0,0,0,0,0,0,0,0,1,1,0,0,0,0,0,0,0,0,0,0,1,0,0,0,0,0,0,0,0,0,0,0,0,0,0,0,0,0,1,1,0,0,0,0,0,0,0,0,0,0,0,0,0,0,0,0,0,0,0,0,0,0,0,0,0,0,0,0,0,0,0,0,0,0,0,0,0,0,0,0,0,0,0
11.731195042831947,11.731195042831947,0.5068258692365839,0.5068258692365839,0.5611186642999674,27.11764705882353,238.41499999999994,208.17499999999995,238.22966558000002,100,0,0.13267694578981848,-0.2997066473607727,0.2997066473607727,0.13267694578981848,0.7647058823529411,1.2352941176470589,1.8235294117647058,16.137875775099914,9.952681388558995,2.0868525289626114,-2.095581429897857,2.1800753746374744,-2.0511348614847393,5.779941230930978,-0.1195574119674072,2.2973350058791997,2.2319694073313396,197.70185952129683,12.347088693804373,11.67798671507861,11.67798671507861,8.287693700234705,7.805077776535831,7.805077776535831,5.922180035876833,5.922180035876833,3.978671501427993,3.978671501427993,2.821964309426058,2.821964309426058,-0.33,6476.187381573464,14.729988002399525,9.674768641149571,8.400737022149713,107.36907369029323,0.0,5.783244946364939,0.0,0.0,0.0,0.0,4.794537184071822,0.0,0.0,0.0,71.13195342895074,12.338727669087403,12.841643245852019,0.0,4.794537184071822,5.783244946364939,0.0,0.0,5.917906046161393,90.39441829772878,0.0,0.0,0.0,0.0,0.0,0.0,0.0,0.0,5.783244946364939,4.794537184071822,5.917906046161393,90.39441829772878,0.0,0.0,0.0,0.0,17.07,0.0,4.794537184071822,0.0,0.0,11.701150992526333,19.26246486877803,64.20821622926012,0.0,0.0,6.923737199690624,0.0,0.0,0.0,11.731195042831947,0.0,0.0,1.1250000000000002,0.0,16.397787226001512,2.246017731166541,0.0,0.9375,17,0,1,1,0,1,0,0,0,0,1,0,1,0,1,0,0,1,0,1,0,0,8.382895647654372,1,5.276500000000005,74.19200000000006,0,0,0,0,0,0,0,0,0,0,1,1,0,0,0,0,0,0,0,0,0,0,0,0,0,0,0,0,0,0,0,0,0,0,0,0,0,0,0,0,0,0,0,0,0,0,0,0,0,0,0,1,1,0,0,0,0,0,0,0,0,0,0,0,0,0,0,0,0,0,0,0,0,0,0,0,0,0,0,0,0,0,0,0,0
10.928570560965944,10.928570560965944,0.05748724489795931,-1.0471098014823208,0.8314356755090464,40.82608695652174,316.4410000000001,288.217,316.20384475599997,126,0,0.17038932554499403,-0.38839840883985843,0.38839840883985843,0.17038932554499403,1.2173913043478262,1.9565217391304348,2.5652173913043477,16.629234096697143,9.456392144596188,2.670051297095105,-2.6589928855870206,2.6551837639590143,-2.6904657808465497,5.448180532507913,-0.35871863872895837,2.509962277448267,1.8881004375154975,638.2869132443353,16.620955864630137,14.595204221347727,14.595204221347727,10.71177951650959,8.89919666850252,8.89919666850252,8.75635719841097,8.75635719841097,7.120153299127389,7.120153299127389,5.470986711612393,5.470986711612393,-0.9000000000000001,159974.95571544275,15.617436231170933,4.589020838604444,1.816298451395821,138.2251119943607,14.94991774348146,0.0,5.7871111525705965,0.0,0.0,0.0,0.0,0.0,0.0,0.0,45.894050004147324,41.367809813265794,17.250802561719567,12.71084835226122,14.94991774348146,0.0,0.0,0.0,11.332896515558172,70.18138772341759,6.606881964512918,34.88945568047582,0.0,0.0,0.0,0.0,0.0,0.0,22.60704790676493,10.15185342319683,11.332896515558172,75.6696405765412,18.19910120538483,0.0,0.0,0.0,49.69,11.8910775403189,10.213054789681411,0.0,16.747886984954953,25.36643125652633,11.984273114623004,11.126902983393991,0.0,0.0,45.894050004147324,4.736862953800049,5.98358205782313,0.0,0.0,21.753581898834426,3.205871388678929,-0.3451490194843365,6.614072184429327,1.8938237748803228,9.144217714838206,0.0,0.7,23,2,3,2,2,4,0,1,0,1,4,2,3,2,3,2,1,1,2,3,1,0,3.116032187409542,5,3.6399000000000026,89.19260000000006,0,2,1,0,0,0,0,0,0,0,0,0,0,0,0,0,0,0,0,0,0,0,0,0,0,0,0,0,0,0,0,0,0,0,1,0,3,0,0,0,0,1,0,0,0,0,0,0,0,0,0,0,0,0,0,0,0,0,0,0,0,0,0,0,0,0,0,0,0,0,0,0,0,0,0,0,0,0,0,0,0,0,0,0,0
12.854406809019903,12.854406809019903,0.049849773242630624,-0.6140844671201815,0.7362892271070118,34.130434782608695,312.409,288.217,312.17254462799997,122,0,0.3167028494127063,-0.46111658355420904,0.46111658355420904,0.3167028494127063,1.2173913043478262,1.9565217391304348,2.608695652173913,16.549832923869612,9.466317988640911,2.663711479860136,-2.600685003085441,2.614258235864552,-2.6565097479781135,6.034588702801946,-0.20580262278328976,2.5024803526980604,1.9563474565388426,715.5970130375239,16.568549621822843,14.310166830088988,14.310166830088988,10.780564754500611,8.669113006676673,8.669113006676673,8.364953607322958,8.364953607322958,6.618063676737016,6.618063676737016,5.1595926967037,5.1595926967037,-1.6400000000000001,169533.0339738828,14.921147645740815,4.460950656405614,1.7095932334710744,136.9596886900562,4.736862953800049,6.103966387748303,5.783244946364939,0.0,0.0,5.969305287951849,9.589074368143644,0.0,0.0,0.0,39.827682935685715,41.87072539003041,17.399263584019785,5.41499046939678,14.325937321943691,11.75255023431679,0.0,0.0,11.332896515558172,64.394276570847,0.0,34.88945568047582,0.0,0.0,0.0,0.0,0.0,0.0,17.856516622065094,14.94639060726865,11.332896515558172,74.36021137286473,18.19910120538483,0.0,0.0,0.0,43.370000000000005,5.41499046939678,9.589074368143644,0.0,29.189413137623262,12.338727669087403,29.531997720943007,0.0,0.0,12.13273413692322,33.761315867224106,4.736862953800049,5.7803035241874525,0.0,25.684939688838497,0.0,2.066432232615269,0.5040555581800624,6.11197940287226,2.1246075050390525,8.56101542160074,0.0,0.6,23,0,3,2,2,4,0,1,0,1,3,2,3,0,3,2,1,1,2,3,1,0,2.894021886286634,5,3.9958000000000036,87.54150000000006,0,0,0,0,0,0,0,0,0,0,2,2,0,0,0,0,0,0,0,0,0,0,0,0,0,0,0,0,0,0,0,0,0,0,1,0,3,0,0,0,1,1,0,0,0,0,0,0,0,0,0,1,1,0,0,0,0,0,0,0,0,0,0,0,0,0,0,0,0,0,0,0,0,0,0,0,0,0,0,0,0,0,0,0,0
12.77025321239607,12.77025321239607,0.001471088435374357,-0.31031273620559374,0.8315951424544908,33.5,300.44200000000006,272.21799999999996,300.208930136,120,0,0.16301364174043204,-0.39256137767251215,0.39256137767251215,0.16301364174043204,1.2272727272727273,1.9090909090909092,2.5454545454545454,16.268412364041435,9.490268562033638,2.5454888513914815,-2.5531762665237174,2.566055765701619,-2.5441864954905307,5.994069677845132,-0.0686915258710551,2.4627280459757834,2.1434940322315486,614.1333010860177,16.284092571446667,14.44088384466122,14.44088384466122,10.175393038978072,8.533361345564456,8.533361345564456,8.432915094998188,8.432915094998188,6.478654722109182,6.478654722109182,4.7918296804273135,4.7918296804273135,-1.15,71199.93053720587,15.734562530823705,4.923245045362614,2.0711730200727807,133.4846862662308,5.106527394840706,0.0,5.783244946364939,0.0,0.0,0.0,4.794537184071822,0.0,0.0,0.0,46.751420135376335,52.70070632882396,11.984273114623004,6.103966387748303,9.901064578912528,5.783244946364939,0.0,0.0,11.332896515558172,71.31801377053762,0.0,34.88945568047582,0.0,0.0,0.0,0.0,0.0,0.0,16.99373872895395,5.41499046939678,11.332896515558172,81.28394857255536,18.19910120538483,0.0,0.0,0.0,37.3,0.0,9.901064578912528,0.0,28.63509831906819,12.338727669087403,18.405094737549014,11.126902983393991,0.0,0.0,52.817787203837945,0.0,0.0,0.0,12.77025321239607,10.430153138441378,3.1647851972579164,0.90652650489208,6.478957860922147,2.0351630605946083,10.88082769216247,0.0,0.65,22,1,2,2,0,2,0,1,0,1,3,0,2,1,2,0,1,1,0,1,0,0,3.5211412282193653,3,4.4512000000000045,89.34230000000005,0,1,1,0,0,0,0,0,0,0,1,1,0,0,0,0,0,0,0,0,0,0,0,0,0,0,0,0,0,0,0,0,0,0,1,0,3,0,0,0,0,0,0,0,0,0,0,0,0,0,0,1,1,0,0,0,0,0,0,0,0,0,0,0,0,0,0,0,0,0,0,0,0,0,0,0,0,0,0,0,0,0,0,0,0
12.740585789871506,12.740585789871506,0.05936224489795916,-0.40568511432350696,0.7553805431818479,30.181818181818183,298.426,272.21799999999996,298.193280072,118,0,0.16302581723878132,-0.29909767459768327,0.29909767459768327,0.16302581723878132,1.1363636363636365,1.8181818181818181,2.4545454545454546,16.141690034067288,9.494884409475652,2.546691333852103,-2.5235256736287086,2.553128961028319,-2.52833823543131,6.006886080501364,-0.13588859339010853,2.4627280459757834,2.1634994771531497,653.6711323432436,16.284092571446667,14.324568270435499,14.324568270435499,10.175393038978072,8.385916566583823,8.385916566583823,8.20193915111393,8.20193915111393,6.245819871871605,6.245819871871605,4.608193687076991,4.608193687076991,-1.44,71199.93053720587,15.455484382073333,4.776102372519197,1.9950135895558139,132.85197461407856,0.0,5.783244946364939,5.783244946364939,0.0,0.0,0.0,9.589074368143644,0.0,0.0,0.0,46.751420135376335,40.86489423650118,23.820085206945794,0.0,9.589074368143644,11.566489892729878,0.0,0.0,11.332896515558172,65.21404738278932,0.0,34.88945568047582,0.0,0.0,0.0,0.0,0.0,0.0,11.566489892729878,10.209527653468601,11.332896515558172,81.28394857255536,18.19910120538483,0.0,0.0,0.0,34.14,5.41499046939678,9.589074368143644,0.0,17.11614146192311,24.542794238378352,11.984273114623004,11.126902983393991,0.0,13.847474399381248,38.970312804456704,0.0,0.0,0.0,25.104310244963205,0.0,2.8211748734987836,1.0619719886411356,6.40443499622071,1.9906609819853869,10.617446914690781,0.0,0.6,22,0,2,2,0,2,0,1,0,1,2,0,2,0,2,0,1,1,0,1,0,0,3.355317073893356,3,4.659400000000004,88.34250000000006,0,0,0,0,0,0,0,0,0,0,2,2,0,0,0,0,0,0,0,0,0,0,0,0,0,0,0,0,0,0,0,0,0,0,1,0,3,0,0,0,0,0,0,0,0,0,0,0,0,0,0,2,2,0,0,0,0,0,0,0,0,0,0,0,0,0,0,0,0,0,0,0,0,0,0,0,0,0,0,0,0,0,0,0,0
12.488561503473989,12.488561503473989,0.04747898624348523,-0.06534465874705475,0.514301695573136,16.033333333333335,425.92000000000013,401.7280000000001,425.16185268799995,156,0,0.3262156251940311,-0.3055400855704482,0.3262156251940311,0.3055400855704482,0.9,1.6666666666666667,2.5,35.49569188314366,10.04133097319774,2.2311512390565333,-2.3207964573765136,2.2585483014107566,-2.374288681662393,6.307411795796693,0.182657157149318,3.234706662111864,1.207580166237282,1306.552307691055,20.664561460070644,16.60465146225967,17.360580408278125,14.597356788324023,10.396648393612843,10.77461286662207,7.986933394236681,8.423369174708668,6.1384496885406845,6.373546791328423,4.648166410799178,4.820269434752046,-2.769999999999999,12343200.702512827,19.20880085457703,7.812409595225632,3.4812027806465258,177.42923602495983,14.867866772744893,0.0,0.0,0.0,0.0,11.379486796406947,9.13419929558271,9.589074368143644,0.0,0.0,23.733674027155736,56.13905661699865,30.698743360627013,22.066802870465047,0.0,33.667742760697564,0.0,24.002066068327604,0.0,31.849062103838566,19.634269217737724,68.45576395752319,0.0,0.0,11.379486796406947,0.0,0.0,11.600939890232516,43.63633528606533,6.544756405912575,0.0,25.30430569792599,52.053643847374914,5.022633313741326,22.066802870465047,0.0,78.82,0.0,9.589074368143644,0.0,17.42132762555491,11.567389719653901,60.963536956980796,0.0,6.06636706846161,45.53240170635237,14.867866772744893,11.600939890232516,3.701603250603105,6.051349556332131,32.94836449110784,0.6250247642421984,3.437599790920222,0.0,13.53585996165815,2.7807483383619744,3.530560957885496,0.0,0.36363636363636365,30,2,7,0,1,1,0,2,2,4,0,0,5,2,8,3,5,0,1,1,0,0,5.002234003635864,5,3.353200000000002,119.45540000000001,0,0,0,0,0,4,2,0,0,0,0,0,0,0,0,3,2,0,0,0,1,2,0,0,0,0,0,0,0,0,1,0,0,0,2,0,2,0,0,0,0,0,0,0,1,0,0,2,0,0,0,0,0,0,0,0,0,0,0,0,0,0,0,0,2,0,0,0,0,1,0,0,0,0,0,0,0,0,0,0,0,0,0,0,0
12.022639044624071,12.022639044624071,0.09118293579013392,-0.5138618201029568,0.469017480006169,16.741935483870968,433.50100000000026,402.25300000000016,433.2100523319999,170,0,0.34219270832429743,-0.5065900756532241,0.5065900756532241,0.34219270832429743,1.2580645161290323,2.0,2.7096774193548385,16.541339757481683,9.944550808545724,2.3137691393558217,-2.2560128616862962,2.4153171600276857,-2.380757660776304,5.975780546364886,-0.14381216947137976,3.1616195820398114,1.5309832573877633,856.2163393799153,22.38010440969447,18.492335014838197,18.492335014838197,14.917922655570505,10.616996638235035,10.616996638235035,7.8441788460975035,7.8441788460975035,5.8000014570284035,5.8000014570284035,3.891176593378213,3.891176593378213,-2.5799999999999996,9730579.820035568,23.090883761461825,10.63632866459004,5.566117618645093,182.2654462655111,24.0539792100409,30.27623908729064,0.0,0.0,0.0,11.938610575903699,9.694446914922299,4.794537184071822,0.0,0.0,11.64912463690315,32.25256913693026,37.18199382405773,20.323561470303368,33.64305357818454,11.938610575903699,0.0,4.899909730850478,0.0,39.7168212326722,46.56471265255401,33.90293060369113,0.0,11.49902366656781,4.736862953800049,0.0,11.49902366656781,0.0,68.5097603541489,32.0328296329109,6.923737199690624,46.813723596402454,11.64912463690315,0.0,0.0,0.0,94.53,5.969305287951849,14.69560176298435,0.0,23.88915057744567,42.74576164996884,43.98458916852982,0.0,7.109797541277533,19.92349450621513,4.899909730850478,18.947451815200196,21.202378599311537,0.0,26.23538533101707,10.656044766408975,3.231686905078896,-0.27293336046997174,0.0,3.175152690944329,8.231818613318156,1.5404664543910007,0.5652173913043478,31,1,8,0,2,2,0,1,0,1,0,0,8,1,8,2,9,0,1,1,0,0,7.922652543314617,3,2.5240200000000006,113.42830000000005,0,0,0,0,0,0,0,1,0,0,2,2,0,0,0,1,0,0,0,0,0,0,0,0,0,0,2,0,0,0,0,0,0,0,1,0,1,0,0,0,2,4,0,0,0,0,0,0,0,0,0,0,0,0,1,1,1,0,0,0,0,0,0,0,0,1,1,0,0,0,0,0,0,0,0,0,0,0,0,0,0,0,0,0,0
10.38955998866959,10.38955998866959,0.07116962796628612,-0.07116962796628612,0.35864394447897785,20.419354838709676,430.7170000000002,380.3170000000002,430.38108084,178,0,0.12652475342115496,-0.507381417920001,0.507381417920001,0.12652475342115496,0.8064516129032258,1.3548387096774193,1.935483870967742,16.504658085143895,9.835130951531267,2.3374495422536192,-2.3796759339778246,2.4408253989265796,-2.3671458579068374,5.578506130439377,0.051151517060600615,2.6993419446010463,1.7382656832927927,705.4238777923209,23.181433796945207,21.865687286584723,21.865687286584723,14.537200358543874,13.043157789071483,13.043157789071483,11.44147859312076,11.44147859312076,7.867340574406319,7.867340574406319,5.27324035821447,5.27324035821447,-1.18,3925844.6433113683,26.075360614752046,11.616183965731768,7.430443389643493,192.72701957879266,9.843390348640755,17.100074477551498,0.0,0.0,0.0,0.0,0.0,0.0,0.0,0.0,72.64070015924456,87.8223079040417,5.563451491696996,0.0,9.843390348640755,0.0,0.0,0.0,17.75371813848418,131.61998626069482,0.0,22.253805966787983,0.0,11.49902366656781,4.736862953800049,0.0,11.49902366656781,0.0,10.707578205824394,6.4208216229260096,38.52492973755605,121.08070819450121,0.0,0.0,0.0,0.0,29.46,0.0,5.106527394840706,0.0,5.601050810983688,5.749511833283905,59.456049315637095,56.930024475105085,0.0,13.847474399381248,41.54242319814374,4.736862953800049,6.60441577206479,0.0,0.0,10.38955998866959,4.2284848801892565,4.035239071124086,0.0,14.053167593354821,17.939132694597454,0.0,0.7931034482758621,31,1,2,0,1,1,0,1,0,1,3,0,2,1,2,1,12,0,0,0,0,0,9.770844705605045,2,8.840260000000002,134.3908,0,0,0,0,0,0,0,1,0,0,0,0,0,0,0,0,0,0,0,0,0,0,0,0,0,0,0,0,0,0,0,0,0,0,1,0,1,0,0,0,0,1,0,0,0,0,0,0,0,0,0,0,0,0,0,0,0,0,0,0,0,0,0,0,0,1,1,0,0,0,0,0,0,0,0,0,0,0,0,0,0,0,0,0,0
13.54334775275874,13.54334775275874,0.016967685426380275,-0.6701151470816875,0.3735666920618681,26.136363636363637,608.6880000000003,568.3680000000004,608.27338086,236,0,0.3382743425592041,-0.4966869793498891,0.4966869793498891,0.3382743425592041,0.9090909090909091,1.6590909090909092,2.2954545454545454,16.575581065540664,9.63492745932556,2.542112584900426,-2.5243591780534924,2.505270986454784,-2.580320168671022,5.912479854586893,-0.17593268653493596,3.43371740364115,1.293564642858826,1526.4817827505703,31.120226906771116,26.00783507669335,26.00783507669335,21.345130110892303,14.892754702737887,14.892754702737887,11.691851878390759,11.691851878390759,9.76032879049137,9.76032879049137,7.761993057037494,7.761993057037494,-3.96,10500349728.855549,30.082707646489087,12.202876490330926,5.012352023426143,256.1734234680975,38.14201919754755,17.95744460878051,11.49902366656781,5.749511833283905,0.0,11.938610575903699,9.694446914922299,4.794537184071822,0.0,0.0,0.0,60.92719672664425,42.86253034849381,53.07218607339401,42.747115044743985,22.84153550798476,0.0,9.883888251797686,17.75371813848418,37.5122384734226,55.74829805949034,47.1526663205505,0.0,22.99804733313562,18.947451815200196,0.0,22.99804733313562,0.0,89.77872966268833,25.425947668397978,17.75371813848418,40.49885223731425,30.33183534230805,0.0,10.902924932081056,0.0,117.78000000000002,24.095144109609848,9.589074368143644,0.0,29.41040970111959,23.669357122777722,37.197368608577335,45.08279386612038,26.352329219478285,12.13273413692322,15.950255320259295,33.15804067660034,39.11257873509764,0.0,33.14176853777018,1.212289738171662,3.8273528038804714,0.44062789467495633,9.395643196157987,0.9197531501823389,1.6825184015427106,9.100800875855384,0.5151515151515151,44,1,11,1,2,3,0,2,1,3,6,0,10,1,11,3,8,1,1,2,0,0,8.34308104329182,6,4.171100000000004,160.68719999999962,0,0,0,0,0,1,1,0,0,0,2,2,0,0,0,1,1,0,0,0,0,1,0,0,0,0,0,0,0,0,0,0,0,0,2,0,6,0,0,0,2,7,0,0,0,0,0,0,0,0,0,0,0,0,0,6,0,0,0,0,0,0,0,0,0,0,0,0,0,1,0,0,0,0,0,0,0,0,0,0,0,0,0,0,0
